keyword,source,category,tool_name,slug,url
online tools,site,,,,https://www.mytulify.com
free online tools,site,,,,https://www.mytulify.com
online tools hub,site,,,,https://www.mytulify.com
pdf tools,site,,,,https://www.mytulify.com
image tools,site,,,,https://www.mytulify.com
text tools,site,,,,https://www.mytulify.com
seo tools,site,,,,https://www.mytulify.com
developer tools,site,,,,https://www.mytulify.com
unit converter,site,,,,https://www.mytulify.com
calculator,site,,,,https://www.mytulify.com
sip calculator,site,,,,https://www.mytulify.com
cagr calculator,site,,,,https://www.mytulify.com
freelancer tools,site,,,,https://www.mytulify.com
freelance contract,site,,,,https://www.mytulify.com
AI-Powered Tools,category,ai-tools,,,https://www.mytulify.com/ai-tools
AI-Powered Tools online,category,ai-tools,,,https://www.mytulify.com/ai-tools
free AI-Powered Tools,category,ai-tools,,,https://www.mytulify.com/ai-tools
AI-Powered Tools free,category,ai-tools,,,https://www.mytulify.com/ai-tools
Calculators,category,calculators,,,https://www.mytulify.com/calculators
Calculators online,category,calculators,,,https://www.mytulify.com/calculators
free Calculators,category,calculators,,,https://www.mytulify.com/calculators
Calculators free,category,calculators,,,https://www.mytulify.com/calculators
Color Tools,category,color-tools,,,https://www.mytulify.com/color-tools
Color Tools online,category,color-tools,,,https://www.mytulify.com/color-tools
free Color Tools,category,color-tools,,,https://www.mytulify.com/color-tools
Color Tools free,category,color-tools,,,https://www.mytulify.com/color-tools
Content Creator Tools,category,content-creator-tools,,,https://www.mytulify.com/content-creator-tools
Content Creator Tools online,category,content-creator-tools,,,https://www.mytulify.com/content-creator-tools
free Content Creator Tools,category,content-creator-tools,,,https://www.mytulify.com/content-creator-tools
Content Creator Tools free,category,content-creator-tools,,,https://www.mytulify.com/content-creator-tools
Converters & Generators,category,converters-generators,,,https://www.mytulify.com/converters-generators
Converters & Generators online,category,converters-generators,,,https://www.mytulify.com/converters-generators
free Converters & Generators,category,converters-generators,,,https://www.mytulify.com/converters-generators
Converters & Generators free,category,converters-generators,,,https://www.mytulify.com/converters-generators
Developer Tools online,category,developer-tools,,,https://www.mytulify.com/developer-tools
free Developer Tools,category,developer-tools,,,https://www.mytulify.com/developer-tools
Developer Tools free,category,developer-tools,,,https://www.mytulify.com/developer-tools
DevOps Tools,category,devops-tools,,,https://www.mytulify.com/devops-tools
DevOps Tools online,category,devops-tools,,,https://www.mytulify.com/devops-tools
free DevOps Tools,category,devops-tools,,,https://www.mytulify.com/devops-tools
DevOps Tools free,category,devops-tools,,,https://www.mytulify.com/devops-tools
Freelancer Tools online,category,freelancer-tools,,,https://www.mytulify.com/freelancer-tools
free Freelancer Tools,category,freelancer-tools,,,https://www.mytulify.com/freelancer-tools
Freelancer Tools free,category,freelancer-tools,,,https://www.mytulify.com/freelancer-tools
Health & Fitness,category,health-tools,,,https://www.mytulify.com/health-tools
Health & Fitness online,category,health-tools,,,https://www.mytulify.com/health-tools
free Health & Fitness,category,health-tools,,,https://www.mytulify.com/health-tools
Health & Fitness free,category,health-tools,,,https://www.mytulify.com/health-tools
Home & Trade Calculators,category,home-trade-calculators,,,https://www.mytulify.com/home-trade-calculators
Home & Trade Calculators online,category,home-trade-calculators,,,https://www.mytulify.com/home-trade-calculators
free Home & Trade Calculators,category,home-trade-calculators,,,https://www.mytulify.com/home-trade-calculators
Home & Trade Calculators free,category,home-trade-calculators,,,https://www.mytulify.com/home-trade-calculators
Image Tools online,category,image-tools,,,https://www.mytulify.com/image-tools
free Image Tools,category,image-tools,,,https://www.mytulify.com/image-tools
Image Tools free,category,image-tools,,,https://www.mytulify.com/image-tools
PDF Tools online,category,pdf-tools,,,https://www.mytulify.com/pdf-tools
free PDF Tools,category,pdf-tools,,,https://www.mytulify.com/pdf-tools
PDF Tools free,category,pdf-tools,,,https://www.mytulify.com/pdf-tools
Security & Password Tools,category,security-password-tools,,,https://www.mytulify.com/security-password-tools
Security & Password Tools online,category,security-password-tools,,,https://www.mytulify.com/security-password-tools
free Security & Password Tools,category,security-password-tools,,,https://www.mytulify.com/security-password-tools
Security & Password Tools free,category,security-password-tools,,,https://www.mytulify.com/security-password-tools
SEO & Web Tools,category,seo-web-tools,,,https://www.mytulify.com/seo-web-tools
SEO & Web Tools online,category,seo-web-tools,,,https://www.mytulify.com/seo-web-tools
free SEO & Web Tools,category,seo-web-tools,,,https://www.mytulify.com/seo-web-tools
SEO & Web Tools free,category,seo-web-tools,,,https://www.mytulify.com/seo-web-tools
Social Media Tools,category,social-media-tools,,,https://www.mytulify.com/social-media-tools
Social Media Tools online,category,social-media-tools,,,https://www.mytulify.com/social-media-tools
free Social Media Tools,category,social-media-tools,,,https://www.mytulify.com/social-media-tools
Social Media Tools free,category,social-media-tools,,,https://www.mytulify.com/social-media-tools
Text Tools online,category,text-tools,,,https://www.mytulify.com/text-tools
free Text Tools,category,text-tools,,,https://www.mytulify.com/text-tools
Text Tools free,category,text-tools,,,https://www.mytulify.com/text-tools
Unit Converters,category,unit-converters,,,https://www.mytulify.com/unit-converters
Unit Converters online,category,unit-converters,,,https://www.mytulify.com/unit-converters
free Unit Converters,category,unit-converters,,,https://www.mytulify.com/unit-converters
Unit Converters free,category,unit-converters,,,https://www.mytulify.com/unit-converters
AI Form Builder,tool,ai-tools,AI Form Builder,ai-form-builder,https://www.mytulify.com/ai-tools/ai-form-builder
free AI Form Builder,tool_variant,ai-tools,AI Form Builder,ai-form-builder,https://www.mytulify.com/ai-tools/ai-form-builder
free online AI Form Builder,tool_variant,ai-tools,AI Form Builder,ai-form-builder,https://www.mytulify.com/ai-tools/ai-form-builder
AI Form Builder online,tool_variant,ai-tools,AI Form Builder,ai-form-builder,https://www.mytulify.com/ai-tools/ai-form-builder
AI-Powered Tools AI Form Builder,tool_variant,ai-tools,AI Form Builder,ai-form-builder,https://www.mytulify.com/ai-tools/ai-form-builder
"60+ ready-made forms from any country, or describe a custom form in any language",tool_variant,ai-tools,AI Form Builder,ai-form-builder,https://www.mytulify.com/ai-tools/ai-form-builder
AI Code Explainer,tool,ai-tools,AI Code Explainer,code-explainer,https://www.mytulify.com/ai-tools/code-explainer
free AI Code Explainer,tool_variant,ai-tools,AI Code Explainer,code-explainer,https://www.mytulify.com/ai-tools/code-explainer
free online AI Code Explainer,tool_variant,ai-tools,AI Code Explainer,code-explainer,https://www.mytulify.com/ai-tools/code-explainer
AI Code Explainer online,tool_variant,ai-tools,AI Code Explainer,code-explainer,https://www.mytulify.com/ai-tools/code-explainer
code explainer,tool_variant,ai-tools,AI Code Explainer,code-explainer,https://www.mytulify.com/ai-tools/code-explainer
AI-Powered Tools AI Code Explainer,tool_variant,ai-tools,AI Code Explainer,code-explainer,https://www.mytulify.com/ai-tools/code-explainer
"Paste code and get a plain-English explanation, with likely bugs flagged",tool_variant,ai-tools,AI Code Explainer,code-explainer,https://www.mytulify.com/ai-tools/code-explainer
AI SQL Query Generator,tool,ai-tools,AI SQL Query Generator,sql-query-generator,https://www.mytulify.com/ai-tools/sql-query-generator
free AI SQL Query Generator,tool_variant,ai-tools,AI SQL Query Generator,sql-query-generator,https://www.mytulify.com/ai-tools/sql-query-generator
free online AI SQL Query Generator,tool_variant,ai-tools,AI SQL Query Generator,sql-query-generator,https://www.mytulify.com/ai-tools/sql-query-generator
AI SQL Query Generator online,tool_variant,ai-tools,AI SQL Query Generator,sql-query-generator,https://www.mytulify.com/ai-tools/sql-query-generator
sql query generator,tool_variant,ai-tools,AI SQL Query Generator,sql-query-generator,https://www.mytulify.com/ai-tools/sql-query-generator
AI-Powered Tools AI SQL Query Generator,tool_variant,ai-tools,AI SQL Query Generator,sql-query-generator,https://www.mytulify.com/ai-tools/sql-query-generator
"Describe a query in English and get correct SQL for Postgres, MySQL, SQLite or T-SQL, explained back to you",tool_variant,ai-tools,AI SQL Query Generator,sql-query-generator,https://www.mytulify.com/ai-tools/sql-query-generator
AI Error Diagnoser,tool,ai-tools,AI Error Diagnoser,error-diagnoser,https://www.mytulify.com/ai-tools/error-diagnoser
free AI Error Diagnoser,tool_variant,ai-tools,AI Error Diagnoser,error-diagnoser,https://www.mytulify.com/ai-tools/error-diagnoser
free online AI Error Diagnoser,tool_variant,ai-tools,AI Error Diagnoser,error-diagnoser,https://www.mytulify.com/ai-tools/error-diagnoser
AI Error Diagnoser online,tool_variant,ai-tools,AI Error Diagnoser,error-diagnoser,https://www.mytulify.com/ai-tools/error-diagnoser
error diagnoser,tool_variant,ai-tools,AI Error Diagnoser,error-diagnoser,https://www.mytulify.com/ai-tools/error-diagnoser
AI-Powered Tools AI Error Diagnoser,tool_variant,ai-tools,AI Error Diagnoser,error-diagnoser,https://www.mytulify.com/ai-tools/error-diagnoser
Paste an error or stack trace and get the root cause plus the exact code fix as a diff,tool_variant,ai-tools,AI Error Diagnoser,error-diagnoser,https://www.mytulify.com/ai-tools/error-diagnoser
AI Code Review Assistant,tool,ai-tools,AI Code Review Assistant,code-review-assistant,https://www.mytulify.com/ai-tools/code-review-assistant
free AI Code Review Assistant,tool_variant,ai-tools,AI Code Review Assistant,code-review-assistant,https://www.mytulify.com/ai-tools/code-review-assistant
free online AI Code Review Assistant,tool_variant,ai-tools,AI Code Review Assistant,code-review-assistant,https://www.mytulify.com/ai-tools/code-review-assistant
AI Code Review Assistant online,tool_variant,ai-tools,AI Code Review Assistant,code-review-assistant,https://www.mytulify.com/ai-tools/code-review-assistant
code review assistant,tool_variant,ai-tools,AI Code Review Assistant,code-review-assistant,https://www.mytulify.com/ai-tools/code-review-assistant
AI-Powered Tools AI Code Review Assistant,tool_variant,ai-tools,AI Code Review Assistant,code-review-assistant,https://www.mytulify.com/ai-tools/code-review-assistant
"Get feedback on your code split into Security, Performance and Style sections",tool_variant,ai-tools,AI Code Review Assistant,code-review-assistant,https://www.mytulify.com/ai-tools/code-review-assistant
AI Regex Generator,tool,ai-tools,AI Regex Generator,regex-generator,https://www.mytulify.com/ai-tools/regex-generator
free AI Regex Generator,tool_variant,ai-tools,AI Regex Generator,regex-generator,https://www.mytulify.com/ai-tools/regex-generator
free online AI Regex Generator,tool_variant,ai-tools,AI Regex Generator,regex-generator,https://www.mytulify.com/ai-tools/regex-generator
AI Regex Generator online,tool_variant,ai-tools,AI Regex Generator,regex-generator,https://www.mytulify.com/ai-tools/regex-generator
regex generator,tool_variant,ai-tools,AI Regex Generator,regex-generator,https://www.mytulify.com/ai-tools/regex-generator
AI-Powered Tools AI Regex Generator,tool_variant,ai-tools,AI Regex Generator,regex-generator,https://www.mytulify.com/ai-tools/regex-generator
"Turn a plain-English description into a working regular expression, with an explanation and examples",tool_variant,ai-tools,AI Regex Generator,regex-generator,https://www.mytulify.com/ai-tools/regex-generator
AI Commit Message Generator,tool,ai-tools,AI Commit Message Generator,commit-message-generator,https://www.mytulify.com/ai-tools/commit-message-generator
free AI Commit Message Generator,tool_variant,ai-tools,AI Commit Message Generator,commit-message-generator,https://www.mytulify.com/ai-tools/commit-message-generator
free online AI Commit Message Generator,tool_variant,ai-tools,AI Commit Message Generator,commit-message-generator,https://www.mytulify.com/ai-tools/commit-message-generator
AI Commit Message Generator online,tool_variant,ai-tools,AI Commit Message Generator,commit-message-generator,https://www.mytulify.com/ai-tools/commit-message-generator
commit message generator,tool_variant,ai-tools,AI Commit Message Generator,commit-message-generator,https://www.mytulify.com/ai-tools/commit-message-generator
AI-Powered Tools AI Commit Message Generator,tool_variant,ai-tools,AI Commit Message Generator,commit-message-generator,https://www.mytulify.com/ai-tools/commit-message-generator
"Turn a git diff into a clean commit message — Conventional Commits, Gitmoji or plain style",tool_variant,ai-tools,AI Commit Message Generator,commit-message-generator,https://www.mytulify.com/ai-tools/commit-message-generator
AI README Generator,tool,ai-tools,AI README Generator,readme-generator,https://www.mytulify.com/ai-tools/readme-generator
free AI README Generator,tool_variant,ai-tools,AI README Generator,readme-generator,https://www.mytulify.com/ai-tools/readme-generator
free online AI README Generator,tool_variant,ai-tools,AI README Generator,readme-generator,https://www.mytulify.com/ai-tools/readme-generator
AI README Generator online,tool_variant,ai-tools,AI README Generator,readme-generator,https://www.mytulify.com/ai-tools/readme-generator
readme generator,tool_variant,ai-tools,AI README Generator,readme-generator,https://www.mytulify.com/ai-tools/readme-generator
AI-Powered Tools AI README Generator,tool_variant,ai-tools,AI README Generator,readme-generator,https://www.mytulify.com/ai-tools/readme-generator
Generate a professional README,tool_variant,ai-tools,AI README Generator,readme-generator,https://www.mytulify.com/ai-tools/readme-generator
Test Case Generator,tool,ai-tools,Test Case Generator,test-case-generator,https://www.mytulify.com/ai-tools/test-case-generator
free Test Case Generator,tool_variant,ai-tools,Test Case Generator,test-case-generator,https://www.mytulify.com/ai-tools/test-case-generator
free online Test Case Generator,tool_variant,ai-tools,Test Case Generator,test-case-generator,https://www.mytulify.com/ai-tools/test-case-generator
Test Case Generator online,tool_variant,ai-tools,Test Case Generator,test-case-generator,https://www.mytulify.com/ai-tools/test-case-generator
AI-Powered Tools Test Case Generator,tool_variant,ai-tools,Test Case Generator,test-case-generator,https://www.mytulify.com/ai-tools/test-case-generator
"Paste a function and get a thorough test suite for Jest, PyTest or JUnit covering edge cases",tool_variant,ai-tools,Test Case Generator,test-case-generator,https://www.mytulify.com/ai-tools/test-case-generator
AI Docker Compose Generator,tool,ai-tools,AI Docker Compose Generator,docker-compose-generator,https://www.mytulify.com/ai-tools/docker-compose-generator
free AI Docker Compose Generator,tool_variant,ai-tools,AI Docker Compose Generator,docker-compose-generator,https://www.mytulify.com/ai-tools/docker-compose-generator
free online AI Docker Compose Generator,tool_variant,ai-tools,AI Docker Compose Generator,docker-compose-generator,https://www.mytulify.com/ai-tools/docker-compose-generator
AI Docker Compose Generator online,tool_variant,ai-tools,AI Docker Compose Generator,docker-compose-generator,https://www.mytulify.com/ai-tools/docker-compose-generator
docker compose generator,tool_variant,ai-tools,AI Docker Compose Generator,docker-compose-generator,https://www.mytulify.com/ai-tools/docker-compose-generator
AI-Powered Tools AI Docker Compose Generator,tool_variant,ai-tools,AI Docker Compose Generator,docker-compose-generator,https://www.mytulify.com/ai-tools/docker-compose-generator
AI Cron Expression Explainer,tool,ai-tools,AI Cron Expression Explainer,cron-explainer,https://www.mytulify.com/ai-tools/cron-explainer
free AI Cron Expression Explainer,tool_variant,ai-tools,AI Cron Expression Explainer,cron-explainer,https://www.mytulify.com/ai-tools/cron-explainer
free online AI Cron Expression Explainer,tool_variant,ai-tools,AI Cron Expression Explainer,cron-explainer,https://www.mytulify.com/ai-tools/cron-explainer
AI Cron Expression Explainer online,tool_variant,ai-tools,AI Cron Expression Explainer,cron-explainer,https://www.mytulify.com/ai-tools/cron-explainer
cron explainer,tool_variant,ai-tools,AI Cron Expression Explainer,cron-explainer,https://www.mytulify.com/ai-tools/cron-explainer
AI-Powered Tools AI Cron Expression Explainer,tool_variant,ai-tools,AI Cron Expression Explainer,cron-explainer,https://www.mytulify.com/ai-tools/cron-explainer
"Convert plain English to a cron expression or explain any cron expression, with timezone-aware next run times",tool_variant,ai-tools,AI Cron Expression Explainer,cron-explainer,https://www.mytulify.com/ai-tools/cron-explainer
AI Cover Letter Generator,tool,ai-tools,AI Cover Letter Generator,cover-letter-generator,https://www.mytulify.com/ai-tools/cover-letter-generator
free AI Cover Letter Generator,tool_variant,ai-tools,AI Cover Letter Generator,cover-letter-generator,https://www.mytulify.com/ai-tools/cover-letter-generator
free online AI Cover Letter Generator,tool_variant,ai-tools,AI Cover Letter Generator,cover-letter-generator,https://www.mytulify.com/ai-tools/cover-letter-generator
AI Cover Letter Generator online,tool_variant,ai-tools,AI Cover Letter Generator,cover-letter-generator,https://www.mytulify.com/ai-tools/cover-letter-generator
cover letter generator,tool_variant,ai-tools,AI Cover Letter Generator,cover-letter-generator,https://www.mytulify.com/ai-tools/cover-letter-generator
AI-Powered Tools AI Cover Letter Generator,tool_variant,ai-tools,AI Cover Letter Generator,cover-letter-generator,https://www.mytulify.com/ai-tools/cover-letter-generator
"Paste a job description and your background — get a tailored, ATS-friendly cover letter in seconds",tool_variant,ai-tools,AI Cover Letter Generator,cover-letter-generator,https://www.mytulify.com/ai-tools/cover-letter-generator
ATS Resume Checker,tool,ai-tools,ATS Resume Checker,ats-resume-checker,https://www.mytulify.com/ai-tools/ats-resume-checker
free ATS Resume Checker,tool_variant,ai-tools,ATS Resume Checker,ats-resume-checker,https://www.mytulify.com/ai-tools/ats-resume-checker
free online ATS Resume Checker,tool_variant,ai-tools,ATS Resume Checker,ats-resume-checker,https://www.mytulify.com/ai-tools/ats-resume-checker
ATS Resume Checker online,tool_variant,ai-tools,ATS Resume Checker,ats-resume-checker,https://www.mytulify.com/ai-tools/ats-resume-checker
AI-Powered Tools ATS Resume Checker,tool_variant,ai-tools,ATS Resume Checker,ats-resume-checker,https://www.mytulify.com/ai-tools/ats-resume-checker
"Upload a CV and a job ad — see ATS parseability, keyword match, and a detailed issue list with fixes",tool_variant,ai-tools,ATS Resume Checker,ats-resume-checker,https://www.mytulify.com/ai-tools/ats-resume-checker
AI PR Description Generator,tool,ai-tools,AI PR Description Generator,pr-description-generator,https://www.mytulify.com/ai-tools/pr-description-generator
free AI PR Description Generator,tool_variant,ai-tools,AI PR Description Generator,pr-description-generator,https://www.mytulify.com/ai-tools/pr-description-generator
free online AI PR Description Generator,tool_variant,ai-tools,AI PR Description Generator,pr-description-generator,https://www.mytulify.com/ai-tools/pr-description-generator
AI PR Description Generator online,tool_variant,ai-tools,AI PR Description Generator,pr-description-generator,https://www.mytulify.com/ai-tools/pr-description-generator
pr description generator,tool_variant,ai-tools,AI PR Description Generator,pr-description-generator,https://www.mytulify.com/ai-tools/pr-description-generator
AI-Powered Tools AI PR Description Generator,tool_variant,ai-tools,AI PR Description Generator,pr-description-generator,https://www.mytulify.com/ai-tools/pr-description-generator
Turn a git diff or change summary into a clear pull request title and description with test plan,tool_variant,ai-tools,AI PR Description Generator,pr-description-generator,https://www.mytulify.com/ai-tools/pr-description-generator
AI Interview Answer Generator,tool,ai-tools,AI Interview Answer Generator,interview-answer-generator,https://www.mytulify.com/ai-tools/interview-answer-generator
free AI Interview Answer Generator,tool_variant,ai-tools,AI Interview Answer Generator,interview-answer-generator,https://www.mytulify.com/ai-tools/interview-answer-generator
free online AI Interview Answer Generator,tool_variant,ai-tools,AI Interview Answer Generator,interview-answer-generator,https://www.mytulify.com/ai-tools/interview-answer-generator
AI Interview Answer Generator online,tool_variant,ai-tools,AI Interview Answer Generator,interview-answer-generator,https://www.mytulify.com/ai-tools/interview-answer-generator
interview answer generator,tool_variant,ai-tools,AI Interview Answer Generator,interview-answer-generator,https://www.mytulify.com/ai-tools/interview-answer-generator
AI-Powered Tools AI Interview Answer Generator,tool_variant,ai-tools,AI Interview Answer Generator,interview-answer-generator,https://www.mytulify.com/ai-tools/interview-answer-generator
Get STAR-method answers to behavioral and technical interview questions tailored to your experience,tool_variant,ai-tools,AI Interview Answer Generator,interview-answer-generator,https://www.mytulify.com/ai-tools/interview-answer-generator
BMI Calculator,tool,calculators,BMI Calculator,bmi-calculator,https://www.mytulify.com/calculators/bmi-calculator
free BMI Calculator,tool_variant,calculators,BMI Calculator,bmi-calculator,https://www.mytulify.com/calculators/bmi-calculator
free online BMI Calculator,tool_variant,calculators,BMI Calculator,bmi-calculator,https://www.mytulify.com/calculators/bmi-calculator
BMI Calculator online,tool_variant,calculators,BMI Calculator,bmi-calculator,https://www.mytulify.com/calculators/bmi-calculator
Calculators BMI Calculator,tool_variant,calculators,BMI Calculator,bmi-calculator,https://www.mytulify.com/calculators/bmi-calculator
Calculate Body Mass Index from height and weight in metric or imperial units,tool_variant,calculators,BMI Calculator,bmi-calculator,https://www.mytulify.com/calculators/bmi-calculator
Percentage Calculator,tool,calculators,Percentage Calculator,percentage-calculator,https://www.mytulify.com/calculators/percentage-calculator
free Percentage Calculator,tool_variant,calculators,Percentage Calculator,percentage-calculator,https://www.mytulify.com/calculators/percentage-calculator
free online Percentage Calculator,tool_variant,calculators,Percentage Calculator,percentage-calculator,https://www.mytulify.com/calculators/percentage-calculator
Percentage Calculator online,tool_variant,calculators,Percentage Calculator,percentage-calculator,https://www.mytulify.com/calculators/percentage-calculator
Calculators Percentage Calculator,tool_variant,calculators,Percentage Calculator,percentage-calculator,https://www.mytulify.com/calculators/percentage-calculator
"Find percentages, percentage change, and what percent one number is of another",tool_variant,calculators,Percentage Calculator,percentage-calculator,https://www.mytulify.com/calculators/percentage-calculator
Age Calculator,tool,calculators,Age Calculator,age-calculator,https://www.mytulify.com/calculators/age-calculator
free Age Calculator,tool_variant,calculators,Age Calculator,age-calculator,https://www.mytulify.com/calculators/age-calculator
free online Age Calculator,tool_variant,calculators,Age Calculator,age-calculator,https://www.mytulify.com/calculators/age-calculator
Age Calculator online,tool_variant,calculators,Age Calculator,age-calculator,https://www.mytulify.com/calculators/age-calculator
Calculators Age Calculator,tool_variant,calculators,Age Calculator,age-calculator,https://www.mytulify.com/calculators/age-calculator
"Compute exact age in years, months, weeks, and days from a date of birth",tool_variant,calculators,Age Calculator,age-calculator,https://www.mytulify.com/calculators/age-calculator
Loan Calculator,tool,calculators,Loan Calculator,loan-calculator,https://www.mytulify.com/calculators/loan-calculator
free Loan Calculator,tool_variant,calculators,Loan Calculator,loan-calculator,https://www.mytulify.com/calculators/loan-calculator
free online Loan Calculator,tool_variant,calculators,Loan Calculator,loan-calculator,https://www.mytulify.com/calculators/loan-calculator
Loan Calculator online,tool_variant,calculators,Loan Calculator,loan-calculator,https://www.mytulify.com/calculators/loan-calculator
Calculators Loan Calculator,tool_variant,calculators,Loan Calculator,loan-calculator,https://www.mytulify.com/calculators/loan-calculator
"Estimate monthly payments, total interest, and payoff for any loan",tool_variant,calculators,Loan Calculator,loan-calculator,https://www.mytulify.com/calculators/loan-calculator
Mortgage Calculator,tool,calculators,Mortgage Calculator,mortgage-calculator,https://www.mytulify.com/calculators/mortgage-calculator
free Mortgage Calculator,tool_variant,calculators,Mortgage Calculator,mortgage-calculator,https://www.mytulify.com/calculators/mortgage-calculator
free online Mortgage Calculator,tool_variant,calculators,Mortgage Calculator,mortgage-calculator,https://www.mytulify.com/calculators/mortgage-calculator
Mortgage Calculator online,tool_variant,calculators,Mortgage Calculator,mortgage-calculator,https://www.mytulify.com/calculators/mortgage-calculator
Calculators Mortgage Calculator,tool_variant,calculators,Mortgage Calculator,mortgage-calculator,https://www.mytulify.com/calculators/mortgage-calculator
"Estimate full monthly PITI — principal, interest, taxes, insurance, HOA, and PMI — and compare 15-year vs 30-year cost",tool_variant,calculators,Mortgage Calculator,mortgage-calculator,https://www.mytulify.com/calculators/mortgage-calculator
Compound Interest Calculator,tool,calculators,Compound Interest Calculator,compound-interest-calculator,https://www.mytulify.com/calculators/compound-interest-calculator
free Compound Interest Calculator,tool_variant,calculators,Compound Interest Calculator,compound-interest-calculator,https://www.mytulify.com/calculators/compound-interest-calculator
free online Compound Interest Calculator,tool_variant,calculators,Compound Interest Calculator,compound-interest-calculator,https://www.mytulify.com/calculators/compound-interest-calculator
Compound Interest Calculator online,tool_variant,calculators,Compound Interest Calculator,compound-interest-calculator,https://www.mytulify.com/calculators/compound-interest-calculator
Calculators Compound Interest Calculator,tool_variant,calculators,Compound Interest Calculator,compound-interest-calculator,https://www.mytulify.com/calculators/compound-interest-calculator
Project investment growth with compounding over time and contributions,tool_variant,calculators,Compound Interest Calculator,compound-interest-calculator,https://www.mytulify.com/calculators/compound-interest-calculator
Tip Calculator,tool,calculators,Tip Calculator,tip-calculator,https://www.mytulify.com/calculators/tip-calculator
free Tip Calculator,tool_variant,calculators,Tip Calculator,tip-calculator,https://www.mytulify.com/calculators/tip-calculator
free online Tip Calculator,tool_variant,calculators,Tip Calculator,tip-calculator,https://www.mytulify.com/calculators/tip-calculator
Tip Calculator online,tool_variant,calculators,Tip Calculator,tip-calculator,https://www.mytulify.com/calculators/tip-calculator
Calculators Tip Calculator,tool_variant,calculators,Tip Calculator,tip-calculator,https://www.mytulify.com/calculators/tip-calculator
Calculate tip amount and split the total bill among multiple people,tool_variant,calculators,Tip Calculator,tip-calculator,https://www.mytulify.com/calculators/tip-calculator
Discount Calculator,tool,calculators,Discount Calculator,discount-calculator,https://www.mytulify.com/calculators/discount-calculator
free Discount Calculator,tool_variant,calculators,Discount Calculator,discount-calculator,https://www.mytulify.com/calculators/discount-calculator
free online Discount Calculator,tool_variant,calculators,Discount Calculator,discount-calculator,https://www.mytulify.com/calculators/discount-calculator
Discount Calculator online,tool_variant,calculators,Discount Calculator,discount-calculator,https://www.mytulify.com/calculators/discount-calculator
Calculators Discount Calculator,tool_variant,calculators,Discount Calculator,discount-calculator,https://www.mytulify.com/calculators/discount-calculator
Find sale price and amount saved from an original price and discount percent,tool_variant,calculators,Discount Calculator,discount-calculator,https://www.mytulify.com/calculators/discount-calculator
Sales Tax Calculator,tool,calculators,Sales Tax Calculator,sales-tax-calculator,https://www.mytulify.com/calculators/sales-tax-calculator
free Sales Tax Calculator,tool_variant,calculators,Sales Tax Calculator,sales-tax-calculator,https://www.mytulify.com/calculators/sales-tax-calculator
free online Sales Tax Calculator,tool_variant,calculators,Sales Tax Calculator,sales-tax-calculator,https://www.mytulify.com/calculators/sales-tax-calculator
Sales Tax Calculator online,tool_variant,calculators,Sales Tax Calculator,sales-tax-calculator,https://www.mytulify.com/calculators/sales-tax-calculator
Calculators Sales Tax Calculator,tool_variant,calculators,Sales Tax Calculator,sales-tax-calculator,https://www.mytulify.com/calculators/sales-tax-calculator
Add sales tax to a price or extract tax from a gross amount,tool_variant,calculators,Sales Tax Calculator,sales-tax-calculator,https://www.mytulify.com/calculators/sales-tax-calculator
Calorie Calculator,tool,calculators,Calorie Calculator,calorie-calculator,https://www.mytulify.com/calculators/calorie-calculator
free Calorie Calculator,tool_variant,calculators,Calorie Calculator,calorie-calculator,https://www.mytulify.com/calculators/calorie-calculator
free online Calorie Calculator,tool_variant,calculators,Calorie Calculator,calorie-calculator,https://www.mytulify.com/calculators/calorie-calculator
Calorie Calculator online,tool_variant,calculators,Calorie Calculator,calorie-calculator,https://www.mytulify.com/calculators/calorie-calculator
Calculators Calorie Calculator,tool_variant,calculators,Calorie Calculator,calorie-calculator,https://www.mytulify.com/calculators/calorie-calculator
"Estimate daily calorie needs for maintenance, loss, or gain",tool_variant,calculators,Calorie Calculator,calorie-calculator,https://www.mytulify.com/calculators/calorie-calculator
BMR Calculator,tool,calculators,BMR Calculator,bmr-calculator,https://www.mytulify.com/calculators/bmr-calculator
free BMR Calculator,tool_variant,calculators,BMR Calculator,bmr-calculator,https://www.mytulify.com/calculators/bmr-calculator
free online BMR Calculator,tool_variant,calculators,BMR Calculator,bmr-calculator,https://www.mytulify.com/calculators/bmr-calculator
BMR Calculator online,tool_variant,calculators,BMR Calculator,bmr-calculator,https://www.mytulify.com/calculators/bmr-calculator
Calculators BMR Calculator,tool_variant,calculators,BMR Calculator,bmr-calculator,https://www.mytulify.com/calculators/bmr-calculator
Calculate Basal Metabolic Rate to estimate resting calorie burn,tool_variant,calculators,BMR Calculator,bmr-calculator,https://www.mytulify.com/calculators/bmr-calculator
TDEE Calculator,tool,calculators,TDEE Calculator,tdee-calculator,https://www.mytulify.com/calculators/tdee-calculator
free TDEE Calculator,tool_variant,calculators,TDEE Calculator,tdee-calculator,https://www.mytulify.com/calculators/tdee-calculator
free online TDEE Calculator,tool_variant,calculators,TDEE Calculator,tdee-calculator,https://www.mytulify.com/calculators/tdee-calculator
TDEE Calculator online,tool_variant,calculators,TDEE Calculator,tdee-calculator,https://www.mytulify.com/calculators/tdee-calculator
Calculators TDEE Calculator,tool_variant,calculators,TDEE Calculator,tdee-calculator,https://www.mytulify.com/calculators/tdee-calculator
Compute Total Daily Energy Expenditure from BMR and activity level,tool_variant,calculators,TDEE Calculator,tdee-calculator,https://www.mytulify.com/calculators/tdee-calculator
Body Fat Calculator,tool,calculators,Body Fat Calculator,body-fat-calculator,https://www.mytulify.com/calculators/body-fat-calculator
free Body Fat Calculator,tool_variant,calculators,Body Fat Calculator,body-fat-calculator,https://www.mytulify.com/calculators/body-fat-calculator
free online Body Fat Calculator,tool_variant,calculators,Body Fat Calculator,body-fat-calculator,https://www.mytulify.com/calculators/body-fat-calculator
Body Fat Calculator online,tool_variant,calculators,Body Fat Calculator,body-fat-calculator,https://www.mytulify.com/calculators/body-fat-calculator
Calculators Body Fat Calculator,tool_variant,calculators,Body Fat Calculator,body-fat-calculator,https://www.mytulify.com/calculators/body-fat-calculator
Estimate body fat percentage using the US Navy method measurements,tool_variant,calculators,Body Fat Calculator,body-fat-calculator,https://www.mytulify.com/calculators/body-fat-calculator
Ideal Weight Calculator,tool,calculators,Ideal Weight Calculator,ideal-weight-calculator,https://www.mytulify.com/calculators/ideal-weight-calculator
free Ideal Weight Calculator,tool_variant,calculators,Ideal Weight Calculator,ideal-weight-calculator,https://www.mytulify.com/calculators/ideal-weight-calculator
free online Ideal Weight Calculator,tool_variant,calculators,Ideal Weight Calculator,ideal-weight-calculator,https://www.mytulify.com/calculators/ideal-weight-calculator
Ideal Weight Calculator online,tool_variant,calculators,Ideal Weight Calculator,ideal-weight-calculator,https://www.mytulify.com/calculators/ideal-weight-calculator
Calculators Ideal Weight Calculator,tool_variant,calculators,Ideal Weight Calculator,ideal-weight-calculator,https://www.mytulify.com/calculators/ideal-weight-calculator
"Suggest a healthy weight range based on height, age, and gender",tool_variant,calculators,Ideal Weight Calculator,ideal-weight-calculator,https://www.mytulify.com/calculators/ideal-weight-calculator
Due Date Calculator,tool,calculators,Due Date Calculator,due-date-calculator,https://www.mytulify.com/calculators/due-date-calculator
free Due Date Calculator,tool_variant,calculators,Due Date Calculator,due-date-calculator,https://www.mytulify.com/calculators/due-date-calculator
free online Due Date Calculator,tool_variant,calculators,Due Date Calculator,due-date-calculator,https://www.mytulify.com/calculators/due-date-calculator
Due Date Calculator online,tool_variant,calculators,Due Date Calculator,due-date-calculator,https://www.mytulify.com/calculators/due-date-calculator
Calculators Due Date Calculator,tool_variant,calculators,Due Date Calculator,due-date-calculator,https://www.mytulify.com/calculators/due-date-calculator
Estimate a pregnancy due date from the last menstrual period,tool_variant,calculators,Due Date Calculator,due-date-calculator,https://www.mytulify.com/calculators/due-date-calculator
Ovulation Calculator,tool,calculators,Ovulation Calculator,ovulation-calculator,https://www.mytulify.com/calculators/ovulation-calculator
free Ovulation Calculator,tool_variant,calculators,Ovulation Calculator,ovulation-calculator,https://www.mytulify.com/calculators/ovulation-calculator
free online Ovulation Calculator,tool_variant,calculators,Ovulation Calculator,ovulation-calculator,https://www.mytulify.com/calculators/ovulation-calculator
Ovulation Calculator online,tool_variant,calculators,Ovulation Calculator,ovulation-calculator,https://www.mytulify.com/calculators/ovulation-calculator
Calculators Ovulation Calculator,tool_variant,calculators,Ovulation Calculator,ovulation-calculator,https://www.mytulify.com/calculators/ovulation-calculator
Predict fertile windows and ovulation days from cycle data,tool_variant,calculators,Ovulation Calculator,ovulation-calculator,https://www.mytulify.com/calculators/ovulation-calculator
Pregnancy Calculator,tool,calculators,Pregnancy Calculator,pregnancy-calculator,https://www.mytulify.com/calculators/pregnancy-calculator
free Pregnancy Calculator,tool_variant,calculators,Pregnancy Calculator,pregnancy-calculator,https://www.mytulify.com/calculators/pregnancy-calculator
free online Pregnancy Calculator,tool_variant,calculators,Pregnancy Calculator,pregnancy-calculator,https://www.mytulify.com/calculators/pregnancy-calculator
Pregnancy Calculator online,tool_variant,calculators,Pregnancy Calculator,pregnancy-calculator,https://www.mytulify.com/calculators/pregnancy-calculator
Calculators Pregnancy Calculator,tool_variant,calculators,Pregnancy Calculator,pregnancy-calculator,https://www.mytulify.com/calculators/pregnancy-calculator
"Track pregnancy progress, week count, and key milestones",tool_variant,calculators,Pregnancy Calculator,pregnancy-calculator,https://www.mytulify.com/calculators/pregnancy-calculator
GPA Calculator,tool,calculators,GPA Calculator,gpa-calculator,https://www.mytulify.com/calculators/gpa-calculator
free GPA Calculator,tool_variant,calculators,GPA Calculator,gpa-calculator,https://www.mytulify.com/calculators/gpa-calculator
free online GPA Calculator,tool_variant,calculators,GPA Calculator,gpa-calculator,https://www.mytulify.com/calculators/gpa-calculator
GPA Calculator online,tool_variant,calculators,GPA Calculator,gpa-calculator,https://www.mytulify.com/calculators/gpa-calculator
Calculators GPA Calculator,tool_variant,calculators,GPA Calculator,gpa-calculator,https://www.mytulify.com/calculators/gpa-calculator
Compute grade point average from course grades and credit hours,tool_variant,calculators,GPA Calculator,gpa-calculator,https://www.mytulify.com/calculators/gpa-calculator
Grade Calculator,tool,calculators,Grade Calculator,grade-calculator,https://www.mytulify.com/calculators/grade-calculator
free Grade Calculator,tool_variant,calculators,Grade Calculator,grade-calculator,https://www.mytulify.com/calculators/grade-calculator
free online Grade Calculator,tool_variant,calculators,Grade Calculator,grade-calculator,https://www.mytulify.com/calculators/grade-calculator
Grade Calculator online,tool_variant,calculators,Grade Calculator,grade-calculator,https://www.mytulify.com/calculators/grade-calculator
Calculators Grade Calculator,tool_variant,calculators,Grade Calculator,grade-calculator,https://www.mytulify.com/calculators/grade-calculator
Calculate final or weighted grades and the score needed to pass,tool_variant,calculators,Grade Calculator,grade-calculator,https://www.mytulify.com/calculators/grade-calculator
Fraction Calculator,tool,calculators,Fraction Calculator,fraction-calculator,https://www.mytulify.com/calculators/fraction-calculator
free Fraction Calculator,tool_variant,calculators,Fraction Calculator,fraction-calculator,https://www.mytulify.com/calculators/fraction-calculator
free online Fraction Calculator,tool_variant,calculators,Fraction Calculator,fraction-calculator,https://www.mytulify.com/calculators/fraction-calculator
Fraction Calculator online,tool_variant,calculators,Fraction Calculator,fraction-calculator,https://www.mytulify.com/calculators/fraction-calculator
Calculators Fraction Calculator,tool_variant,calculators,Fraction Calculator,fraction-calculator,https://www.mytulify.com/calculators/fraction-calculator
"Add, subtract, multiply, and simplify fractions",tool_variant,calculators,Fraction Calculator,fraction-calculator,https://www.mytulify.com/calculators/fraction-calculator
Scientific Calculator,tool,calculators,Scientific Calculator,scientific-calculator,https://www.mytulify.com/calculators/scientific-calculator
free Scientific Calculator,tool_variant,calculators,Scientific Calculator,scientific-calculator,https://www.mytulify.com/calculators/scientific-calculator
free online Scientific Calculator,tool_variant,calculators,Scientific Calculator,scientific-calculator,https://www.mytulify.com/calculators/scientific-calculator
Scientific Calculator online,tool_variant,calculators,Scientific Calculator,scientific-calculator,https://www.mytulify.com/calculators/scientific-calculator
Calculators Scientific Calculator,tool_variant,calculators,Scientific Calculator,scientific-calculator,https://www.mytulify.com/calculators/scientific-calculator
"Full-function calculator with trig, logs, exponents, and constants",tool_variant,calculators,Scientific Calculator,scientific-calculator,https://www.mytulify.com/calculators/scientific-calculator
Date Calculator,tool,calculators,Date Calculator,date-calculator,https://www.mytulify.com/calculators/date-calculator
free Date Calculator,tool_variant,calculators,Date Calculator,date-calculator,https://www.mytulify.com/calculators/date-calculator
free online Date Calculator,tool_variant,calculators,Date Calculator,date-calculator,https://www.mytulify.com/calculators/date-calculator
Date Calculator online,tool_variant,calculators,Date Calculator,date-calculator,https://www.mytulify.com/calculators/date-calculator
Calculators Date Calculator,tool_variant,calculators,Date Calculator,date-calculator,https://www.mytulify.com/calculators/date-calculator
Add or subtract days from a date and find the span between two dates,tool_variant,calculators,Date Calculator,date-calculator,https://www.mytulify.com/calculators/date-calculator
Hours Calculator,tool,calculators,Hours Calculator,hours-calculator,https://www.mytulify.com/calculators/hours-calculator
free Hours Calculator,tool_variant,calculators,Hours Calculator,hours-calculator,https://www.mytulify.com/calculators/hours-calculator
free online Hours Calculator,tool_variant,calculators,Hours Calculator,hours-calculator,https://www.mytulify.com/calculators/hours-calculator
Hours Calculator online,tool_variant,calculators,Hours Calculator,hours-calculator,https://www.mytulify.com/calculators/hours-calculator
Calculators Hours Calculator,tool_variant,calculators,Hours Calculator,hours-calculator,https://www.mytulify.com/calculators/hours-calculator
Calculate total hours and minutes between two times for timesheets,tool_variant,calculators,Hours Calculator,hours-calculator,https://www.mytulify.com/calculators/hours-calculator
Time Duration Calculator,tool,calculators,Time Duration Calculator,time-duration-calculator,https://www.mytulify.com/calculators/time-duration-calculator
free Time Duration Calculator,tool_variant,calculators,Time Duration Calculator,time-duration-calculator,https://www.mytulify.com/calculators/time-duration-calculator
free online Time Duration Calculator,tool_variant,calculators,Time Duration Calculator,time-duration-calculator,https://www.mytulify.com/calculators/time-duration-calculator
Time Duration Calculator online,tool_variant,calculators,Time Duration Calculator,time-duration-calculator,https://www.mytulify.com/calculators/time-duration-calculator
Calculators Time Duration Calculator,tool_variant,calculators,Time Duration Calculator,time-duration-calculator,https://www.mytulify.com/calculators/time-duration-calculator
Measure elapsed time between two date-times in multiple units,tool_variant,calculators,Time Duration Calculator,time-duration-calculator,https://www.mytulify.com/calculators/time-duration-calculator
Countdown Calculator,tool,calculators,Countdown Calculator,countdown-calculator,https://www.mytulify.com/calculators/countdown-calculator
free Countdown Calculator,tool_variant,calculators,Countdown Calculator,countdown-calculator,https://www.mytulify.com/calculators/countdown-calculator
free online Countdown Calculator,tool_variant,calculators,Countdown Calculator,countdown-calculator,https://www.mytulify.com/calculators/countdown-calculator
Countdown Calculator online,tool_variant,calculators,Countdown Calculator,countdown-calculator,https://www.mytulify.com/calculators/countdown-calculator
Calculators Countdown Calculator,tool_variant,calculators,Countdown Calculator,countdown-calculator,https://www.mytulify.com/calculators/countdown-calculator
"Count down the days, hours, and minutes until any target date",tool_variant,calculators,Countdown Calculator,countdown-calculator,https://www.mytulify.com/calculators/countdown-calculator
Paycheck Calculator,tool,calculators,Paycheck Calculator,paycheck-calculator,https://www.mytulify.com/calculators/paycheck-calculator
free Paycheck Calculator,tool_variant,calculators,Paycheck Calculator,paycheck-calculator,https://www.mytulify.com/calculators/paycheck-calculator
free online Paycheck Calculator,tool_variant,calculators,Paycheck Calculator,paycheck-calculator,https://www.mytulify.com/calculators/paycheck-calculator
Paycheck Calculator online,tool_variant,calculators,Paycheck Calculator,paycheck-calculator,https://www.mytulify.com/calculators/paycheck-calculator
Calculators Paycheck Calculator,tool_variant,calculators,Paycheck Calculator,paycheck-calculator,https://www.mytulify.com/calculators/paycheck-calculator
Estimate take-home pay after taxes and common deductions,tool_variant,calculators,Paycheck Calculator,paycheck-calculator,https://www.mytulify.com/calculators/paycheck-calculator
Salary Calculator,tool,calculators,Salary Calculator,salary-calculator,https://www.mytulify.com/calculators/salary-calculator
free Salary Calculator,tool_variant,calculators,Salary Calculator,salary-calculator,https://www.mytulify.com/calculators/salary-calculator
free online Salary Calculator,tool_variant,calculators,Salary Calculator,salary-calculator,https://www.mytulify.com/calculators/salary-calculator
Salary Calculator online,tool_variant,calculators,Salary Calculator,salary-calculator,https://www.mytulify.com/calculators/salary-calculator
Calculators Salary Calculator,tool_variant,calculators,Salary Calculator,salary-calculator,https://www.mytulify.com/calculators/salary-calculator
"Convert pay between hourly, weekly, monthly, and annual rates",tool_variant,calculators,Salary Calculator,salary-calculator,https://www.mytulify.com/calculators/salary-calculator
Sleep Calculator,tool,calculators,Sleep Calculator,sleep-calculator,https://www.mytulify.com/calculators/sleep-calculator
free Sleep Calculator,tool_variant,calculators,Sleep Calculator,sleep-calculator,https://www.mytulify.com/calculators/sleep-calculator
free online Sleep Calculator,tool_variant,calculators,Sleep Calculator,sleep-calculator,https://www.mytulify.com/calculators/sleep-calculator
Sleep Calculator online,tool_variant,calculators,Sleep Calculator,sleep-calculator,https://www.mytulify.com/calculators/sleep-calculator
Calculators Sleep Calculator,tool_variant,calculators,Sleep Calculator,sleep-calculator,https://www.mytulify.com/calculators/sleep-calculator
Suggest bedtimes or wake times based on 90-minute sleep cycles,tool_variant,calculators,Sleep Calculator,sleep-calculator,https://www.mytulify.com/calculators/sleep-calculator
Random Number Generator,tool,calculators,Random Number Generator,random-number-generator,https://www.mytulify.com/calculators/random-number-generator
free Random Number Generator,tool_variant,calculators,Random Number Generator,random-number-generator,https://www.mytulify.com/calculators/random-number-generator
free online Random Number Generator,tool_variant,calculators,Random Number Generator,random-number-generator,https://www.mytulify.com/calculators/random-number-generator
Random Number Generator online,tool_variant,calculators,Random Number Generator,random-number-generator,https://www.mytulify.com/calculators/random-number-generator
Calculators Random Number Generator,tool_variant,calculators,Random Number Generator,random-number-generator,https://www.mytulify.com/calculators/random-number-generator
Generate random numbers within a custom range with options,tool_variant,calculators,Random Number Generator,random-number-generator,https://www.mytulify.com/calculators/random-number-generator
Standard Deviation Calculator,tool,calculators,Standard Deviation Calculator,standard-deviation-calculator,https://www.mytulify.com/calculators/standard-deviation-calculator
free Standard Deviation Calculator,tool_variant,calculators,Standard Deviation Calculator,standard-deviation-calculator,https://www.mytulify.com/calculators/standard-deviation-calculator
free online Standard Deviation Calculator,tool_variant,calculators,Standard Deviation Calculator,standard-deviation-calculator,https://www.mytulify.com/calculators/standard-deviation-calculator
Standard Deviation Calculator online,tool_variant,calculators,Standard Deviation Calculator,standard-deviation-calculator,https://www.mytulify.com/calculators/standard-deviation-calculator
Calculators Standard Deviation Calculator,tool_variant,calculators,Standard Deviation Calculator,standard-deviation-calculator,https://www.mytulify.com/calculators/standard-deviation-calculator
"Compute mean, variance, and standard deviation for a data set",tool_variant,calculators,Standard Deviation Calculator,standard-deviation-calculator,https://www.mytulify.com/calculators/standard-deviation-calculator
Zakat Calculator,tool,calculators,Zakat Calculator,zakat-calculator,https://www.mytulify.com/calculators/zakat-calculator
free Zakat Calculator,tool_variant,calculators,Zakat Calculator,zakat-calculator,https://www.mytulify.com/calculators/zakat-calculator
free online Zakat Calculator,tool_variant,calculators,Zakat Calculator,zakat-calculator,https://www.mytulify.com/calculators/zakat-calculator
Zakat Calculator online,tool_variant,calculators,Zakat Calculator,zakat-calculator,https://www.mytulify.com/calculators/zakat-calculator
Calculators Zakat Calculator,tool_variant,calculators,Zakat Calculator,zakat-calculator,https://www.mytulify.com/calculators/zakat-calculator
"Calculate Zakat on gold, silver and wealth in your browser",tool_variant,calculators,Zakat Calculator,zakat-calculator,https://www.mytulify.com/calculators/zakat-calculator
Afghan Date Converter,tool,calculators,Afghan Date Converter,afghan-date-converter,https://www.mytulify.com/calculators/afghan-date-converter
free Afghan Date Converter,tool_variant,calculators,Afghan Date Converter,afghan-date-converter,https://www.mytulify.com/calculators/afghan-date-converter
free online Afghan Date Converter,tool_variant,calculators,Afghan Date Converter,afghan-date-converter,https://www.mytulify.com/calculators/afghan-date-converter
Afghan Date Converter online,tool_variant,calculators,Afghan Date Converter,afghan-date-converter,https://www.mytulify.com/calculators/afghan-date-converter
Calculators Afghan Date Converter,tool_variant,calculators,Afghan Date Converter,afghan-date-converter,https://www.mytulify.com/calculators/afghan-date-converter
Convert Shamsi (Solar Hijri) dates to Gregorian and back,tool_variant,calculators,Afghan Date Converter,afghan-date-converter,https://www.mytulify.com/calculators/afghan-date-converter
Tasbih Counter,tool,calculators,Tasbih Counter,tasbih-counter,https://www.mytulify.com/calculators/tasbih-counter
free Tasbih Counter,tool_variant,calculators,Tasbih Counter,tasbih-counter,https://www.mytulify.com/calculators/tasbih-counter
free online Tasbih Counter,tool_variant,calculators,Tasbih Counter,tasbih-counter,https://www.mytulify.com/calculators/tasbih-counter
Tasbih Counter online,tool_variant,calculators,Tasbih Counter,tasbih-counter,https://www.mytulify.com/calculators/tasbih-counter
Calculators Tasbih Counter,tool_variant,calculators,Tasbih Counter,tasbih-counter,https://www.mytulify.com/calculators/tasbih-counter
Digital Tasbih counter for dhikr and Islamic remembrance,tool_variant,calculators,Tasbih Counter,tasbih-counter,https://www.mytulify.com/calculators/tasbih-counter
Salary Tax Calculator,tool,calculators,Salary Tax Calculator,salary-tax-calculator,https://www.mytulify.com/calculators/salary-tax-calculator
free Salary Tax Calculator,tool_variant,calculators,Salary Tax Calculator,salary-tax-calculator,https://www.mytulify.com/calculators/salary-tax-calculator
free online Salary Tax Calculator,tool_variant,calculators,Salary Tax Calculator,salary-tax-calculator,https://www.mytulify.com/calculators/salary-tax-calculator
Salary Tax Calculator online,tool_variant,calculators,Salary Tax Calculator,salary-tax-calculator,https://www.mytulify.com/calculators/salary-tax-calculator
Calculators Salary Tax Calculator,tool_variant,calculators,Salary Tax Calculator,salary-tax-calculator,https://www.mytulify.com/calculators/salary-tax-calculator
Estimate income tax and net salary from gross pay,tool_variant,calculators,Salary Tax Calculator,salary-tax-calculator,https://www.mytulify.com/calculators/salary-tax-calculator
EMI Calculator,tool,calculators,EMI Calculator,emi-calculator,https://www.mytulify.com/calculators/emi-calculator
free EMI Calculator,tool_variant,calculators,EMI Calculator,emi-calculator,https://www.mytulify.com/calculators/emi-calculator
free online EMI Calculator,tool_variant,calculators,EMI Calculator,emi-calculator,https://www.mytulify.com/calculators/emi-calculator
EMI Calculator online,tool_variant,calculators,EMI Calculator,emi-calculator,https://www.mytulify.com/calculators/emi-calculator
Calculators EMI Calculator,tool_variant,calculators,EMI Calculator,emi-calculator,https://www.mytulify.com/calculators/emi-calculator
"Calculate monthly EMI, total interest, and payment for home, car, or personal loans",tool_variant,calculators,EMI Calculator,emi-calculator,https://www.mytulify.com/calculators/emi-calculator
VAT / GST Calculator,tool,calculators,VAT / GST Calculator,vat-gst-calculator,https://www.mytulify.com/calculators/vat-gst-calculator
free VAT / GST Calculator,tool_variant,calculators,VAT / GST Calculator,vat-gst-calculator,https://www.mytulify.com/calculators/vat-gst-calculator
free online VAT / GST Calculator,tool_variant,calculators,VAT / GST Calculator,vat-gst-calculator,https://www.mytulify.com/calculators/vat-gst-calculator
VAT / GST Calculator online,tool_variant,calculators,VAT / GST Calculator,vat-gst-calculator,https://www.mytulify.com/calculators/vat-gst-calculator
vat gst calculator,tool_variant,calculators,VAT / GST Calculator,vat-gst-calculator,https://www.mytulify.com/calculators/vat-gst-calculator
Calculators VAT / GST Calculator,tool_variant,calculators,VAT / GST Calculator,vat-gst-calculator,https://www.mytulify.com/calculators/vat-gst-calculator
Add or extract VAT and GST from any amount with a custom tax rate,tool_variant,calculators,VAT / GST Calculator,vat-gst-calculator,https://www.mytulify.com/calculators/vat-gst-calculator
Profit Margin Calculator,tool,calculators,Profit Margin Calculator,profit-margin-calculator,https://www.mytulify.com/calculators/profit-margin-calculator
free Profit Margin Calculator,tool_variant,calculators,Profit Margin Calculator,profit-margin-calculator,https://www.mytulify.com/calculators/profit-margin-calculator
free online Profit Margin Calculator,tool_variant,calculators,Profit Margin Calculator,profit-margin-calculator,https://www.mytulify.com/calculators/profit-margin-calculator
Profit Margin Calculator online,tool_variant,calculators,Profit Margin Calculator,profit-margin-calculator,https://www.mytulify.com/calculators/profit-margin-calculator
Calculators Profit Margin Calculator,tool_variant,calculators,Profit Margin Calculator,profit-margin-calculator,https://www.mytulify.com/calculators/profit-margin-calculator
"Calculate profit, profit margin %, and markup from cost and selling price",tool_variant,calculators,Profit Margin Calculator,profit-margin-calculator,https://www.mytulify.com/calculators/profit-margin-calculator
Debt Payoff Calculator,tool,calculators,Debt Payoff Calculator,debt-payoff-calculator,https://www.mytulify.com/calculators/debt-payoff-calculator
free Debt Payoff Calculator,tool_variant,calculators,Debt Payoff Calculator,debt-payoff-calculator,https://www.mytulify.com/calculators/debt-payoff-calculator
free online Debt Payoff Calculator,tool_variant,calculators,Debt Payoff Calculator,debt-payoff-calculator,https://www.mytulify.com/calculators/debt-payoff-calculator
Debt Payoff Calculator online,tool_variant,calculators,Debt Payoff Calculator,debt-payoff-calculator,https://www.mytulify.com/calculators/debt-payoff-calculator
Calculators Debt Payoff Calculator,tool_variant,calculators,Debt Payoff Calculator,debt-payoff-calculator,https://www.mytulify.com/calculators/debt-payoff-calculator
"Compare snowball vs avalanche debt payoff plans with months, interest, and a payment schedule",tool_variant,calculators,Debt Payoff Calculator,debt-payoff-calculator,https://www.mytulify.com/calculators/debt-payoff-calculator
Inflation Calculator,tool,calculators,Inflation Calculator,inflation-calculator,https://www.mytulify.com/calculators/inflation-calculator
free Inflation Calculator,tool_variant,calculators,Inflation Calculator,inflation-calculator,https://www.mytulify.com/calculators/inflation-calculator
free online Inflation Calculator,tool_variant,calculators,Inflation Calculator,inflation-calculator,https://www.mytulify.com/calculators/inflation-calculator
Inflation Calculator online,tool_variant,calculators,Inflation Calculator,inflation-calculator,https://www.mytulify.com/calculators/inflation-calculator
Calculators Inflation Calculator,tool_variant,calculators,Inflation Calculator,inflation-calculator,https://www.mytulify.com/calculators/inflation-calculator
See what today’s money will be worth later — or was worth in the past — using a custom inflation rate,tool_variant,calculators,Inflation Calculator,inflation-calculator,https://www.mytulify.com/calculators/inflation-calculator
free SIP Calculator,tool_variant,calculators,SIP Calculator,sip-calculator,https://www.mytulify.com/calculators/sip-calculator
free online SIP Calculator,tool_variant,calculators,SIP Calculator,sip-calculator,https://www.mytulify.com/calculators/sip-calculator
SIP Calculator online,tool_variant,calculators,SIP Calculator,sip-calculator,https://www.mytulify.com/calculators/sip-calculator
Calculators SIP Calculator,tool_variant,calculators,SIP Calculator,sip-calculator,https://www.mytulify.com/calculators/sip-calculator
"Estimate mutual fund SIP maturity value, total invested, and returns — with optional annual step-up",tool_variant,calculators,SIP Calculator,sip-calculator,https://www.mytulify.com/calculators/sip-calculator
free CAGR Calculator,tool_variant,calculators,CAGR Calculator,cagr-calculator,https://www.mytulify.com/calculators/cagr-calculator
free online CAGR Calculator,tool_variant,calculators,CAGR Calculator,cagr-calculator,https://www.mytulify.com/calculators/cagr-calculator
CAGR Calculator online,tool_variant,calculators,CAGR Calculator,cagr-calculator,https://www.mytulify.com/calculators/cagr-calculator
Calculators CAGR Calculator,tool_variant,calculators,CAGR Calculator,cagr-calculator,https://www.mytulify.com/calculators/cagr-calculator
"Calculate compound annual growth rate from beginning value, ending value, and years",tool_variant,calculators,CAGR Calculator,cagr-calculator,https://www.mytulify.com/calculators/cagr-calculator
FD Calculator,tool,calculators,FD Calculator,fd-calculator,https://www.mytulify.com/calculators/fd-calculator
free FD Calculator,tool_variant,calculators,FD Calculator,fd-calculator,https://www.mytulify.com/calculators/fd-calculator
free online FD Calculator,tool_variant,calculators,FD Calculator,fd-calculator,https://www.mytulify.com/calculators/fd-calculator
FD Calculator online,tool_variant,calculators,FD Calculator,fd-calculator,https://www.mytulify.com/calculators/fd-calculator
Calculators FD Calculator,tool_variant,calculators,FD Calculator,fd-calculator,https://www.mytulify.com/calculators/fd-calculator
"Calculate fixed deposit maturity amount and interest with monthly, quarterly, or yearly compounding",tool_variant,calculators,FD Calculator,fd-calculator,https://www.mytulify.com/calculators/fd-calculator
PPF Calculator,tool,calculators,PPF Calculator,ppf-calculator,https://www.mytulify.com/calculators/ppf-calculator
free PPF Calculator,tool_variant,calculators,PPF Calculator,ppf-calculator,https://www.mytulify.com/calculators/ppf-calculator
free online PPF Calculator,tool_variant,calculators,PPF Calculator,ppf-calculator,https://www.mytulify.com/calculators/ppf-calculator
PPF Calculator online,tool_variant,calculators,PPF Calculator,ppf-calculator,https://www.mytulify.com/calculators/ppf-calculator
Calculators PPF Calculator,tool_variant,calculators,PPF Calculator,ppf-calculator,https://www.mytulify.com/calculators/ppf-calculator
"Estimate Public Provident Fund maturity, total invested, and interest with yearly contributions and compounding",tool_variant,calculators,PPF Calculator,ppf-calculator,https://www.mytulify.com/calculators/ppf-calculator
SWP Calculator,tool,calculators,SWP Calculator,swp-calculator,https://www.mytulify.com/calculators/swp-calculator
free SWP Calculator,tool_variant,calculators,SWP Calculator,swp-calculator,https://www.mytulify.com/calculators/swp-calculator
free online SWP Calculator,tool_variant,calculators,SWP Calculator,swp-calculator,https://www.mytulify.com/calculators/swp-calculator
SWP Calculator online,tool_variant,calculators,SWP Calculator,swp-calculator,https://www.mytulify.com/calculators/swp-calculator
Calculators SWP Calculator,tool_variant,calculators,SWP Calculator,swp-calculator,https://www.mytulify.com/calculators/swp-calculator
RD Calculator,tool,calculators,RD Calculator,rd-calculator,https://www.mytulify.com/calculators/rd-calculator
free RD Calculator,tool_variant,calculators,RD Calculator,rd-calculator,https://www.mytulify.com/calculators/rd-calculator
free online RD Calculator,tool_variant,calculators,RD Calculator,rd-calculator,https://www.mytulify.com/calculators/rd-calculator
RD Calculator online,tool_variant,calculators,RD Calculator,rd-calculator,https://www.mytulify.com/calculators/rd-calculator
Calculators RD Calculator,tool_variant,calculators,RD Calculator,rd-calculator,https://www.mytulify.com/calculators/rd-calculator
Lumpsum Calculator,tool,calculators,Lumpsum Calculator,lumpsum-calculator,https://www.mytulify.com/calculators/lumpsum-calculator
free Lumpsum Calculator,tool_variant,calculators,Lumpsum Calculator,lumpsum-calculator,https://www.mytulify.com/calculators/lumpsum-calculator
free online Lumpsum Calculator,tool_variant,calculators,Lumpsum Calculator,lumpsum-calculator,https://www.mytulify.com/calculators/lumpsum-calculator
Lumpsum Calculator online,tool_variant,calculators,Lumpsum Calculator,lumpsum-calculator,https://www.mytulify.com/calculators/lumpsum-calculator
Calculators Lumpsum Calculator,tool_variant,calculators,Lumpsum Calculator,lumpsum-calculator,https://www.mytulify.com/calculators/lumpsum-calculator
EPF Calculator,tool,calculators,EPF Calculator,epf-calculator,https://www.mytulify.com/calculators/epf-calculator
free EPF Calculator,tool_variant,calculators,EPF Calculator,epf-calculator,https://www.mytulify.com/calculators/epf-calculator
free online EPF Calculator,tool_variant,calculators,EPF Calculator,epf-calculator,https://www.mytulify.com/calculators/epf-calculator
EPF Calculator online,tool_variant,calculators,EPF Calculator,epf-calculator,https://www.mytulify.com/calculators/epf-calculator
Calculators EPF Calculator,tool_variant,calculators,EPF Calculator,epf-calculator,https://www.mytulify.com/calculators/epf-calculator
NPS Calculator,tool,calculators,NPS Calculator,nps-calculator,https://www.mytulify.com/calculators/nps-calculator
free NPS Calculator,tool_variant,calculators,NPS Calculator,nps-calculator,https://www.mytulify.com/calculators/nps-calculator
free online NPS Calculator,tool_variant,calculators,NPS Calculator,nps-calculator,https://www.mytulify.com/calculators/nps-calculator
NPS Calculator online,tool_variant,calculators,NPS Calculator,nps-calculator,https://www.mytulify.com/calculators/nps-calculator
Calculators NPS Calculator,tool_variant,calculators,NPS Calculator,nps-calculator,https://www.mytulify.com/calculators/nps-calculator
Gratuity Calculator,tool,calculators,Gratuity Calculator,gratuity-calculator,https://www.mytulify.com/calculators/gratuity-calculator
free Gratuity Calculator,tool_variant,calculators,Gratuity Calculator,gratuity-calculator,https://www.mytulify.com/calculators/gratuity-calculator
free online Gratuity Calculator,tool_variant,calculators,Gratuity Calculator,gratuity-calculator,https://www.mytulify.com/calculators/gratuity-calculator
Gratuity Calculator online,tool_variant,calculators,Gratuity Calculator,gratuity-calculator,https://www.mytulify.com/calculators/gratuity-calculator
Calculators Gratuity Calculator,tool_variant,calculators,Gratuity Calculator,gratuity-calculator,https://www.mytulify.com/calculators/gratuity-calculator
HRA Calculator,tool,calculators,HRA Calculator,hra-calculator,https://www.mytulify.com/calculators/hra-calculator
free HRA Calculator,tool_variant,calculators,HRA Calculator,hra-calculator,https://www.mytulify.com/calculators/hra-calculator
free online HRA Calculator,tool_variant,calculators,HRA Calculator,hra-calculator,https://www.mytulify.com/calculators/hra-calculator
HRA Calculator online,tool_variant,calculators,HRA Calculator,hra-calculator,https://www.mytulify.com/calculators/hra-calculator
Calculators HRA Calculator,tool_variant,calculators,HRA Calculator,hra-calculator,https://www.mytulify.com/calculators/hra-calculator
SSY Calculator,tool,calculators,SSY Calculator,ssy-calculator,https://www.mytulify.com/calculators/ssy-calculator
free SSY Calculator,tool_variant,calculators,SSY Calculator,ssy-calculator,https://www.mytulify.com/calculators/ssy-calculator
free online SSY Calculator,tool_variant,calculators,SSY Calculator,ssy-calculator,https://www.mytulify.com/calculators/ssy-calculator
SSY Calculator online,tool_variant,calculators,SSY Calculator,ssy-calculator,https://www.mytulify.com/calculators/ssy-calculator
Calculators SSY Calculator,tool_variant,calculators,SSY Calculator,ssy-calculator,https://www.mytulify.com/calculators/ssy-calculator
SCSS Calculator,tool,calculators,SCSS Calculator,scss-calculator,https://www.mytulify.com/calculators/scss-calculator
free SCSS Calculator,tool_variant,calculators,SCSS Calculator,scss-calculator,https://www.mytulify.com/calculators/scss-calculator
free online SCSS Calculator,tool_variant,calculators,SCSS Calculator,scss-calculator,https://www.mytulify.com/calculators/scss-calculator
SCSS Calculator online,tool_variant,calculators,SCSS Calculator,scss-calculator,https://www.mytulify.com/calculators/scss-calculator
Calculators SCSS Calculator,tool_variant,calculators,SCSS Calculator,scss-calculator,https://www.mytulify.com/calculators/scss-calculator
NSC Calculator,tool,calculators,NSC Calculator,nsc-calculator,https://www.mytulify.com/calculators/nsc-calculator
free NSC Calculator,tool_variant,calculators,NSC Calculator,nsc-calculator,https://www.mytulify.com/calculators/nsc-calculator
free online NSC Calculator,tool_variant,calculators,NSC Calculator,nsc-calculator,https://www.mytulify.com/calculators/nsc-calculator
NSC Calculator online,tool_variant,calculators,NSC Calculator,nsc-calculator,https://www.mytulify.com/calculators/nsc-calculator
Calculators NSC Calculator,tool_variant,calculators,NSC Calculator,nsc-calculator,https://www.mytulify.com/calculators/nsc-calculator
ROI Calculator,tool,calculators,ROI Calculator,roi-calculator,https://www.mytulify.com/calculators/roi-calculator
free ROI Calculator,tool_variant,calculators,ROI Calculator,roi-calculator,https://www.mytulify.com/calculators/roi-calculator
free online ROI Calculator,tool_variant,calculators,ROI Calculator,roi-calculator,https://www.mytulify.com/calculators/roi-calculator
ROI Calculator online,tool_variant,calculators,ROI Calculator,roi-calculator,https://www.mytulify.com/calculators/roi-calculator
Calculators ROI Calculator,tool_variant,calculators,ROI Calculator,roi-calculator,https://www.mytulify.com/calculators/roi-calculator
XIRR Calculator,tool,calculators,XIRR Calculator,xirr-calculator,https://www.mytulify.com/calculators/xirr-calculator
free XIRR Calculator,tool_variant,calculators,XIRR Calculator,xirr-calculator,https://www.mytulify.com/calculators/xirr-calculator
free online XIRR Calculator,tool_variant,calculators,XIRR Calculator,xirr-calculator,https://www.mytulify.com/calculators/xirr-calculator
XIRR Calculator online,tool_variant,calculators,XIRR Calculator,xirr-calculator,https://www.mytulify.com/calculators/xirr-calculator
Calculators XIRR Calculator,tool_variant,calculators,XIRR Calculator,xirr-calculator,https://www.mytulify.com/calculators/xirr-calculator
Concrete Calculator,tool,calculators,Concrete Calculator,concrete-calculator,https://www.mytulify.com/calculators/concrete-calculator
free Concrete Calculator,tool_variant,calculators,Concrete Calculator,concrete-calculator,https://www.mytulify.com/calculators/concrete-calculator
free online Concrete Calculator,tool_variant,calculators,Concrete Calculator,concrete-calculator,https://www.mytulify.com/calculators/concrete-calculator
Concrete Calculator online,tool_variant,calculators,Concrete Calculator,concrete-calculator,https://www.mytulify.com/calculators/concrete-calculator
Calculators Concrete Calculator,tool_variant,calculators,Concrete Calculator,concrete-calculator,https://www.mytulify.com/calculators/concrete-calculator
"Estimate slab or column concrete in cubic yards, cubic meters, and 60 or 80 lb bags, with waste and bag cost",tool_variant,calculators,Concrete Calculator,concrete-calculator,https://www.mytulify.com/calculators/concrete-calculator
Paint Calculator,tool,calculators,Paint Calculator,paint-calculator,https://www.mytulify.com/calculators/paint-calculator
free Paint Calculator,tool_variant,calculators,Paint Calculator,paint-calculator,https://www.mytulify.com/calculators/paint-calculator
free online Paint Calculator,tool_variant,calculators,Paint Calculator,paint-calculator,https://www.mytulify.com/calculators/paint-calculator
Paint Calculator online,tool_variant,calculators,Paint Calculator,paint-calculator,https://www.mytulify.com/calculators/paint-calculator
Calculators Paint Calculator,tool_variant,calculators,Paint Calculator,paint-calculator,https://www.mytulify.com/calculators/paint-calculator
"Calculate wall and ceiling paint gallons from room size, doors, windows, coats, and coverage",tool_variant,calculators,Paint Calculator,paint-calculator,https://www.mytulify.com/calculators/paint-calculator
Gravel Calculator,tool,calculators,Gravel Calculator,gravel-calculator,https://www.mytulify.com/calculators/gravel-calculator
free Gravel Calculator,tool_variant,calculators,Gravel Calculator,gravel-calculator,https://www.mytulify.com/calculators/gravel-calculator
free online Gravel Calculator,tool_variant,calculators,Gravel Calculator,gravel-calculator,https://www.mytulify.com/calculators/gravel-calculator
Gravel Calculator online,tool_variant,calculators,Gravel Calculator,gravel-calculator,https://www.mytulify.com/calculators/gravel-calculator
Calculators Gravel Calculator,tool_variant,calculators,Gravel Calculator,gravel-calculator,https://www.mytulify.com/calculators/gravel-calculator
"Convert driveway or path area and depth into cubic yards, tons, and material cost for gravel, sand, or mulch",tool_variant,calculators,Gravel Calculator,gravel-calculator,https://www.mytulify.com/calculators/gravel-calculator
Square Footage Calculator,tool,calculators,Square Footage Calculator,square-footage-calculator,https://www.mytulify.com/calculators/square-footage-calculator
free Square Footage Calculator,tool_variant,calculators,Square Footage Calculator,square-footage-calculator,https://www.mytulify.com/calculators/square-footage-calculator
free online Square Footage Calculator,tool_variant,calculators,Square Footage Calculator,square-footage-calculator,https://www.mytulify.com/calculators/square-footage-calculator
Square Footage Calculator online,tool_variant,calculators,Square Footage Calculator,square-footage-calculator,https://www.mytulify.com/calculators/square-footage-calculator
Calculators Square Footage Calculator,tool_variant,calculators,Square Footage Calculator,square-footage-calculator,https://www.mytulify.com/calculators/square-footage-calculator
"Find area in square feet and square meters for rectangles, circles, triangles, and trapezoids",tool_variant,calculators,Square Footage Calculator,square-footage-calculator,https://www.mytulify.com/calculators/square-footage-calculator
Fuel Cost Calculator,tool,calculators,Fuel Cost Calculator,fuel-cost-calculator,https://www.mytulify.com/calculators/fuel-cost-calculator
free Fuel Cost Calculator,tool_variant,calculators,Fuel Cost Calculator,fuel-cost-calculator,https://www.mytulify.com/calculators/fuel-cost-calculator
free online Fuel Cost Calculator,tool_variant,calculators,Fuel Cost Calculator,fuel-cost-calculator,https://www.mytulify.com/calculators/fuel-cost-calculator
Fuel Cost Calculator online,tool_variant,calculators,Fuel Cost Calculator,fuel-cost-calculator,https://www.mytulify.com/calculators/fuel-cost-calculator
Calculators Fuel Cost Calculator,tool_variant,calculators,Fuel Cost Calculator,fuel-cost-calculator,https://www.mytulify.com/calculators/fuel-cost-calculator
"Estimate trip fuel gallons, cost per person, and savings between two MPG ratings",tool_variant,calculators,Fuel Cost Calculator,fuel-cost-calculator,https://www.mytulify.com/calculators/fuel-cost-calculator
Credit Card Payoff Calculator,tool,calculators,Credit Card Payoff Calculator,credit-card-payoff-calculator,https://www.mytulify.com/calculators/credit-card-payoff-calculator
free Credit Card Payoff Calculator,tool_variant,calculators,Credit Card Payoff Calculator,credit-card-payoff-calculator,https://www.mytulify.com/calculators/credit-card-payoff-calculator
free online Credit Card Payoff Calculator,tool_variant,calculators,Credit Card Payoff Calculator,credit-card-payoff-calculator,https://www.mytulify.com/calculators/credit-card-payoff-calculator
Credit Card Payoff Calculator online,tool_variant,calculators,Credit Card Payoff Calculator,credit-card-payoff-calculator,https://www.mytulify.com/calculators/credit-card-payoff-calculator
Calculators Credit Card Payoff Calculator,tool_variant,calculators,Credit Card Payoff Calculator,credit-card-payoff-calculator,https://www.mytulify.com/calculators/credit-card-payoff-calculator
"See months to pay off a credit card, total interest, and how much an extra monthly payment saves",tool_variant,calculators,Credit Card Payoff Calculator,credit-card-payoff-calculator,https://www.mytulify.com/calculators/credit-card-payoff-calculator
Debt-to-Income Calculator,tool,calculators,Debt-to-Income Calculator,debt-to-income-calculator,https://www.mytulify.com/calculators/debt-to-income-calculator
free Debt-to-Income Calculator,tool_variant,calculators,Debt-to-Income Calculator,debt-to-income-calculator,https://www.mytulify.com/calculators/debt-to-income-calculator
free online Debt-to-Income Calculator,tool_variant,calculators,Debt-to-Income Calculator,debt-to-income-calculator,https://www.mytulify.com/calculators/debt-to-income-calculator
Debt-to-Income Calculator online,tool_variant,calculators,Debt-to-Income Calculator,debt-to-income-calculator,https://www.mytulify.com/calculators/debt-to-income-calculator
debt to income calculator,tool_variant,calculators,Debt-to-Income Calculator,debt-to-income-calculator,https://www.mytulify.com/calculators/debt-to-income-calculator
Calculators Debt-to-Income Calculator,tool_variant,calculators,Debt-to-Income Calculator,debt-to-income-calculator,https://www.mytulify.com/calculators/debt-to-income-calculator
"Calculate front-end and back-end debt-to-income ratios from gross income, housing, and other debts",tool_variant,calculators,Debt-to-Income Calculator,debt-to-income-calculator,https://www.mytulify.com/calculators/debt-to-income-calculator
Home Affordability Calculator,tool,calculators,Home Affordability Calculator,home-affordability-calculator,https://www.mytulify.com/calculators/home-affordability-calculator
free Home Affordability Calculator,tool_variant,calculators,Home Affordability Calculator,home-affordability-calculator,https://www.mytulify.com/calculators/home-affordability-calculator
free online Home Affordability Calculator,tool_variant,calculators,Home Affordability Calculator,home-affordability-calculator,https://www.mytulify.com/calculators/home-affordability-calculator
Home Affordability Calculator online,tool_variant,calculators,Home Affordability Calculator,home-affordability-calculator,https://www.mytulify.com/calculators/home-affordability-calculator
Calculators Home Affordability Calculator,tool_variant,calculators,Home Affordability Calculator,home-affordability-calculator,https://www.mytulify.com/calculators/home-affordability-calculator
"Estimate a maximum home price from income, debts, down payment, rate, and tax-and-insurance allowance",tool_variant,calculators,Home Affordability Calculator,home-affordability-calculator,https://www.mytulify.com/calculators/home-affordability-calculator
APR Calculator,tool,calculators,APR Calculator,apr-calculator,https://www.mytulify.com/calculators/apr-calculator
free APR Calculator,tool_variant,calculators,APR Calculator,apr-calculator,https://www.mytulify.com/calculators/apr-calculator
free online APR Calculator,tool_variant,calculators,APR Calculator,apr-calculator,https://www.mytulify.com/calculators/apr-calculator
APR Calculator online,tool_variant,calculators,APR Calculator,apr-calculator,https://www.mytulify.com/calculators/apr-calculator
Calculators APR Calculator,tool_variant,calculators,APR Calculator,apr-calculator,https://www.mytulify.com/calculators/apr-calculator
"Compare note interest rate with APR after upfront loan fees, plus the monthly payment",tool_variant,calculators,APR Calculator,apr-calculator,https://www.mytulify.com/calculators/apr-calculator
Color Picker,tool,color-tools,Color Picker,color-picker,https://www.mytulify.com/color-tools/color-picker
free Color Picker,tool_variant,color-tools,Color Picker,color-picker,https://www.mytulify.com/color-tools/color-picker
free online Color Picker,tool_variant,color-tools,Color Picker,color-picker,https://www.mytulify.com/color-tools/color-picker
Color Picker online,tool_variant,color-tools,Color Picker,color-picker,https://www.mytulify.com/color-tools/color-picker
Color Tools Color Picker,tool_variant,color-tools,Color Picker,color-picker,https://www.mytulify.com/color-tools/color-picker
"Pick any color and get its HEX, RGB, and HSL values",tool_variant,color-tools,Color Picker,color-picker,https://www.mytulify.com/color-tools/color-picker
HEX to RGB,tool,color-tools,HEX to RGB,hex-to-rgb,https://www.mytulify.com/color-tools/hex-to-rgb
free HEX to RGB,tool_variant,color-tools,HEX to RGB,hex-to-rgb,https://www.mytulify.com/color-tools/hex-to-rgb
free online HEX to RGB,tool_variant,color-tools,HEX to RGB,hex-to-rgb,https://www.mytulify.com/color-tools/hex-to-rgb
HEX to RGB online,tool_variant,color-tools,HEX to RGB,hex-to-rgb,https://www.mytulify.com/color-tools/hex-to-rgb
Color Tools HEX to RGB,tool_variant,color-tools,HEX to RGB,hex-to-rgb,https://www.mytulify.com/color-tools/hex-to-rgb
Convert HEX color codes to RGB values,tool_variant,color-tools,HEX to RGB,hex-to-rgb,https://www.mytulify.com/color-tools/hex-to-rgb
RGB to HEX,tool,color-tools,RGB to HEX,rgb-to-hex,https://www.mytulify.com/color-tools/rgb-to-hex
free RGB to HEX,tool_variant,color-tools,RGB to HEX,rgb-to-hex,https://www.mytulify.com/color-tools/rgb-to-hex
free online RGB to HEX,tool_variant,color-tools,RGB to HEX,rgb-to-hex,https://www.mytulify.com/color-tools/rgb-to-hex
RGB to HEX online,tool_variant,color-tools,RGB to HEX,rgb-to-hex,https://www.mytulify.com/color-tools/rgb-to-hex
Color Tools RGB to HEX,tool_variant,color-tools,RGB to HEX,rgb-to-hex,https://www.mytulify.com/color-tools/rgb-to-hex
Convert RGB values to a HEX color code,tool_variant,color-tools,RGB to HEX,rgb-to-hex,https://www.mytulify.com/color-tools/rgb-to-hex
HEX to HSL,tool,color-tools,HEX to HSL,hex-to-hsl,https://www.mytulify.com/color-tools/hex-to-hsl
free HEX to HSL,tool_variant,color-tools,HEX to HSL,hex-to-hsl,https://www.mytulify.com/color-tools/hex-to-hsl
free online HEX to HSL,tool_variant,color-tools,HEX to HSL,hex-to-hsl,https://www.mytulify.com/color-tools/hex-to-hsl
HEX to HSL online,tool_variant,color-tools,HEX to HSL,hex-to-hsl,https://www.mytulify.com/color-tools/hex-to-hsl
Color Tools HEX to HSL,tool_variant,color-tools,HEX to HSL,hex-to-hsl,https://www.mytulify.com/color-tools/hex-to-hsl
Convert HEX colors to HSL format,tool_variant,color-tools,HEX to HSL,hex-to-hsl,https://www.mytulify.com/color-tools/hex-to-hsl
HSL to HEX,tool,color-tools,HSL to HEX,hsl-to-hex,https://www.mytulify.com/color-tools/hsl-to-hex
free HSL to HEX,tool_variant,color-tools,HSL to HEX,hsl-to-hex,https://www.mytulify.com/color-tools/hsl-to-hex
free online HSL to HEX,tool_variant,color-tools,HSL to HEX,hsl-to-hex,https://www.mytulify.com/color-tools/hsl-to-hex
HSL to HEX online,tool_variant,color-tools,HSL to HEX,hsl-to-hex,https://www.mytulify.com/color-tools/hsl-to-hex
Color Tools HSL to HEX,tool_variant,color-tools,HSL to HEX,hsl-to-hex,https://www.mytulify.com/color-tools/hsl-to-hex
Convert HSL color values to a HEX code,tool_variant,color-tools,HSL to HEX,hsl-to-hex,https://www.mytulify.com/color-tools/hsl-to-hex
RGB to HSL,tool,color-tools,RGB to HSL,rgb-to-hsl,https://www.mytulify.com/color-tools/rgb-to-hsl
free RGB to HSL,tool_variant,color-tools,RGB to HSL,rgb-to-hsl,https://www.mytulify.com/color-tools/rgb-to-hsl
free online RGB to HSL,tool_variant,color-tools,RGB to HSL,rgb-to-hsl,https://www.mytulify.com/color-tools/rgb-to-hsl
RGB to HSL online,tool_variant,color-tools,RGB to HSL,rgb-to-hsl,https://www.mytulify.com/color-tools/rgb-to-hsl
Color Tools RGB to HSL,tool_variant,color-tools,RGB to HSL,rgb-to-hsl,https://www.mytulify.com/color-tools/rgb-to-hsl
Convert RGB color values to HSL,tool_variant,color-tools,RGB to HSL,rgb-to-hsl,https://www.mytulify.com/color-tools/rgb-to-hsl
RGB to CMYK,tool,color-tools,RGB to CMYK,rgb-to-cmyk,https://www.mytulify.com/color-tools/rgb-to-cmyk
free RGB to CMYK,tool_variant,color-tools,RGB to CMYK,rgb-to-cmyk,https://www.mytulify.com/color-tools/rgb-to-cmyk
free online RGB to CMYK,tool_variant,color-tools,RGB to CMYK,rgb-to-cmyk,https://www.mytulify.com/color-tools/rgb-to-cmyk
RGB to CMYK online,tool_variant,color-tools,RGB to CMYK,rgb-to-cmyk,https://www.mytulify.com/color-tools/rgb-to-cmyk
Color Tools RGB to CMYK,tool_variant,color-tools,RGB to CMYK,rgb-to-cmyk,https://www.mytulify.com/color-tools/rgb-to-cmyk
Convert RGB colors to CMYK for printing,tool_variant,color-tools,RGB to CMYK,rgb-to-cmyk,https://www.mytulify.com/color-tools/rgb-to-cmyk
CMYK to RGB,tool,color-tools,CMYK to RGB,cmyk-to-rgb,https://www.mytulify.com/color-tools/cmyk-to-rgb
free CMYK to RGB,tool_variant,color-tools,CMYK to RGB,cmyk-to-rgb,https://www.mytulify.com/color-tools/cmyk-to-rgb
free online CMYK to RGB,tool_variant,color-tools,CMYK to RGB,cmyk-to-rgb,https://www.mytulify.com/color-tools/cmyk-to-rgb
CMYK to RGB online,tool_variant,color-tools,CMYK to RGB,cmyk-to-rgb,https://www.mytulify.com/color-tools/cmyk-to-rgb
Color Tools CMYK to RGB,tool_variant,color-tools,CMYK to RGB,cmyk-to-rgb,https://www.mytulify.com/color-tools/cmyk-to-rgb
Convert CMYK print colors back to RGB,tool_variant,color-tools,CMYK to RGB,cmyk-to-rgb,https://www.mytulify.com/color-tools/cmyk-to-rgb
HEX to CMYK,tool,color-tools,HEX to CMYK,hex-to-cmyk,https://www.mytulify.com/color-tools/hex-to-cmyk
free HEX to CMYK,tool_variant,color-tools,HEX to CMYK,hex-to-cmyk,https://www.mytulify.com/color-tools/hex-to-cmyk
free online HEX to CMYK,tool_variant,color-tools,HEX to CMYK,hex-to-cmyk,https://www.mytulify.com/color-tools/hex-to-cmyk
HEX to CMYK online,tool_variant,color-tools,HEX to CMYK,hex-to-cmyk,https://www.mytulify.com/color-tools/hex-to-cmyk
Color Tools HEX to CMYK,tool_variant,color-tools,HEX to CMYK,hex-to-cmyk,https://www.mytulify.com/color-tools/hex-to-cmyk
Convert a HEX color code to CMYK values,tool_variant,color-tools,HEX to CMYK,hex-to-cmyk,https://www.mytulify.com/color-tools/hex-to-cmyk
Color Palette Generator,tool,color-tools,Color Palette Generator,color-palette-generator,https://www.mytulify.com/color-tools/color-palette-generator
free Color Palette Generator,tool_variant,color-tools,Color Palette Generator,color-palette-generator,https://www.mytulify.com/color-tools/color-palette-generator
free online Color Palette Generator,tool_variant,color-tools,Color Palette Generator,color-palette-generator,https://www.mytulify.com/color-tools/color-palette-generator
Color Palette Generator online,tool_variant,color-tools,Color Palette Generator,color-palette-generator,https://www.mytulify.com/color-tools/color-palette-generator
Color Tools Color Palette Generator,tool_variant,color-tools,Color Palette Generator,color-palette-generator,https://www.mytulify.com/color-tools/color-palette-generator
Generate harmonious color palettes instantly,tool_variant,color-tools,Color Palette Generator,color-palette-generator,https://www.mytulify.com/color-tools/color-palette-generator
Gradient Generator,tool,color-tools,Gradient Generator,gradient-generator,https://www.mytulify.com/color-tools/gradient-generator
free Gradient Generator,tool_variant,color-tools,Gradient Generator,gradient-generator,https://www.mytulify.com/color-tools/gradient-generator
free online Gradient Generator,tool_variant,color-tools,Gradient Generator,gradient-generator,https://www.mytulify.com/color-tools/gradient-generator
Gradient Generator online,tool_variant,color-tools,Gradient Generator,gradient-generator,https://www.mytulify.com/color-tools/gradient-generator
Color Tools Gradient Generator,tool_variant,color-tools,Gradient Generator,gradient-generator,https://www.mytulify.com/color-tools/gradient-generator
Build CSS linear and radial gradients visually,tool_variant,color-tools,Gradient Generator,gradient-generator,https://www.mytulify.com/color-tools/gradient-generator
Color Contrast Checker,tool,color-tools,Color Contrast Checker,color-contrast-checker,https://www.mytulify.com/color-tools/color-contrast-checker
free Color Contrast Checker,tool_variant,color-tools,Color Contrast Checker,color-contrast-checker,https://www.mytulify.com/color-tools/color-contrast-checker
free online Color Contrast Checker,tool_variant,color-tools,Color Contrast Checker,color-contrast-checker,https://www.mytulify.com/color-tools/color-contrast-checker
Color Contrast Checker online,tool_variant,color-tools,Color Contrast Checker,color-contrast-checker,https://www.mytulify.com/color-tools/color-contrast-checker
Color Tools Color Contrast Checker,tool_variant,color-tools,Color Contrast Checker,color-contrast-checker,https://www.mytulify.com/color-tools/color-contrast-checker
Check WCAG contrast ratio between two colors,tool_variant,color-tools,Color Contrast Checker,color-contrast-checker,https://www.mytulify.com/color-tools/color-contrast-checker
Color Shades Generator,tool,color-tools,Color Shades Generator,color-shades-generator,https://www.mytulify.com/color-tools/color-shades-generator
free Color Shades Generator,tool_variant,color-tools,Color Shades Generator,color-shades-generator,https://www.mytulify.com/color-tools/color-shades-generator
free online Color Shades Generator,tool_variant,color-tools,Color Shades Generator,color-shades-generator,https://www.mytulify.com/color-tools/color-shades-generator
Color Shades Generator online,tool_variant,color-tools,Color Shades Generator,color-shades-generator,https://www.mytulify.com/color-tools/color-shades-generator
Color Tools Color Shades Generator,tool_variant,color-tools,Color Shades Generator,color-shades-generator,https://www.mytulify.com/color-tools/color-shades-generator
Generate darker shades of a base color,tool_variant,color-tools,Color Shades Generator,color-shades-generator,https://www.mytulify.com/color-tools/color-shades-generator
Color Tints Generator,tool,color-tools,Color Tints Generator,color-tints-generator,https://www.mytulify.com/color-tools/color-tints-generator
free Color Tints Generator,tool_variant,color-tools,Color Tints Generator,color-tints-generator,https://www.mytulify.com/color-tools/color-tints-generator
free online Color Tints Generator,tool_variant,color-tools,Color Tints Generator,color-tints-generator,https://www.mytulify.com/color-tools/color-tints-generator
Color Tints Generator online,tool_variant,color-tools,Color Tints Generator,color-tints-generator,https://www.mytulify.com/color-tools/color-tints-generator
Color Tools Color Tints Generator,tool_variant,color-tools,Color Tints Generator,color-tints-generator,https://www.mytulify.com/color-tools/color-tints-generator
Generate lighter tints of a base color,tool_variant,color-tools,Color Tints Generator,color-tints-generator,https://www.mytulify.com/color-tools/color-tints-generator
Color Wheel,tool,color-tools,Color Wheel,color-wheel,https://www.mytulify.com/color-tools/color-wheel
free Color Wheel,tool_variant,color-tools,Color Wheel,color-wheel,https://www.mytulify.com/color-tools/color-wheel
free online Color Wheel,tool_variant,color-tools,Color Wheel,color-wheel,https://www.mytulify.com/color-tools/color-wheel
Color Wheel online,tool_variant,color-tools,Color Wheel,color-wheel,https://www.mytulify.com/color-tools/color-wheel
Color Tools Color Wheel,tool_variant,color-tools,Color Wheel,color-wheel,https://www.mytulify.com/color-tools/color-wheel
Explore complementary and harmony colors on a wheel,tool_variant,color-tools,Color Wheel,color-wheel,https://www.mytulify.com/color-tools/color-wheel
Color Mixer,tool,color-tools,Color Mixer,color-mixer,https://www.mytulify.com/color-tools/color-mixer
free Color Mixer,tool_variant,color-tools,Color Mixer,color-mixer,https://www.mytulify.com/color-tools/color-mixer
free online Color Mixer,tool_variant,color-tools,Color Mixer,color-mixer,https://www.mytulify.com/color-tools/color-mixer
Color Mixer online,tool_variant,color-tools,Color Mixer,color-mixer,https://www.mytulify.com/color-tools/color-mixer
Color Tools Color Mixer,tool_variant,color-tools,Color Mixer,color-mixer,https://www.mytulify.com/color-tools/color-mixer
Blend two colors and preview the mixed result,tool_variant,color-tools,Color Mixer,color-mixer,https://www.mytulify.com/color-tools/color-mixer
Color Blindness Simulator,tool,color-tools,Color Blindness Simulator,color-blindness-simulator,https://www.mytulify.com/color-tools/color-blindness-simulator
free Color Blindness Simulator,tool_variant,color-tools,Color Blindness Simulator,color-blindness-simulator,https://www.mytulify.com/color-tools/color-blindness-simulator
free online Color Blindness Simulator,tool_variant,color-tools,Color Blindness Simulator,color-blindness-simulator,https://www.mytulify.com/color-tools/color-blindness-simulator
Color Blindness Simulator online,tool_variant,color-tools,Color Blindness Simulator,color-blindness-simulator,https://www.mytulify.com/color-tools/color-blindness-simulator
Color Tools Color Blindness Simulator,tool_variant,color-tools,Color Blindness Simulator,color-blindness-simulator,https://www.mytulify.com/color-tools/color-blindness-simulator
Preview colors as seen with color vision deficiencies,tool_variant,color-tools,Color Blindness Simulator,color-blindness-simulator,https://www.mytulify.com/color-tools/color-blindness-simulator
Random Color Generator,tool,color-tools,Random Color Generator,random-color-generator,https://www.mytulify.com/color-tools/random-color-generator
free Random Color Generator,tool_variant,color-tools,Random Color Generator,random-color-generator,https://www.mytulify.com/color-tools/random-color-generator
free online Random Color Generator,tool_variant,color-tools,Random Color Generator,random-color-generator,https://www.mytulify.com/color-tools/random-color-generator
Random Color Generator online,tool_variant,color-tools,Random Color Generator,random-color-generator,https://www.mytulify.com/color-tools/random-color-generator
Color Tools Random Color Generator,tool_variant,color-tools,Random Color Generator,random-color-generator,https://www.mytulify.com/color-tools/random-color-generator
Generate random colors with their codes,tool_variant,color-tools,Random Color Generator,random-color-generator,https://www.mytulify.com/color-tools/random-color-generator
Complementary Color Finder,tool,color-tools,Complementary Color Finder,complementary-color-finder,https://www.mytulify.com/color-tools/complementary-color-finder
free Complementary Color Finder,tool_variant,color-tools,Complementary Color Finder,complementary-color-finder,https://www.mytulify.com/color-tools/complementary-color-finder
free online Complementary Color Finder,tool_variant,color-tools,Complementary Color Finder,complementary-color-finder,https://www.mytulify.com/color-tools/complementary-color-finder
Complementary Color Finder online,tool_variant,color-tools,Complementary Color Finder,complementary-color-finder,https://www.mytulify.com/color-tools/complementary-color-finder
Color Tools Complementary Color Finder,tool_variant,color-tools,Complementary Color Finder,complementary-color-finder,https://www.mytulify.com/color-tools/complementary-color-finder
Find the complementary color for any input color,tool_variant,color-tools,Complementary Color Finder,complementary-color-finder,https://www.mytulify.com/color-tools/complementary-color-finder
Analogous Color Generator,tool,color-tools,Analogous Color Generator,analogous-color-generator,https://www.mytulify.com/color-tools/analogous-color-generator
free Analogous Color Generator,tool_variant,color-tools,Analogous Color Generator,analogous-color-generator,https://www.mytulify.com/color-tools/analogous-color-generator
free online Analogous Color Generator,tool_variant,color-tools,Analogous Color Generator,analogous-color-generator,https://www.mytulify.com/color-tools/analogous-color-generator
Analogous Color Generator online,tool_variant,color-tools,Analogous Color Generator,analogous-color-generator,https://www.mytulify.com/color-tools/analogous-color-generator
Color Tools Analogous Color Generator,tool_variant,color-tools,Analogous Color Generator,analogous-color-generator,https://www.mytulify.com/color-tools/analogous-color-generator
Generate analogous color schemes from a base color,tool_variant,color-tools,Analogous Color Generator,analogous-color-generator,https://www.mytulify.com/color-tools/analogous-color-generator
Triadic Color Generator,tool,color-tools,Triadic Color Generator,triadic-color-generator,https://www.mytulify.com/color-tools/triadic-color-generator
free Triadic Color Generator,tool_variant,color-tools,Triadic Color Generator,triadic-color-generator,https://www.mytulify.com/color-tools/triadic-color-generator
free online Triadic Color Generator,tool_variant,color-tools,Triadic Color Generator,triadic-color-generator,https://www.mytulify.com/color-tools/triadic-color-generator
Triadic Color Generator online,tool_variant,color-tools,Triadic Color Generator,triadic-color-generator,https://www.mytulify.com/color-tools/triadic-color-generator
Color Tools Triadic Color Generator,tool_variant,color-tools,Triadic Color Generator,triadic-color-generator,https://www.mytulify.com/color-tools/triadic-color-generator
Create triadic three-color harmony schemes,tool_variant,color-tools,Triadic Color Generator,triadic-color-generator,https://www.mytulify.com/color-tools/triadic-color-generator
Monochromatic Color Generator,tool,color-tools,Monochromatic Color Generator,monochromatic-color-generator,https://www.mytulify.com/color-tools/monochromatic-color-generator
free Monochromatic Color Generator,tool_variant,color-tools,Monochromatic Color Generator,monochromatic-color-generator,https://www.mytulify.com/color-tools/monochromatic-color-generator
free online Monochromatic Color Generator,tool_variant,color-tools,Monochromatic Color Generator,monochromatic-color-generator,https://www.mytulify.com/color-tools/monochromatic-color-generator
Monochromatic Color Generator online,tool_variant,color-tools,Monochromatic Color Generator,monochromatic-color-generator,https://www.mytulify.com/color-tools/monochromatic-color-generator
Color Tools Monochromatic Color Generator,tool_variant,color-tools,Monochromatic Color Generator,monochromatic-color-generator,https://www.mytulify.com/color-tools/monochromatic-color-generator
Build a single-hue monochromatic palette,tool_variant,color-tools,Monochromatic Color Generator,monochromatic-color-generator,https://www.mytulify.com/color-tools/monochromatic-color-generator
Color Name Finder,tool,color-tools,Color Name Finder,color-name-finder,https://www.mytulify.com/color-tools/color-name-finder
free Color Name Finder,tool_variant,color-tools,Color Name Finder,color-name-finder,https://www.mytulify.com/color-tools/color-name-finder
free online Color Name Finder,tool_variant,color-tools,Color Name Finder,color-name-finder,https://www.mytulify.com/color-tools/color-name-finder
Color Name Finder online,tool_variant,color-tools,Color Name Finder,color-name-finder,https://www.mytulify.com/color-tools/color-name-finder
Color Tools Color Name Finder,tool_variant,color-tools,Color Name Finder,color-name-finder,https://www.mytulify.com/color-tools/color-name-finder
Find the closest named color for any HEX value,tool_variant,color-tools,Color Name Finder,color-name-finder,https://www.mytulify.com/color-tools/color-name-finder
CSS Gradient Background Generator,tool,color-tools,CSS Gradient Background Generator,css-gradient-background-generator,https://www.mytulify.com/color-tools/css-gradient-background-generator
free CSS Gradient Background Generator,tool_variant,color-tools,CSS Gradient Background Generator,css-gradient-background-generator,https://www.mytulify.com/color-tools/css-gradient-background-generator
free online CSS Gradient Background Generator,tool_variant,color-tools,CSS Gradient Background Generator,css-gradient-background-generator,https://www.mytulify.com/color-tools/css-gradient-background-generator
CSS Gradient Background Generator online,tool_variant,color-tools,CSS Gradient Background Generator,css-gradient-background-generator,https://www.mytulify.com/color-tools/css-gradient-background-generator
Color Tools CSS Gradient Background Generator,tool_variant,color-tools,CSS Gradient Background Generator,css-gradient-background-generator,https://www.mytulify.com/color-tools/css-gradient-background-generator
Generate copy-paste CSS gradient backgrounds,tool_variant,color-tools,CSS Gradient Background Generator,css-gradient-background-generator,https://www.mytulify.com/color-tools/css-gradient-background-generator
Box Shadow Generator,tool,color-tools,Box Shadow Generator,box-shadow-generator,https://www.mytulify.com/color-tools/box-shadow-generator
free Box Shadow Generator,tool_variant,color-tools,Box Shadow Generator,box-shadow-generator,https://www.mytulify.com/color-tools/box-shadow-generator
free online Box Shadow Generator,tool_variant,color-tools,Box Shadow Generator,box-shadow-generator,https://www.mytulify.com/color-tools/box-shadow-generator
Box Shadow Generator online,tool_variant,color-tools,Box Shadow Generator,box-shadow-generator,https://www.mytulify.com/color-tools/box-shadow-generator
Color Tools Box Shadow Generator,tool_variant,color-tools,Box Shadow Generator,box-shadow-generator,https://www.mytulify.com/color-tools/box-shadow-generator
Build and preview CSS box-shadow code,tool_variant,color-tools,Box Shadow Generator,box-shadow-generator,https://www.mytulify.com/color-tools/box-shadow-generator
Text Shadow Generator,tool,color-tools,Text Shadow Generator,text-shadow-generator,https://www.mytulify.com/color-tools/text-shadow-generator
free Text Shadow Generator,tool_variant,color-tools,Text Shadow Generator,text-shadow-generator,https://www.mytulify.com/color-tools/text-shadow-generator
free online Text Shadow Generator,tool_variant,color-tools,Text Shadow Generator,text-shadow-generator,https://www.mytulify.com/color-tools/text-shadow-generator
Text Shadow Generator online,tool_variant,color-tools,Text Shadow Generator,text-shadow-generator,https://www.mytulify.com/color-tools/text-shadow-generator
Color Tools Text Shadow Generator,tool_variant,color-tools,Text Shadow Generator,text-shadow-generator,https://www.mytulify.com/color-tools/text-shadow-generator
Create CSS text-shadow effects with live preview,tool_variant,color-tools,Text Shadow Generator,text-shadow-generator,https://www.mytulify.com/color-tools/text-shadow-generator
Hex Color to Image,tool,color-tools,Hex Color to Image,hex-color-to-image,https://www.mytulify.com/color-tools/hex-color-to-image
free Hex Color to Image,tool_variant,color-tools,Hex Color to Image,hex-color-to-image,https://www.mytulify.com/color-tools/hex-color-to-image
free online Hex Color to Image,tool_variant,color-tools,Hex Color to Image,hex-color-to-image,https://www.mytulify.com/color-tools/hex-color-to-image
Hex Color to Image online,tool_variant,color-tools,Hex Color to Image,hex-color-to-image,https://www.mytulify.com/color-tools/hex-color-to-image
Color Tools Hex Color to Image,tool_variant,color-tools,Hex Color to Image,hex-color-to-image,https://www.mytulify.com/color-tools/hex-color-to-image
Generate a solid color image from a HEX code,tool_variant,color-tools,Hex Color to Image,hex-color-to-image,https://www.mytulify.com/color-tools/hex-color-to-image
Color from Image,tool,color-tools,Color from Image,color-from-image,https://www.mytulify.com/color-tools/color-from-image
free Color from Image,tool_variant,color-tools,Color from Image,color-from-image,https://www.mytulify.com/color-tools/color-from-image
free online Color from Image,tool_variant,color-tools,Color from Image,color-from-image,https://www.mytulify.com/color-tools/color-from-image
Color from Image online,tool_variant,color-tools,Color from Image,color-from-image,https://www.mytulify.com/color-tools/color-from-image
Color Tools Color from Image,tool_variant,color-tools,Color from Image,color-from-image,https://www.mytulify.com/color-tools/color-from-image
Pick and extract colors directly from an uploaded image,tool_variant,color-tools,Color from Image,color-from-image,https://www.mytulify.com/color-tools/color-from-image
Hex to RGBA,tool,color-tools,Hex to RGBA,hex-to-rgba,https://www.mytulify.com/color-tools/hex-to-rgba
free Hex to RGBA,tool_variant,color-tools,Hex to RGBA,hex-to-rgba,https://www.mytulify.com/color-tools/hex-to-rgba
free online Hex to RGBA,tool_variant,color-tools,Hex to RGBA,hex-to-rgba,https://www.mytulify.com/color-tools/hex-to-rgba
Hex to RGBA online,tool_variant,color-tools,Hex to RGBA,hex-to-rgba,https://www.mytulify.com/color-tools/hex-to-rgba
Color Tools Hex to RGBA,tool_variant,color-tools,Hex to RGBA,hex-to-rgba,https://www.mytulify.com/color-tools/hex-to-rgba
Convert HEX colors to RGBA with an alpha channel,tool_variant,color-tools,Hex to RGBA,hex-to-rgba,https://www.mytulify.com/color-tools/hex-to-rgba
Lighten and Darken Color,tool,color-tools,Lighten and Darken Color,lighten-darken-color,https://www.mytulify.com/color-tools/lighten-darken-color
free Lighten and Darken Color,tool_variant,color-tools,Lighten and Darken Color,lighten-darken-color,https://www.mytulify.com/color-tools/lighten-darken-color
free online Lighten and Darken Color,tool_variant,color-tools,Lighten and Darken Color,lighten-darken-color,https://www.mytulify.com/color-tools/lighten-darken-color
Lighten and Darken Color online,tool_variant,color-tools,Lighten and Darken Color,lighten-darken-color,https://www.mytulify.com/color-tools/lighten-darken-color
lighten darken color,tool_variant,color-tools,Lighten and Darken Color,lighten-darken-color,https://www.mytulify.com/color-tools/lighten-darken-color
Color Tools Lighten and Darken Color,tool_variant,color-tools,Lighten and Darken Color,lighten-darken-color,https://www.mytulify.com/color-tools/lighten-darken-color
Adjust a color's lightness up or down by percentage,tool_variant,color-tools,Lighten and Darken Color,lighten-darken-color,https://www.mytulify.com/color-tools/lighten-darken-color
Online Video Editor,tool,content-creator-tools,Online Video Editor,online-video-editor,https://www.mytulify.com/content-creator-tools/online-video-editor
free Online Video Editor,tool_variant,content-creator-tools,Online Video Editor,online-video-editor,https://www.mytulify.com/content-creator-tools/online-video-editor
free online Online Video Editor,tool_variant,content-creator-tools,Online Video Editor,online-video-editor,https://www.mytulify.com/content-creator-tools/online-video-editor
Online Video Editor online,tool_variant,content-creator-tools,Online Video Editor,online-video-editor,https://www.mytulify.com/content-creator-tools/online-video-editor
Content Creator Tools Online Video Editor,tool_variant,content-creator-tools,Online Video Editor,online-video-editor,https://www.mytulify.com/content-creator-tools/online-video-editor
Video Script Studio,tool,content-creator-tools,Video Script Studio,video-script-studio,https://www.mytulify.com/content-creator-tools/video-script-studio
free Video Script Studio,tool_variant,content-creator-tools,Video Script Studio,video-script-studio,https://www.mytulify.com/content-creator-tools/video-script-studio
free online Video Script Studio,tool_variant,content-creator-tools,Video Script Studio,video-script-studio,https://www.mytulify.com/content-creator-tools/video-script-studio
Video Script Studio online,tool_variant,content-creator-tools,Video Script Studio,video-script-studio,https://www.mytulify.com/content-creator-tools/video-script-studio
Content Creator Tools Video Script Studio,tool_variant,content-creator-tools,Video Script Studio,video-script-studio,https://www.mytulify.com/content-creator-tools/video-script-studio
"Upload any video → extract script, scene-by-scene remake plan, free stock B-roll links, and matching voiceover",tool_variant,content-creator-tools,Video Script Studio,video-script-studio,https://www.mytulify.com/content-creator-tools/video-script-studio
Text to Speech,tool,content-creator-tools,Text to Speech,text-to-speech,https://www.mytulify.com/content-creator-tools/text-to-speech
free Text to Speech,tool_variant,content-creator-tools,Text to Speech,text-to-speech,https://www.mytulify.com/content-creator-tools/text-to-speech
free online Text to Speech,tool_variant,content-creator-tools,Text to Speech,text-to-speech,https://www.mytulify.com/content-creator-tools/text-to-speech
Text to Speech online,tool_variant,content-creator-tools,Text to Speech,text-to-speech,https://www.mytulify.com/content-creator-tools/text-to-speech
Content Creator Tools Text to Speech,tool_variant,content-creator-tools,Text to Speech,text-to-speech,https://www.mytulify.com/content-creator-tools/text-to-speech
"Convert text to a studio voiceover with tone presets, or preview with device voices and export SRT/VTT captions",tool_variant,content-creator-tools,Text to Speech,text-to-speech,https://www.mytulify.com/content-creator-tools/text-to-speech
XML to JSON Converter,tool,converters-generators,XML to JSON Converter,xml-to-json,https://www.mytulify.com/converters-generators/xml-to-json
free XML to JSON Converter,tool_variant,converters-generators,XML to JSON Converter,xml-to-json,https://www.mytulify.com/converters-generators/xml-to-json
free online XML to JSON Converter,tool_variant,converters-generators,XML to JSON Converter,xml-to-json,https://www.mytulify.com/converters-generators/xml-to-json
XML to JSON Converter online,tool_variant,converters-generators,XML to JSON Converter,xml-to-json,https://www.mytulify.com/converters-generators/xml-to-json
xml to json,tool_variant,converters-generators,XML to JSON Converter,xml-to-json,https://www.mytulify.com/converters-generators/xml-to-json
Converters & Generators XML to JSON Converter,tool_variant,converters-generators,XML to JSON Converter,xml-to-json,https://www.mytulify.com/converters-generators/xml-to-json
Parse XML into JSON and back,tool_variant,converters-generators,XML to JSON Converter,xml-to-json,https://www.mytulify.com/converters-generators/xml-to-json
Barcode Generator,tool,converters-generators,Barcode Generator,barcode-generator,https://www.mytulify.com/converters-generators/barcode-generator
free Barcode Generator,tool_variant,converters-generators,Barcode Generator,barcode-generator,https://www.mytulify.com/converters-generators/barcode-generator
free online Barcode Generator,tool_variant,converters-generators,Barcode Generator,barcode-generator,https://www.mytulify.com/converters-generators/barcode-generator
Barcode Generator online,tool_variant,converters-generators,Barcode Generator,barcode-generator,https://www.mytulify.com/converters-generators/barcode-generator
Converters & Generators Barcode Generator,tool_variant,converters-generators,Barcode Generator,barcode-generator,https://www.mytulify.com/converters-generators/barcode-generator
"Create barcodes in formats like Code128, EAN, and UPC",tool_variant,converters-generators,Barcode Generator,barcode-generator,https://www.mytulify.com/converters-generators/barcode-generator
Hash Generator (MD5 / SHA),tool,converters-generators,Hash Generator (MD5 / SHA),hash-generator,https://www.mytulify.com/converters-generators/hash-generator
free Hash Generator (MD5 / SHA),tool_variant,converters-generators,Hash Generator (MD5 / SHA),hash-generator,https://www.mytulify.com/converters-generators/hash-generator
free online Hash Generator (MD5 / SHA),tool_variant,converters-generators,Hash Generator (MD5 / SHA),hash-generator,https://www.mytulify.com/converters-generators/hash-generator
Hash Generator (MD5 / SHA) online,tool_variant,converters-generators,Hash Generator (MD5 / SHA),hash-generator,https://www.mytulify.com/converters-generators/hash-generator
hash generator,tool_variant,converters-generators,Hash Generator (MD5 / SHA),hash-generator,https://www.mytulify.com/converters-generators/hash-generator
Converters & Generators Hash Generator (MD5 / SHA),tool_variant,converters-generators,Hash Generator (MD5 / SHA),hash-generator,https://www.mytulify.com/converters-generators/hash-generator
"Compute MD5, SHA-1, and SHA-256 hashes of text",tool_variant,converters-generators,Hash Generator (MD5 / SHA),hash-generator,https://www.mytulify.com/converters-generators/hash-generator
JSON to XML Converter,tool,converters-generators,JSON to XML Converter,json-to-xml,https://www.mytulify.com/converters-generators/json-to-xml
free JSON to XML Converter,tool_variant,converters-generators,JSON to XML Converter,json-to-xml,https://www.mytulify.com/converters-generators/json-to-xml
free online JSON to XML Converter,tool_variant,converters-generators,JSON to XML Converter,json-to-xml,https://www.mytulify.com/converters-generators/json-to-xml
JSON to XML Converter online,tool_variant,converters-generators,JSON to XML Converter,json-to-xml,https://www.mytulify.com/converters-generators/json-to-xml
json to xml,tool_variant,converters-generators,JSON to XML Converter,json-to-xml,https://www.mytulify.com/converters-generators/json-to-xml
Converters & Generators JSON to XML Converter,tool_variant,converters-generators,JSON to XML Converter,json-to-xml,https://www.mytulify.com/converters-generators/json-to-xml
Convert JSON data structures into XML,tool_variant,converters-generators,JSON to XML Converter,json-to-xml,https://www.mytulify.com/converters-generators/json-to-xml
HTML to Markdown Converter,tool,converters-generators,HTML to Markdown Converter,html-to-markdown,https://www.mytulify.com/converters-generators/html-to-markdown
free HTML to Markdown Converter,tool_variant,converters-generators,HTML to Markdown Converter,html-to-markdown,https://www.mytulify.com/converters-generators/html-to-markdown
free online HTML to Markdown Converter,tool_variant,converters-generators,HTML to Markdown Converter,html-to-markdown,https://www.mytulify.com/converters-generators/html-to-markdown
HTML to Markdown Converter online,tool_variant,converters-generators,HTML to Markdown Converter,html-to-markdown,https://www.mytulify.com/converters-generators/html-to-markdown
html to markdown,tool_variant,converters-generators,HTML to Markdown Converter,html-to-markdown,https://www.mytulify.com/converters-generators/html-to-markdown
Converters & Generators HTML to Markdown Converter,tool_variant,converters-generators,HTML to Markdown Converter,html-to-markdown,https://www.mytulify.com/converters-generators/html-to-markdown
Convert HTML markup into clean Markdown,tool_variant,converters-generators,HTML to Markdown Converter,html-to-markdown,https://www.mytulify.com/converters-generators/html-to-markdown
Markdown to HTML Converter,tool,converters-generators,Markdown to HTML Converter,markdown-to-html,https://www.mytulify.com/converters-generators/markdown-to-html
free Markdown to HTML Converter,tool_variant,converters-generators,Markdown to HTML Converter,markdown-to-html,https://www.mytulify.com/converters-generators/markdown-to-html
free online Markdown to HTML Converter,tool_variant,converters-generators,Markdown to HTML Converter,markdown-to-html,https://www.mytulify.com/converters-generators/markdown-to-html
Markdown to HTML Converter online,tool_variant,converters-generators,Markdown to HTML Converter,markdown-to-html,https://www.mytulify.com/converters-generators/markdown-to-html
markdown to html,tool_variant,converters-generators,Markdown to HTML Converter,markdown-to-html,https://www.mytulify.com/converters-generators/markdown-to-html
Converters & Generators Markdown to HTML Converter,tool_variant,converters-generators,Markdown to HTML Converter,markdown-to-html,https://www.mytulify.com/converters-generators/markdown-to-html
Render Markdown into HTML with live preview,tool_variant,converters-generators,Markdown to HTML Converter,markdown-to-html,https://www.mytulify.com/converters-generators/markdown-to-html
Color Converter (HEX / RGB / HSL),tool,converters-generators,Color Converter (HEX / RGB / HSL),color-converter,https://www.mytulify.com/converters-generators/color-converter
free Color Converter (HEX / RGB / HSL),tool_variant,converters-generators,Color Converter (HEX / RGB / HSL),color-converter,https://www.mytulify.com/converters-generators/color-converter
free online Color Converter (HEX / RGB / HSL),tool_variant,converters-generators,Color Converter (HEX / RGB / HSL),color-converter,https://www.mytulify.com/converters-generators/color-converter
Color Converter (HEX / RGB / HSL) online,tool_variant,converters-generators,Color Converter (HEX / RGB / HSL),color-converter,https://www.mytulify.com/converters-generators/color-converter
color converter,tool_variant,converters-generators,Color Converter (HEX / RGB / HSL),color-converter,https://www.mytulify.com/converters-generators/color-converter
Converters & Generators Color Converter (HEX / RGB / HSL),tool_variant,converters-generators,Color Converter (HEX / RGB / HSL),color-converter,https://www.mytulify.com/converters-generators/color-converter
"Convert colors between HEX, RGB, HSL, and HSV",tool_variant,converters-generators,Color Converter (HEX / RGB / HSL),color-converter,https://www.mytulify.com/converters-generators/color-converter
CSV to TSV Converter,tool,converters-generators,CSV to TSV Converter,csv-to-tsv,https://www.mytulify.com/converters-generators/csv-to-tsv
free CSV to TSV Converter,tool_variant,converters-generators,CSV to TSV Converter,csv-to-tsv,https://www.mytulify.com/converters-generators/csv-to-tsv
free online CSV to TSV Converter,tool_variant,converters-generators,CSV to TSV Converter,csv-to-tsv,https://www.mytulify.com/converters-generators/csv-to-tsv
CSV to TSV Converter online,tool_variant,converters-generators,CSV to TSV Converter,csv-to-tsv,https://www.mytulify.com/converters-generators/csv-to-tsv
csv to tsv,tool_variant,converters-generators,CSV to TSV Converter,csv-to-tsv,https://www.mytulify.com/converters-generators/csv-to-tsv
Converters & Generators CSV to TSV Converter,tool_variant,converters-generators,CSV to TSV Converter,csv-to-tsv,https://www.mytulify.com/converters-generators/csv-to-tsv
Convert CSV to TSV and Excel-friendly formats,tool_variant,converters-generators,CSV to TSV Converter,csv-to-tsv,https://www.mytulify.com/converters-generators/csv-to-tsv
SQL to JSON Converter,tool,converters-generators,SQL to JSON Converter,sql-to-json,https://www.mytulify.com/converters-generators/sql-to-json
free SQL to JSON Converter,tool_variant,converters-generators,SQL to JSON Converter,sql-to-json,https://www.mytulify.com/converters-generators/sql-to-json
free online SQL to JSON Converter,tool_variant,converters-generators,SQL to JSON Converter,sql-to-json,https://www.mytulify.com/converters-generators/sql-to-json
SQL to JSON Converter online,tool_variant,converters-generators,SQL to JSON Converter,sql-to-json,https://www.mytulify.com/converters-generators/sql-to-json
sql to json,tool_variant,converters-generators,SQL to JSON Converter,sql-to-json,https://www.mytulify.com/converters-generators/sql-to-json
Converters & Generators SQL to JSON Converter,tool_variant,converters-generators,SQL to JSON Converter,sql-to-json,https://www.mytulify.com/converters-generators/sql-to-json
Convert SQL INSERT statements into JSON or CSV,tool_variant,converters-generators,SQL to JSON Converter,sql-to-json,https://www.mytulify.com/converters-generators/sql-to-json
Random String Generator,tool,converters-generators,Random String Generator,random-string-generator,https://www.mytulify.com/converters-generators/random-string-generator
free Random String Generator,tool_variant,converters-generators,Random String Generator,random-string-generator,https://www.mytulify.com/converters-generators/random-string-generator
free online Random String Generator,tool_variant,converters-generators,Random String Generator,random-string-generator,https://www.mytulify.com/converters-generators/random-string-generator
Random String Generator online,tool_variant,converters-generators,Random String Generator,random-string-generator,https://www.mytulify.com/converters-generators/random-string-generator
Converters & Generators Random String Generator,tool_variant,converters-generators,Random String Generator,random-string-generator,https://www.mytulify.com/converters-generators/random-string-generator
Generate random strings and API tokens with custom charsets,tool_variant,converters-generators,Random String Generator,random-string-generator,https://www.mytulify.com/converters-generators/random-string-generator
JSON to TypeScript,tool,converters-generators,JSON to TypeScript,json-to-typescript,https://www.mytulify.com/converters-generators/json-to-typescript
free JSON to TypeScript,tool_variant,converters-generators,JSON to TypeScript,json-to-typescript,https://www.mytulify.com/converters-generators/json-to-typescript
free online JSON to TypeScript,tool_variant,converters-generators,JSON to TypeScript,json-to-typescript,https://www.mytulify.com/converters-generators/json-to-typescript
JSON to TypeScript online,tool_variant,converters-generators,JSON to TypeScript,json-to-typescript,https://www.mytulify.com/converters-generators/json-to-typescript
Converters & Generators JSON to TypeScript,tool_variant,converters-generators,JSON to TypeScript,json-to-typescript,https://www.mytulify.com/converters-generators/json-to-typescript
Generate TypeScript interfaces from a JSON sample,tool_variant,converters-generators,JSON to TypeScript,json-to-typescript,https://www.mytulify.com/converters-generators/json-to-typescript
List Randomizer,tool,converters-generators,List Randomizer,list-randomizer,https://www.mytulify.com/converters-generators/list-randomizer
free List Randomizer,tool_variant,converters-generators,List Randomizer,list-randomizer,https://www.mytulify.com/converters-generators/list-randomizer
free online List Randomizer,tool_variant,converters-generators,List Randomizer,list-randomizer,https://www.mytulify.com/converters-generators/list-randomizer
List Randomizer online,tool_variant,converters-generators,List Randomizer,list-randomizer,https://www.mytulify.com/converters-generators/list-randomizer
Converters & Generators List Randomizer,tool_variant,converters-generators,List Randomizer,list-randomizer,https://www.mytulify.com/converters-generators/list-randomizer
Shuffle or pick random items from a pasted list,tool_variant,converters-generators,List Randomizer,list-randomizer,https://www.mytulify.com/converters-generators/list-randomizer
Code Minifier,tool,converters-generators,Code Minifier,code-minifier,https://www.mytulify.com/converters-generators/code-minifier
free Code Minifier,tool_variant,converters-generators,Code Minifier,code-minifier,https://www.mytulify.com/converters-generators/code-minifier
free online Code Minifier,tool_variant,converters-generators,Code Minifier,code-minifier,https://www.mytulify.com/converters-generators/code-minifier
Code Minifier online,tool_variant,converters-generators,Code Minifier,code-minifier,https://www.mytulify.com/converters-generators/code-minifier
Converters & Generators Code Minifier,tool_variant,converters-generators,Code Minifier,code-minifier,https://www.mytulify.com/converters-generators/code-minifier
"Minify HTML, CSS, and JavaScript to reduce file size",tool_variant,converters-generators,Code Minifier,code-minifier,https://www.mytulify.com/converters-generators/code-minifier
Invoice Generator,tool,converters-generators,Invoice Generator,invoice-generator,https://www.mytulify.com/converters-generators/invoice-generator
free Invoice Generator,tool_variant,converters-generators,Invoice Generator,invoice-generator,https://www.mytulify.com/converters-generators/invoice-generator
free online Invoice Generator,tool_variant,converters-generators,Invoice Generator,invoice-generator,https://www.mytulify.com/converters-generators/invoice-generator
Invoice Generator online,tool_variant,converters-generators,Invoice Generator,invoice-generator,https://www.mytulify.com/converters-generators/invoice-generator
Converters & Generators Invoice Generator,tool_variant,converters-generators,Invoice Generator,invoice-generator,https://www.mytulify.com/converters-generators/invoice-generator
"Create professional PDF invoices with line items, tax, and instant download — no watermark",tool_variant,converters-generators,Invoice Generator,invoice-generator,https://www.mytulify.com/converters-generators/invoice-generator
IBAN Validator,tool,converters-generators,IBAN Validator,iban-validator,https://www.mytulify.com/converters-generators/iban-validator
free IBAN Validator,tool_variant,converters-generators,IBAN Validator,iban-validator,https://www.mytulify.com/converters-generators/iban-validator
free online IBAN Validator,tool_variant,converters-generators,IBAN Validator,iban-validator,https://www.mytulify.com/converters-generators/iban-validator
IBAN Validator online,tool_variant,converters-generators,IBAN Validator,iban-validator,https://www.mytulify.com/converters-generators/iban-validator
Converters & Generators IBAN Validator,tool_variant,converters-generators,IBAN Validator,iban-validator,https://www.mytulify.com/converters-generators/iban-validator
"Validate IBAN numbers for Pakistan, EU, UK and 80+ countries with mod-97 checksum",tool_variant,converters-generators,IBAN Validator,iban-validator,https://www.mytulify.com/converters-generators/iban-validator
Email Signature Generator,tool,converters-generators,Email Signature Generator,email-signature-generator,https://www.mytulify.com/converters-generators/email-signature-generator
free Email Signature Generator,tool_variant,converters-generators,Email Signature Generator,email-signature-generator,https://www.mytulify.com/converters-generators/email-signature-generator
free online Email Signature Generator,tool_variant,converters-generators,Email Signature Generator,email-signature-generator,https://www.mytulify.com/converters-generators/email-signature-generator
Email Signature Generator online,tool_variant,converters-generators,Email Signature Generator,email-signature-generator,https://www.mytulify.com/converters-generators/email-signature-generator
Converters & Generators Email Signature Generator,tool_variant,converters-generators,Email Signature Generator,email-signature-generator,https://www.mytulify.com/converters-generators/email-signature-generator
"Create a professional HTML email signature with name, title, contact, and brand color",tool_variant,converters-generators,Email Signature Generator,email-signature-generator,https://www.mytulify.com/converters-generators/email-signature-generator
vCard Generator,tool,converters-generators,vCard Generator,vcard-generator,https://www.mytulify.com/converters-generators/vcard-generator
free vCard Generator,tool_variant,converters-generators,vCard Generator,vcard-generator,https://www.mytulify.com/converters-generators/vcard-generator
free online vCard Generator,tool_variant,converters-generators,vCard Generator,vcard-generator,https://www.mytulify.com/converters-generators/vcard-generator
vCard Generator online,tool_variant,converters-generators,vCard Generator,vcard-generator,https://www.mytulify.com/converters-generators/vcard-generator
Converters & Generators vCard Generator,tool_variant,converters-generators,vCard Generator,vcard-generator,https://www.mytulify.com/converters-generators/vcard-generator
Generate a downloadable,tool_variant,converters-generators,vCard Generator,vcard-generator,https://www.mytulify.com/converters-generators/vcard-generator
ICS Calendar Generator,tool,converters-generators,ICS Calendar Generator,ics-calendar-generator,https://www.mytulify.com/converters-generators/ics-calendar-generator
free ICS Calendar Generator,tool_variant,converters-generators,ICS Calendar Generator,ics-calendar-generator,https://www.mytulify.com/converters-generators/ics-calendar-generator
free online ICS Calendar Generator,tool_variant,converters-generators,ICS Calendar Generator,ics-calendar-generator,https://www.mytulify.com/converters-generators/ics-calendar-generator
ICS Calendar Generator online,tool_variant,converters-generators,ICS Calendar Generator,ics-calendar-generator,https://www.mytulify.com/converters-generators/ics-calendar-generator
Converters & Generators ICS Calendar Generator,tool_variant,converters-generators,ICS Calendar Generator,ics-calendar-generator,https://www.mytulify.com/converters-generators/ics-calendar-generator
Decision Wheel,tool,converters-generators,Decision Wheel,decision-wheel,https://www.mytulify.com/converters-generators/decision-wheel
free Decision Wheel,tool_variant,converters-generators,Decision Wheel,decision-wheel,https://www.mytulify.com/converters-generators/decision-wheel
free online Decision Wheel,tool_variant,converters-generators,Decision Wheel,decision-wheel,https://www.mytulify.com/converters-generators/decision-wheel
Decision Wheel online,tool_variant,converters-generators,Decision Wheel,decision-wheel,https://www.mytulify.com/converters-generators/decision-wheel
Converters & Generators Decision Wheel,tool_variant,converters-generators,Decision Wheel,decision-wheel,https://www.mytulify.com/converters-generators/decision-wheel
"Spin a colorful wheel to pick randomly from your list — lunch, chores, team decisions, and more",tool_variant,converters-generators,Decision Wheel,decision-wheel,https://www.mytulify.com/converters-generators/decision-wheel
Pomodoro Timer,tool,converters-generators,Pomodoro Timer,pomodoro-timer,https://www.mytulify.com/converters-generators/pomodoro-timer
free Pomodoro Timer,tool_variant,converters-generators,Pomodoro Timer,pomodoro-timer,https://www.mytulify.com/converters-generators/pomodoro-timer
free online Pomodoro Timer,tool_variant,converters-generators,Pomodoro Timer,pomodoro-timer,https://www.mytulify.com/converters-generators/pomodoro-timer
Pomodoro Timer online,tool_variant,converters-generators,Pomodoro Timer,pomodoro-timer,https://www.mytulify.com/converters-generators/pomodoro-timer
Converters & Generators Pomodoro Timer,tool_variant,converters-generators,Pomodoro Timer,pomodoro-timer,https://www.mytulify.com/converters-generators/pomodoro-timer
"Free focus timer with 25-minute Pomodoros, short/long breaks, task label, and optional alerts",tool_variant,converters-generators,Pomodoro Timer,pomodoro-timer,https://www.mytulify.com/converters-generators/pomodoro-timer
JSON Formatter,tool,developer-tools,JSON Formatter,json-formatter,https://www.mytulify.com/developer-tools/json-formatter
free JSON Formatter,tool_variant,developer-tools,JSON Formatter,json-formatter,https://www.mytulify.com/developer-tools/json-formatter
free online JSON Formatter,tool_variant,developer-tools,JSON Formatter,json-formatter,https://www.mytulify.com/developer-tools/json-formatter
JSON Formatter online,tool_variant,developer-tools,JSON Formatter,json-formatter,https://www.mytulify.com/developer-tools/json-formatter
Developer Tools JSON Formatter,tool_variant,developer-tools,JSON Formatter,json-formatter,https://www.mytulify.com/developer-tools/json-formatter
"Beautify, validate and minify JSON with syntax highlighting",tool_variant,developer-tools,JSON Formatter,json-formatter,https://www.mytulify.com/developer-tools/json-formatter
JSON to CSV Converter,tool,developer-tools,JSON to CSV Converter,json-to-csv,https://www.mytulify.com/developer-tools/json-to-csv
free JSON to CSV Converter,tool_variant,developer-tools,JSON to CSV Converter,json-to-csv,https://www.mytulify.com/developer-tools/json-to-csv
free online JSON to CSV Converter,tool_variant,developer-tools,JSON to CSV Converter,json-to-csv,https://www.mytulify.com/developer-tools/json-to-csv
JSON to CSV Converter online,tool_variant,developer-tools,JSON to CSV Converter,json-to-csv,https://www.mytulify.com/developer-tools/json-to-csv
json to csv,tool_variant,developer-tools,JSON to CSV Converter,json-to-csv,https://www.mytulify.com/developer-tools/json-to-csv
Developer Tools JSON to CSV Converter,tool_variant,developer-tools,JSON to CSV Converter,json-to-csv,https://www.mytulify.com/developer-tools/json-to-csv
Convert JSON arrays into downloadable CSV files,tool_variant,developer-tools,JSON to CSV Converter,json-to-csv,https://www.mytulify.com/developer-tools/json-to-csv
CSV to JSON Converter,tool,developer-tools,CSV to JSON Converter,csv-to-json,https://www.mytulify.com/developer-tools/csv-to-json
free CSV to JSON Converter,tool_variant,developer-tools,CSV to JSON Converter,csv-to-json,https://www.mytulify.com/developer-tools/csv-to-json
free online CSV to JSON Converter,tool_variant,developer-tools,CSV to JSON Converter,csv-to-json,https://www.mytulify.com/developer-tools/csv-to-json
CSV to JSON Converter online,tool_variant,developer-tools,CSV to JSON Converter,csv-to-json,https://www.mytulify.com/developer-tools/csv-to-json
csv to json,tool_variant,developer-tools,CSV to JSON Converter,csv-to-json,https://www.mytulify.com/developer-tools/csv-to-json
Developer Tools CSV to JSON Converter,tool_variant,developer-tools,CSV to JSON Converter,csv-to-json,https://www.mytulify.com/developer-tools/csv-to-json
Parse CSV data into structured JSON output,tool_variant,developer-tools,CSV to JSON Converter,csv-to-json,https://www.mytulify.com/developer-tools/csv-to-json
Base64 Encoder/Decoder,tool,developer-tools,Base64 Encoder/Decoder,base64-encoder-decoder,https://www.mytulify.com/developer-tools/base64-encoder-decoder
free Base64 Encoder/Decoder,tool_variant,developer-tools,Base64 Encoder/Decoder,base64-encoder-decoder,https://www.mytulify.com/developer-tools/base64-encoder-decoder
free online Base64 Encoder/Decoder,tool_variant,developer-tools,Base64 Encoder/Decoder,base64-encoder-decoder,https://www.mytulify.com/developer-tools/base64-encoder-decoder
Base64 Encoder/Decoder online,tool_variant,developer-tools,Base64 Encoder/Decoder,base64-encoder-decoder,https://www.mytulify.com/developer-tools/base64-encoder-decoder
base64 encoder decoder,tool_variant,developer-tools,Base64 Encoder/Decoder,base64-encoder-decoder,https://www.mytulify.com/developer-tools/base64-encoder-decoder
Developer Tools Base64 Encoder/Decoder,tool_variant,developer-tools,Base64 Encoder/Decoder,base64-encoder-decoder,https://www.mytulify.com/developer-tools/base64-encoder-decoder
Encode and decode text and files to and from Base64,tool_variant,developer-tools,Base64 Encoder/Decoder,base64-encoder-decoder,https://www.mytulify.com/developer-tools/base64-encoder-decoder
URL Encoder/Decoder,tool,developer-tools,URL Encoder/Decoder,url-encoder-decoder,https://www.mytulify.com/developer-tools/url-encoder-decoder
free URL Encoder/Decoder,tool_variant,developer-tools,URL Encoder/Decoder,url-encoder-decoder,https://www.mytulify.com/developer-tools/url-encoder-decoder
free online URL Encoder/Decoder,tool_variant,developer-tools,URL Encoder/Decoder,url-encoder-decoder,https://www.mytulify.com/developer-tools/url-encoder-decoder
URL Encoder/Decoder online,tool_variant,developer-tools,URL Encoder/Decoder,url-encoder-decoder,https://www.mytulify.com/developer-tools/url-encoder-decoder
url encoder decoder,tool_variant,developer-tools,URL Encoder/Decoder,url-encoder-decoder,https://www.mytulify.com/developer-tools/url-encoder-decoder
Developer Tools URL Encoder/Decoder,tool_variant,developer-tools,URL Encoder/Decoder,url-encoder-decoder,https://www.mytulify.com/developer-tools/url-encoder-decoder
Percent-encode and decode URLs and query parameters,tool_variant,developer-tools,URL Encoder/Decoder,url-encoder-decoder,https://www.mytulify.com/developer-tools/url-encoder-decoder
JWT Decoder,tool,developer-tools,JWT Decoder,jwt-decoder,https://www.mytulify.com/developer-tools/jwt-decoder
free JWT Decoder,tool_variant,developer-tools,JWT Decoder,jwt-decoder,https://www.mytulify.com/developer-tools/jwt-decoder
free online JWT Decoder,tool_variant,developer-tools,JWT Decoder,jwt-decoder,https://www.mytulify.com/developer-tools/jwt-decoder
JWT Decoder online,tool_variant,developer-tools,JWT Decoder,jwt-decoder,https://www.mytulify.com/developer-tools/jwt-decoder
Developer Tools JWT Decoder,tool_variant,developer-tools,JWT Decoder,jwt-decoder,https://www.mytulify.com/developer-tools/jwt-decoder
"Decode a JWT into its header, payload and signature",tool_variant,developer-tools,JWT Decoder,jwt-decoder,https://www.mytulify.com/developer-tools/jwt-decoder
Regex Tester,tool,developer-tools,Regex Tester,regex-tester,https://www.mytulify.com/developer-tools/regex-tester
free Regex Tester,tool_variant,developer-tools,Regex Tester,regex-tester,https://www.mytulify.com/developer-tools/regex-tester
free online Regex Tester,tool_variant,developer-tools,Regex Tester,regex-tester,https://www.mytulify.com/developer-tools/regex-tester
Regex Tester online,tool_variant,developer-tools,Regex Tester,regex-tester,https://www.mytulify.com/developer-tools/regex-tester
Developer Tools Regex Tester,tool_variant,developer-tools,Regex Tester,regex-tester,https://www.mytulify.com/developer-tools/regex-tester
Test regular expressions against sample text with live match highlighting,tool_variant,developer-tools,Regex Tester,regex-tester,https://www.mytulify.com/developer-tools/regex-tester
Timestamp Converter,tool,developer-tools,Timestamp Converter,timestamp-converter,https://www.mytulify.com/developer-tools/timestamp-converter
free Timestamp Converter,tool_variant,developer-tools,Timestamp Converter,timestamp-converter,https://www.mytulify.com/developer-tools/timestamp-converter
free online Timestamp Converter,tool_variant,developer-tools,Timestamp Converter,timestamp-converter,https://www.mytulify.com/developer-tools/timestamp-converter
Timestamp Converter online,tool_variant,developer-tools,Timestamp Converter,timestamp-converter,https://www.mytulify.com/developer-tools/timestamp-converter
Developer Tools Timestamp Converter,tool_variant,developer-tools,Timestamp Converter,timestamp-converter,https://www.mytulify.com/developer-tools/timestamp-converter
Convert Unix epoch timestamps to and from human-readable dates,tool_variant,developer-tools,Timestamp Converter,timestamp-converter,https://www.mytulify.com/developer-tools/timestamp-converter
UUID Generator,tool,developer-tools,UUID Generator,uuid-generator,https://www.mytulify.com/developer-tools/uuid-generator
free UUID Generator,tool_variant,developer-tools,UUID Generator,uuid-generator,https://www.mytulify.com/developer-tools/uuid-generator
free online UUID Generator,tool_variant,developer-tools,UUID Generator,uuid-generator,https://www.mytulify.com/developer-tools/uuid-generator
UUID Generator online,tool_variant,developer-tools,UUID Generator,uuid-generator,https://www.mytulify.com/developer-tools/uuid-generator
Developer Tools UUID Generator,tool_variant,developer-tools,UUID Generator,uuid-generator,https://www.mytulify.com/developer-tools/uuid-generator
Generate v4 UUIDs singly or in bulk,tool_variant,developer-tools,UUID Generator,uuid-generator,https://www.mytulify.com/developer-tools/uuid-generator
Hex to RGB Converter,tool,developer-tools,Hex to RGB Converter,hex-to-rgb-converter,https://www.mytulify.com/developer-tools/hex-to-rgb-converter
free Hex to RGB Converter,tool_variant,developer-tools,Hex to RGB Converter,hex-to-rgb-converter,https://www.mytulify.com/developer-tools/hex-to-rgb-converter
free online Hex to RGB Converter,tool_variant,developer-tools,Hex to RGB Converter,hex-to-rgb-converter,https://www.mytulify.com/developer-tools/hex-to-rgb-converter
Hex to RGB Converter online,tool_variant,developer-tools,Hex to RGB Converter,hex-to-rgb-converter,https://www.mytulify.com/developer-tools/hex-to-rgb-converter
Developer Tools Hex to RGB Converter,tool_variant,developer-tools,Hex to RGB Converter,hex-to-rgb-converter,https://www.mytulify.com/developer-tools/hex-to-rgb-converter
"Convert colors between HEX, RGB and HSL formats",tool_variant,developer-tools,Hex to RGB Converter,hex-to-rgb-converter,https://www.mytulify.com/developer-tools/hex-to-rgb-converter
Cron Expression Generator,tool,developer-tools,Cron Expression Generator,cron-expression-generator,https://www.mytulify.com/developer-tools/cron-expression-generator
free Cron Expression Generator,tool_variant,developer-tools,Cron Expression Generator,cron-expression-generator,https://www.mytulify.com/developer-tools/cron-expression-generator
free online Cron Expression Generator,tool_variant,developer-tools,Cron Expression Generator,cron-expression-generator,https://www.mytulify.com/developer-tools/cron-expression-generator
Cron Expression Generator online,tool_variant,developer-tools,Cron Expression Generator,cron-expression-generator,https://www.mytulify.com/developer-tools/cron-expression-generator
Developer Tools Cron Expression Generator,tool_variant,developer-tools,Cron Expression Generator,cron-expression-generator,https://www.mytulify.com/developer-tools/cron-expression-generator
Build and explain cron schedules with next-run preview,tool_variant,developer-tools,Cron Expression Generator,cron-expression-generator,https://www.mytulify.com/developer-tools/cron-expression-generator
HTML Encoder/Decoder,tool,developer-tools,HTML Encoder/Decoder,html-encoder-decoder,https://www.mytulify.com/developer-tools/html-encoder-decoder
free HTML Encoder/Decoder,tool_variant,developer-tools,HTML Encoder/Decoder,html-encoder-decoder,https://www.mytulify.com/developer-tools/html-encoder-decoder
free online HTML Encoder/Decoder,tool_variant,developer-tools,HTML Encoder/Decoder,html-encoder-decoder,https://www.mytulify.com/developer-tools/html-encoder-decoder
HTML Encoder/Decoder online,tool_variant,developer-tools,HTML Encoder/Decoder,html-encoder-decoder,https://www.mytulify.com/developer-tools/html-encoder-decoder
html encoder decoder,tool_variant,developer-tools,HTML Encoder/Decoder,html-encoder-decoder,https://www.mytulify.com/developer-tools/html-encoder-decoder
Developer Tools HTML Encoder/Decoder,tool_variant,developer-tools,HTML Encoder/Decoder,html-encoder-decoder,https://www.mytulify.com/developer-tools/html-encoder-decoder
Encode and decode HTML entities in text,tool_variant,developer-tools,HTML Encoder/Decoder,html-encoder-decoder,https://www.mytulify.com/developer-tools/html-encoder-decoder
HTML Minifier,tool,developer-tools,HTML Minifier,html-minifier,https://www.mytulify.com/developer-tools/html-minifier
free HTML Minifier,tool_variant,developer-tools,HTML Minifier,html-minifier,https://www.mytulify.com/developer-tools/html-minifier
free online HTML Minifier,tool_variant,developer-tools,HTML Minifier,html-minifier,https://www.mytulify.com/developer-tools/html-minifier
HTML Minifier online,tool_variant,developer-tools,HTML Minifier,html-minifier,https://www.mytulify.com/developer-tools/html-minifier
Developer Tools HTML Minifier,tool_variant,developer-tools,HTML Minifier,html-minifier,https://www.mytulify.com/developer-tools/html-minifier
Remove whitespace and comments to shrink HTML,tool_variant,developer-tools,HTML Minifier,html-minifier,https://www.mytulify.com/developer-tools/html-minifier
CSS Minifier,tool,developer-tools,CSS Minifier,css-minifier,https://www.mytulify.com/developer-tools/css-minifier
free CSS Minifier,tool_variant,developer-tools,CSS Minifier,css-minifier,https://www.mytulify.com/developer-tools/css-minifier
free online CSS Minifier,tool_variant,developer-tools,CSS Minifier,css-minifier,https://www.mytulify.com/developer-tools/css-minifier
CSS Minifier online,tool_variant,developer-tools,CSS Minifier,css-minifier,https://www.mytulify.com/developer-tools/css-minifier
Developer Tools CSS Minifier,tool_variant,developer-tools,CSS Minifier,css-minifier,https://www.mytulify.com/developer-tools/css-minifier
Compress CSS by stripping whitespace and comments,tool_variant,developer-tools,CSS Minifier,css-minifier,https://www.mytulify.com/developer-tools/css-minifier
JavaScript Minifier,tool,developer-tools,JavaScript Minifier,javascript-minifier,https://www.mytulify.com/developer-tools/javascript-minifier
free JavaScript Minifier,tool_variant,developer-tools,JavaScript Minifier,javascript-minifier,https://www.mytulify.com/developer-tools/javascript-minifier
free online JavaScript Minifier,tool_variant,developer-tools,JavaScript Minifier,javascript-minifier,https://www.mytulify.com/developer-tools/javascript-minifier
JavaScript Minifier online,tool_variant,developer-tools,JavaScript Minifier,javascript-minifier,https://www.mytulify.com/developer-tools/javascript-minifier
Developer Tools JavaScript Minifier,tool_variant,developer-tools,JavaScript Minifier,javascript-minifier,https://www.mytulify.com/developer-tools/javascript-minifier
Minify JavaScript source to reduce file size,tool_variant,developer-tools,JavaScript Minifier,javascript-minifier,https://www.mytulify.com/developer-tools/javascript-minifier
JSON to YAML Converter,tool,developer-tools,JSON to YAML Converter,json-to-yaml,https://www.mytulify.com/developer-tools/json-to-yaml
free JSON to YAML Converter,tool_variant,developer-tools,JSON to YAML Converter,json-to-yaml,https://www.mytulify.com/developer-tools/json-to-yaml
free online JSON to YAML Converter,tool_variant,developer-tools,JSON to YAML Converter,json-to-yaml,https://www.mytulify.com/developer-tools/json-to-yaml
JSON to YAML Converter online,tool_variant,developer-tools,JSON to YAML Converter,json-to-yaml,https://www.mytulify.com/developer-tools/json-to-yaml
json to yaml,tool_variant,developer-tools,JSON to YAML Converter,json-to-yaml,https://www.mytulify.com/developer-tools/json-to-yaml
Developer Tools JSON to YAML Converter,tool_variant,developer-tools,JSON to YAML Converter,json-to-yaml,https://www.mytulify.com/developer-tools/json-to-yaml
Convert between JSON and YAML formats,tool_variant,developer-tools,JSON to YAML Converter,json-to-yaml,https://www.mytulify.com/developer-tools/json-to-yaml
SQL Formatter,tool,developer-tools,SQL Formatter,sql-formatter,https://www.mytulify.com/developer-tools/sql-formatter
free SQL Formatter,tool_variant,developer-tools,SQL Formatter,sql-formatter,https://www.mytulify.com/developer-tools/sql-formatter
free online SQL Formatter,tool_variant,developer-tools,SQL Formatter,sql-formatter,https://www.mytulify.com/developer-tools/sql-formatter
SQL Formatter online,tool_variant,developer-tools,SQL Formatter,sql-formatter,https://www.mytulify.com/developer-tools/sql-formatter
Developer Tools SQL Formatter,tool_variant,developer-tools,SQL Formatter,sql-formatter,https://www.mytulify.com/developer-tools/sql-formatter
Beautify and indent SQL queries for readability,tool_variant,developer-tools,SQL Formatter,sql-formatter,https://www.mytulify.com/developer-tools/sql-formatter
Number Base Converter,tool,developer-tools,Number Base Converter,number-base-converter,https://www.mytulify.com/developer-tools/number-base-converter
free Number Base Converter,tool_variant,developer-tools,Number Base Converter,number-base-converter,https://www.mytulify.com/developer-tools/number-base-converter
free online Number Base Converter,tool_variant,developer-tools,Number Base Converter,number-base-converter,https://www.mytulify.com/developer-tools/number-base-converter
Number Base Converter online,tool_variant,developer-tools,Number Base Converter,number-base-converter,https://www.mytulify.com/developer-tools/number-base-converter
Developer Tools Number Base Converter,tool_variant,developer-tools,Number Base Converter,number-base-converter,https://www.mytulify.com/developer-tools/number-base-converter
"Convert numbers between binary, octal, decimal and hex",tool_variant,developer-tools,Number Base Converter,number-base-converter,https://www.mytulify.com/developer-tools/number-base-converter
QR Code Generator,tool,developer-tools,QR Code Generator,qr-code-generator,https://www.mytulify.com/developer-tools/qr-code-generator
free QR Code Generator,tool_variant,developer-tools,QR Code Generator,qr-code-generator,https://www.mytulify.com/developer-tools/qr-code-generator
free online QR Code Generator,tool_variant,developer-tools,QR Code Generator,qr-code-generator,https://www.mytulify.com/developer-tools/qr-code-generator
QR Code Generator online,tool_variant,developer-tools,QR Code Generator,qr-code-generator,https://www.mytulify.com/developer-tools/qr-code-generator
Developer Tools QR Code Generator,tool_variant,developer-tools,QR Code Generator,qr-code-generator,https://www.mytulify.com/developer-tools/qr-code-generator
Generate downloadable QR codes from text or URLs,tool_variant,developer-tools,QR Code Generator,qr-code-generator,https://www.mytulify.com/developer-tools/qr-code-generator
CSS Gradient Generator,tool,developer-tools,CSS Gradient Generator,css-gradient-generator,https://www.mytulify.com/developer-tools/css-gradient-generator
free CSS Gradient Generator,tool_variant,developer-tools,CSS Gradient Generator,css-gradient-generator,https://www.mytulify.com/developer-tools/css-gradient-generator
free online CSS Gradient Generator,tool_variant,developer-tools,CSS Gradient Generator,css-gradient-generator,https://www.mytulify.com/developer-tools/css-gradient-generator
CSS Gradient Generator online,tool_variant,developer-tools,CSS Gradient Generator,css-gradient-generator,https://www.mytulify.com/developer-tools/css-gradient-generator
Developer Tools CSS Gradient Generator,tool_variant,developer-tools,CSS Gradient Generator,css-gradient-generator,https://www.mytulify.com/developer-tools/css-gradient-generator
Visually build linear and radial CSS gradients with code output,tool_variant,developer-tools,CSS Gradient Generator,css-gradient-generator,https://www.mytulify.com/developer-tools/css-gradient-generator
Markdown Preview,tool,developer-tools,Markdown Preview,markdown-preview,https://www.mytulify.com/developer-tools/markdown-preview
free Markdown Preview,tool_variant,developer-tools,Markdown Preview,markdown-preview,https://www.mytulify.com/developer-tools/markdown-preview
free online Markdown Preview,tool_variant,developer-tools,Markdown Preview,markdown-preview,https://www.mytulify.com/developer-tools/markdown-preview
Markdown Preview online,tool_variant,developer-tools,Markdown Preview,markdown-preview,https://www.mytulify.com/developer-tools/markdown-preview
Developer Tools Markdown Preview,tool_variant,developer-tools,Markdown Preview,markdown-preview,https://www.mytulify.com/developer-tools/markdown-preview
Render Markdown to live HTML side by side,tool_variant,developer-tools,Markdown Preview,markdown-preview,https://www.mytulify.com/developer-tools/markdown-preview
XML Formatter,tool,developer-tools,XML Formatter,xml-formatter,https://www.mytulify.com/developer-tools/xml-formatter
free XML Formatter,tool_variant,developer-tools,XML Formatter,xml-formatter,https://www.mytulify.com/developer-tools/xml-formatter
free online XML Formatter,tool_variant,developer-tools,XML Formatter,xml-formatter,https://www.mytulify.com/developer-tools/xml-formatter
XML Formatter online,tool_variant,developer-tools,XML Formatter,xml-formatter,https://www.mytulify.com/developer-tools/xml-formatter
Developer Tools XML Formatter,tool_variant,developer-tools,XML Formatter,xml-formatter,https://www.mytulify.com/developer-tools/xml-formatter
Beautify and validate XML documents,tool_variant,developer-tools,XML Formatter,xml-formatter,https://www.mytulify.com/developer-tools/xml-formatter
JSON Validator,tool,developer-tools,JSON Validator,json-validator,https://www.mytulify.com/developer-tools/json-validator
free JSON Validator,tool_variant,developer-tools,JSON Validator,json-validator,https://www.mytulify.com/developer-tools/json-validator
free online JSON Validator,tool_variant,developer-tools,JSON Validator,json-validator,https://www.mytulify.com/developer-tools/json-validator
JSON Validator online,tool_variant,developer-tools,JSON Validator,json-validator,https://www.mytulify.com/developer-tools/json-validator
Developer Tools JSON Validator,tool_variant,developer-tools,JSON Validator,json-validator,https://www.mytulify.com/developer-tools/json-validator
Validate JSON syntax and pinpoint errors,tool_variant,developer-tools,JSON Validator,json-validator,https://www.mytulify.com/developer-tools/json-validator
Slug Generator,tool,developer-tools,Slug Generator,slug-generator,https://www.mytulify.com/developer-tools/slug-generator
free Slug Generator,tool_variant,developer-tools,Slug Generator,slug-generator,https://www.mytulify.com/developer-tools/slug-generator
free online Slug Generator,tool_variant,developer-tools,Slug Generator,slug-generator,https://www.mytulify.com/developer-tools/slug-generator
Slug Generator online,tool_variant,developer-tools,Slug Generator,slug-generator,https://www.mytulify.com/developer-tools/slug-generator
Developer Tools Slug Generator,tool_variant,developer-tools,Slug Generator,slug-generator,https://www.mytulify.com/developer-tools/slug-generator
Create SEO-friendly URL slugs from text,tool_variant,developer-tools,Slug Generator,slug-generator,https://www.mytulify.com/developer-tools/slug-generator
ROT13 Encoder/Decoder,tool,developer-tools,ROT13 Encoder/Decoder,rot13-encoder-decoder,https://www.mytulify.com/developer-tools/rot13-encoder-decoder
free ROT13 Encoder/Decoder,tool_variant,developer-tools,ROT13 Encoder/Decoder,rot13-encoder-decoder,https://www.mytulify.com/developer-tools/rot13-encoder-decoder
free online ROT13 Encoder/Decoder,tool_variant,developer-tools,ROT13 Encoder/Decoder,rot13-encoder-decoder,https://www.mytulify.com/developer-tools/rot13-encoder-decoder
ROT13 Encoder/Decoder online,tool_variant,developer-tools,ROT13 Encoder/Decoder,rot13-encoder-decoder,https://www.mytulify.com/developer-tools/rot13-encoder-decoder
rot13 encoder decoder,tool_variant,developer-tools,ROT13 Encoder/Decoder,rot13-encoder-decoder,https://www.mytulify.com/developer-tools/rot13-encoder-decoder
Developer Tools ROT13 Encoder/Decoder,tool_variant,developer-tools,ROT13 Encoder/Decoder,rot13-encoder-decoder,https://www.mytulify.com/developer-tools/rot13-encoder-decoder
Apply the ROT13 letter-substitution cipher to text,tool_variant,developer-tools,ROT13 Encoder/Decoder,rot13-encoder-decoder,https://www.mytulify.com/developer-tools/rot13-encoder-decoder
Chmod Calculator,tool,developer-tools,Chmod Calculator,chmod-calculator,https://www.mytulify.com/developer-tools/chmod-calculator
free Chmod Calculator,tool_variant,developer-tools,Chmod Calculator,chmod-calculator,https://www.mytulify.com/developer-tools/chmod-calculator
free online Chmod Calculator,tool_variant,developer-tools,Chmod Calculator,chmod-calculator,https://www.mytulify.com/developer-tools/chmod-calculator
Chmod Calculator online,tool_variant,developer-tools,Chmod Calculator,chmod-calculator,https://www.mytulify.com/developer-tools/chmod-calculator
Developer Tools Chmod Calculator,tool_variant,developer-tools,Chmod Calculator,chmod-calculator,https://www.mytulify.com/developer-tools/chmod-calculator
Compute numeric and symbolic Unix file permissions,tool_variant,developer-tools,Chmod Calculator,chmod-calculator,https://www.mytulify.com/developer-tools/chmod-calculator
User Agent Parser,tool,developer-tools,User Agent Parser,user-agent-parser,https://www.mytulify.com/developer-tools/user-agent-parser
free User Agent Parser,tool_variant,developer-tools,User Agent Parser,user-agent-parser,https://www.mytulify.com/developer-tools/user-agent-parser
free online User Agent Parser,tool_variant,developer-tools,User Agent Parser,user-agent-parser,https://www.mytulify.com/developer-tools/user-agent-parser
User Agent Parser online,tool_variant,developer-tools,User Agent Parser,user-agent-parser,https://www.mytulify.com/developer-tools/user-agent-parser
Developer Tools User Agent Parser,tool_variant,developer-tools,User Agent Parser,user-agent-parser,https://www.mytulify.com/developer-tools/user-agent-parser
"Parse a user-agent string into browser, OS and device",tool_variant,developer-tools,User Agent Parser,user-agent-parser,https://www.mytulify.com/developer-tools/user-agent-parser
.gitignore Generator,tool,developer-tools,.gitignore Generator,gitignore-generator,https://www.mytulify.com/developer-tools/gitignore-generator
free .gitignore Generator,tool_variant,developer-tools,.gitignore Generator,gitignore-generator,https://www.mytulify.com/developer-tools/gitignore-generator
free online .gitignore Generator,tool_variant,developer-tools,.gitignore Generator,gitignore-generator,https://www.mytulify.com/developer-tools/gitignore-generator
.gitignore Generator online,tool_variant,developer-tools,.gitignore Generator,gitignore-generator,https://www.mytulify.com/developer-tools/gitignore-generator
gitignore generator,tool_variant,developer-tools,.gitignore Generator,gitignore-generator,https://www.mytulify.com/developer-tools/gitignore-generator
Developer Tools .gitignore Generator,tool_variant,developer-tools,.gitignore Generator,gitignore-generator,https://www.mytulify.com/developer-tools/gitignore-generator
"Merge multiple language, framework and OS templates into one",tool_variant,developer-tools,.gitignore Generator,gitignore-generator,https://www.mytulify.com/developer-tools/gitignore-generator
Regex Explainer,tool,developer-tools,Regex Explainer,regex-explainer,https://www.mytulify.com/developer-tools/regex-explainer
free Regex Explainer,tool_variant,developer-tools,Regex Explainer,regex-explainer,https://www.mytulify.com/developer-tools/regex-explainer
free online Regex Explainer,tool_variant,developer-tools,Regex Explainer,regex-explainer,https://www.mytulify.com/developer-tools/regex-explainer
Regex Explainer online,tool_variant,developer-tools,Regex Explainer,regex-explainer,https://www.mytulify.com/developer-tools/regex-explainer
Developer Tools Regex Explainer,tool_variant,developer-tools,Regex Explainer,regex-explainer,https://www.mytulify.com/developer-tools/regex-explainer
"Paste a regular expression and get a plain-English, token-by-token breakdown of what it matches",tool_variant,developer-tools,Regex Explainer,regex-explainer,https://www.mytulify.com/developer-tools/regex-explainer
Data File Merger,tool,developer-tools,Data File Merger,data-file-merger,https://www.mytulify.com/developer-tools/data-file-merger
free Data File Merger,tool_variant,developer-tools,Data File Merger,data-file-merger,https://www.mytulify.com/developer-tools/data-file-merger
free online Data File Merger,tool_variant,developer-tools,Data File Merger,data-file-merger,https://www.mytulify.com/developer-tools/data-file-merger
Data File Merger online,tool_variant,developer-tools,Data File Merger,data-file-merger,https://www.mytulify.com/developer-tools/data-file-merger
Developer Tools Data File Merger,tool_variant,developer-tools,Data File Merger,data-file-merger,https://www.mytulify.com/developer-tools/data-file-merger
"Merge multiple JSON, CSV, TSV or XML files into one combined dataset, exportable as JSON or CSV",tool_variant,developer-tools,Data File Merger,data-file-merger,https://www.mytulify.com/developer-tools/data-file-merger
Duplicate File Finder,tool,developer-tools,Duplicate File Finder,duplicate-file-finder,https://www.mytulify.com/developer-tools/duplicate-file-finder
free Duplicate File Finder,tool_variant,developer-tools,Duplicate File Finder,duplicate-file-finder,https://www.mytulify.com/developer-tools/duplicate-file-finder
free online Duplicate File Finder,tool_variant,developer-tools,Duplicate File Finder,duplicate-file-finder,https://www.mytulify.com/developer-tools/duplicate-file-finder
Duplicate File Finder online,tool_variant,developer-tools,Duplicate File Finder,duplicate-file-finder,https://www.mytulify.com/developer-tools/duplicate-file-finder
Developer Tools Duplicate File Finder,tool_variant,developer-tools,Duplicate File Finder,duplicate-file-finder,https://www.mytulify.com/developer-tools/duplicate-file-finder
"Find exact duplicate files by content hash locally in your browser, flagging older copies as safe to delete",tool_variant,developer-tools,Duplicate File Finder,duplicate-file-finder,https://www.mytulify.com/developer-tools/duplicate-file-finder
Mock Data Generator,tool,developer-tools,Mock Data Generator,mock-data-generator,https://www.mytulify.com/developer-tools/mock-data-generator
free Mock Data Generator,tool_variant,developer-tools,Mock Data Generator,mock-data-generator,https://www.mytulify.com/developer-tools/mock-data-generator
free online Mock Data Generator,tool_variant,developer-tools,Mock Data Generator,mock-data-generator,https://www.mytulify.com/developer-tools/mock-data-generator
Mock Data Generator online,tool_variant,developer-tools,Mock Data Generator,mock-data-generator,https://www.mytulify.com/developer-tools/mock-data-generator
Developer Tools Mock Data Generator,tool_variant,developer-tools,Mock Data Generator,mock-data-generator,https://www.mytulify.com/developer-tools/mock-data-generator
Generate fake users or products as JSON or CSV for API testing and demos,tool_variant,developer-tools,Mock Data Generator,mock-data-generator,https://www.mytulify.com/developer-tools/mock-data-generator
PWA Manifest Generator,tool,developer-tools,PWA Manifest Generator,pwa-manifest-generator,https://www.mytulify.com/developer-tools/pwa-manifest-generator
free PWA Manifest Generator,tool_variant,developer-tools,PWA Manifest Generator,pwa-manifest-generator,https://www.mytulify.com/developer-tools/pwa-manifest-generator
free online PWA Manifest Generator,tool_variant,developer-tools,PWA Manifest Generator,pwa-manifest-generator,https://www.mytulify.com/developer-tools/pwa-manifest-generator
PWA Manifest Generator online,tool_variant,developer-tools,PWA Manifest Generator,pwa-manifest-generator,https://www.mytulify.com/developer-tools/pwa-manifest-generator
Developer Tools PWA Manifest Generator,tool_variant,developer-tools,PWA Manifest Generator,pwa-manifest-generator,https://www.mytulify.com/developer-tools/pwa-manifest-generator
YAML to JSON Converter,tool,developer-tools,YAML to JSON Converter,yaml-to-json,https://www.mytulify.com/developer-tools/yaml-to-json
free YAML to JSON Converter,tool_variant,developer-tools,YAML to JSON Converter,yaml-to-json,https://www.mytulify.com/developer-tools/yaml-to-json
free online YAML to JSON Converter,tool_variant,developer-tools,YAML to JSON Converter,yaml-to-json,https://www.mytulify.com/developer-tools/yaml-to-json
YAML to JSON Converter online,tool_variant,developer-tools,YAML to JSON Converter,yaml-to-json,https://www.mytulify.com/developer-tools/yaml-to-json
yaml to json,tool_variant,developer-tools,YAML to JSON Converter,yaml-to-json,https://www.mytulify.com/developer-tools/yaml-to-json
Developer Tools YAML to JSON Converter,tool_variant,developer-tools,YAML to JSON Converter,yaml-to-json,https://www.mytulify.com/developer-tools/yaml-to-json
Convert YAML to pretty-printed JSON instantly in your browser,tool_variant,developer-tools,YAML to JSON Converter,yaml-to-json,https://www.mytulify.com/developer-tools/yaml-to-json
PX to REM Converter,tool,developer-tools,PX to REM Converter,px-to-rem-converter,https://www.mytulify.com/developer-tools/px-to-rem-converter
free PX to REM Converter,tool_variant,developer-tools,PX to REM Converter,px-to-rem-converter,https://www.mytulify.com/developer-tools/px-to-rem-converter
free online PX to REM Converter,tool_variant,developer-tools,PX to REM Converter,px-to-rem-converter,https://www.mytulify.com/developer-tools/px-to-rem-converter
PX to REM Converter online,tool_variant,developer-tools,PX to REM Converter,px-to-rem-converter,https://www.mytulify.com/developer-tools/px-to-rem-converter
Developer Tools PX to REM Converter,tool_variant,developer-tools,PX to REM Converter,px-to-rem-converter,https://www.mytulify.com/developer-tools/px-to-rem-converter
Convert CSS pixels to rem (and back) with a customizable root font size,tool_variant,developer-tools,PX to REM Converter,px-to-rem-converter,https://www.mytulify.com/developer-tools/px-to-rem-converter
JSON Diff Checker,tool,developer-tools,JSON Diff Checker,json-diff-checker,https://www.mytulify.com/developer-tools/json-diff-checker
free JSON Diff Checker,tool_variant,developer-tools,JSON Diff Checker,json-diff-checker,https://www.mytulify.com/developer-tools/json-diff-checker
free online JSON Diff Checker,tool_variant,developer-tools,JSON Diff Checker,json-diff-checker,https://www.mytulify.com/developer-tools/json-diff-checker
JSON Diff Checker online,tool_variant,developer-tools,JSON Diff Checker,json-diff-checker,https://www.mytulify.com/developer-tools/json-diff-checker
Developer Tools JSON Diff Checker,tool_variant,developer-tools,JSON Diff Checker,json-diff-checker,https://www.mytulify.com/developer-tools/json-diff-checker
"Compare two JSON documents with path-level added, removed, and changed highlights",tool_variant,developer-tools,JSON Diff Checker,json-diff-checker,https://www.mytulify.com/developer-tools/json-diff-checker
IP Subnet Calculator,tool,devops-tools,IP Subnet Calculator,ip-subnet-calculator,https://www.mytulify.com/devops-tools/ip-subnet-calculator
free IP Subnet Calculator,tool_variant,devops-tools,IP Subnet Calculator,ip-subnet-calculator,https://www.mytulify.com/devops-tools/ip-subnet-calculator
free online IP Subnet Calculator,tool_variant,devops-tools,IP Subnet Calculator,ip-subnet-calculator,https://www.mytulify.com/devops-tools/ip-subnet-calculator
IP Subnet Calculator online,tool_variant,devops-tools,IP Subnet Calculator,ip-subnet-calculator,https://www.mytulify.com/devops-tools/ip-subnet-calculator
DevOps Tools IP Subnet Calculator,tool_variant,devops-tools,IP Subnet Calculator,ip-subnet-calculator,https://www.mytulify.com/devops-tools/ip-subnet-calculator
"Calculate network, broadcast, host range and mask from a CIDR block, with a visual bit breakdown",tool_variant,devops-tools,IP Subnet Calculator,ip-subnet-calculator,https://www.mytulify.com/devops-tools/ip-subnet-calculator
curl Command Builder,tool,devops-tools,curl Command Builder,curl-command-builder,https://www.mytulify.com/devops-tools/curl-command-builder
free curl Command Builder,tool_variant,devops-tools,curl Command Builder,curl-command-builder,https://www.mytulify.com/devops-tools/curl-command-builder
free online curl Command Builder,tool_variant,devops-tools,curl Command Builder,curl-command-builder,https://www.mytulify.com/devops-tools/curl-command-builder
curl Command Builder online,tool_variant,devops-tools,curl Command Builder,curl-command-builder,https://www.mytulify.com/devops-tools/curl-command-builder
DevOps Tools curl Command Builder,tool_variant,devops-tools,curl Command Builder,curl-command-builder,https://www.mytulify.com/devops-tools/curl-command-builder
Build a curl command from a form and export the equivalent Python requests and JS fetch code,tool_variant,devops-tools,curl Command Builder,curl-command-builder,https://www.mytulify.com/devops-tools/curl-command-builder
Nginx Config Generator,tool,devops-tools,Nginx Config Generator,nginx-config-generator,https://www.mytulify.com/devops-tools/nginx-config-generator
free Nginx Config Generator,tool_variant,devops-tools,Nginx Config Generator,nginx-config-generator,https://www.mytulify.com/devops-tools/nginx-config-generator
free online Nginx Config Generator,tool_variant,devops-tools,Nginx Config Generator,nginx-config-generator,https://www.mytulify.com/devops-tools/nginx-config-generator
Nginx Config Generator online,tool_variant,devops-tools,Nginx Config Generator,nginx-config-generator,https://www.mytulify.com/devops-tools/nginx-config-generator
DevOps Tools Nginx Config Generator,tool_variant,devops-tools,Nginx Config Generator,nginx-config-generator,https://www.mytulify.com/devops-tools/nginx-config-generator
"Generate Nginx configs for reverse proxy, SSL termination, static sites and load balancing",tool_variant,devops-tools,Nginx Config Generator,nginx-config-generator,https://www.mytulify.com/devops-tools/nginx-config-generator
Kubernetes YAML Generator,tool,devops-tools,Kubernetes YAML Generator,kubernetes-yaml-generator,https://www.mytulify.com/devops-tools/kubernetes-yaml-generator
free Kubernetes YAML Generator,tool_variant,devops-tools,Kubernetes YAML Generator,kubernetes-yaml-generator,https://www.mytulify.com/devops-tools/kubernetes-yaml-generator
free online Kubernetes YAML Generator,tool_variant,devops-tools,Kubernetes YAML Generator,kubernetes-yaml-generator,https://www.mytulify.com/devops-tools/kubernetes-yaml-generator
Kubernetes YAML Generator online,tool_variant,devops-tools,Kubernetes YAML Generator,kubernetes-yaml-generator,https://www.mytulify.com/devops-tools/kubernetes-yaml-generator
DevOps Tools Kubernetes YAML Generator,tool_variant,devops-tools,Kubernetes YAML Generator,kubernetes-yaml-generator,https://www.mytulify.com/devops-tools/kubernetes-yaml-generator
"Generate a linked Deployment, Service and Ingress in one manifest from a simple form",tool_variant,devops-tools,Kubernetes YAML Generator,kubernetes-yaml-generator,https://www.mytulify.com/devops-tools/kubernetes-yaml-generator
GitHub Actions Generator,tool,devops-tools,GitHub Actions Generator,github-actions-generator,https://www.mytulify.com/devops-tools/github-actions-generator
free GitHub Actions Generator,tool_variant,devops-tools,GitHub Actions Generator,github-actions-generator,https://www.mytulify.com/devops-tools/github-actions-generator
free online GitHub Actions Generator,tool_variant,devops-tools,GitHub Actions Generator,github-actions-generator,https://www.mytulify.com/devops-tools/github-actions-generator
GitHub Actions Generator online,tool_variant,devops-tools,GitHub Actions Generator,github-actions-generator,https://www.mytulify.com/devops-tools/github-actions-generator
DevOps Tools GitHub Actions Generator,tool_variant,devops-tools,GitHub Actions Generator,github-actions-generator,https://www.mytulify.com/devops-tools/github-actions-generator
"Generate a CI workflow YAML from ready-made Node, Python and Docker templates",tool_variant,devops-tools,GitHub Actions Generator,github-actions-generator,https://www.mytulify.com/devops-tools/github-actions-generator
.env Validator,tool,devops-tools,.env Validator,env-validator,https://www.mytulify.com/devops-tools/env-validator
free .env Validator,tool_variant,devops-tools,.env Validator,env-validator,https://www.mytulify.com/devops-tools/env-validator
free online .env Validator,tool_variant,devops-tools,.env Validator,env-validator,https://www.mytulify.com/devops-tools/env-validator
.env Validator online,tool_variant,devops-tools,.env Validator,env-validator,https://www.mytulify.com/devops-tools/env-validator
env validator,tool_variant,devops-tools,.env Validator,env-validator,https://www.mytulify.com/devops-tools/env-validator
DevOps Tools .env Validator,tool_variant,devops-tools,.env Validator,env-validator,https://www.mytulify.com/devops-tools/env-validator
Crontab Builder,tool,devops-tools,Crontab Builder,crontab-builder,https://www.mytulify.com/devops-tools/crontab-builder
free Crontab Builder,tool_variant,devops-tools,Crontab Builder,crontab-builder,https://www.mytulify.com/devops-tools/crontab-builder
free online Crontab Builder,tool_variant,devops-tools,Crontab Builder,crontab-builder,https://www.mytulify.com/devops-tools/crontab-builder
Crontab Builder online,tool_variant,devops-tools,Crontab Builder,crontab-builder,https://www.mytulify.com/devops-tools/crontab-builder
DevOps Tools Crontab Builder,tool_variant,devops-tools,Crontab Builder,crontab-builder,https://www.mytulify.com/devops-tools/crontab-builder
"Build a cron expression and validate it against a real parser, with the next 5 run times previewed",tool_variant,devops-tools,Crontab Builder,crontab-builder,https://www.mytulify.com/devops-tools/crontab-builder
Backup Script Generator,tool,devops-tools,Backup Script Generator,backup-script-generator,https://www.mytulify.com/devops-tools/backup-script-generator
free Backup Script Generator,tool_variant,devops-tools,Backup Script Generator,backup-script-generator,https://www.mytulify.com/devops-tools/backup-script-generator
free online Backup Script Generator,tool_variant,devops-tools,Backup Script Generator,backup-script-generator,https://www.mytulify.com/devops-tools/backup-script-generator
Backup Script Generator online,tool_variant,devops-tools,Backup Script Generator,backup-script-generator,https://www.mytulify.com/devops-tools/backup-script-generator
DevOps Tools Backup Script Generator,tool_variant,devops-tools,Backup Script Generator,backup-script-generator,https://www.mytulify.com/devops-tools/backup-script-generator
"Generate a cron-ready database backup script for Postgres, MySQL or MongoDB, with an optional S3 upload",tool_variant,devops-tools,Backup Script Generator,backup-script-generator,https://www.mytulify.com/devops-tools/backup-script-generator
Health Check Config Generator,tool,devops-tools,Health Check Config Generator,health-check-generator,https://www.mytulify.com/devops-tools/health-check-generator
free Health Check Config Generator,tool_variant,devops-tools,Health Check Config Generator,health-check-generator,https://www.mytulify.com/devops-tools/health-check-generator
free online Health Check Config Generator,tool_variant,devops-tools,Health Check Config Generator,health-check-generator,https://www.mytulify.com/devops-tools/health-check-generator
Health Check Config Generator online,tool_variant,devops-tools,Health Check Config Generator,health-check-generator,https://www.mytulify.com/devops-tools/health-check-generator
health check generator,tool_variant,devops-tools,Health Check Config Generator,health-check-generator,https://www.mytulify.com/devops-tools/health-check-generator
DevOps Tools Health Check Config Generator,tool_variant,devops-tools,Health Check Config Generator,health-check-generator,https://www.mytulify.com/devops-tools/health-check-generator
Generate a ready-to-paste health-check script and JSON config for uptime monitors from an endpoint,tool_variant,devops-tools,Health Check Config Generator,health-check-generator,https://www.mytulify.com/devops-tools/health-check-generator
Subnet Overlap Visualizer,tool,devops-tools,Subnet Overlap Visualizer,subnet-overlap-visualizer,https://www.mytulify.com/devops-tools/subnet-overlap-visualizer
free Subnet Overlap Visualizer,tool_variant,devops-tools,Subnet Overlap Visualizer,subnet-overlap-visualizer,https://www.mytulify.com/devops-tools/subnet-overlap-visualizer
free online Subnet Overlap Visualizer,tool_variant,devops-tools,Subnet Overlap Visualizer,subnet-overlap-visualizer,https://www.mytulify.com/devops-tools/subnet-overlap-visualizer
Subnet Overlap Visualizer online,tool_variant,devops-tools,Subnet Overlap Visualizer,subnet-overlap-visualizer,https://www.mytulify.com/devops-tools/subnet-overlap-visualizer
DevOps Tools Subnet Overlap Visualizer,tool_variant,devops-tools,Subnet Overlap Visualizer,subnet-overlap-visualizer,https://www.mytulify.com/devops-tools/subnet-overlap-visualizer
Paste multiple CIDR blocks or IP ranges and see their coverage and overlaps on a visual map,tool_variant,devops-tools,Subnet Overlap Visualizer,subnet-overlap-visualizer,https://www.mytulify.com/devops-tools/subnet-overlap-visualizer
IP Address Info & Classifier,tool,devops-tools,IP Address Info & Classifier,ip-address-info,https://www.mytulify.com/devops-tools/ip-address-info
free IP Address Info & Classifier,tool_variant,devops-tools,IP Address Info & Classifier,ip-address-info,https://www.mytulify.com/devops-tools/ip-address-info
free online IP Address Info & Classifier,tool_variant,devops-tools,IP Address Info & Classifier,ip-address-info,https://www.mytulify.com/devops-tools/ip-address-info
IP Address Info & Classifier online,tool_variant,devops-tools,IP Address Info & Classifier,ip-address-info,https://www.mytulify.com/devops-tools/ip-address-info
ip address info,tool_variant,devops-tools,IP Address Info & Classifier,ip-address-info,https://www.mytulify.com/devops-tools/ip-address-info
DevOps Tools IP Address Info & Classifier,tool_variant,devops-tools,IP Address Info & Classifier,ip-address-info,https://www.mytulify.com/devops-tools/ip-address-info
"Classify an IP as private, public, CGNAT, loopback or reserved with plain-language context and reverse-DNS",tool_variant,devops-tools,IP Address Info & Classifier,ip-address-info,https://www.mytulify.com/devops-tools/ip-address-info
Systemd Timer Explainer,tool,devops-tools,Systemd Timer Explainer,systemd-timer-explainer,https://www.mytulify.com/devops-tools/systemd-timer-explainer
free Systemd Timer Explainer,tool_variant,devops-tools,Systemd Timer Explainer,systemd-timer-explainer,https://www.mytulify.com/devops-tools/systemd-timer-explainer
free online Systemd Timer Explainer,tool_variant,devops-tools,Systemd Timer Explainer,systemd-timer-explainer,https://www.mytulify.com/devops-tools/systemd-timer-explainer
Systemd Timer Explainer online,tool_variant,devops-tools,Systemd Timer Explainer,systemd-timer-explainer,https://www.mytulify.com/devops-tools/systemd-timer-explainer
DevOps Tools Systemd Timer Explainer,tool_variant,devops-tools,Systemd Timer Explainer,systemd-timer-explainer,https://www.mytulify.com/devops-tools/systemd-timer-explainer
"Explain and build systemd OnCalendar expressions in plain English, with the next 5 run times",tool_variant,devops-tools,Systemd Timer Explainer,systemd-timer-explainer,https://www.mytulify.com/devops-tools/systemd-timer-explainer
Freelance Contract Generator,tool,freelancer-tools,Freelance Contract Generator,contract-generator,https://www.mytulify.com/freelancer-tools/contract-generator
free Freelance Contract Generator,tool_variant,freelancer-tools,Freelance Contract Generator,contract-generator,https://www.mytulify.com/freelancer-tools/contract-generator
free online Freelance Contract Generator,tool_variant,freelancer-tools,Freelance Contract Generator,contract-generator,https://www.mytulify.com/freelancer-tools/contract-generator
Freelance Contract Generator online,tool_variant,freelancer-tools,Freelance Contract Generator,contract-generator,https://www.mytulify.com/freelancer-tools/contract-generator
contract generator,tool_variant,freelancer-tools,Freelance Contract Generator,contract-generator,https://www.mytulify.com/freelancer-tools/contract-generator
Freelancer Tools Freelance Contract Generator,tool_variant,freelancer-tools,Freelance Contract Generator,contract-generator,https://www.mytulify.com/freelancer-tools/contract-generator
"Free freelance contract template & independent contractor agreement — scope, payment, IP, confidentiality, PDF download",tool_variant,freelancer-tools,Freelance Contract Generator,contract-generator,https://www.mytulify.com/freelancer-tools/contract-generator
Freelance Proposal Generator,tool,freelancer-tools,Freelance Proposal Generator,proposal-generator,https://www.mytulify.com/freelancer-tools/proposal-generator
free Freelance Proposal Generator,tool_variant,freelancer-tools,Freelance Proposal Generator,proposal-generator,https://www.mytulify.com/freelancer-tools/proposal-generator
free online Freelance Proposal Generator,tool_variant,freelancer-tools,Freelance Proposal Generator,proposal-generator,https://www.mytulify.com/freelancer-tools/proposal-generator
Freelance Proposal Generator online,tool_variant,freelancer-tools,Freelance Proposal Generator,proposal-generator,https://www.mytulify.com/freelancer-tools/proposal-generator
proposal generator,tool_variant,freelancer-tools,Freelance Proposal Generator,proposal-generator,https://www.mytulify.com/freelancer-tools/proposal-generator
Freelancer Tools Freelance Proposal Generator,tool_variant,freelancer-tools,Freelance Proposal Generator,proposal-generator,https://www.mytulify.com/freelancer-tools/proposal-generator
"Build a client proposal with summary, scope, timeline, pricing, and about section — export PDF",tool_variant,freelancer-tools,Freelance Proposal Generator,proposal-generator,https://www.mytulify.com/freelancer-tools/proposal-generator
NDA Generator,tool,freelancer-tools,NDA Generator,nda-generator,https://www.mytulify.com/freelancer-tools/nda-generator
free NDA Generator,tool_variant,freelancer-tools,NDA Generator,nda-generator,https://www.mytulify.com/freelancer-tools/nda-generator
free online NDA Generator,tool_variant,freelancer-tools,NDA Generator,nda-generator,https://www.mytulify.com/freelancer-tools/nda-generator
NDA Generator online,tool_variant,freelancer-tools,NDA Generator,nda-generator,https://www.mytulify.com/freelancer-tools/nda-generator
Freelancer Tools NDA Generator,tool_variant,freelancer-tools,NDA Generator,nda-generator,https://www.mytulify.com/freelancer-tools/nda-generator
Generate a one-way or mutual non-disclosure agreement and download it as a PDF,tool_variant,freelancer-tools,NDA Generator,nda-generator,https://www.mytulify.com/freelancer-tools/nda-generator
Freelance Rate Calculator,tool,freelancer-tools,Freelance Rate Calculator,rate-calculator,https://www.mytulify.com/freelancer-tools/rate-calculator
free Freelance Rate Calculator,tool_variant,freelancer-tools,Freelance Rate Calculator,rate-calculator,https://www.mytulify.com/freelancer-tools/rate-calculator
free online Freelance Rate Calculator,tool_variant,freelancer-tools,Freelance Rate Calculator,rate-calculator,https://www.mytulify.com/freelancer-tools/rate-calculator
Freelance Rate Calculator online,tool_variant,freelancer-tools,Freelance Rate Calculator,rate-calculator,https://www.mytulify.com/freelancer-tools/rate-calculator
rate calculator,tool_variant,freelancer-tools,Freelance Rate Calculator,rate-calculator,https://www.mytulify.com/freelancer-tools/rate-calculator
Freelancer Tools Freelance Rate Calculator,tool_variant,freelancer-tools,Freelance Rate Calculator,rate-calculator,https://www.mytulify.com/freelancer-tools/rate-calculator
"Calculate a sustainable hourly rate from income goals, expenses, billable hours, and profit margin",tool_variant,freelancer-tools,Freelance Rate Calculator,rate-calculator,https://www.mytulify.com/freelancer-tools/rate-calculator
Project Quote Calculator,tool,freelancer-tools,Project Quote Calculator,quote-calculator,https://www.mytulify.com/freelancer-tools/quote-calculator
free Project Quote Calculator,tool_variant,freelancer-tools,Project Quote Calculator,quote-calculator,https://www.mytulify.com/freelancer-tools/quote-calculator
free online Project Quote Calculator,tool_variant,freelancer-tools,Project Quote Calculator,quote-calculator,https://www.mytulify.com/freelancer-tools/quote-calculator
Project Quote Calculator online,tool_variant,freelancer-tools,Project Quote Calculator,quote-calculator,https://www.mytulify.com/freelancer-tools/quote-calculator
quote calculator,tool_variant,freelancer-tools,Project Quote Calculator,quote-calculator,https://www.mytulify.com/freelancer-tools/quote-calculator
Freelancer Tools Project Quote Calculator,tool_variant,freelancer-tools,Project Quote Calculator,quote-calculator,https://www.mytulify.com/freelancer-tools/quote-calculator
"Turn hours, rate, expenses, and margin into a clear project quote with cost breakdown",tool_variant,freelancer-tools,Project Quote Calculator,quote-calculator,https://www.mytulify.com/freelancer-tools/quote-calculator
Late Payment Fee Calculator,tool,freelancer-tools,Late Payment Fee Calculator,late-fee-calculator,https://www.mytulify.com/freelancer-tools/late-fee-calculator
free Late Payment Fee Calculator,tool_variant,freelancer-tools,Late Payment Fee Calculator,late-fee-calculator,https://www.mytulify.com/freelancer-tools/late-fee-calculator
free online Late Payment Fee Calculator,tool_variant,freelancer-tools,Late Payment Fee Calculator,late-fee-calculator,https://www.mytulify.com/freelancer-tools/late-fee-calculator
Late Payment Fee Calculator online,tool_variant,freelancer-tools,Late Payment Fee Calculator,late-fee-calculator,https://www.mytulify.com/freelancer-tools/late-fee-calculator
late fee calculator,tool_variant,freelancer-tools,Late Payment Fee Calculator,late-fee-calculator,https://www.mytulify.com/freelancer-tools/late-fee-calculator
Freelancer Tools Late Payment Fee Calculator,tool_variant,freelancer-tools,Late Payment Fee Calculator,late-fee-calculator,https://www.mytulify.com/freelancer-tools/late-fee-calculator
Calculate late fees on overdue invoices with flat or monthly percentage rates,tool_variant,freelancer-tools,Late Payment Fee Calculator,late-fee-calculator,https://www.mytulify.com/freelancer-tools/late-fee-calculator
Break-Even Calculator,tool,freelancer-tools,Break-Even Calculator,break-even-calculator,https://www.mytulify.com/freelancer-tools/break-even-calculator
free Break-Even Calculator,tool_variant,freelancer-tools,Break-Even Calculator,break-even-calculator,https://www.mytulify.com/freelancer-tools/break-even-calculator
free online Break-Even Calculator,tool_variant,freelancer-tools,Break-Even Calculator,break-even-calculator,https://www.mytulify.com/freelancer-tools/break-even-calculator
Break-Even Calculator online,tool_variant,freelancer-tools,Break-Even Calculator,break-even-calculator,https://www.mytulify.com/freelancer-tools/break-even-calculator
break even calculator,tool_variant,freelancer-tools,Break-Even Calculator,break-even-calculator,https://www.mytulify.com/freelancer-tools/break-even-calculator
Freelancer Tools Break-Even Calculator,tool_variant,freelancer-tools,Break-Even Calculator,break-even-calculator,https://www.mytulify.com/freelancer-tools/break-even-calculator
Find how many projects or hours you need each month to cover fixed costs,tool_variant,freelancer-tools,Break-Even Calculator,break-even-calculator,https://www.mytulify.com/freelancer-tools/break-even-calculator
Self-Employment Tax Calculator,tool,freelancer-tools,Self-Employment Tax Calculator,self-employment-tax-calculator,https://www.mytulify.com/freelancer-tools/self-employment-tax-calculator
free Self-Employment Tax Calculator,tool_variant,freelancer-tools,Self-Employment Tax Calculator,self-employment-tax-calculator,https://www.mytulify.com/freelancer-tools/self-employment-tax-calculator
free online Self-Employment Tax Calculator,tool_variant,freelancer-tools,Self-Employment Tax Calculator,self-employment-tax-calculator,https://www.mytulify.com/freelancer-tools/self-employment-tax-calculator
Self-Employment Tax Calculator online,tool_variant,freelancer-tools,Self-Employment Tax Calculator,self-employment-tax-calculator,https://www.mytulify.com/freelancer-tools/self-employment-tax-calculator
self employment tax calculator,tool_variant,freelancer-tools,Self-Employment Tax Calculator,self-employment-tax-calculator,https://www.mytulify.com/freelancer-tools/self-employment-tax-calculator
Freelancer Tools Self-Employment Tax Calculator,tool_variant,freelancer-tools,Self-Employment Tax Calculator,self-employment-tax-calculator,https://www.mytulify.com/freelancer-tools/self-employment-tax-calculator
Estimate US self-employment tax or Pakistan income tax on freelance net income — for planning only,tool_variant,freelancer-tools,Self-Employment Tax Calculator,self-employment-tax-calculator,https://www.mytulify.com/freelancer-tools/self-employment-tax-calculator
Client Onboarding Form Generator,tool,freelancer-tools,Client Onboarding Form Generator,client-onboarding-form,https://www.mytulify.com/freelancer-tools/client-onboarding-form
free Client Onboarding Form Generator,tool_variant,freelancer-tools,Client Onboarding Form Generator,client-onboarding-form,https://www.mytulify.com/freelancer-tools/client-onboarding-form
free online Client Onboarding Form Generator,tool_variant,freelancer-tools,Client Onboarding Form Generator,client-onboarding-form,https://www.mytulify.com/freelancer-tools/client-onboarding-form
Client Onboarding Form Generator online,tool_variant,freelancer-tools,Client Onboarding Form Generator,client-onboarding-form,https://www.mytulify.com/freelancer-tools/client-onboarding-form
client onboarding form,tool_variant,freelancer-tools,Client Onboarding Form Generator,client-onboarding-form,https://www.mytulify.com/freelancer-tools/client-onboarding-form
Freelancer Tools Client Onboarding Form Generator,tool_variant,freelancer-tools,Client Onboarding Form Generator,client-onboarding-form,https://www.mytulify.com/freelancer-tools/client-onboarding-form
Generate a client intake questionnaire as a printable PDF or downloadable HTML form,tool_variant,freelancer-tools,Client Onboarding Form Generator,client-onboarding-form,https://www.mytulify.com/freelancer-tools/client-onboarding-form
Scope Change Order Generator,tool,freelancer-tools,Scope Change Order Generator,change-order-generator,https://www.mytulify.com/freelancer-tools/change-order-generator
free Scope Change Order Generator,tool_variant,freelancer-tools,Scope Change Order Generator,change-order-generator,https://www.mytulify.com/freelancer-tools/change-order-generator
free online Scope Change Order Generator,tool_variant,freelancer-tools,Scope Change Order Generator,change-order-generator,https://www.mytulify.com/freelancer-tools/change-order-generator
Scope Change Order Generator online,tool_variant,freelancer-tools,Scope Change Order Generator,change-order-generator,https://www.mytulify.com/freelancer-tools/change-order-generator
change order generator,tool_variant,freelancer-tools,Scope Change Order Generator,change-order-generator,https://www.mytulify.com/freelancer-tools/change-order-generator
Freelancer Tools Scope Change Order Generator,tool_variant,freelancer-tools,Scope Change Order Generator,change-order-generator,https://www.mytulify.com/freelancer-tools/change-order-generator
Document out-of-scope work with added cost and time — protect yourself with a PDF change order,tool_variant,freelancer-tools,Scope Change Order Generator,change-order-generator,https://www.mytulify.com/freelancer-tools/change-order-generator
Freelance Email Templates Generator,tool,freelancer-tools,Freelance Email Templates Generator,email-templates-generator,https://www.mytulify.com/freelancer-tools/email-templates-generator
free Freelance Email Templates Generator,tool_variant,freelancer-tools,Freelance Email Templates Generator,email-templates-generator,https://www.mytulify.com/freelancer-tools/email-templates-generator
free online Freelance Email Templates Generator,tool_variant,freelancer-tools,Freelance Email Templates Generator,email-templates-generator,https://www.mytulify.com/freelancer-tools/email-templates-generator
Freelance Email Templates Generator online,tool_variant,freelancer-tools,Freelance Email Templates Generator,email-templates-generator,https://www.mytulify.com/freelancer-tools/email-templates-generator
email templates generator,tool_variant,freelancer-tools,Freelance Email Templates Generator,email-templates-generator,https://www.mytulify.com/freelancer-tools/email-templates-generator
Freelancer Tools Freelance Email Templates Generator,tool_variant,freelancer-tools,Freelance Email Templates Generator,email-templates-generator,https://www.mytulify.com/freelancer-tools/email-templates-generator
Freelance Project Estimator,tool,freelancer-tools,Freelance Project Estimator,project-estimator,https://www.mytulify.com/freelancer-tools/project-estimator
free Freelance Project Estimator,tool_variant,freelancer-tools,Freelance Project Estimator,project-estimator,https://www.mytulify.com/freelancer-tools/project-estimator
free online Freelance Project Estimator,tool_variant,freelancer-tools,Freelance Project Estimator,project-estimator,https://www.mytulify.com/freelancer-tools/project-estimator
Freelance Project Estimator online,tool_variant,freelancer-tools,Freelance Project Estimator,project-estimator,https://www.mytulify.com/freelancer-tools/project-estimator
project estimator,tool_variant,freelancer-tools,Freelance Project Estimator,project-estimator,https://www.mytulify.com/freelancer-tools/project-estimator
Freelancer Tools Freelance Project Estimator,tool_variant,freelancer-tools,Freelance Project Estimator,project-estimator,https://www.mytulify.com/freelancer-tools/project-estimator
Water Intake Calculator,tool,health-tools,Water Intake Calculator,water-intake-calculator,https://www.mytulify.com/health-tools/water-intake-calculator
free Water Intake Calculator,tool_variant,health-tools,Water Intake Calculator,water-intake-calculator,https://www.mytulify.com/health-tools/water-intake-calculator
free online Water Intake Calculator,tool_variant,health-tools,Water Intake Calculator,water-intake-calculator,https://www.mytulify.com/health-tools/water-intake-calculator
Water Intake Calculator online,tool_variant,health-tools,Water Intake Calculator,water-intake-calculator,https://www.mytulify.com/health-tools/water-intake-calculator
Health & Fitness Water Intake Calculator,tool_variant,health-tools,Water Intake Calculator,water-intake-calculator,https://www.mytulify.com/health-tools/water-intake-calculator
"Estimate your daily water needs based on weight, exercise and climate, shown in litres, cups and bottles",tool_variant,health-tools,Water Intake Calculator,water-intake-calculator,https://www.mytulify.com/health-tools/water-intake-calculator
Macro Calculator,tool,health-tools,Macro Calculator,macro-calculator,https://www.mytulify.com/health-tools/macro-calculator
free Macro Calculator,tool_variant,health-tools,Macro Calculator,macro-calculator,https://www.mytulify.com/health-tools/macro-calculator
free online Macro Calculator,tool_variant,health-tools,Macro Calculator,macro-calculator,https://www.mytulify.com/health-tools/macro-calculator
Macro Calculator online,tool_variant,health-tools,Macro Calculator,macro-calculator,https://www.mytulify.com/health-tools/macro-calculator
Health & Fitness Macro Calculator,tool_variant,health-tools,Macro Calculator,macro-calculator,https://www.mytulify.com/health-tools/macro-calculator
"Split your daily calories into protein, carbs and fat with diet-style presets and a per-meal breakdown",tool_variant,health-tools,Macro Calculator,macro-calculator,https://www.mytulify.com/health-tools/macro-calculator
Heart Rate Zone Calculator,tool,health-tools,Heart Rate Zone Calculator,heart-rate-zone-calculator,https://www.mytulify.com/health-tools/heart-rate-zone-calculator
free Heart Rate Zone Calculator,tool_variant,health-tools,Heart Rate Zone Calculator,heart-rate-zone-calculator,https://www.mytulify.com/health-tools/heart-rate-zone-calculator
free online Heart Rate Zone Calculator,tool_variant,health-tools,Heart Rate Zone Calculator,heart-rate-zone-calculator,https://www.mytulify.com/health-tools/heart-rate-zone-calculator
Heart Rate Zone Calculator online,tool_variant,health-tools,Heart Rate Zone Calculator,heart-rate-zone-calculator,https://www.mytulify.com/health-tools/heart-rate-zone-calculator
Health & Fitness Heart Rate Zone Calculator,tool_variant,health-tools,Heart Rate Zone Calculator,heart-rate-zone-calculator,https://www.mytulify.com/health-tools/heart-rate-zone-calculator
Calculate your 5 training heart-rate zones using the Karvonen method with your resting heart rate,tool_variant,health-tools,Heart Rate Zone Calculator,heart-rate-zone-calculator,https://www.mytulify.com/health-tools/heart-rate-zone-calculator
Calories Burned Calculator,tool,health-tools,Calories Burned Calculator,calories-burned-calculator,https://www.mytulify.com/health-tools/calories-burned-calculator
free Calories Burned Calculator,tool_variant,health-tools,Calories Burned Calculator,calories-burned-calculator,https://www.mytulify.com/health-tools/calories-burned-calculator
free online Calories Burned Calculator,tool_variant,health-tools,Calories Burned Calculator,calories-burned-calculator,https://www.mytulify.com/health-tools/calories-burned-calculator
Calories Burned Calculator online,tool_variant,health-tools,Calories Burned Calculator,calories-burned-calculator,https://www.mytulify.com/health-tools/calories-burned-calculator
Health & Fitness Calories Burned Calculator,tool_variant,health-tools,Calories Burned Calculator,calories-burned-calculator,https://www.mytulify.com/health-tools/calories-burned-calculator
"Estimate calories burned for dozens of activities using MET values, your weight and duration",tool_variant,health-tools,Calories Burned Calculator,calories-burned-calculator,https://www.mytulify.com/health-tools/calories-burned-calculator
One Rep Max Calculator,tool,health-tools,One Rep Max Calculator,one-rep-max-calculator,https://www.mytulify.com/health-tools/one-rep-max-calculator
free One Rep Max Calculator,tool_variant,health-tools,One Rep Max Calculator,one-rep-max-calculator,https://www.mytulify.com/health-tools/one-rep-max-calculator
free online One Rep Max Calculator,tool_variant,health-tools,One Rep Max Calculator,one-rep-max-calculator,https://www.mytulify.com/health-tools/one-rep-max-calculator
One Rep Max Calculator online,tool_variant,health-tools,One Rep Max Calculator,one-rep-max-calculator,https://www.mytulify.com/health-tools/one-rep-max-calculator
Health & Fitness One Rep Max Calculator,tool_variant,health-tools,One Rep Max Calculator,one-rep-max-calculator,https://www.mytulify.com/health-tools/one-rep-max-calculator
"Estimate your 1RM from a lift and reps, with a full percentage-of-max training table",tool_variant,health-tools,One Rep Max Calculator,one-rep-max-calculator,https://www.mytulify.com/health-tools/one-rep-max-calculator
Running Pace Calculator,tool,health-tools,Running Pace Calculator,pace-calculator,https://www.mytulify.com/health-tools/pace-calculator
free Running Pace Calculator,tool_variant,health-tools,Running Pace Calculator,pace-calculator,https://www.mytulify.com/health-tools/pace-calculator
free online Running Pace Calculator,tool_variant,health-tools,Running Pace Calculator,pace-calculator,https://www.mytulify.com/health-tools/pace-calculator
Running Pace Calculator online,tool_variant,health-tools,Running Pace Calculator,pace-calculator,https://www.mytulify.com/health-tools/pace-calculator
pace calculator,tool_variant,health-tools,Running Pace Calculator,pace-calculator,https://www.mytulify.com/health-tools/pace-calculator
Health & Fitness Running Pace Calculator,tool_variant,health-tools,Running Pace Calculator,pace-calculator,https://www.mytulify.com/health-tools/pace-calculator
"Turn a distance and time into pace per km and per mile, plus projected 5K, 10K, half and marathon times",tool_variant,health-tools,Running Pace Calculator,pace-calculator,https://www.mytulify.com/health-tools/pace-calculator
Blood Alcohol (BAC) Calculator,tool,health-tools,Blood Alcohol (BAC) Calculator,bac-calculator,https://www.mytulify.com/health-tools/bac-calculator
free Blood Alcohol (BAC) Calculator,tool_variant,health-tools,Blood Alcohol (BAC) Calculator,bac-calculator,https://www.mytulify.com/health-tools/bac-calculator
free online Blood Alcohol (BAC) Calculator,tool_variant,health-tools,Blood Alcohol (BAC) Calculator,bac-calculator,https://www.mytulify.com/health-tools/bac-calculator
Blood Alcohol (BAC) Calculator online,tool_variant,health-tools,Blood Alcohol (BAC) Calculator,bac-calculator,https://www.mytulify.com/health-tools/bac-calculator
bac calculator,tool_variant,health-tools,Blood Alcohol (BAC) Calculator,bac-calculator,https://www.mytulify.com/health-tools/bac-calculator
Health & Fitness Blood Alcohol (BAC) Calculator,tool_variant,health-tools,Blood Alcohol (BAC) Calculator,bac-calculator,https://www.mytulify.com/health-tools/bac-calculator
Estimate blood alcohol concentration with the Widmark formula and a time-to-sober estimate,tool_variant,health-tools,Blood Alcohol (BAC) Calculator,bac-calculator,https://www.mytulify.com/health-tools/bac-calculator
Protein Intake Calculator,tool,health-tools,Protein Intake Calculator,protein-intake-calculator,https://www.mytulify.com/health-tools/protein-intake-calculator
free Protein Intake Calculator,tool_variant,health-tools,Protein Intake Calculator,protein-intake-calculator,https://www.mytulify.com/health-tools/protein-intake-calculator
free online Protein Intake Calculator,tool_variant,health-tools,Protein Intake Calculator,protein-intake-calculator,https://www.mytulify.com/health-tools/protein-intake-calculator
Protein Intake Calculator online,tool_variant,health-tools,Protein Intake Calculator,protein-intake-calculator,https://www.mytulify.com/health-tools/protein-intake-calculator
Health & Fitness Protein Intake Calculator,tool_variant,health-tools,Protein Intake Calculator,protein-intake-calculator,https://www.mytulify.com/health-tools/protein-intake-calculator
Find your daily protein target range based on body weight and your goal,tool_variant,health-tools,Protein Intake Calculator,protein-intake-calculator,https://www.mytulify.com/health-tools/protein-intake-calculator
Waist-to-Hip Ratio Calculator,tool,health-tools,Waist-to-Hip Ratio Calculator,waist-to-hip-ratio-calculator,https://www.mytulify.com/health-tools/waist-to-hip-ratio-calculator
free Waist-to-Hip Ratio Calculator,tool_variant,health-tools,Waist-to-Hip Ratio Calculator,waist-to-hip-ratio-calculator,https://www.mytulify.com/health-tools/waist-to-hip-ratio-calculator
free online Waist-to-Hip Ratio Calculator,tool_variant,health-tools,Waist-to-Hip Ratio Calculator,waist-to-hip-ratio-calculator,https://www.mytulify.com/health-tools/waist-to-hip-ratio-calculator
Waist-to-Hip Ratio Calculator online,tool_variant,health-tools,Waist-to-Hip Ratio Calculator,waist-to-hip-ratio-calculator,https://www.mytulify.com/health-tools/waist-to-hip-ratio-calculator
waist to hip ratio calculator,tool_variant,health-tools,Waist-to-Hip Ratio Calculator,waist-to-hip-ratio-calculator,https://www.mytulify.com/health-tools/waist-to-hip-ratio-calculator
Health & Fitness Waist-to-Hip Ratio Calculator,tool_variant,health-tools,Waist-to-Hip Ratio Calculator,waist-to-hip-ratio-calculator,https://www.mytulify.com/health-tools/waist-to-hip-ratio-calculator
Calculate your waist-to-hip ratio and see your health-risk category by sex,tool_variant,health-tools,Waist-to-Hip Ratio Calculator,waist-to-hip-ratio-calculator,https://www.mytulify.com/health-tools/waist-to-hip-ratio-calculator
Body Surface Area Calculator,tool,health-tools,Body Surface Area Calculator,body-surface-area-calculator,https://www.mytulify.com/health-tools/body-surface-area-calculator
free Body Surface Area Calculator,tool_variant,health-tools,Body Surface Area Calculator,body-surface-area-calculator,https://www.mytulify.com/health-tools/body-surface-area-calculator
free online Body Surface Area Calculator,tool_variant,health-tools,Body Surface Area Calculator,body-surface-area-calculator,https://www.mytulify.com/health-tools/body-surface-area-calculator
Body Surface Area Calculator online,tool_variant,health-tools,Body Surface Area Calculator,body-surface-area-calculator,https://www.mytulify.com/health-tools/body-surface-area-calculator
Health & Fitness Body Surface Area Calculator,tool_variant,health-tools,Body Surface Area Calculator,body-surface-area-calculator,https://www.mytulify.com/health-tools/body-surface-area-calculator
Compute body surface area with the Mosteller and Du Bois formulas side by side,tool_variant,health-tools,Body Surface Area Calculator,body-surface-area-calculator,https://www.mytulify.com/health-tools/body-surface-area-calculator
BTU Calculator,tool,home-trade-calculators,BTU Calculator,btu-calculator,https://www.mytulify.com/home-trade-calculators/btu-calculator
free BTU Calculator,tool_variant,home-trade-calculators,BTU Calculator,btu-calculator,https://www.mytulify.com/home-trade-calculators/btu-calculator
free online BTU Calculator,tool_variant,home-trade-calculators,BTU Calculator,btu-calculator,https://www.mytulify.com/home-trade-calculators/btu-calculator
BTU Calculator online,tool_variant,home-trade-calculators,BTU Calculator,btu-calculator,https://www.mytulify.com/home-trade-calculators/btu-calculator
Home & Trade Calculators BTU Calculator,tool_variant,home-trade-calculators,BTU Calculator,btu-calculator,https://www.mytulify.com/home-trade-calculators/btu-calculator
"Estimate room cooling BTU from size, ceiling height, sun, people, windows, and a kitchen load, plus AC tons",tool_variant,home-trade-calculators,BTU Calculator,btu-calculator,https://www.mytulify.com/home-trade-calculators/btu-calculator
AC Tonnage Calculator,tool,home-trade-calculators,AC Tonnage Calculator,ac-tonnage-calculator,https://www.mytulify.com/home-trade-calculators/ac-tonnage-calculator
free AC Tonnage Calculator,tool_variant,home-trade-calculators,AC Tonnage Calculator,ac-tonnage-calculator,https://www.mytulify.com/home-trade-calculators/ac-tonnage-calculator
free online AC Tonnage Calculator,tool_variant,home-trade-calculators,AC Tonnage Calculator,ac-tonnage-calculator,https://www.mytulify.com/home-trade-calculators/ac-tonnage-calculator
AC Tonnage Calculator online,tool_variant,home-trade-calculators,AC Tonnage Calculator,ac-tonnage-calculator,https://www.mytulify.com/home-trade-calculators/ac-tonnage-calculator
Home & Trade Calculators AC Tonnage Calculator,tool_variant,home-trade-calculators,AC Tonnage Calculator,ac-tonnage-calculator,https://www.mytulify.com/home-trade-calculators/ac-tonnage-calculator
"Convert home square footage, insulation, and climate into cooling tons and BTU, rounded to the next half ton",tool_variant,home-trade-calculators,AC Tonnage Calculator,ac-tonnage-calculator,https://www.mytulify.com/home-trade-calculators/ac-tonnage-calculator
CFM Calculator,tool,home-trade-calculators,CFM Calculator,cfm-calculator,https://www.mytulify.com/home-trade-calculators/cfm-calculator
free CFM Calculator,tool_variant,home-trade-calculators,CFM Calculator,cfm-calculator,https://www.mytulify.com/home-trade-calculators/cfm-calculator
free online CFM Calculator,tool_variant,home-trade-calculators,CFM Calculator,cfm-calculator,https://www.mytulify.com/home-trade-calculators/cfm-calculator
CFM Calculator online,tool_variant,home-trade-calculators,CFM Calculator,cfm-calculator,https://www.mytulify.com/home-trade-calculators/cfm-calculator
Home & Trade Calculators CFM Calculator,tool_variant,home-trade-calculators,CFM Calculator,cfm-calculator,https://www.mytulify.com/home-trade-calculators/cfm-calculator
"Calculate airflow CFM from room volume and air changes per hour for a fan, hood, or workshop",tool_variant,home-trade-calculators,CFM Calculator,cfm-calculator,https://www.mytulify.com/home-trade-calculators/cfm-calculator
Air Changes Calculator,tool,home-trade-calculators,Air Changes Calculator,air-changes-calculator,https://www.mytulify.com/home-trade-calculators/air-changes-calculator
free Air Changes Calculator,tool_variant,home-trade-calculators,Air Changes Calculator,air-changes-calculator,https://www.mytulify.com/home-trade-calculators/air-changes-calculator
free online Air Changes Calculator,tool_variant,home-trade-calculators,Air Changes Calculator,air-changes-calculator,https://www.mytulify.com/home-trade-calculators/air-changes-calculator
Air Changes Calculator online,tool_variant,home-trade-calculators,Air Changes Calculator,air-changes-calculator,https://www.mytulify.com/home-trade-calculators/air-changes-calculator
Home & Trade Calculators Air Changes Calculator,tool_variant,home-trade-calculators,Air Changes Calculator,air-changes-calculator,https://www.mytulify.com/home-trade-calculators/air-changes-calculator
"Find air changes per hour from room cubic feet and fan CFM, plus minutes for one full air change",tool_variant,home-trade-calculators,Air Changes Calculator,air-changes-calculator,https://www.mytulify.com/home-trade-calculators/air-changes-calculator
Lumber Calculator,tool,home-trade-calculators,Lumber Calculator,lumber-calculator,https://www.mytulify.com/home-trade-calculators/lumber-calculator
free Lumber Calculator,tool_variant,home-trade-calculators,Lumber Calculator,lumber-calculator,https://www.mytulify.com/home-trade-calculators/lumber-calculator
free online Lumber Calculator,tool_variant,home-trade-calculators,Lumber Calculator,lumber-calculator,https://www.mytulify.com/home-trade-calculators/lumber-calculator
Lumber Calculator online,tool_variant,home-trade-calculators,Lumber Calculator,lumber-calculator,https://www.mytulify.com/home-trade-calculators/lumber-calculator
Home & Trade Calculators Lumber Calculator,tool_variant,home-trade-calculators,Lumber Calculator,lumber-calculator,https://www.mytulify.com/home-trade-calculators/lumber-calculator
"Calculate board feet, linear feet, and lumber cost from thickness, width, length, and board count",tool_variant,home-trade-calculators,Lumber Calculator,lumber-calculator,https://www.mytulify.com/home-trade-calculators/lumber-calculator
Deck Calculator,tool,home-trade-calculators,Deck Calculator,deck-calculator,https://www.mytulify.com/home-trade-calculators/deck-calculator
free Deck Calculator,tool_variant,home-trade-calculators,Deck Calculator,deck-calculator,https://www.mytulify.com/home-trade-calculators/deck-calculator
free online Deck Calculator,tool_variant,home-trade-calculators,Deck Calculator,deck-calculator,https://www.mytulify.com/home-trade-calculators/deck-calculator
Deck Calculator online,tool_variant,home-trade-calculators,Deck Calculator,deck-calculator,https://www.mytulify.com/home-trade-calculators/deck-calculator
Home & Trade Calculators Deck Calculator,tool_variant,home-trade-calculators,Deck Calculator,deck-calculator,https://www.mytulify.com/home-trade-calculators/deck-calculator
"Estimate deck boards, joists, and square footage from deck size, board width, gap, and joist spacing",tool_variant,home-trade-calculators,Deck Calculator,deck-calculator,https://www.mytulify.com/home-trade-calculators/deck-calculator
Spray Foam Calculator,tool,home-trade-calculators,Spray Foam Calculator,spray-foam-calculator,https://www.mytulify.com/home-trade-calculators/spray-foam-calculator
free Spray Foam Calculator,tool_variant,home-trade-calculators,Spray Foam Calculator,spray-foam-calculator,https://www.mytulify.com/home-trade-calculators/spray-foam-calculator
free online Spray Foam Calculator,tool_variant,home-trade-calculators,Spray Foam Calculator,spray-foam-calculator,https://www.mytulify.com/home-trade-calculators/spray-foam-calculator
Spray Foam Calculator online,tool_variant,home-trade-calculators,Spray Foam Calculator,spray-foam-calculator,https://www.mytulify.com/home-trade-calculators/spray-foam-calculator
Home & Trade Calculators Spray Foam Calculator,tool_variant,home-trade-calculators,Spray Foam Calculator,spray-foam-calculator,https://www.mytulify.com/home-trade-calculators/spray-foam-calculator
"Convert wall area and foam thickness into board feet, spray foam kits, and material cost",tool_variant,home-trade-calculators,Spray Foam Calculator,spray-foam-calculator,https://www.mytulify.com/home-trade-calculators/spray-foam-calculator
Miter Angle Calculator,tool,home-trade-calculators,Miter Angle Calculator,miter-angle-calculator,https://www.mytulify.com/home-trade-calculators/miter-angle-calculator
free Miter Angle Calculator,tool_variant,home-trade-calculators,Miter Angle Calculator,miter-angle-calculator,https://www.mytulify.com/home-trade-calculators/miter-angle-calculator
free online Miter Angle Calculator,tool_variant,home-trade-calculators,Miter Angle Calculator,miter-angle-calculator,https://www.mytulify.com/home-trade-calculators/miter-angle-calculator
Miter Angle Calculator online,tool_variant,home-trade-calculators,Miter Angle Calculator,miter-angle-calculator,https://www.mytulify.com/home-trade-calculators/miter-angle-calculator
Home & Trade Calculators Miter Angle Calculator,tool_variant,home-trade-calculators,Miter Angle Calculator,miter-angle-calculator,https://www.mytulify.com/home-trade-calculators/miter-angle-calculator
"Find the miter saw angle and interior corner for a square, hexagon, octagon, or any equal-sided frame",tool_variant,home-trade-calculators,Miter Angle Calculator,miter-angle-calculator,https://www.mytulify.com/home-trade-calculators/miter-angle-calculator
Kerf Calculator,tool,home-trade-calculators,Kerf Calculator,kerf-calculator,https://www.mytulify.com/home-trade-calculators/kerf-calculator
free Kerf Calculator,tool_variant,home-trade-calculators,Kerf Calculator,kerf-calculator,https://www.mytulify.com/home-trade-calculators/kerf-calculator
free online Kerf Calculator,tool_variant,home-trade-calculators,Kerf Calculator,kerf-calculator,https://www.mytulify.com/home-trade-calculators/kerf-calculator
Kerf Calculator online,tool_variant,home-trade-calculators,Kerf Calculator,kerf-calculator,https://www.mytulify.com/home-trade-calculators/kerf-calculator
Home & Trade Calculators Kerf Calculator,tool_variant,home-trade-calculators,Kerf Calculator,kerf-calculator,https://www.mytulify.com/home-trade-calculators/kerf-calculator
"See how many pieces a board yields after saw kerf, and how many boards to buy",tool_variant,home-trade-calculators,Kerf Calculator,kerf-calculator,https://www.mytulify.com/home-trade-calculators/kerf-calculator
Ohm's Law Calculator,tool,home-trade-calculators,Ohm's Law Calculator,ohms-law-calculator,https://www.mytulify.com/home-trade-calculators/ohms-law-calculator
free Ohm's Law Calculator,tool_variant,home-trade-calculators,Ohm's Law Calculator,ohms-law-calculator,https://www.mytulify.com/home-trade-calculators/ohms-law-calculator
free online Ohm's Law Calculator,tool_variant,home-trade-calculators,Ohm's Law Calculator,ohms-law-calculator,https://www.mytulify.com/home-trade-calculators/ohms-law-calculator
Ohm's Law Calculator online,tool_variant,home-trade-calculators,Ohm's Law Calculator,ohms-law-calculator,https://www.mytulify.com/home-trade-calculators/ohms-law-calculator
ohms law calculator,tool_variant,home-trade-calculators,Ohm's Law Calculator,ohms-law-calculator,https://www.mytulify.com/home-trade-calculators/ohms-law-calculator
Home & Trade Calculators Ohm's Law Calculator,tool_variant,home-trade-calculators,Ohm's Law Calculator,ohms-law-calculator,https://www.mytulify.com/home-trade-calculators/ohms-law-calculator
"Solve voltage, current, resistance, and watts with Ohm's law from any two electrical values",tool_variant,home-trade-calculators,Ohm's Law Calculator,ohms-law-calculator,https://www.mytulify.com/home-trade-calculators/ohms-law-calculator
Voltage Drop Calculator,tool,home-trade-calculators,Voltage Drop Calculator,voltage-drop-calculator,https://www.mytulify.com/home-trade-calculators/voltage-drop-calculator
free Voltage Drop Calculator,tool_variant,home-trade-calculators,Voltage Drop Calculator,voltage-drop-calculator,https://www.mytulify.com/home-trade-calculators/voltage-drop-calculator
free online Voltage Drop Calculator,tool_variant,home-trade-calculators,Voltage Drop Calculator,voltage-drop-calculator,https://www.mytulify.com/home-trade-calculators/voltage-drop-calculator
Voltage Drop Calculator online,tool_variant,home-trade-calculators,Voltage Drop Calculator,voltage-drop-calculator,https://www.mytulify.com/home-trade-calculators/voltage-drop-calculator
Home & Trade Calculators Voltage Drop Calculator,tool_variant,home-trade-calculators,Voltage Drop Calculator,voltage-drop-calculator,https://www.mytulify.com/home-trade-calculators/voltage-drop-calculator
"Calculate voltage drop and percent drop for copper or aluminum wire by AWG, amps, distance, and phase",tool_variant,home-trade-calculators,Voltage Drop Calculator,voltage-drop-calculator,https://www.mytulify.com/home-trade-calculators/voltage-drop-calculator
Wire Size Calculator,tool,home-trade-calculators,Wire Size Calculator,wire-size-calculator,https://www.mytulify.com/home-trade-calculators/wire-size-calculator
free Wire Size Calculator,tool_variant,home-trade-calculators,Wire Size Calculator,wire-size-calculator,https://www.mytulify.com/home-trade-calculators/wire-size-calculator
free online Wire Size Calculator,tool_variant,home-trade-calculators,Wire Size Calculator,wire-size-calculator,https://www.mytulify.com/home-trade-calculators/wire-size-calculator
Wire Size Calculator online,tool_variant,home-trade-calculators,Wire Size Calculator,wire-size-calculator,https://www.mytulify.com/home-trade-calculators/wire-size-calculator
Home & Trade Calculators Wire Size Calculator,tool_variant,home-trade-calculators,Wire Size Calculator,wire-size-calculator,https://www.mytulify.com/home-trade-calculators/wire-size-calculator
"Pick a wire gauge from load amps, run length, voltage, and a maximum voltage-drop percent",tool_variant,home-trade-calculators,Wire Size Calculator,wire-size-calculator,https://www.mytulify.com/home-trade-calculators/wire-size-calculator
kW to kVA Calculator,tool,home-trade-calculators,kW to kVA Calculator,kw-to-kva-calculator,https://www.mytulify.com/home-trade-calculators/kw-to-kva-calculator
free kW to kVA Calculator,tool_variant,home-trade-calculators,kW to kVA Calculator,kw-to-kva-calculator,https://www.mytulify.com/home-trade-calculators/kw-to-kva-calculator
free online kW to kVA Calculator,tool_variant,home-trade-calculators,kW to kVA Calculator,kw-to-kva-calculator,https://www.mytulify.com/home-trade-calculators/kw-to-kva-calculator
kW to kVA Calculator online,tool_variant,home-trade-calculators,kW to kVA Calculator,kw-to-kva-calculator,https://www.mytulify.com/home-trade-calculators/kw-to-kva-calculator
Home & Trade Calculators kW to kVA Calculator,tool_variant,home-trade-calculators,kW to kVA Calculator,kw-to-kva-calculator,https://www.mytulify.com/home-trade-calculators/kw-to-kva-calculator
"Convert kilowatts to kVA with power factor, and estimate single-phase or three-phase amps",tool_variant,home-trade-calculators,kW to kVA Calculator,kw-to-kva-calculator,https://www.mytulify.com/home-trade-calculators/kw-to-kva-calculator
Electricity Cost Calculator,tool,home-trade-calculators,Electricity Cost Calculator,electricity-cost-calculator,https://www.mytulify.com/home-trade-calculators/electricity-cost-calculator
free Electricity Cost Calculator,tool_variant,home-trade-calculators,Electricity Cost Calculator,electricity-cost-calculator,https://www.mytulify.com/home-trade-calculators/electricity-cost-calculator
free online Electricity Cost Calculator,tool_variant,home-trade-calculators,Electricity Cost Calculator,electricity-cost-calculator,https://www.mytulify.com/home-trade-calculators/electricity-cost-calculator
Electricity Cost Calculator online,tool_variant,home-trade-calculators,Electricity Cost Calculator,electricity-cost-calculator,https://www.mytulify.com/home-trade-calculators/electricity-cost-calculator
Home & Trade Calculators Electricity Cost Calculator,tool_variant,home-trade-calculators,Electricity Cost Calculator,electricity-cost-calculator,https://www.mytulify.com/home-trade-calculators/electricity-cost-calculator
"Estimate appliance electricity cost from watts, hours per day, and your price per kWh",tool_variant,home-trade-calculators,Electricity Cost Calculator,electricity-cost-calculator,https://www.mytulify.com/home-trade-calculators/electricity-cost-calculator
EV Charging Cost Calculator,tool,home-trade-calculators,EV Charging Cost Calculator,ev-charging-cost-calculator,https://www.mytulify.com/home-trade-calculators/ev-charging-cost-calculator
free EV Charging Cost Calculator,tool_variant,home-trade-calculators,EV Charging Cost Calculator,ev-charging-cost-calculator,https://www.mytulify.com/home-trade-calculators/ev-charging-cost-calculator
free online EV Charging Cost Calculator,tool_variant,home-trade-calculators,EV Charging Cost Calculator,ev-charging-cost-calculator,https://www.mytulify.com/home-trade-calculators/ev-charging-cost-calculator
EV Charging Cost Calculator online,tool_variant,home-trade-calculators,EV Charging Cost Calculator,ev-charging-cost-calculator,https://www.mytulify.com/home-trade-calculators/ev-charging-cost-calculator
Home & Trade Calculators EV Charging Cost Calculator,tool_variant,home-trade-calculators,EV Charging Cost Calculator,ev-charging-cost-calculator,https://www.mytulify.com/home-trade-calculators/ev-charging-cost-calculator
"Calculate electric vehicle charging cost, kWh, and hours from miles, efficiency, and charger kW",tool_variant,home-trade-calculators,EV Charging Cost Calculator,ev-charging-cost-calculator,https://www.mytulify.com/home-trade-calculators/ev-charging-cost-calculator
Closing Cost Calculator,tool,home-trade-calculators,Closing Cost Calculator,closing-cost-calculator,https://www.mytulify.com/home-trade-calculators/closing-cost-calculator
free Closing Cost Calculator,tool_variant,home-trade-calculators,Closing Cost Calculator,closing-cost-calculator,https://www.mytulify.com/home-trade-calculators/closing-cost-calculator
free online Closing Cost Calculator,tool_variant,home-trade-calculators,Closing Cost Calculator,closing-cost-calculator,https://www.mytulify.com/home-trade-calculators/closing-cost-calculator
Closing Cost Calculator online,tool_variant,home-trade-calculators,Closing Cost Calculator,closing-cost-calculator,https://www.mytulify.com/home-trade-calculators/closing-cost-calculator
Home & Trade Calculators Closing Cost Calculator,tool_variant,home-trade-calculators,Closing Cost Calculator,closing-cost-calculator,https://www.mytulify.com/home-trade-calculators/closing-cost-calculator
"Estimate buyer closing costs from lender fees, title, inspection, appraisal, and prepaid tax and insurance",tool_variant,home-trade-calculators,Closing Cost Calculator,closing-cost-calculator,https://www.mytulify.com/home-trade-calculators/closing-cost-calculator
Down Payment Calculator,tool,home-trade-calculators,Down Payment Calculator,down-payment-calculator,https://www.mytulify.com/home-trade-calculators/down-payment-calculator
free Down Payment Calculator,tool_variant,home-trade-calculators,Down Payment Calculator,down-payment-calculator,https://www.mytulify.com/home-trade-calculators/down-payment-calculator
free online Down Payment Calculator,tool_variant,home-trade-calculators,Down Payment Calculator,down-payment-calculator,https://www.mytulify.com/home-trade-calculators/down-payment-calculator
Down Payment Calculator online,tool_variant,home-trade-calculators,Down Payment Calculator,down-payment-calculator,https://www.mytulify.com/home-trade-calculators/down-payment-calculator
Home & Trade Calculators Down Payment Calculator,tool_variant,home-trade-calculators,Down Payment Calculator,down-payment-calculator,https://www.mytulify.com/home-trade-calculators/down-payment-calculator
"Compare 3%, 5%, 10%, 20%, and a custom down payment, with loan amount and whether PMI is likely",tool_variant,home-trade-calculators,Down Payment Calculator,down-payment-calculator,https://www.mytulify.com/home-trade-calculators/down-payment-calculator
Refinance Calculator,tool,home-trade-calculators,Refinance Calculator,refinance-calculator,https://www.mytulify.com/home-trade-calculators/refinance-calculator
free Refinance Calculator,tool_variant,home-trade-calculators,Refinance Calculator,refinance-calculator,https://www.mytulify.com/home-trade-calculators/refinance-calculator
free online Refinance Calculator,tool_variant,home-trade-calculators,Refinance Calculator,refinance-calculator,https://www.mytulify.com/home-trade-calculators/refinance-calculator
Refinance Calculator online,tool_variant,home-trade-calculators,Refinance Calculator,refinance-calculator,https://www.mytulify.com/home-trade-calculators/refinance-calculator
Home & Trade Calculators Refinance Calculator,tool_variant,home-trade-calculators,Refinance Calculator,refinance-calculator,https://www.mytulify.com/home-trade-calculators/refinance-calculator
"Compare your current mortgage payment with a refinance, including break-even months and total interest",tool_variant,home-trade-calculators,Refinance Calculator,refinance-calculator,https://www.mytulify.com/home-trade-calculators/refinance-calculator
Rental Property Calculator,tool,home-trade-calculators,Rental Property Calculator,rental-property-calculator,https://www.mytulify.com/home-trade-calculators/rental-property-calculator
free Rental Property Calculator,tool_variant,home-trade-calculators,Rental Property Calculator,rental-property-calculator,https://www.mytulify.com/home-trade-calculators/rental-property-calculator
free online Rental Property Calculator,tool_variant,home-trade-calculators,Rental Property Calculator,rental-property-calculator,https://www.mytulify.com/home-trade-calculators/rental-property-calculator
Rental Property Calculator online,tool_variant,home-trade-calculators,Rental Property Calculator,rental-property-calculator,https://www.mytulify.com/home-trade-calculators/rental-property-calculator
Home & Trade Calculators Rental Property Calculator,tool_variant,home-trade-calculators,Rental Property Calculator,rental-property-calculator,https://www.mytulify.com/home-trade-calculators/rental-property-calculator
"Estimate cap rate, monthly cash flow, cash-on-cash return, and mortgage payment for a rental property",tool_variant,home-trade-calculators,Rental Property Calculator,rental-property-calculator,https://www.mytulify.com/home-trade-calculators/rental-property-calculator
Seller Net Calculator,tool,home-trade-calculators,Seller Net Calculator,seller-net-calculator,https://www.mytulify.com/home-trade-calculators/seller-net-calculator
free Seller Net Calculator,tool_variant,home-trade-calculators,Seller Net Calculator,seller-net-calculator,https://www.mytulify.com/home-trade-calculators/seller-net-calculator
free online Seller Net Calculator,tool_variant,home-trade-calculators,Seller Net Calculator,seller-net-calculator,https://www.mytulify.com/home-trade-calculators/seller-net-calculator
Seller Net Calculator online,tool_variant,home-trade-calculators,Seller Net Calculator,seller-net-calculator,https://www.mytulify.com/home-trade-calculators/seller-net-calculator
Home & Trade Calculators Seller Net Calculator,tool_variant,home-trade-calculators,Seller Net Calculator,seller-net-calculator,https://www.mytulify.com/home-trade-calculators/seller-net-calculator
"Estimate seller net proceeds after commission, mortgage payoff, closing costs, and repairs",tool_variant,home-trade-calculators,Seller Net Calculator,seller-net-calculator,https://www.mytulify.com/home-trade-calculators/seller-net-calculator
Loan Comparison Calculator,tool,home-trade-calculators,Loan Comparison Calculator,loan-comparison-calculator,https://www.mytulify.com/home-trade-calculators/loan-comparison-calculator
free Loan Comparison Calculator,tool_variant,home-trade-calculators,Loan Comparison Calculator,loan-comparison-calculator,https://www.mytulify.com/home-trade-calculators/loan-comparison-calculator
free online Loan Comparison Calculator,tool_variant,home-trade-calculators,Loan Comparison Calculator,loan-comparison-calculator,https://www.mytulify.com/home-trade-calculators/loan-comparison-calculator
Loan Comparison Calculator online,tool_variant,home-trade-calculators,Loan Comparison Calculator,loan-comparison-calculator,https://www.mytulify.com/home-trade-calculators/loan-comparison-calculator
Home & Trade Calculators Loan Comparison Calculator,tool_variant,home-trade-calculators,Loan Comparison Calculator,loan-comparison-calculator,https://www.mytulify.com/home-trade-calculators/loan-comparison-calculator
"Compare two loans side by side on monthly payment, total interest, and total amount paid",tool_variant,home-trade-calculators,Loan Comparison Calculator,loan-comparison-calculator,https://www.mytulify.com/home-trade-calculators/loan-comparison-calculator
Budget Calculator,tool,home-trade-calculators,Budget Calculator,budget-calculator,https://www.mytulify.com/home-trade-calculators/budget-calculator
free Budget Calculator,tool_variant,home-trade-calculators,Budget Calculator,budget-calculator,https://www.mytulify.com/home-trade-calculators/budget-calculator
free online Budget Calculator,tool_variant,home-trade-calculators,Budget Calculator,budget-calculator,https://www.mytulify.com/home-trade-calculators/budget-calculator
Budget Calculator online,tool_variant,home-trade-calculators,Budget Calculator,budget-calculator,https://www.mytulify.com/home-trade-calculators/budget-calculator
Home & Trade Calculators Budget Calculator,tool_variant,home-trade-calculators,Budget Calculator,budget-calculator,https://www.mytulify.com/home-trade-calculators/budget-calculator
"Split monthly income across housing, food, transport, and debt, then see what is left and the savings rate",tool_variant,home-trade-calculators,Budget Calculator,budget-calculator,https://www.mytulify.com/home-trade-calculators/budget-calculator
Vehicle Depreciation Calculator,tool,home-trade-calculators,Vehicle Depreciation Calculator,vehicle-depreciation-calculator,https://www.mytulify.com/home-trade-calculators/vehicle-depreciation-calculator
free Vehicle Depreciation Calculator,tool_variant,home-trade-calculators,Vehicle Depreciation Calculator,vehicle-depreciation-calculator,https://www.mytulify.com/home-trade-calculators/vehicle-depreciation-calculator
free online Vehicle Depreciation Calculator,tool_variant,home-trade-calculators,Vehicle Depreciation Calculator,vehicle-depreciation-calculator,https://www.mytulify.com/home-trade-calculators/vehicle-depreciation-calculator
Vehicle Depreciation Calculator online,tool_variant,home-trade-calculators,Vehicle Depreciation Calculator,vehicle-depreciation-calculator,https://www.mytulify.com/home-trade-calculators/vehicle-depreciation-calculator
Home & Trade Calculators Vehicle Depreciation Calculator,tool_variant,home-trade-calculators,Vehicle Depreciation Calculator,vehicle-depreciation-calculator,https://www.mytulify.com/home-trade-calculators/vehicle-depreciation-calculator
Project car value year by year with a declining-balance depreciation rate,tool_variant,home-trade-calculators,Vehicle Depreciation Calculator,vehicle-depreciation-calculator,https://www.mytulify.com/home-trade-calculators/vehicle-depreciation-calculator
Marketplace Fee Calculator,tool,home-trade-calculators,Marketplace Fee Calculator,marketplace-fee-calculator,https://www.mytulify.com/home-trade-calculators/marketplace-fee-calculator
free Marketplace Fee Calculator,tool_variant,home-trade-calculators,Marketplace Fee Calculator,marketplace-fee-calculator,https://www.mytulify.com/home-trade-calculators/marketplace-fee-calculator
free online Marketplace Fee Calculator,tool_variant,home-trade-calculators,Marketplace Fee Calculator,marketplace-fee-calculator,https://www.mytulify.com/home-trade-calculators/marketplace-fee-calculator
Marketplace Fee Calculator online,tool_variant,home-trade-calculators,Marketplace Fee Calculator,marketplace-fee-calculator,https://www.mytulify.com/home-trade-calculators/marketplace-fee-calculator
Home & Trade Calculators Marketplace Fee Calculator,tool_variant,home-trade-calculators,Marketplace Fee Calculator,marketplace-fee-calculator,https://www.mytulify.com/home-trade-calculators/marketplace-fee-calculator
"Calculate seller fees, shipping, product cost, net profit, and margin for an online marketplace listing",tool_variant,home-trade-calculators,Marketplace Fee Calculator,marketplace-fee-calculator,https://www.mytulify.com/home-trade-calculators/marketplace-fee-calculator
Tithing Calculator,tool,home-trade-calculators,Tithing Calculator,tithing-calculator,https://www.mytulify.com/home-trade-calculators/tithing-calculator
free Tithing Calculator,tool_variant,home-trade-calculators,Tithing Calculator,tithing-calculator,https://www.mytulify.com/home-trade-calculators/tithing-calculator
free online Tithing Calculator,tool_variant,home-trade-calculators,Tithing Calculator,tithing-calculator,https://www.mytulify.com/home-trade-calculators/tithing-calculator
Tithing Calculator online,tool_variant,home-trade-calculators,Tithing Calculator,tithing-calculator,https://www.mytulify.com/home-trade-calculators/tithing-calculator
Home & Trade Calculators Tithing Calculator,tool_variant,home-trade-calculators,Tithing Calculator,tithing-calculator,https://www.mytulify.com/home-trade-calculators/tithing-calculator
"Calculate a tithe or any percent of weekly, monthly, or yearly income",tool_variant,home-trade-calculators,Tithing Calculator,tithing-calculator,https://www.mytulify.com/home-trade-calculators/tithing-calculator
Retirement Calculator,tool,home-trade-calculators,Retirement Calculator,retirement-calculator,https://www.mytulify.com/home-trade-calculators/retirement-calculator
free Retirement Calculator,tool_variant,home-trade-calculators,Retirement Calculator,retirement-calculator,https://www.mytulify.com/home-trade-calculators/retirement-calculator
free online Retirement Calculator,tool_variant,home-trade-calculators,Retirement Calculator,retirement-calculator,https://www.mytulify.com/home-trade-calculators/retirement-calculator
Retirement Calculator online,tool_variant,home-trade-calculators,Retirement Calculator,retirement-calculator,https://www.mytulify.com/home-trade-calculators/retirement-calculator
Home & Trade Calculators Retirement Calculator,tool_variant,home-trade-calculators,Retirement Calculator,retirement-calculator,https://www.mytulify.com/home-trade-calculators/retirement-calculator
"Project retirement savings from a current balance, monthly contribution, return, and years",tool_variant,home-trade-calculators,Retirement Calculator,retirement-calculator,https://www.mytulify.com/home-trade-calculators/retirement-calculator
Employee Cost Calculator,tool,home-trade-calculators,Employee Cost Calculator,employee-cost-calculator,https://www.mytulify.com/home-trade-calculators/employee-cost-calculator
free Employee Cost Calculator,tool_variant,home-trade-calculators,Employee Cost Calculator,employee-cost-calculator,https://www.mytulify.com/home-trade-calculators/employee-cost-calculator
free online Employee Cost Calculator,tool_variant,home-trade-calculators,Employee Cost Calculator,employee-cost-calculator,https://www.mytulify.com/home-trade-calculators/employee-cost-calculator
Employee Cost Calculator online,tool_variant,home-trade-calculators,Employee Cost Calculator,employee-cost-calculator,https://www.mytulify.com/home-trade-calculators/employee-cost-calculator
Home & Trade Calculators Employee Cost Calculator,tool_variant,home-trade-calculators,Employee Cost Calculator,employee-cost-calculator,https://www.mytulify.com/home-trade-calculators/employee-cost-calculator
"Estimate fully loaded employee cost from salary, benefits percent, and employer payroll tax",tool_variant,home-trade-calculators,Employee Cost Calculator,employee-cost-calculator,https://www.mytulify.com/home-trade-calculators/employee-cost-calculator
Absorption Rate Calculator,tool,home-trade-calculators,Absorption Rate Calculator,absorption-rate-calculator,https://www.mytulify.com/home-trade-calculators/absorption-rate-calculator
free Absorption Rate Calculator,tool_variant,home-trade-calculators,Absorption Rate Calculator,absorption-rate-calculator,https://www.mytulify.com/home-trade-calculators/absorption-rate-calculator
free online Absorption Rate Calculator,tool_variant,home-trade-calculators,Absorption Rate Calculator,absorption-rate-calculator,https://www.mytulify.com/home-trade-calculators/absorption-rate-calculator
Absorption Rate Calculator online,tool_variant,home-trade-calculators,Absorption Rate Calculator,absorption-rate-calculator,https://www.mytulify.com/home-trade-calculators/absorption-rate-calculator
Home & Trade Calculators Absorption Rate Calculator,tool_variant,home-trade-calculators,Absorption Rate Calculator,absorption-rate-calculator,https://www.mytulify.com/home-trade-calculators/absorption-rate-calculator
Calculate real estate absorption rate and months of housing supply from sales and active listings,tool_variant,home-trade-calculators,Absorption Rate Calculator,absorption-rate-calculator,https://www.mytulify.com/home-trade-calculators/absorption-rate-calculator
Car Trade-In Calculator,tool,home-trade-calculators,Car Trade-In Calculator,car-trade-equity-calculator,https://www.mytulify.com/home-trade-calculators/car-trade-equity-calculator
free Car Trade-In Calculator,tool_variant,home-trade-calculators,Car Trade-In Calculator,car-trade-equity-calculator,https://www.mytulify.com/home-trade-calculators/car-trade-equity-calculator
free online Car Trade-In Calculator,tool_variant,home-trade-calculators,Car Trade-In Calculator,car-trade-equity-calculator,https://www.mytulify.com/home-trade-calculators/car-trade-equity-calculator
Car Trade-In Calculator online,tool_variant,home-trade-calculators,Car Trade-In Calculator,car-trade-equity-calculator,https://www.mytulify.com/home-trade-calculators/car-trade-equity-calculator
car trade equity calculator,tool_variant,home-trade-calculators,Car Trade-In Calculator,car-trade-equity-calculator,https://www.mytulify.com/home-trade-calculators/car-trade-equity-calculator
Home & Trade Calculators Car Trade-In Calculator,tool_variant,home-trade-calculators,Car Trade-In Calculator,car-trade-equity-calculator,https://www.mytulify.com/home-trade-calculators/car-trade-equity-calculator
Business Valuation Calculator,tool,home-trade-calculators,Business Valuation Calculator,business-valuation-calculator,https://www.mytulify.com/home-trade-calculators/business-valuation-calculator
free Business Valuation Calculator,tool_variant,home-trade-calculators,Business Valuation Calculator,business-valuation-calculator,https://www.mytulify.com/home-trade-calculators/business-valuation-calculator
free online Business Valuation Calculator,tool_variant,home-trade-calculators,Business Valuation Calculator,business-valuation-calculator,https://www.mytulify.com/home-trade-calculators/business-valuation-calculator
Business Valuation Calculator online,tool_variant,home-trade-calculators,Business Valuation Calculator,business-valuation-calculator,https://www.mytulify.com/home-trade-calculators/business-valuation-calculator
Home & Trade Calculators Business Valuation Calculator,tool_variant,home-trade-calculators,Business Valuation Calculator,business-valuation-calculator,https://www.mytulify.com/home-trade-calculators/business-valuation-calculator
Estimate a small-business value from seller earnings and revenue using multiples you choose,tool_variant,home-trade-calculators,Business Valuation Calculator,business-valuation-calculator,https://www.mytulify.com/home-trade-calculators/business-valuation-calculator
Aquarium Calculator,tool,home-trade-calculators,Aquarium Calculator,aquarium-calculator,https://www.mytulify.com/home-trade-calculators/aquarium-calculator
free Aquarium Calculator,tool_variant,home-trade-calculators,Aquarium Calculator,aquarium-calculator,https://www.mytulify.com/home-trade-calculators/aquarium-calculator
free online Aquarium Calculator,tool_variant,home-trade-calculators,Aquarium Calculator,aquarium-calculator,https://www.mytulify.com/home-trade-calculators/aquarium-calculator
Aquarium Calculator online,tool_variant,home-trade-calculators,Aquarium Calculator,aquarium-calculator,https://www.mytulify.com/home-trade-calculators/aquarium-calculator
Home & Trade Calculators Aquarium Calculator,tool_variant,home-trade-calculators,Aquarium Calculator,aquarium-calculator,https://www.mytulify.com/home-trade-calculators/aquarium-calculator
"Convert tank dimensions to gallons and liters, plus heater watts, water-change volume, and salt dose",tool_variant,home-trade-calculators,Aquarium Calculator,aquarium-calculator,https://www.mytulify.com/home-trade-calculators/aquarium-calculator
Coffee Ratio Calculator,tool,home-trade-calculators,Coffee Ratio Calculator,coffee-ratio-calculator,https://www.mytulify.com/home-trade-calculators/coffee-ratio-calculator
free Coffee Ratio Calculator,tool_variant,home-trade-calculators,Coffee Ratio Calculator,coffee-ratio-calculator,https://www.mytulify.com/home-trade-calculators/coffee-ratio-calculator
free online Coffee Ratio Calculator,tool_variant,home-trade-calculators,Coffee Ratio Calculator,coffee-ratio-calculator,https://www.mytulify.com/home-trade-calculators/coffee-ratio-calculator
Coffee Ratio Calculator online,tool_variant,home-trade-calculators,Coffee Ratio Calculator,coffee-ratio-calculator,https://www.mytulify.com/home-trade-calculators/coffee-ratio-calculator
Home & Trade Calculators Coffee Ratio Calculator,tool_variant,home-trade-calculators,Coffee Ratio Calculator,coffee-ratio-calculator,https://www.mytulify.com/home-trade-calculators/coffee-ratio-calculator
"Calculate pour-over, French press, drip, cold brew, and espresso water from a coffee dose and brew ratio",tool_variant,home-trade-calculators,Coffee Ratio Calculator,coffee-ratio-calculator,https://www.mytulify.com/home-trade-calculators/coffee-ratio-calculator
3D Print Cost Calculator,tool,home-trade-calculators,3D Print Cost Calculator,3d-print-cost-calculator,https://www.mytulify.com/home-trade-calculators/3d-print-cost-calculator
free 3D Print Cost Calculator,tool_variant,home-trade-calculators,3D Print Cost Calculator,3d-print-cost-calculator,https://www.mytulify.com/home-trade-calculators/3d-print-cost-calculator
free online 3D Print Cost Calculator,tool_variant,home-trade-calculators,3D Print Cost Calculator,3d-print-cost-calculator,https://www.mytulify.com/home-trade-calculators/3d-print-cost-calculator
3D Print Cost Calculator online,tool_variant,home-trade-calculators,3D Print Cost Calculator,3d-print-cost-calculator,https://www.mytulify.com/home-trade-calculators/3d-print-cost-calculator
Home & Trade Calculators 3D Print Cost Calculator,tool_variant,home-trade-calculators,3D Print Cost Calculator,3d-print-cost-calculator,https://www.mytulify.com/home-trade-calculators/3d-print-cost-calculator
"Estimate 3D print cost from filament grams, spool price, print hours, printer watts, and electricity rate",tool_variant,home-trade-calculators,3D Print Cost Calculator,3d-print-cost-calculator,https://www.mytulify.com/home-trade-calculators/3d-print-cost-calculator
Cat Age Calculator,tool,home-trade-calculators,Cat Age Calculator,cat-age-calculator,https://www.mytulify.com/home-trade-calculators/cat-age-calculator
free Cat Age Calculator,tool_variant,home-trade-calculators,Cat Age Calculator,cat-age-calculator,https://www.mytulify.com/home-trade-calculators/cat-age-calculator
free online Cat Age Calculator,tool_variant,home-trade-calculators,Cat Age Calculator,cat-age-calculator,https://www.mytulify.com/home-trade-calculators/cat-age-calculator
Cat Age Calculator online,tool_variant,home-trade-calculators,Cat Age Calculator,cat-age-calculator,https://www.mytulify.com/home-trade-calculators/cat-age-calculator
Home & Trade Calculators Cat Age Calculator,tool_variant,home-trade-calculators,Cat Age Calculator,cat-age-calculator,https://www.mytulify.com/home-trade-calculators/cat-age-calculator
Convert cat years and months into an approximate human-equivalent age,tool_variant,home-trade-calculators,Cat Age Calculator,cat-age-calculator,https://www.mytulify.com/home-trade-calculators/cat-age-calculator
Plant Spacing Calculator,tool,home-trade-calculators,Plant Spacing Calculator,plant-spacing-calculator,https://www.mytulify.com/home-trade-calculators/plant-spacing-calculator
free Plant Spacing Calculator,tool_variant,home-trade-calculators,Plant Spacing Calculator,plant-spacing-calculator,https://www.mytulify.com/home-trade-calculators/plant-spacing-calculator
free online Plant Spacing Calculator,tool_variant,home-trade-calculators,Plant Spacing Calculator,plant-spacing-calculator,https://www.mytulify.com/home-trade-calculators/plant-spacing-calculator
Plant Spacing Calculator online,tool_variant,home-trade-calculators,Plant Spacing Calculator,plant-spacing-calculator,https://www.mytulify.com/home-trade-calculators/plant-spacing-calculator
Home & Trade Calculators Plant Spacing Calculator,tool_variant,home-trade-calculators,Plant Spacing Calculator,plant-spacing-calculator,https://www.mytulify.com/home-trade-calculators/plant-spacing-calculator
Count how many plants fit in a garden bed with square or triangular spacing,tool_variant,home-trade-calculators,Plant Spacing Calculator,plant-spacing-calculator,https://www.mytulify.com/home-trade-calculators/plant-spacing-calculator
Compost Calculator,tool,home-trade-calculators,Compost Calculator,compost-calculator,https://www.mytulify.com/home-trade-calculators/compost-calculator
free Compost Calculator,tool_variant,home-trade-calculators,Compost Calculator,compost-calculator,https://www.mytulify.com/home-trade-calculators/compost-calculator
free online Compost Calculator,tool_variant,home-trade-calculators,Compost Calculator,compost-calculator,https://www.mytulify.com/home-trade-calculators/compost-calculator
Compost Calculator online,tool_variant,home-trade-calculators,Compost Calculator,compost-calculator,https://www.mytulify.com/home-trade-calculators/compost-calculator
Home & Trade Calculators Compost Calculator,tool_variant,home-trade-calculators,Compost Calculator,compost-calculator,https://www.mytulify.com/home-trade-calculators/compost-calculator
Balance browns and greens by volume and see how much to add for a target compost ratio,tool_variant,home-trade-calculators,Compost Calculator,compost-calculator,https://www.mytulify.com/home-trade-calculators/compost-calculator
Hull Speed Calculator,tool,home-trade-calculators,Hull Speed Calculator,hull-speed-calculator,https://www.mytulify.com/home-trade-calculators/hull-speed-calculator
free Hull Speed Calculator,tool_variant,home-trade-calculators,Hull Speed Calculator,hull-speed-calculator,https://www.mytulify.com/home-trade-calculators/hull-speed-calculator
free online Hull Speed Calculator,tool_variant,home-trade-calculators,Hull Speed Calculator,hull-speed-calculator,https://www.mytulify.com/home-trade-calculators/hull-speed-calculator
Hull Speed Calculator online,tool_variant,home-trade-calculators,Hull Speed Calculator,hull-speed-calculator,https://www.mytulify.com/home-trade-calculators/hull-speed-calculator
Home & Trade Calculators Hull Speed Calculator,tool_variant,home-trade-calculators,Hull Speed Calculator,hull-speed-calculator,https://www.mytulify.com/home-trade-calculators/hull-speed-calculator
"Calculate displacement hull speed in knots, mph, and km/h from waterline length",tool_variant,home-trade-calculators,Hull Speed Calculator,hull-speed-calculator,https://www.mytulify.com/home-trade-calculators/hull-speed-calculator
Fuel Mix Calculator,tool,home-trade-calculators,Fuel Mix Calculator,fuel-mix-calculator,https://www.mytulify.com/home-trade-calculators/fuel-mix-calculator
free Fuel Mix Calculator,tool_variant,home-trade-calculators,Fuel Mix Calculator,fuel-mix-calculator,https://www.mytulify.com/home-trade-calculators/fuel-mix-calculator
free online Fuel Mix Calculator,tool_variant,home-trade-calculators,Fuel Mix Calculator,fuel-mix-calculator,https://www.mytulify.com/home-trade-calculators/fuel-mix-calculator
Fuel Mix Calculator online,tool_variant,home-trade-calculators,Fuel Mix Calculator,fuel-mix-calculator,https://www.mytulify.com/home-trade-calculators/fuel-mix-calculator
Home & Trade Calculators Fuel Mix Calculator,tool_variant,home-trade-calculators,Fuel Mix Calculator,fuel-mix-calculator,https://www.mytulify.com/home-trade-calculators/fuel-mix-calculator
"Calculate 2-stroke oil for a 50:1, 40:1, 32:1, or 25:1 gas mix in ounces and milliliters",tool_variant,home-trade-calculators,Fuel Mix Calculator,fuel-mix-calculator,https://www.mytulify.com/home-trade-calculators/fuel-mix-calculator
Molarity Calculator,tool,home-trade-calculators,Molarity Calculator,molarity-calculator,https://www.mytulify.com/home-trade-calculators/molarity-calculator
free Molarity Calculator,tool_variant,home-trade-calculators,Molarity Calculator,molarity-calculator,https://www.mytulify.com/home-trade-calculators/molarity-calculator
free online Molarity Calculator,tool_variant,home-trade-calculators,Molarity Calculator,molarity-calculator,https://www.mytulify.com/home-trade-calculators/molarity-calculator
Molarity Calculator online,tool_variant,home-trade-calculators,Molarity Calculator,molarity-calculator,https://www.mytulify.com/home-trade-calculators/molarity-calculator
Home & Trade Calculators Molarity Calculator,tool_variant,home-trade-calculators,Molarity Calculator,molarity-calculator,https://www.mytulify.com/home-trade-calculators/molarity-calculator
"Calculate solution molarity from grams and molar mass, or the grams to weigh for a target molarity",tool_variant,home-trade-calculators,Molarity Calculator,molarity-calculator,https://www.mytulify.com/home-trade-calculators/molarity-calculator
Hexagon Quilt Calculator,tool,home-trade-calculators,Hexagon Quilt Calculator,hexagon-quilt-calculator,https://www.mytulify.com/home-trade-calculators/hexagon-quilt-calculator
free Hexagon Quilt Calculator,tool_variant,home-trade-calculators,Hexagon Quilt Calculator,hexagon-quilt-calculator,https://www.mytulify.com/home-trade-calculators/hexagon-quilt-calculator
free online Hexagon Quilt Calculator,tool_variant,home-trade-calculators,Hexagon Quilt Calculator,hexagon-quilt-calculator,https://www.mytulify.com/home-trade-calculators/hexagon-quilt-calculator
Hexagon Quilt Calculator online,tool_variant,home-trade-calculators,Hexagon Quilt Calculator,hexagon-quilt-calculator,https://www.mytulify.com/home-trade-calculators/hexagon-quilt-calculator
Home & Trade Calculators Hexagon Quilt Calculator,tool_variant,home-trade-calculators,Hexagon Quilt Calculator,hexagon-quilt-calculator,https://www.mytulify.com/home-trade-calculators/hexagon-quilt-calculator
"Estimate fabric area for hexagon quilt pieces from side length, seam allowance, and how many hexes you need",tool_variant,home-trade-calculators,Hexagon Quilt Calculator,hexagon-quilt-calculator,https://www.mytulify.com/home-trade-calculators/hexagon-quilt-calculator
Resize Image,tool,image-tools,Resize Image,resize-image,https://www.mytulify.com/image-tools/resize-image
free Resize Image,tool_variant,image-tools,Resize Image,resize-image,https://www.mytulify.com/image-tools/resize-image
free online Resize Image,tool_variant,image-tools,Resize Image,resize-image,https://www.mytulify.com/image-tools/resize-image
Resize Image online,tool_variant,image-tools,Resize Image,resize-image,https://www.mytulify.com/image-tools/resize-image
Image Tools Resize Image,tool_variant,image-tools,Resize Image,resize-image,https://www.mytulify.com/image-tools/resize-image
Change image dimensions by pixels or percentage,tool_variant,image-tools,Resize Image,resize-image,https://www.mytulify.com/image-tools/resize-image
Compress Image,tool,image-tools,Compress Image,compress-image,https://www.mytulify.com/image-tools/compress-image
free Compress Image,tool_variant,image-tools,Compress Image,compress-image,https://www.mytulify.com/image-tools/compress-image
free online Compress Image,tool_variant,image-tools,Compress Image,compress-image,https://www.mytulify.com/image-tools/compress-image
Compress Image online,tool_variant,image-tools,Compress Image,compress-image,https://www.mytulify.com/image-tools/compress-image
Image Tools Compress Image,tool_variant,image-tools,Compress Image,compress-image,https://www.mytulify.com/image-tools/compress-image
Shrink JPG/PNG/WebP file size with quality control,tool_variant,image-tools,Compress Image,compress-image,https://www.mytulify.com/image-tools/compress-image
Crop Image,tool,image-tools,Crop Image,crop-image,https://www.mytulify.com/image-tools/crop-image
free Crop Image,tool_variant,image-tools,Crop Image,crop-image,https://www.mytulify.com/image-tools/crop-image
free online Crop Image,tool_variant,image-tools,Crop Image,crop-image,https://www.mytulify.com/image-tools/crop-image
Crop Image online,tool_variant,image-tools,Crop Image,crop-image,https://www.mytulify.com/image-tools/crop-image
Image Tools Crop Image,tool_variant,image-tools,Crop Image,crop-image,https://www.mytulify.com/image-tools/crop-image
Crop images freely or to fixed aspect ratios,tool_variant,image-tools,Crop Image,crop-image,https://www.mytulify.com/image-tools/crop-image
Rotate Image,tool,image-tools,Rotate Image,rotate-image,https://www.mytulify.com/image-tools/rotate-image
free Rotate Image,tool_variant,image-tools,Rotate Image,rotate-image,https://www.mytulify.com/image-tools/rotate-image
free online Rotate Image,tool_variant,image-tools,Rotate Image,rotate-image,https://www.mytulify.com/image-tools/rotate-image
Rotate Image online,tool_variant,image-tools,Rotate Image,rotate-image,https://www.mytulify.com/image-tools/rotate-image
Image Tools Rotate Image,tool_variant,image-tools,Rotate Image,rotate-image,https://www.mytulify.com/image-tools/rotate-image
Rotate an image by 90 degrees or any angle,tool_variant,image-tools,Rotate Image,rotate-image,https://www.mytulify.com/image-tools/rotate-image
Flip Image,tool,image-tools,Flip Image,flip-image,https://www.mytulify.com/image-tools/flip-image
free Flip Image,tool_variant,image-tools,Flip Image,flip-image,https://www.mytulify.com/image-tools/flip-image
free online Flip Image,tool_variant,image-tools,Flip Image,flip-image,https://www.mytulify.com/image-tools/flip-image
Flip Image online,tool_variant,image-tools,Flip Image,flip-image,https://www.mytulify.com/image-tools/flip-image
Image Tools Flip Image,tool_variant,image-tools,Flip Image,flip-image,https://www.mytulify.com/image-tools/flip-image
Mirror an image horizontally or vertically,tool_variant,image-tools,Flip Image,flip-image,https://www.mytulify.com/image-tools/flip-image
WebP to PNG,tool,image-tools,WebP to PNG,webp-to-png,https://www.mytulify.com/image-tools/webp-to-png
free WebP to PNG,tool_variant,image-tools,WebP to PNG,webp-to-png,https://www.mytulify.com/image-tools/webp-to-png
free online WebP to PNG,tool_variant,image-tools,WebP to PNG,webp-to-png,https://www.mytulify.com/image-tools/webp-to-png
WebP to PNG online,tool_variant,image-tools,WebP to PNG,webp-to-png,https://www.mytulify.com/image-tools/webp-to-png
Image Tools WebP to PNG,tool_variant,image-tools,WebP to PNG,webp-to-png,https://www.mytulify.com/image-tools/webp-to-png
Convert WebP images to lossless PNG format,tool_variant,image-tools,WebP to PNG,webp-to-png,https://www.mytulify.com/image-tools/webp-to-png
WebP to JPG,tool,image-tools,WebP to JPG,webp-to-jpg,https://www.mytulify.com/image-tools/webp-to-jpg
free WebP to JPG,tool_variant,image-tools,WebP to JPG,webp-to-jpg,https://www.mytulify.com/image-tools/webp-to-jpg
free online WebP to JPG,tool_variant,image-tools,WebP to JPG,webp-to-jpg,https://www.mytulify.com/image-tools/webp-to-jpg
WebP to JPG online,tool_variant,image-tools,WebP to JPG,webp-to-jpg,https://www.mytulify.com/image-tools/webp-to-jpg
Image Tools WebP to JPG,tool_variant,image-tools,WebP to JPG,webp-to-jpg,https://www.mytulify.com/image-tools/webp-to-jpg
Convert WebP images to widely supported JPG,tool_variant,image-tools,WebP to JPG,webp-to-jpg,https://www.mytulify.com/image-tools/webp-to-jpg
PNG to JPG,tool,image-tools,PNG to JPG,png-to-jpg,https://www.mytulify.com/image-tools/png-to-jpg
free PNG to JPG,tool_variant,image-tools,PNG to JPG,png-to-jpg,https://www.mytulify.com/image-tools/png-to-jpg
free online PNG to JPG,tool_variant,image-tools,PNG to JPG,png-to-jpg,https://www.mytulify.com/image-tools/png-to-jpg
PNG to JPG online,tool_variant,image-tools,PNG to JPG,png-to-jpg,https://www.mytulify.com/image-tools/png-to-jpg
Image Tools PNG to JPG,tool_variant,image-tools,PNG to JPG,png-to-jpg,https://www.mytulify.com/image-tools/png-to-jpg
Convert PNG images to compressed JPG files,tool_variant,image-tools,PNG to JPG,png-to-jpg,https://www.mytulify.com/image-tools/png-to-jpg
JPG to PNG,tool,image-tools,JPG to PNG,jpg-to-png,https://www.mytulify.com/image-tools/jpg-to-png
free JPG to PNG,tool_variant,image-tools,JPG to PNG,jpg-to-png,https://www.mytulify.com/image-tools/jpg-to-png
free online JPG to PNG,tool_variant,image-tools,JPG to PNG,jpg-to-png,https://www.mytulify.com/image-tools/jpg-to-png
JPG to PNG online,tool_variant,image-tools,JPG to PNG,jpg-to-png,https://www.mytulify.com/image-tools/jpg-to-png
Image Tools JPG to PNG,tool_variant,image-tools,JPG to PNG,jpg-to-png,https://www.mytulify.com/image-tools/jpg-to-png
Convert JPG images to lossless PNG format,tool_variant,image-tools,JPG to PNG,jpg-to-png,https://www.mytulify.com/image-tools/jpg-to-png
PNG to WebP,tool,image-tools,PNG to WebP,png-to-webp,https://www.mytulify.com/image-tools/png-to-webp
free PNG to WebP,tool_variant,image-tools,PNG to WebP,png-to-webp,https://www.mytulify.com/image-tools/png-to-webp
free online PNG to WebP,tool_variant,image-tools,PNG to WebP,png-to-webp,https://www.mytulify.com/image-tools/png-to-webp
PNG to WebP online,tool_variant,image-tools,PNG to WebP,png-to-webp,https://www.mytulify.com/image-tools/png-to-webp
Image Tools PNG to WebP,tool_variant,image-tools,PNG to WebP,png-to-webp,https://www.mytulify.com/image-tools/png-to-webp
Convert PNG images to smaller WebP files,tool_variant,image-tools,PNG to WebP,png-to-webp,https://www.mytulify.com/image-tools/png-to-webp
JPG to WebP,tool,image-tools,JPG to WebP,jpg-to-webp,https://www.mytulify.com/image-tools/jpg-to-webp
free JPG to WebP,tool_variant,image-tools,JPG to WebP,jpg-to-webp,https://www.mytulify.com/image-tools/jpg-to-webp
free online JPG to WebP,tool_variant,image-tools,JPG to WebP,jpg-to-webp,https://www.mytulify.com/image-tools/jpg-to-webp
JPG to WebP online,tool_variant,image-tools,JPG to WebP,jpg-to-webp,https://www.mytulify.com/image-tools/jpg-to-webp
Image Tools JPG to WebP,tool_variant,image-tools,JPG to WebP,jpg-to-webp,https://www.mytulify.com/image-tools/jpg-to-webp
Convert JPG images to modern WebP format,tool_variant,image-tools,JPG to WebP,jpg-to-webp,https://www.mytulify.com/image-tools/jpg-to-webp
HEIC to JPG,tool,image-tools,HEIC to JPG,heic-to-jpg,https://www.mytulify.com/image-tools/heic-to-jpg
free HEIC to JPG,tool_variant,image-tools,HEIC to JPG,heic-to-jpg,https://www.mytulify.com/image-tools/heic-to-jpg
free online HEIC to JPG,tool_variant,image-tools,HEIC to JPG,heic-to-jpg,https://www.mytulify.com/image-tools/heic-to-jpg
HEIC to JPG online,tool_variant,image-tools,HEIC to JPG,heic-to-jpg,https://www.mytulify.com/image-tools/heic-to-jpg
Image Tools HEIC to JPG,tool_variant,image-tools,HEIC to JPG,heic-to-jpg,https://www.mytulify.com/image-tools/heic-to-jpg
Convert iPhone HEIC photos to JPG images,tool_variant,image-tools,HEIC to JPG,heic-to-jpg,https://www.mytulify.com/image-tools/heic-to-jpg
SVG to PNG,tool,image-tools,SVG to PNG,svg-to-png,https://www.mytulify.com/image-tools/svg-to-png
free SVG to PNG,tool_variant,image-tools,SVG to PNG,svg-to-png,https://www.mytulify.com/image-tools/svg-to-png
free online SVG to PNG,tool_variant,image-tools,SVG to PNG,svg-to-png,https://www.mytulify.com/image-tools/svg-to-png
SVG to PNG online,tool_variant,image-tools,SVG to PNG,svg-to-png,https://www.mytulify.com/image-tools/svg-to-png
Image Tools SVG to PNG,tool_variant,image-tools,SVG to PNG,svg-to-png,https://www.mytulify.com/image-tools/svg-to-png
Rasterize SVG vector files to PNG at any size,tool_variant,image-tools,SVG to PNG,svg-to-png,https://www.mytulify.com/image-tools/svg-to-png
PNG to SVG,tool,image-tools,PNG to SVG,png-to-svg,https://www.mytulify.com/image-tools/png-to-svg
free PNG to SVG,tool_variant,image-tools,PNG to SVG,png-to-svg,https://www.mytulify.com/image-tools/png-to-svg
free online PNG to SVG,tool_variant,image-tools,PNG to SVG,png-to-svg,https://www.mytulify.com/image-tools/png-to-svg
PNG to SVG online,tool_variant,image-tools,PNG to SVG,png-to-svg,https://www.mytulify.com/image-tools/png-to-svg
Image Tools PNG to SVG,tool_variant,image-tools,PNG to SVG,png-to-svg,https://www.mytulify.com/image-tools/png-to-svg
Trace a raster PNG into a scalable SVG vector,tool_variant,image-tools,PNG to SVG,png-to-svg,https://www.mytulify.com/image-tools/png-to-svg
Image to Base64,tool,image-tools,Image to Base64,image-to-base64,https://www.mytulify.com/image-tools/image-to-base64
free Image to Base64,tool_variant,image-tools,Image to Base64,image-to-base64,https://www.mytulify.com/image-tools/image-to-base64
free online Image to Base64,tool_variant,image-tools,Image to Base64,image-to-base64,https://www.mytulify.com/image-tools/image-to-base64
Image to Base64 online,tool_variant,image-tools,Image to Base64,image-to-base64,https://www.mytulify.com/image-tools/image-to-base64
Image Tools Image to Base64,tool_variant,image-tools,Image to Base64,image-to-base64,https://www.mytulify.com/image-tools/image-to-base64
Encode an image into a Base64 data URI string,tool_variant,image-tools,Image to Base64,image-to-base64,https://www.mytulify.com/image-tools/image-to-base64
Base64 to Image,tool,image-tools,Base64 to Image,base64-to-image,https://www.mytulify.com/image-tools/base64-to-image
free Base64 to Image,tool_variant,image-tools,Base64 to Image,base64-to-image,https://www.mytulify.com/image-tools/base64-to-image
free online Base64 to Image,tool_variant,image-tools,Base64 to Image,base64-to-image,https://www.mytulify.com/image-tools/base64-to-image
Base64 to Image online,tool_variant,image-tools,Base64 to Image,base64-to-image,https://www.mytulify.com/image-tools/base64-to-image
Image Tools Base64 to Image,tool_variant,image-tools,Base64 to Image,base64-to-image,https://www.mytulify.com/image-tools/base64-to-image
Decode a Base64 string back into a downloadable image,tool_variant,image-tools,Base64 to Image,base64-to-image,https://www.mytulify.com/image-tools/base64-to-image
Favicon Generator,tool,image-tools,Favicon Generator,favicon-generator,https://www.mytulify.com/image-tools/favicon-generator
free Favicon Generator,tool_variant,image-tools,Favicon Generator,favicon-generator,https://www.mytulify.com/image-tools/favicon-generator
free online Favicon Generator,tool_variant,image-tools,Favicon Generator,favicon-generator,https://www.mytulify.com/image-tools/favicon-generator
Favicon Generator online,tool_variant,image-tools,Favicon Generator,favicon-generator,https://www.mytulify.com/image-tools/favicon-generator
Image Tools Favicon Generator,tool_variant,image-tools,Favicon Generator,favicon-generator,https://www.mytulify.com/image-tools/favicon-generator
Create multi-size favicons and ICO files from an image,tool_variant,image-tools,Favicon Generator,favicon-generator,https://www.mytulify.com/image-tools/favicon-generator
Image to ICO,tool,image-tools,Image to ICO,image-to-ico,https://www.mytulify.com/image-tools/image-to-ico
free Image to ICO,tool_variant,image-tools,Image to ICO,image-to-ico,https://www.mytulify.com/image-tools/image-to-ico
free online Image to ICO,tool_variant,image-tools,Image to ICO,image-to-ico,https://www.mytulify.com/image-tools/image-to-ico
Image to ICO online,tool_variant,image-tools,Image to ICO,image-to-ico,https://www.mytulify.com/image-tools/image-to-ico
Image Tools Image to ICO,tool_variant,image-tools,Image to ICO,image-to-ico,https://www.mytulify.com/image-tools/image-to-ico
Convert PNG/JPG images into Windows ICO icons,tool_variant,image-tools,Image to ICO,image-to-ico,https://www.mytulify.com/image-tools/image-to-ico
Meme Generator,tool,image-tools,Meme Generator,meme-generator,https://www.mytulify.com/image-tools/meme-generator
free Meme Generator,tool_variant,image-tools,Meme Generator,meme-generator,https://www.mytulify.com/image-tools/meme-generator
free online Meme Generator,tool_variant,image-tools,Meme Generator,meme-generator,https://www.mytulify.com/image-tools/meme-generator
Meme Generator online,tool_variant,image-tools,Meme Generator,meme-generator,https://www.mytulify.com/image-tools/meme-generator
Image Tools Meme Generator,tool_variant,image-tools,Meme Generator,meme-generator,https://www.mytulify.com/image-tools/meme-generator
Add top and bottom text captions to an image,tool_variant,image-tools,Meme Generator,meme-generator,https://www.mytulify.com/image-tools/meme-generator
Add Watermark to Image,tool,image-tools,Add Watermark to Image,add-watermark-to-image,https://www.mytulify.com/image-tools/add-watermark-to-image
free Add Watermark to Image,tool_variant,image-tools,Add Watermark to Image,add-watermark-to-image,https://www.mytulify.com/image-tools/add-watermark-to-image
free online Add Watermark to Image,tool_variant,image-tools,Add Watermark to Image,add-watermark-to-image,https://www.mytulify.com/image-tools/add-watermark-to-image
Add Watermark to Image online,tool_variant,image-tools,Add Watermark to Image,add-watermark-to-image,https://www.mytulify.com/image-tools/add-watermark-to-image
Image Tools Add Watermark to Image,tool_variant,image-tools,Add Watermark to Image,add-watermark-to-image,https://www.mytulify.com/image-tools/add-watermark-to-image
Overlay text or logo watermarks onto images,tool_variant,image-tools,Add Watermark to Image,add-watermark-to-image,https://www.mytulify.com/image-tools/add-watermark-to-image
Image Color Picker,tool,image-tools,Image Color Picker,image-color-picker,https://www.mytulify.com/image-tools/image-color-picker
free Image Color Picker,tool_variant,image-tools,Image Color Picker,image-color-picker,https://www.mytulify.com/image-tools/image-color-picker
free online Image Color Picker,tool_variant,image-tools,Image Color Picker,image-color-picker,https://www.mytulify.com/image-tools/image-color-picker
Image Color Picker online,tool_variant,image-tools,Image Color Picker,image-color-picker,https://www.mytulify.com/image-tools/image-color-picker
Image Tools Image Color Picker,tool_variant,image-tools,Image Color Picker,image-color-picker,https://www.mytulify.com/image-tools/image-color-picker
Pick HEX/RGB colors from any pixel of an image,tool_variant,image-tools,Image Color Picker,image-color-picker,https://www.mytulify.com/image-tools/image-color-picker
Color Extractor from Image,tool,image-tools,Color Extractor from Image,color-extractor-from-image,https://www.mytulify.com/image-tools/color-extractor-from-image
free Color Extractor from Image,tool_variant,image-tools,Color Extractor from Image,color-extractor-from-image,https://www.mytulify.com/image-tools/color-extractor-from-image
free online Color Extractor from Image,tool_variant,image-tools,Color Extractor from Image,color-extractor-from-image,https://www.mytulify.com/image-tools/color-extractor-from-image
Color Extractor from Image online,tool_variant,image-tools,Color Extractor from Image,color-extractor-from-image,https://www.mytulify.com/image-tools/color-extractor-from-image
Image Tools Color Extractor from Image,tool_variant,image-tools,Color Extractor from Image,color-extractor-from-image,https://www.mytulify.com/image-tools/color-extractor-from-image
Extract a dominant color palette from a photo,tool_variant,image-tools,Color Extractor from Image,color-extractor-from-image,https://www.mytulify.com/image-tools/color-extractor-from-image
Collage Maker,tool,image-tools,Collage Maker,collage-maker,https://www.mytulify.com/image-tools/collage-maker
free Collage Maker,tool_variant,image-tools,Collage Maker,collage-maker,https://www.mytulify.com/image-tools/collage-maker
free online Collage Maker,tool_variant,image-tools,Collage Maker,collage-maker,https://www.mytulify.com/image-tools/collage-maker
Collage Maker online,tool_variant,image-tools,Collage Maker,collage-maker,https://www.mytulify.com/image-tools/collage-maker
Image Tools Collage Maker,tool_variant,image-tools,Collage Maker,collage-maker,https://www.mytulify.com/image-tools/collage-maker
Combine multiple photos into a grid collage,tool_variant,image-tools,Collage Maker,collage-maker,https://www.mytulify.com/image-tools/collage-maker
Combine Images,tool,image-tools,Combine Images,combine-images,https://www.mytulify.com/image-tools/combine-images
free Combine Images,tool_variant,image-tools,Combine Images,combine-images,https://www.mytulify.com/image-tools/combine-images
free online Combine Images,tool_variant,image-tools,Combine Images,combine-images,https://www.mytulify.com/image-tools/combine-images
Combine Images online,tool_variant,image-tools,Combine Images,combine-images,https://www.mytulify.com/image-tools/combine-images
Image Tools Combine Images,tool_variant,image-tools,Combine Images,combine-images,https://www.mytulify.com/image-tools/combine-images
Stitch images together horizontally or vertically,tool_variant,image-tools,Combine Images,combine-images,https://www.mytulify.com/image-tools/combine-images
Passport Photo Maker,tool,image-tools,Passport Photo Maker,passport-photo-maker,https://www.mytulify.com/image-tools/passport-photo-maker
free Passport Photo Maker,tool_variant,image-tools,Passport Photo Maker,passport-photo-maker,https://www.mytulify.com/image-tools/passport-photo-maker
free online Passport Photo Maker,tool_variant,image-tools,Passport Photo Maker,passport-photo-maker,https://www.mytulify.com/image-tools/passport-photo-maker
Passport Photo Maker online,tool_variant,image-tools,Passport Photo Maker,passport-photo-maker,https://www.mytulify.com/image-tools/passport-photo-maker
Image Tools Passport Photo Maker,tool_variant,image-tools,Passport Photo Maker,passport-photo-maker,https://www.mytulify.com/image-tools/passport-photo-maker
Crop and size photos to passport/visa requirements,tool_variant,image-tools,Passport Photo Maker,passport-photo-maker,https://www.mytulify.com/image-tools/passport-photo-maker
Grayscale Image,tool,image-tools,Grayscale Image,grayscale-image,https://www.mytulify.com/image-tools/grayscale-image
free Grayscale Image,tool_variant,image-tools,Grayscale Image,grayscale-image,https://www.mytulify.com/image-tools/grayscale-image
free online Grayscale Image,tool_variant,image-tools,Grayscale Image,grayscale-image,https://www.mytulify.com/image-tools/grayscale-image
Grayscale Image online,tool_variant,image-tools,Grayscale Image,grayscale-image,https://www.mytulify.com/image-tools/grayscale-image
Image Tools Grayscale Image,tool_variant,image-tools,Grayscale Image,grayscale-image,https://www.mytulify.com/image-tools/grayscale-image
Convert a color image to black and white,tool_variant,image-tools,Grayscale Image,grayscale-image,https://www.mytulify.com/image-tools/grayscale-image
Blur Image,tool,image-tools,Blur Image,blur-image,https://www.mytulify.com/image-tools/blur-image
free Blur Image,tool_variant,image-tools,Blur Image,blur-image,https://www.mytulify.com/image-tools/blur-image
free online Blur Image,tool_variant,image-tools,Blur Image,blur-image,https://www.mytulify.com/image-tools/blur-image
Blur Image online,tool_variant,image-tools,Blur Image,blur-image,https://www.mytulify.com/image-tools/blur-image
Image Tools Blur Image,tool_variant,image-tools,Blur Image,blur-image,https://www.mytulify.com/image-tools/blur-image
Apply adjustable blur to all or part of an image,tool_variant,image-tools,Blur Image,blur-image,https://www.mytulify.com/image-tools/blur-image
Pixelate Image,tool,image-tools,Pixelate Image,pixelate-image,https://www.mytulify.com/image-tools/pixelate-image
free Pixelate Image,tool_variant,image-tools,Pixelate Image,pixelate-image,https://www.mytulify.com/image-tools/pixelate-image
free online Pixelate Image,tool_variant,image-tools,Pixelate Image,pixelate-image,https://www.mytulify.com/image-tools/pixelate-image
Pixelate Image online,tool_variant,image-tools,Pixelate Image,pixelate-image,https://www.mytulify.com/image-tools/pixelate-image
Image Tools Pixelate Image,tool_variant,image-tools,Pixelate Image,pixelate-image,https://www.mytulify.com/image-tools/pixelate-image
Pixelate or censor regions of an image,tool_variant,image-tools,Pixelate Image,pixelate-image,https://www.mytulify.com/image-tools/pixelate-image
Image to PDF,tool,image-tools,Image to PDF,image-to-pdf,https://www.mytulify.com/image-tools/image-to-pdf
free Image to PDF,tool_variant,image-tools,Image to PDF,image-to-pdf,https://www.mytulify.com/image-tools/image-to-pdf
free online Image to PDF,tool_variant,image-tools,Image to PDF,image-to-pdf,https://www.mytulify.com/image-tools/image-to-pdf
Image to PDF online,tool_variant,image-tools,Image to PDF,image-to-pdf,https://www.mytulify.com/image-tools/image-to-pdf
Image Tools Image to PDF,tool_variant,image-tools,Image to PDF,image-to-pdf,https://www.mytulify.com/image-tools/image-to-pdf
Convert images into a single downloadable PDF,tool_variant,image-tools,Image to PDF,image-to-pdf,https://www.mytulify.com/image-tools/image-to-pdf
Circle Crop Image,tool,image-tools,Circle Crop Image,circle-crop-image,https://www.mytulify.com/image-tools/circle-crop-image
free Circle Crop Image,tool_variant,image-tools,Circle Crop Image,circle-crop-image,https://www.mytulify.com/image-tools/circle-crop-image
free online Circle Crop Image,tool_variant,image-tools,Circle Crop Image,circle-crop-image,https://www.mytulify.com/image-tools/circle-crop-image
Circle Crop Image online,tool_variant,image-tools,Circle Crop Image,circle-crop-image,https://www.mytulify.com/image-tools/circle-crop-image
Image Tools Circle Crop Image,tool_variant,image-tools,Circle Crop Image,circle-crop-image,https://www.mytulify.com/image-tools/circle-crop-image
Crop an image into a transparent circle,tool_variant,image-tools,Circle Crop Image,circle-crop-image,https://www.mytulify.com/image-tools/circle-crop-image
JFIF to JPG,tool,image-tools,JFIF to JPG,jfif-to-jpg,https://www.mytulify.com/image-tools/jfif-to-jpg
free JFIF to JPG,tool_variant,image-tools,JFIF to JPG,jfif-to-jpg,https://www.mytulify.com/image-tools/jfif-to-jpg
free online JFIF to JPG,tool_variant,image-tools,JFIF to JPG,jfif-to-jpg,https://www.mytulify.com/image-tools/jfif-to-jpg
JFIF to JPG online,tool_variant,image-tools,JFIF to JPG,jfif-to-jpg,https://www.mytulify.com/image-tools/jfif-to-jpg
Image Tools JFIF to JPG,tool_variant,image-tools,JFIF to JPG,jfif-to-jpg,https://www.mytulify.com/image-tools/jfif-to-jpg
Convert JFIF images to standard JPG format in your browser,tool_variant,image-tools,JFIF to JPG,jfif-to-jpg,https://www.mytulify.com/image-tools/jfif-to-jpg
JFIF to PNG,tool,image-tools,JFIF to PNG,jfif-to-png,https://www.mytulify.com/image-tools/jfif-to-png
free JFIF to PNG,tool_variant,image-tools,JFIF to PNG,jfif-to-png,https://www.mytulify.com/image-tools/jfif-to-png
free online JFIF to PNG,tool_variant,image-tools,JFIF to PNG,jfif-to-png,https://www.mytulify.com/image-tools/jfif-to-png
JFIF to PNG online,tool_variant,image-tools,JFIF to PNG,jfif-to-png,https://www.mytulify.com/image-tools/jfif-to-png
Image Tools JFIF to PNG,tool_variant,image-tools,JFIF to PNG,jfif-to-png,https://www.mytulify.com/image-tools/jfif-to-png
Convert JFIF images to lossless PNG format,tool_variant,image-tools,JFIF to PNG,jfif-to-png,https://www.mytulify.com/image-tools/jfif-to-png
BMP to JPG,tool,image-tools,BMP to JPG,bmp-to-jpg,https://www.mytulify.com/image-tools/bmp-to-jpg
free BMP to JPG,tool_variant,image-tools,BMP to JPG,bmp-to-jpg,https://www.mytulify.com/image-tools/bmp-to-jpg
free online BMP to JPG,tool_variant,image-tools,BMP to JPG,bmp-to-jpg,https://www.mytulify.com/image-tools/bmp-to-jpg
BMP to JPG online,tool_variant,image-tools,BMP to JPG,bmp-to-jpg,https://www.mytulify.com/image-tools/bmp-to-jpg
Image Tools BMP to JPG,tool_variant,image-tools,BMP to JPG,bmp-to-jpg,https://www.mytulify.com/image-tools/bmp-to-jpg
Convert BMP bitmap images to compressed JPG files,tool_variant,image-tools,BMP to JPG,bmp-to-jpg,https://www.mytulify.com/image-tools/bmp-to-jpg
BMP to PDF,tool,image-tools,BMP to PDF,bmp-to-pdf,https://www.mytulify.com/image-tools/bmp-to-pdf
free BMP to PDF,tool_variant,image-tools,BMP to PDF,bmp-to-pdf,https://www.mytulify.com/image-tools/bmp-to-pdf
free online BMP to PDF,tool_variant,image-tools,BMP to PDF,bmp-to-pdf,https://www.mytulify.com/image-tools/bmp-to-pdf
BMP to PDF online,tool_variant,image-tools,BMP to PDF,bmp-to-pdf,https://www.mytulify.com/image-tools/bmp-to-pdf
Image Tools BMP to PDF,tool_variant,image-tools,BMP to PDF,bmp-to-pdf,https://www.mytulify.com/image-tools/bmp-to-pdf
Merge BMP images into a single PDF document,tool_variant,image-tools,BMP to PDF,bmp-to-pdf,https://www.mytulify.com/image-tools/bmp-to-pdf
AVIF to JPG,tool,image-tools,AVIF to JPG,avif-to-jpg,https://www.mytulify.com/image-tools/avif-to-jpg
free AVIF to JPG,tool_variant,image-tools,AVIF to JPG,avif-to-jpg,https://www.mytulify.com/image-tools/avif-to-jpg
free online AVIF to JPG,tool_variant,image-tools,AVIF to JPG,avif-to-jpg,https://www.mytulify.com/image-tools/avif-to-jpg
AVIF to JPG online,tool_variant,image-tools,AVIF to JPG,avif-to-jpg,https://www.mytulify.com/image-tools/avif-to-jpg
Image Tools AVIF to JPG,tool_variant,image-tools,AVIF to JPG,avif-to-jpg,https://www.mytulify.com/image-tools/avif-to-jpg
Convert modern AVIF images to widely supported JPG,tool_variant,image-tools,AVIF to JPG,avif-to-jpg,https://www.mytulify.com/image-tools/avif-to-jpg
AVIF to WebP,tool,image-tools,AVIF to WebP,avif-to-webp,https://www.mytulify.com/image-tools/avif-to-webp
free AVIF to WebP,tool_variant,image-tools,AVIF to WebP,avif-to-webp,https://www.mytulify.com/image-tools/avif-to-webp
free online AVIF to WebP,tool_variant,image-tools,AVIF to WebP,avif-to-webp,https://www.mytulify.com/image-tools/avif-to-webp
AVIF to WebP online,tool_variant,image-tools,AVIF to WebP,avif-to-webp,https://www.mytulify.com/image-tools/avif-to-webp
Image Tools AVIF to WebP,tool_variant,image-tools,AVIF to WebP,avif-to-webp,https://www.mytulify.com/image-tools/avif-to-webp
Convert AVIF images to efficient WebP format,tool_variant,image-tools,AVIF to WebP,avif-to-webp,https://www.mytulify.com/image-tools/avif-to-webp
GIF Maker,tool,image-tools,GIF Maker,gif-maker,https://www.mytulify.com/image-tools/gif-maker
free GIF Maker,tool_variant,image-tools,GIF Maker,gif-maker,https://www.mytulify.com/image-tools/gif-maker
free online GIF Maker,tool_variant,image-tools,GIF Maker,gif-maker,https://www.mytulify.com/image-tools/gif-maker
GIF Maker online,tool_variant,image-tools,GIF Maker,gif-maker,https://www.mytulify.com/image-tools/gif-maker
Image Tools GIF Maker,tool_variant,image-tools,GIF Maker,gif-maker,https://www.mytulify.com/image-tools/gif-maker
Create animated GIFs from multiple images in your browser,tool_variant,image-tools,GIF Maker,gif-maker,https://www.mytulify.com/image-tools/gif-maker
GIF Resizer,tool,image-tools,GIF Resizer,gif-resizer,https://www.mytulify.com/image-tools/gif-resizer
free GIF Resizer,tool_variant,image-tools,GIF Resizer,gif-resizer,https://www.mytulify.com/image-tools/gif-resizer
free online GIF Resizer,tool_variant,image-tools,GIF Resizer,gif-resizer,https://www.mytulify.com/image-tools/gif-resizer
GIF Resizer online,tool_variant,image-tools,GIF Resizer,gif-resizer,https://www.mytulify.com/image-tools/gif-resizer
Image Tools GIF Resizer,tool_variant,image-tools,GIF Resizer,gif-resizer,https://www.mytulify.com/image-tools/gif-resizer
Resize animated GIFs with presets or custom dimensions,tool_variant,image-tools,GIF Resizer,gif-resizer,https://www.mytulify.com/image-tools/gif-resizer
GIF Rotator,tool,image-tools,GIF Rotator,gif-rotator,https://www.mytulify.com/image-tools/gif-rotator
free GIF Rotator,tool_variant,image-tools,GIF Rotator,gif-rotator,https://www.mytulify.com/image-tools/gif-rotator
free online GIF Rotator,tool_variant,image-tools,GIF Rotator,gif-rotator,https://www.mytulify.com/image-tools/gif-rotator
GIF Rotator online,tool_variant,image-tools,GIF Rotator,gif-rotator,https://www.mytulify.com/image-tools/gif-rotator
Image Tools GIF Rotator,tool_variant,image-tools,GIF Rotator,gif-rotator,https://www.mytulify.com/image-tools/gif-rotator
Rotate or flip animated GIFs on every frame,tool_variant,image-tools,GIF Rotator,gif-rotator,https://www.mytulify.com/image-tools/gif-rotator
GIF Trimmer,tool,image-tools,GIF Trimmer,gif-trimmer,https://www.mytulify.com/image-tools/gif-trimmer
free GIF Trimmer,tool_variant,image-tools,GIF Trimmer,gif-trimmer,https://www.mytulify.com/image-tools/gif-trimmer
free online GIF Trimmer,tool_variant,image-tools,GIF Trimmer,gif-trimmer,https://www.mytulify.com/image-tools/gif-trimmer
GIF Trimmer online,tool_variant,image-tools,GIF Trimmer,gif-trimmer,https://www.mytulify.com/image-tools/gif-trimmer
Image Tools GIF Trimmer,tool_variant,image-tools,GIF Trimmer,gif-trimmer,https://www.mytulify.com/image-tools/gif-trimmer
Trim GIF animations to a specific frame range,tool_variant,image-tools,GIF Trimmer,gif-trimmer,https://www.mytulify.com/image-tools/gif-trimmer
GIF Optimizer,tool,image-tools,GIF Optimizer,gif-optimizer,https://www.mytulify.com/image-tools/gif-optimizer
free GIF Optimizer,tool_variant,image-tools,GIF Optimizer,gif-optimizer,https://www.mytulify.com/image-tools/gif-optimizer
free online GIF Optimizer,tool_variant,image-tools,GIF Optimizer,gif-optimizer,https://www.mytulify.com/image-tools/gif-optimizer
GIF Optimizer online,tool_variant,image-tools,GIF Optimizer,gif-optimizer,https://www.mytulify.com/image-tools/gif-optimizer
Image Tools GIF Optimizer,tool_variant,image-tools,GIF Optimizer,gif-optimizer,https://www.mytulify.com/image-tools/gif-optimizer
Compress and optimize GIF file size in your browser,tool_variant,image-tools,GIF Optimizer,gif-optimizer,https://www.mytulify.com/image-tools/gif-optimizer
GIF to Video,tool,image-tools,GIF to Video,gif-to-video,https://www.mytulify.com/image-tools/gif-to-video
free GIF to Video,tool_variant,image-tools,GIF to Video,gif-to-video,https://www.mytulify.com/image-tools/gif-to-video
free online GIF to Video,tool_variant,image-tools,GIF to Video,gif-to-video,https://www.mytulify.com/image-tools/gif-to-video
GIF to Video online,tool_variant,image-tools,GIF to Video,gif-to-video,https://www.mytulify.com/image-tools/gif-to-video
Image Tools GIF to Video,tool_variant,image-tools,GIF to Video,gif-to-video,https://www.mytulify.com/image-tools/gif-to-video
Convert animated GIFs to WebM video,tool_variant,image-tools,GIF to Video,gif-to-video,https://www.mytulify.com/image-tools/gif-to-video
GIF to PNG,tool,image-tools,GIF to PNG,gif-to-png,https://www.mytulify.com/image-tools/gif-to-png
free GIF to PNG,tool_variant,image-tools,GIF to PNG,gif-to-png,https://www.mytulify.com/image-tools/gif-to-png
free online GIF to PNG,tool_variant,image-tools,GIF to PNG,gif-to-png,https://www.mytulify.com/image-tools/gif-to-png
GIF to PNG online,tool_variant,image-tools,GIF to PNG,gif-to-png,https://www.mytulify.com/image-tools/gif-to-png
Image Tools GIF to PNG,tool_variant,image-tools,GIF to PNG,gif-to-png,https://www.mytulify.com/image-tools/gif-to-png
Extract all GIF frames as PNG images in a ZIP,tool_variant,image-tools,GIF to PNG,gif-to-png,https://www.mytulify.com/image-tools/gif-to-png
GIF to JPG,tool,image-tools,GIF to JPG,gif-to-jpg,https://www.mytulify.com/image-tools/gif-to-jpg
free GIF to JPG,tool_variant,image-tools,GIF to JPG,gif-to-jpg,https://www.mytulify.com/image-tools/gif-to-jpg
free online GIF to JPG,tool_variant,image-tools,GIF to JPG,gif-to-jpg,https://www.mytulify.com/image-tools/gif-to-jpg
GIF to JPG online,tool_variant,image-tools,GIF to JPG,gif-to-jpg,https://www.mytulify.com/image-tools/gif-to-jpg
Image Tools GIF to JPG,tool_variant,image-tools,GIF to JPG,gif-to-jpg,https://www.mytulify.com/image-tools/gif-to-jpg
Extract all GIF frames as JPG images in a ZIP,tool_variant,image-tools,GIF to JPG,gif-to-jpg,https://www.mytulify.com/image-tools/gif-to-jpg
GIF to WebP,tool,image-tools,GIF to WebP,gif-to-webp,https://www.mytulify.com/image-tools/gif-to-webp
free GIF to WebP,tool_variant,image-tools,GIF to WebP,gif-to-webp,https://www.mytulify.com/image-tools/gif-to-webp
free online GIF to WebP,tool_variant,image-tools,GIF to WebP,gif-to-webp,https://www.mytulify.com/image-tools/gif-to-webp
GIF to WebP online,tool_variant,image-tools,GIF to WebP,gif-to-webp,https://www.mytulify.com/image-tools/gif-to-webp
Image Tools GIF to WebP,tool_variant,image-tools,GIF to WebP,gif-to-webp,https://www.mytulify.com/image-tools/gif-to-webp
Convert GIF animation frames to WebP images,tool_variant,image-tools,GIF to WebP,gif-to-webp,https://www.mytulify.com/image-tools/gif-to-webp
Aspect Ratio Calculator,tool,image-tools,Aspect Ratio Calculator,aspect-ratio-calculator,https://www.mytulify.com/image-tools/aspect-ratio-calculator
free Aspect Ratio Calculator,tool_variant,image-tools,Aspect Ratio Calculator,aspect-ratio-calculator,https://www.mytulify.com/image-tools/aspect-ratio-calculator
free online Aspect Ratio Calculator,tool_variant,image-tools,Aspect Ratio Calculator,aspect-ratio-calculator,https://www.mytulify.com/image-tools/aspect-ratio-calculator
Aspect Ratio Calculator online,tool_variant,image-tools,Aspect Ratio Calculator,aspect-ratio-calculator,https://www.mytulify.com/image-tools/aspect-ratio-calculator
Image Tools Aspect Ratio Calculator,tool_variant,image-tools,Aspect Ratio Calculator,aspect-ratio-calculator,https://www.mytulify.com/image-tools/aspect-ratio-calculator
"Find aspect ratios from dimensions or scale width and height to 16:9, 9:16, 1:1 and more",tool_variant,image-tools,Aspect Ratio Calculator,aspect-ratio-calculator,https://www.mytulify.com/image-tools/aspect-ratio-calculator
Duplicate Photo Finder,tool,image-tools,Duplicate Photo Finder,duplicate-photo-finder,https://www.mytulify.com/image-tools/duplicate-photo-finder
free Duplicate Photo Finder,tool_variant,image-tools,Duplicate Photo Finder,duplicate-photo-finder,https://www.mytulify.com/image-tools/duplicate-photo-finder
free online Duplicate Photo Finder,tool_variant,image-tools,Duplicate Photo Finder,duplicate-photo-finder,https://www.mytulify.com/image-tools/duplicate-photo-finder
Duplicate Photo Finder online,tool_variant,image-tools,Duplicate Photo Finder,duplicate-photo-finder,https://www.mytulify.com/image-tools/duplicate-photo-finder
Image Tools Duplicate Photo Finder,tool_variant,image-tools,Duplicate Photo Finder,duplicate-photo-finder,https://www.mytulify.com/image-tools/duplicate-photo-finder
Home Color Visualizer,tool,image-tools,Home Color Visualizer,home-color-visualizer,https://www.mytulify.com/image-tools/home-color-visualizer
free Home Color Visualizer,tool_variant,image-tools,Home Color Visualizer,home-color-visualizer,https://www.mytulify.com/image-tools/home-color-visualizer
free online Home Color Visualizer,tool_variant,image-tools,Home Color Visualizer,home-color-visualizer,https://www.mytulify.com/image-tools/home-color-visualizer
Home Color Visualizer online,tool_variant,image-tools,Home Color Visualizer,home-color-visualizer,https://www.mytulify.com/image-tools/home-color-visualizer
Image Tools Home Color Visualizer,tool_variant,image-tools,Home Color Visualizer,home-color-visualizer,https://www.mytulify.com/image-tools/home-color-visualizer
"Upload a photo of your home or room, try wall/door/furniture colors, and preview what looks best",tool_variant,image-tools,Home Color Visualizer,home-color-visualizer,https://www.mytulify.com/image-tools/home-color-visualizer
Screenshot Auto-Anonymizer,tool,image-tools,Screenshot Auto-Anonymizer,screenshot-auto-anonymizer,https://www.mytulify.com/image-tools/screenshot-auto-anonymizer
free Screenshot Auto-Anonymizer,tool_variant,image-tools,Screenshot Auto-Anonymizer,screenshot-auto-anonymizer,https://www.mytulify.com/image-tools/screenshot-auto-anonymizer
free online Screenshot Auto-Anonymizer,tool_variant,image-tools,Screenshot Auto-Anonymizer,screenshot-auto-anonymizer,https://www.mytulify.com/image-tools/screenshot-auto-anonymizer
Screenshot Auto-Anonymizer online,tool_variant,image-tools,Screenshot Auto-Anonymizer,screenshot-auto-anonymizer,https://www.mytulify.com/image-tools/screenshot-auto-anonymizer
screenshot auto anonymizer,tool_variant,image-tools,Screenshot Auto-Anonymizer,screenshot-auto-anonymizer,https://www.mytulify.com/image-tools/screenshot-auto-anonymizer
Image Tools Screenshot Auto-Anonymizer,tool_variant,image-tools,Screenshot Auto-Anonymizer,screenshot-auto-anonymizer,https://www.mytulify.com/image-tools/screenshot-auto-anonymizer
"Blur or blackout faces, text, credit cards, and sensitive objects in screenshots — 100% private in your browser",tool_variant,image-tools,Screenshot Auto-Anonymizer,screenshot-auto-anonymizer,https://www.mytulify.com/image-tools/screenshot-auto-anonymizer
Merge PDF,tool,pdf-tools,Merge PDF,merge-pdf,https://www.mytulify.com/pdf-tools/merge-pdf
free Merge PDF,tool_variant,pdf-tools,Merge PDF,merge-pdf,https://www.mytulify.com/pdf-tools/merge-pdf
free online Merge PDF,tool_variant,pdf-tools,Merge PDF,merge-pdf,https://www.mytulify.com/pdf-tools/merge-pdf
Merge PDF online,tool_variant,pdf-tools,Merge PDF,merge-pdf,https://www.mytulify.com/pdf-tools/merge-pdf
PDF Tools Merge PDF,tool_variant,pdf-tools,Merge PDF,merge-pdf,https://www.mytulify.com/pdf-tools/merge-pdf
Combine multiple PDF files into one document in any order,tool_variant,pdf-tools,Merge PDF,merge-pdf,https://www.mytulify.com/pdf-tools/merge-pdf
Split PDF,tool,pdf-tools,Split PDF,split-pdf,https://www.mytulify.com/pdf-tools/split-pdf
free Split PDF,tool_variant,pdf-tools,Split PDF,split-pdf,https://www.mytulify.com/pdf-tools/split-pdf
free online Split PDF,tool_variant,pdf-tools,Split PDF,split-pdf,https://www.mytulify.com/pdf-tools/split-pdf
Split PDF online,tool_variant,pdf-tools,Split PDF,split-pdf,https://www.mytulify.com/pdf-tools/split-pdf
PDF Tools Split PDF,tool_variant,pdf-tools,Split PDF,split-pdf,https://www.mytulify.com/pdf-tools/split-pdf
Separate a PDF into multiple files by page ranges,tool_variant,pdf-tools,Split PDF,split-pdf,https://www.mytulify.com/pdf-tools/split-pdf
Compress PDF,tool,pdf-tools,Compress PDF,compress-pdf,https://www.mytulify.com/pdf-tools/compress-pdf
free Compress PDF,tool_variant,pdf-tools,Compress PDF,compress-pdf,https://www.mytulify.com/pdf-tools/compress-pdf
free online Compress PDF,tool_variant,pdf-tools,Compress PDF,compress-pdf,https://www.mytulify.com/pdf-tools/compress-pdf
Compress PDF online,tool_variant,pdf-tools,Compress PDF,compress-pdf,https://www.mytulify.com/pdf-tools/compress-pdf
PDF Tools Compress PDF,tool_variant,pdf-tools,Compress PDF,compress-pdf,https://www.mytulify.com/pdf-tools/compress-pdf
Reduce PDF file size while preserving readable quality,tool_variant,pdf-tools,Compress PDF,compress-pdf,https://www.mytulify.com/pdf-tools/compress-pdf
Rotate PDF,tool,pdf-tools,Rotate PDF,rotate-pdf,https://www.mytulify.com/pdf-tools/rotate-pdf
free Rotate PDF,tool_variant,pdf-tools,Rotate PDF,rotate-pdf,https://www.mytulify.com/pdf-tools/rotate-pdf
free online Rotate PDF,tool_variant,pdf-tools,Rotate PDF,rotate-pdf,https://www.mytulify.com/pdf-tools/rotate-pdf
Rotate PDF online,tool_variant,pdf-tools,Rotate PDF,rotate-pdf,https://www.mytulify.com/pdf-tools/rotate-pdf
PDF Tools Rotate PDF,tool_variant,pdf-tools,Rotate PDF,rotate-pdf,https://www.mytulify.com/pdf-tools/rotate-pdf
Rotate one or all pages of a PDF and save permanently,tool_variant,pdf-tools,Rotate PDF,rotate-pdf,https://www.mytulify.com/pdf-tools/rotate-pdf
Delete PDF Pages,tool,pdf-tools,Delete PDF Pages,delete-pdf-pages,https://www.mytulify.com/pdf-tools/delete-pdf-pages
free Delete PDF Pages,tool_variant,pdf-tools,Delete PDF Pages,delete-pdf-pages,https://www.mytulify.com/pdf-tools/delete-pdf-pages
free online Delete PDF Pages,tool_variant,pdf-tools,Delete PDF Pages,delete-pdf-pages,https://www.mytulify.com/pdf-tools/delete-pdf-pages
Delete PDF Pages online,tool_variant,pdf-tools,Delete PDF Pages,delete-pdf-pages,https://www.mytulify.com/pdf-tools/delete-pdf-pages
PDF Tools Delete PDF Pages,tool_variant,pdf-tools,Delete PDF Pages,delete-pdf-pages,https://www.mytulify.com/pdf-tools/delete-pdf-pages
Remove selected pages from a PDF document,tool_variant,pdf-tools,Delete PDF Pages,delete-pdf-pages,https://www.mytulify.com/pdf-tools/delete-pdf-pages
Extract PDF Pages,tool,pdf-tools,Extract PDF Pages,extract-pdf-pages,https://www.mytulify.com/pdf-tools/extract-pdf-pages
free Extract PDF Pages,tool_variant,pdf-tools,Extract PDF Pages,extract-pdf-pages,https://www.mytulify.com/pdf-tools/extract-pdf-pages
free online Extract PDF Pages,tool_variant,pdf-tools,Extract PDF Pages,extract-pdf-pages,https://www.mytulify.com/pdf-tools/extract-pdf-pages
Extract PDF Pages online,tool_variant,pdf-tools,Extract PDF Pages,extract-pdf-pages,https://www.mytulify.com/pdf-tools/extract-pdf-pages
PDF Tools Extract PDF Pages,tool_variant,pdf-tools,Extract PDF Pages,extract-pdf-pages,https://www.mytulify.com/pdf-tools/extract-pdf-pages
Pull selected pages out into a new PDF file,tool_variant,pdf-tools,Extract PDF Pages,extract-pdf-pages,https://www.mytulify.com/pdf-tools/extract-pdf-pages
Organize PDF,tool,pdf-tools,Organize PDF,organize-pdf,https://www.mytulify.com/pdf-tools/organize-pdf
free Organize PDF,tool_variant,pdf-tools,Organize PDF,organize-pdf,https://www.mytulify.com/pdf-tools/organize-pdf
free online Organize PDF,tool_variant,pdf-tools,Organize PDF,organize-pdf,https://www.mytulify.com/pdf-tools/organize-pdf
Organize PDF online,tool_variant,pdf-tools,Organize PDF,organize-pdf,https://www.mytulify.com/pdf-tools/organize-pdf
PDF Tools Organize PDF,tool_variant,pdf-tools,Organize PDF,organize-pdf,https://www.mytulify.com/pdf-tools/organize-pdf
"Reorder, rearrange, and sort PDF pages by drag and drop",tool_variant,pdf-tools,Organize PDF,organize-pdf,https://www.mytulify.com/pdf-tools/organize-pdf
JPG to PDF,tool,pdf-tools,JPG to PDF,jpg-to-pdf,https://www.mytulify.com/pdf-tools/jpg-to-pdf
free JPG to PDF,tool_variant,pdf-tools,JPG to PDF,jpg-to-pdf,https://www.mytulify.com/pdf-tools/jpg-to-pdf
free online JPG to PDF,tool_variant,pdf-tools,JPG to PDF,jpg-to-pdf,https://www.mytulify.com/pdf-tools/jpg-to-pdf
JPG to PDF online,tool_variant,pdf-tools,JPG to PDF,jpg-to-pdf,https://www.mytulify.com/pdf-tools/jpg-to-pdf
PDF Tools JPG to PDF,tool_variant,pdf-tools,JPG to PDF,jpg-to-pdf,https://www.mytulify.com/pdf-tools/jpg-to-pdf
Convert JPG and other images into a single PDF,tool_variant,pdf-tools,JPG to PDF,jpg-to-pdf,https://www.mytulify.com/pdf-tools/jpg-to-pdf
PNG to PDF,tool,pdf-tools,PNG to PDF,png-to-pdf,https://www.mytulify.com/pdf-tools/png-to-pdf
free PNG to PDF,tool_variant,pdf-tools,PNG to PDF,png-to-pdf,https://www.mytulify.com/pdf-tools/png-to-pdf
free online PNG to PDF,tool_variant,pdf-tools,PNG to PDF,png-to-pdf,https://www.mytulify.com/pdf-tools/png-to-pdf
PNG to PDF online,tool_variant,pdf-tools,PNG to PDF,png-to-pdf,https://www.mytulify.com/pdf-tools/png-to-pdf
PDF Tools PNG to PDF,tool_variant,pdf-tools,PNG to PDF,png-to-pdf,https://www.mytulify.com/pdf-tools/png-to-pdf
Turn one or more PNG images into a PDF document,tool_variant,pdf-tools,PNG to PDF,png-to-pdf,https://www.mytulify.com/pdf-tools/png-to-pdf
PDF to JPG,tool,pdf-tools,PDF to JPG,pdf-to-jpg,https://www.mytulify.com/pdf-tools/pdf-to-jpg
free PDF to JPG,tool_variant,pdf-tools,PDF to JPG,pdf-to-jpg,https://www.mytulify.com/pdf-tools/pdf-to-jpg
free online PDF to JPG,tool_variant,pdf-tools,PDF to JPG,pdf-to-jpg,https://www.mytulify.com/pdf-tools/pdf-to-jpg
PDF to JPG online,tool_variant,pdf-tools,PDF to JPG,pdf-to-jpg,https://www.mytulify.com/pdf-tools/pdf-to-jpg
PDF Tools PDF to JPG,tool_variant,pdf-tools,PDF to JPG,pdf-to-jpg,https://www.mytulify.com/pdf-tools/pdf-to-jpg
Convert each PDF page into a downloadable JPG image,tool_variant,pdf-tools,PDF to JPG,pdf-to-jpg,https://www.mytulify.com/pdf-tools/pdf-to-jpg
PDF to PNG,tool,pdf-tools,PDF to PNG,pdf-to-png,https://www.mytulify.com/pdf-tools/pdf-to-png
free PDF to PNG,tool_variant,pdf-tools,PDF to PNG,pdf-to-png,https://www.mytulify.com/pdf-tools/pdf-to-png
free online PDF to PNG,tool_variant,pdf-tools,PDF to PNG,pdf-to-png,https://www.mytulify.com/pdf-tools/pdf-to-png
PDF to PNG online,tool_variant,pdf-tools,PDF to PNG,pdf-to-png,https://www.mytulify.com/pdf-tools/pdf-to-png
PDF Tools PDF to PNG,tool_variant,pdf-tools,PDF to PNG,pdf-to-png,https://www.mytulify.com/pdf-tools/pdf-to-png
Render PDF pages as high-quality PNG images,tool_variant,pdf-tools,PDF to PNG,pdf-to-png,https://www.mytulify.com/pdf-tools/pdf-to-png
Images to PDF,tool,pdf-tools,Images to PDF,images-to-pdf,https://www.mytulify.com/pdf-tools/images-to-pdf
free Images to PDF,tool_variant,pdf-tools,Images to PDF,images-to-pdf,https://www.mytulify.com/pdf-tools/images-to-pdf
free online Images to PDF,tool_variant,pdf-tools,Images to PDF,images-to-pdf,https://www.mytulify.com/pdf-tools/images-to-pdf
Images to PDF online,tool_variant,pdf-tools,Images to PDF,images-to-pdf,https://www.mytulify.com/pdf-tools/images-to-pdf
PDF Tools Images to PDF,tool_variant,pdf-tools,Images to PDF,images-to-pdf,https://www.mytulify.com/pdf-tools/images-to-pdf
Batch combine multiple images into one ordered PDF,tool_variant,pdf-tools,Images to PDF,images-to-pdf,https://www.mytulify.com/pdf-tools/images-to-pdf
Extract Images from PDF,tool,pdf-tools,Extract Images from PDF,extract-images-from-pdf,https://www.mytulify.com/pdf-tools/extract-images-from-pdf
free Extract Images from PDF,tool_variant,pdf-tools,Extract Images from PDF,extract-images-from-pdf,https://www.mytulify.com/pdf-tools/extract-images-from-pdf
free online Extract Images from PDF,tool_variant,pdf-tools,Extract Images from PDF,extract-images-from-pdf,https://www.mytulify.com/pdf-tools/extract-images-from-pdf
Extract Images from PDF online,tool_variant,pdf-tools,Extract Images from PDF,extract-images-from-pdf,https://www.mytulify.com/pdf-tools/extract-images-from-pdf
PDF Tools Extract Images from PDF,tool_variant,pdf-tools,Extract Images from PDF,extract-images-from-pdf,https://www.mytulify.com/pdf-tools/extract-images-from-pdf
Pull all embedded images out of a PDF file,tool_variant,pdf-tools,Extract Images from PDF,extract-images-from-pdf,https://www.mytulify.com/pdf-tools/extract-images-from-pdf
Add Page Numbers to PDF,tool,pdf-tools,Add Page Numbers to PDF,add-page-numbers-to-pdf,https://www.mytulify.com/pdf-tools/add-page-numbers-to-pdf
free Add Page Numbers to PDF,tool_variant,pdf-tools,Add Page Numbers to PDF,add-page-numbers-to-pdf,https://www.mytulify.com/pdf-tools/add-page-numbers-to-pdf
free online Add Page Numbers to PDF,tool_variant,pdf-tools,Add Page Numbers to PDF,add-page-numbers-to-pdf,https://www.mytulify.com/pdf-tools/add-page-numbers-to-pdf
Add Page Numbers to PDF online,tool_variant,pdf-tools,Add Page Numbers to PDF,add-page-numbers-to-pdf,https://www.mytulify.com/pdf-tools/add-page-numbers-to-pdf
PDF Tools Add Page Numbers to PDF,tool_variant,pdf-tools,Add Page Numbers to PDF,add-page-numbers-to-pdf,https://www.mytulify.com/pdf-tools/add-page-numbers-to-pdf
Insert customizable page numbers into a PDF,tool_variant,pdf-tools,Add Page Numbers to PDF,add-page-numbers-to-pdf,https://www.mytulify.com/pdf-tools/add-page-numbers-to-pdf
Add Watermark to PDF,tool,pdf-tools,Add Watermark to PDF,add-watermark-to-pdf,https://www.mytulify.com/pdf-tools/add-watermark-to-pdf
free Add Watermark to PDF,tool_variant,pdf-tools,Add Watermark to PDF,add-watermark-to-pdf,https://www.mytulify.com/pdf-tools/add-watermark-to-pdf
free online Add Watermark to PDF,tool_variant,pdf-tools,Add Watermark to PDF,add-watermark-to-pdf,https://www.mytulify.com/pdf-tools/add-watermark-to-pdf
Add Watermark to PDF online,tool_variant,pdf-tools,Add Watermark to PDF,add-watermark-to-pdf,https://www.mytulify.com/pdf-tools/add-watermark-to-pdf
PDF Tools Add Watermark to PDF,tool_variant,pdf-tools,Add Watermark to PDF,add-watermark-to-pdf,https://www.mytulify.com/pdf-tools/add-watermark-to-pdf
Stamp text or image watermarks across PDF pages,tool_variant,pdf-tools,Add Watermark to PDF,add-watermark-to-pdf,https://www.mytulify.com/pdf-tools/add-watermark-to-pdf
Crop PDF,tool,pdf-tools,Crop PDF,crop-pdf,https://www.mytulify.com/pdf-tools/crop-pdf
free Crop PDF,tool_variant,pdf-tools,Crop PDF,crop-pdf,https://www.mytulify.com/pdf-tools/crop-pdf
free online Crop PDF,tool_variant,pdf-tools,Crop PDF,crop-pdf,https://www.mytulify.com/pdf-tools/crop-pdf
Crop PDF online,tool_variant,pdf-tools,Crop PDF,crop-pdf,https://www.mytulify.com/pdf-tools/crop-pdf
PDF Tools Crop PDF,tool_variant,pdf-tools,Crop PDF,crop-pdf,https://www.mytulify.com/pdf-tools/crop-pdf
Trim margins and crop the visible area of PDF pages,tool_variant,pdf-tools,Crop PDF,crop-pdf,https://www.mytulify.com/pdf-tools/crop-pdf
Protect PDF,tool,pdf-tools,Protect PDF,protect-pdf,https://www.mytulify.com/pdf-tools/protect-pdf
free Protect PDF,tool_variant,pdf-tools,Protect PDF,protect-pdf,https://www.mytulify.com/pdf-tools/protect-pdf
free online Protect PDF,tool_variant,pdf-tools,Protect PDF,protect-pdf,https://www.mytulify.com/pdf-tools/protect-pdf
Protect PDF online,tool_variant,pdf-tools,Protect PDF,protect-pdf,https://www.mytulify.com/pdf-tools/protect-pdf
PDF Tools Protect PDF,tool_variant,pdf-tools,Protect PDF,protect-pdf,https://www.mytulify.com/pdf-tools/protect-pdf
Add a password and encryption to lock a PDF,tool_variant,pdf-tools,Protect PDF,protect-pdf,https://www.mytulify.com/pdf-tools/protect-pdf
Unlock PDF,tool,pdf-tools,Unlock PDF,unlock-pdf,https://www.mytulify.com/pdf-tools/unlock-pdf
free Unlock PDF,tool_variant,pdf-tools,Unlock PDF,unlock-pdf,https://www.mytulify.com/pdf-tools/unlock-pdf
free online Unlock PDF,tool_variant,pdf-tools,Unlock PDF,unlock-pdf,https://www.mytulify.com/pdf-tools/unlock-pdf
Unlock PDF online,tool_variant,pdf-tools,Unlock PDF,unlock-pdf,https://www.mytulify.com/pdf-tools/unlock-pdf
PDF Tools Unlock PDF,tool_variant,pdf-tools,Unlock PDF,unlock-pdf,https://www.mytulify.com/pdf-tools/unlock-pdf
Remove a known password from a PDF file,tool_variant,pdf-tools,Unlock PDF,unlock-pdf,https://www.mytulify.com/pdf-tools/unlock-pdf
Sign PDF,tool,pdf-tools,Sign PDF,sign-pdf,https://www.mytulify.com/pdf-tools/sign-pdf
free Sign PDF,tool_variant,pdf-tools,Sign PDF,sign-pdf,https://www.mytulify.com/pdf-tools/sign-pdf
free online Sign PDF,tool_variant,pdf-tools,Sign PDF,sign-pdf,https://www.mytulify.com/pdf-tools/sign-pdf
Sign PDF online,tool_variant,pdf-tools,Sign PDF,sign-pdf,https://www.mytulify.com/pdf-tools/sign-pdf
PDF Tools Sign PDF,tool_variant,pdf-tools,Sign PDF,sign-pdf,https://www.mytulify.com/pdf-tools/sign-pdf
"Preview PDF pages, draw/type/upload signatures, drag & resize placement, multi-page signing — free in browser",tool_variant,pdf-tools,Sign PDF,sign-pdf,https://www.mytulify.com/pdf-tools/sign-pdf
Edit PDF,tool,pdf-tools,Edit PDF,edit-pdf,https://www.mytulify.com/pdf-tools/edit-pdf
free Edit PDF,tool_variant,pdf-tools,Edit PDF,edit-pdf,https://www.mytulify.com/pdf-tools/edit-pdf
free online Edit PDF,tool_variant,pdf-tools,Edit PDF,edit-pdf,https://www.mytulify.com/pdf-tools/edit-pdf
Edit PDF online,tool_variant,pdf-tools,Edit PDF,edit-pdf,https://www.mytulify.com/pdf-tools/edit-pdf
PDF Tools Edit PDF,tool_variant,pdf-tools,Edit PDF,edit-pdf,https://www.mytulify.com/pdf-tools/edit-pdf
"Add text, images, shapes, and annotations to a PDF",tool_variant,pdf-tools,Edit PDF,edit-pdf,https://www.mytulify.com/pdf-tools/edit-pdf
Fill PDF Form,tool,pdf-tools,Fill PDF Form,fill-pdf-form,https://www.mytulify.com/pdf-tools/fill-pdf-form
free Fill PDF Form,tool_variant,pdf-tools,Fill PDF Form,fill-pdf-form,https://www.mytulify.com/pdf-tools/fill-pdf-form
free online Fill PDF Form,tool_variant,pdf-tools,Fill PDF Form,fill-pdf-form,https://www.mytulify.com/pdf-tools/fill-pdf-form
Fill PDF Form online,tool_variant,pdf-tools,Fill PDF Form,fill-pdf-form,https://www.mytulify.com/pdf-tools/fill-pdf-form
PDF Tools Fill PDF Form,tool_variant,pdf-tools,Fill PDF Form,fill-pdf-form,https://www.mytulify.com/pdf-tools/fill-pdf-form
Fill in and flatten interactive PDF form fields,tool_variant,pdf-tools,Fill PDF Form,fill-pdf-form,https://www.mytulify.com/pdf-tools/fill-pdf-form
Flatten PDF,tool,pdf-tools,Flatten PDF,flatten-pdf,https://www.mytulify.com/pdf-tools/flatten-pdf
free Flatten PDF,tool_variant,pdf-tools,Flatten PDF,flatten-pdf,https://www.mytulify.com/pdf-tools/flatten-pdf
free online Flatten PDF,tool_variant,pdf-tools,Flatten PDF,flatten-pdf,https://www.mytulify.com/pdf-tools/flatten-pdf
Flatten PDF online,tool_variant,pdf-tools,Flatten PDF,flatten-pdf,https://www.mytulify.com/pdf-tools/flatten-pdf
PDF Tools Flatten PDF,tool_variant,pdf-tools,Flatten PDF,flatten-pdf,https://www.mytulify.com/pdf-tools/flatten-pdf
Merge annotations and form fields into static content,tool_variant,pdf-tools,Flatten PDF,flatten-pdf,https://www.mytulify.com/pdf-tools/flatten-pdf
Resize PDF,tool,pdf-tools,Resize PDF,resize-pdf,https://www.mytulify.com/pdf-tools/resize-pdf
free Resize PDF,tool_variant,pdf-tools,Resize PDF,resize-pdf,https://www.mytulify.com/pdf-tools/resize-pdf
free online Resize PDF,tool_variant,pdf-tools,Resize PDF,resize-pdf,https://www.mytulify.com/pdf-tools/resize-pdf
Resize PDF online,tool_variant,pdf-tools,Resize PDF,resize-pdf,https://www.mytulify.com/pdf-tools/resize-pdf
PDF Tools Resize PDF,tool_variant,pdf-tools,Resize PDF,resize-pdf,https://www.mytulify.com/pdf-tools/resize-pdf
"Scale PDF pages to A4, Letter, or custom dimensions",tool_variant,pdf-tools,Resize PDF,resize-pdf,https://www.mytulify.com/pdf-tools/resize-pdf
Reverse PDF Pages,tool,pdf-tools,Reverse PDF Pages,reverse-pdf-pages,https://www.mytulify.com/pdf-tools/reverse-pdf-pages
free Reverse PDF Pages,tool_variant,pdf-tools,Reverse PDF Pages,reverse-pdf-pages,https://www.mytulify.com/pdf-tools/reverse-pdf-pages
free online Reverse PDF Pages,tool_variant,pdf-tools,Reverse PDF Pages,reverse-pdf-pages,https://www.mytulify.com/pdf-tools/reverse-pdf-pages
Reverse PDF Pages online,tool_variant,pdf-tools,Reverse PDF Pages,reverse-pdf-pages,https://www.mytulify.com/pdf-tools/reverse-pdf-pages
PDF Tools Reverse PDF Pages,tool_variant,pdf-tools,Reverse PDF Pages,reverse-pdf-pages,https://www.mytulify.com/pdf-tools/reverse-pdf-pages
Flip the page order of a PDF document,tool_variant,pdf-tools,Reverse PDF Pages,reverse-pdf-pages,https://www.mytulify.com/pdf-tools/reverse-pdf-pages
Split PDF in Half,tool,pdf-tools,Split PDF in Half,split-pdf-in-half,https://www.mytulify.com/pdf-tools/split-pdf-in-half
free Split PDF in Half,tool_variant,pdf-tools,Split PDF in Half,split-pdf-in-half,https://www.mytulify.com/pdf-tools/split-pdf-in-half
free online Split PDF in Half,tool_variant,pdf-tools,Split PDF in Half,split-pdf-in-half,https://www.mytulify.com/pdf-tools/split-pdf-in-half
Split PDF in Half online,tool_variant,pdf-tools,Split PDF in Half,split-pdf-in-half,https://www.mytulify.com/pdf-tools/split-pdf-in-half
PDF Tools Split PDF in Half,tool_variant,pdf-tools,Split PDF in Half,split-pdf-in-half,https://www.mytulify.com/pdf-tools/split-pdf-in-half
Cut each PDF page vertically or horizontally into two,tool_variant,pdf-tools,Split PDF in Half,split-pdf-in-half,https://www.mytulify.com/pdf-tools/split-pdf-in-half
Extract Text from PDF,tool,pdf-tools,Extract Text from PDF,extract-text-from-pdf,https://www.mytulify.com/pdf-tools/extract-text-from-pdf
free Extract Text from PDF,tool_variant,pdf-tools,Extract Text from PDF,extract-text-from-pdf,https://www.mytulify.com/pdf-tools/extract-text-from-pdf
free online Extract Text from PDF,tool_variant,pdf-tools,Extract Text from PDF,extract-text-from-pdf,https://www.mytulify.com/pdf-tools/extract-text-from-pdf
Extract Text from PDF online,tool_variant,pdf-tools,Extract Text from PDF,extract-text-from-pdf,https://www.mytulify.com/pdf-tools/extract-text-from-pdf
PDF Tools Extract Text from PDF,tool_variant,pdf-tools,Extract Text from PDF,extract-text-from-pdf,https://www.mytulify.com/pdf-tools/extract-text-from-pdf
Copy all selectable text out of a PDF as plain text,tool_variant,pdf-tools,Extract Text from PDF,extract-text-from-pdf,https://www.mytulify.com/pdf-tools/extract-text-from-pdf
PDF Page Counter,tool,pdf-tools,PDF Page Counter,pdf-page-counter,https://www.mytulify.com/pdf-tools/pdf-page-counter
free PDF Page Counter,tool_variant,pdf-tools,PDF Page Counter,pdf-page-counter,https://www.mytulify.com/pdf-tools/pdf-page-counter
free online PDF Page Counter,tool_variant,pdf-tools,PDF Page Counter,pdf-page-counter,https://www.mytulify.com/pdf-tools/pdf-page-counter
PDF Page Counter online,tool_variant,pdf-tools,PDF Page Counter,pdf-page-counter,https://www.mytulify.com/pdf-tools/pdf-page-counter
PDF Tools PDF Page Counter,tool_variant,pdf-tools,PDF Page Counter,pdf-page-counter,https://www.mytulify.com/pdf-tools/pdf-page-counter
Instantly count the number of pages in a PDF,tool_variant,pdf-tools,PDF Page Counter,pdf-page-counter,https://www.mytulify.com/pdf-tools/pdf-page-counter
Duplicate PDF Pages,tool,pdf-tools,Duplicate PDF Pages,duplicate-pdf-pages,https://www.mytulify.com/pdf-tools/duplicate-pdf-pages
free Duplicate PDF Pages,tool_variant,pdf-tools,Duplicate PDF Pages,duplicate-pdf-pages,https://www.mytulify.com/pdf-tools/duplicate-pdf-pages
free online Duplicate PDF Pages,tool_variant,pdf-tools,Duplicate PDF Pages,duplicate-pdf-pages,https://www.mytulify.com/pdf-tools/duplicate-pdf-pages
Duplicate PDF Pages online,tool_variant,pdf-tools,Duplicate PDF Pages,duplicate-pdf-pages,https://www.mytulify.com/pdf-tools/duplicate-pdf-pages
PDF Tools Duplicate PDF Pages,tool_variant,pdf-tools,Duplicate PDF Pages,duplicate-pdf-pages,https://www.mytulify.com/pdf-tools/duplicate-pdf-pages
Copy and repeat selected pages within a PDF,tool_variant,pdf-tools,Duplicate PDF Pages,duplicate-pdf-pages,https://www.mytulify.com/pdf-tools/duplicate-pdf-pages
PDF to Word,tool,pdf-tools,PDF to Word,pdf-to-word,https://www.mytulify.com/pdf-tools/pdf-to-word
free PDF to Word,tool_variant,pdf-tools,PDF to Word,pdf-to-word,https://www.mytulify.com/pdf-tools/pdf-to-word
free online PDF to Word,tool_variant,pdf-tools,PDF to Word,pdf-to-word,https://www.mytulify.com/pdf-tools/pdf-to-word
PDF to Word online,tool_variant,pdf-tools,PDF to Word,pdf-to-word,https://www.mytulify.com/pdf-tools/pdf-to-word
PDF Tools PDF to Word,tool_variant,pdf-tools,PDF to Word,pdf-to-word,https://www.mytulify.com/pdf-tools/pdf-to-word
Convert a PDF into an editable DOC/DOCX document,tool_variant,pdf-tools,PDF to Word,pdf-to-word,https://www.mytulify.com/pdf-tools/pdf-to-word
Word to PDF,tool,pdf-tools,Word to PDF,word-to-pdf,https://www.mytulify.com/pdf-tools/word-to-pdf
free Word to PDF,tool_variant,pdf-tools,Word to PDF,word-to-pdf,https://www.mytulify.com/pdf-tools/word-to-pdf
free online Word to PDF,tool_variant,pdf-tools,Word to PDF,word-to-pdf,https://www.mytulify.com/pdf-tools/word-to-pdf
Word to PDF online,tool_variant,pdf-tools,Word to PDF,word-to-pdf,https://www.mytulify.com/pdf-tools/word-to-pdf
PDF Tools Word to PDF,tool_variant,pdf-tools,Word to PDF,word-to-pdf,https://www.mytulify.com/pdf-tools/word-to-pdf
Convert DOC/DOCX documents into PDF files,tool_variant,pdf-tools,Word to PDF,word-to-pdf,https://www.mytulify.com/pdf-tools/word-to-pdf
TXT to PDF,tool,pdf-tools,TXT to PDF,txt-to-pdf,https://www.mytulify.com/pdf-tools/txt-to-pdf
free TXT to PDF,tool_variant,pdf-tools,TXT to PDF,txt-to-pdf,https://www.mytulify.com/pdf-tools/txt-to-pdf
free online TXT to PDF,tool_variant,pdf-tools,TXT to PDF,txt-to-pdf,https://www.mytulify.com/pdf-tools/txt-to-pdf
TXT to PDF online,tool_variant,pdf-tools,TXT to PDF,txt-to-pdf,https://www.mytulify.com/pdf-tools/txt-to-pdf
PDF Tools TXT to PDF,tool_variant,pdf-tools,TXT to PDF,txt-to-pdf,https://www.mytulify.com/pdf-tools/txt-to-pdf
Convert plain text files into a formatted PDF document,tool_variant,pdf-tools,TXT to PDF,txt-to-pdf,https://www.mytulify.com/pdf-tools/txt-to-pdf
CSV to PDF,tool,pdf-tools,CSV to PDF,csv-to-pdf,https://www.mytulify.com/pdf-tools/csv-to-pdf
free CSV to PDF,tool_variant,pdf-tools,CSV to PDF,csv-to-pdf,https://www.mytulify.com/pdf-tools/csv-to-pdf
free online CSV to PDF,tool_variant,pdf-tools,CSV to PDF,csv-to-pdf,https://www.mytulify.com/pdf-tools/csv-to-pdf
CSV to PDF online,tool_variant,pdf-tools,CSV to PDF,csv-to-pdf,https://www.mytulify.com/pdf-tools/csv-to-pdf
PDF Tools CSV to PDF,tool_variant,pdf-tools,CSV to PDF,csv-to-pdf,https://www.mytulify.com/pdf-tools/csv-to-pdf
Turn CSV spreadsheet data into a readable PDF,tool_variant,pdf-tools,CSV to PDF,csv-to-pdf,https://www.mytulify.com/pdf-tools/csv-to-pdf
Excel to PDF,tool,pdf-tools,Excel to PDF,excel-to-pdf,https://www.mytulify.com/pdf-tools/excel-to-pdf
free Excel to PDF,tool_variant,pdf-tools,Excel to PDF,excel-to-pdf,https://www.mytulify.com/pdf-tools/excel-to-pdf
free online Excel to PDF,tool_variant,pdf-tools,Excel to PDF,excel-to-pdf,https://www.mytulify.com/pdf-tools/excel-to-pdf
Excel to PDF online,tool_variant,pdf-tools,Excel to PDF,excel-to-pdf,https://www.mytulify.com/pdf-tools/excel-to-pdf
PDF Tools Excel to PDF,tool_variant,pdf-tools,Excel to PDF,excel-to-pdf,https://www.mytulify.com/pdf-tools/excel-to-pdf
Convert CSV exports from Excel into PDF files,tool_variant,pdf-tools,Excel to PDF,excel-to-pdf,https://www.mytulify.com/pdf-tools/excel-to-pdf
PDF to Excel,tool,pdf-tools,PDF to Excel,pdf-to-excel,https://www.mytulify.com/pdf-tools/pdf-to-excel
free PDF to Excel,tool_variant,pdf-tools,PDF to Excel,pdf-to-excel,https://www.mytulify.com/pdf-tools/pdf-to-excel
free online PDF to Excel,tool_variant,pdf-tools,PDF to Excel,pdf-to-excel,https://www.mytulify.com/pdf-tools/pdf-to-excel
PDF to Excel online,tool_variant,pdf-tools,PDF to Excel,pdf-to-excel,https://www.mytulify.com/pdf-tools/pdf-to-excel
PDF Tools PDF to Excel,tool_variant,pdf-tools,PDF to Excel,pdf-to-excel,https://www.mytulify.com/pdf-tools/pdf-to-excel
Extract PDF table data and download as CSV for Excel,tool_variant,pdf-tools,PDF to Excel,pdf-to-excel,https://www.mytulify.com/pdf-tools/pdf-to-excel
EPUB to PDF,tool,pdf-tools,EPUB to PDF,epub-to-pdf,https://www.mytulify.com/pdf-tools/epub-to-pdf
free EPUB to PDF,tool_variant,pdf-tools,EPUB to PDF,epub-to-pdf,https://www.mytulify.com/pdf-tools/epub-to-pdf
free online EPUB to PDF,tool_variant,pdf-tools,EPUB to PDF,epub-to-pdf,https://www.mytulify.com/pdf-tools/epub-to-pdf
EPUB to PDF online,tool_variant,pdf-tools,EPUB to PDF,epub-to-pdf,https://www.mytulify.com/pdf-tools/epub-to-pdf
PDF Tools EPUB to PDF,tool_variant,pdf-tools,EPUB to PDF,epub-to-pdf,https://www.mytulify.com/pdf-tools/epub-to-pdf
Convert EPUB ebooks to PDF for printing or sharing,tool_variant,pdf-tools,EPUB to PDF,epub-to-pdf,https://www.mytulify.com/pdf-tools/epub-to-pdf
CBZ to PDF,tool,pdf-tools,CBZ to PDF,cbz-to-pdf,https://www.mytulify.com/pdf-tools/cbz-to-pdf
free CBZ to PDF,tool_variant,pdf-tools,CBZ to PDF,cbz-to-pdf,https://www.mytulify.com/pdf-tools/cbz-to-pdf
free online CBZ to PDF,tool_variant,pdf-tools,CBZ to PDF,cbz-to-pdf,https://www.mytulify.com/pdf-tools/cbz-to-pdf
CBZ to PDF online,tool_variant,pdf-tools,CBZ to PDF,cbz-to-pdf,https://www.mytulify.com/pdf-tools/cbz-to-pdf
PDF Tools CBZ to PDF,tool_variant,pdf-tools,CBZ to PDF,cbz-to-pdf,https://www.mytulify.com/pdf-tools/cbz-to-pdf
Convert CBZ comic archives to a single PDF,tool_variant,pdf-tools,CBZ to PDF,cbz-to-pdf,https://www.mytulify.com/pdf-tools/cbz-to-pdf
PDF to CBZ,tool,pdf-tools,PDF to CBZ,pdf-to-cbz,https://www.mytulify.com/pdf-tools/pdf-to-cbz
free PDF to CBZ,tool_variant,pdf-tools,PDF to CBZ,pdf-to-cbz,https://www.mytulify.com/pdf-tools/pdf-to-cbz
free online PDF to CBZ,tool_variant,pdf-tools,PDF to CBZ,pdf-to-cbz,https://www.mytulify.com/pdf-tools/pdf-to-cbz
PDF to CBZ online,tool_variant,pdf-tools,PDF to CBZ,pdf-to-cbz,https://www.mytulify.com/pdf-tools/pdf-to-cbz
PDF Tools PDF to CBZ,tool_variant,pdf-tools,PDF to CBZ,pdf-to-cbz,https://www.mytulify.com/pdf-tools/pdf-to-cbz
Convert PDF pages into a CBZ comic archive,tool_variant,pdf-tools,PDF to CBZ,pdf-to-cbz,https://www.mytulify.com/pdf-tools/pdf-to-cbz
PDF to PDF/A,tool,pdf-tools,PDF to PDF/A,pdf-to-pdf-a,https://www.mytulify.com/pdf-tools/pdf-to-pdf-a
free PDF to PDF/A,tool_variant,pdf-tools,PDF to PDF/A,pdf-to-pdf-a,https://www.mytulify.com/pdf-tools/pdf-to-pdf-a
free online PDF to PDF/A,tool_variant,pdf-tools,PDF to PDF/A,pdf-to-pdf-a,https://www.mytulify.com/pdf-tools/pdf-to-pdf-a
PDF to PDF/A online,tool_variant,pdf-tools,PDF to PDF/A,pdf-to-pdf-a,https://www.mytulify.com/pdf-tools/pdf-to-pdf-a
pdf to pdf a,tool_variant,pdf-tools,PDF to PDF/A,pdf-to-pdf-a,https://www.mytulify.com/pdf-tools/pdf-to-pdf-a
PDF Tools PDF to PDF/A,tool_variant,pdf-tools,PDF to PDF/A,pdf-to-pdf-a,https://www.mytulify.com/pdf-tools/pdf-to-pdf-a
Prepare PDFs for long-term archival (PDF/A style export),tool_variant,pdf-tools,PDF to PDF/A,pdf-to-pdf-a,https://www.mytulify.com/pdf-tools/pdf-to-pdf-a
Bank Statement to Excel,tool,pdf-tools,Bank Statement to Excel,bank-statement-to-excel,https://www.mytulify.com/pdf-tools/bank-statement-to-excel
free Bank Statement to Excel,tool_variant,pdf-tools,Bank Statement to Excel,bank-statement-to-excel,https://www.mytulify.com/pdf-tools/bank-statement-to-excel
free online Bank Statement to Excel,tool_variant,pdf-tools,Bank Statement to Excel,bank-statement-to-excel,https://www.mytulify.com/pdf-tools/bank-statement-to-excel
Bank Statement to Excel online,tool_variant,pdf-tools,Bank Statement to Excel,bank-statement-to-excel,https://www.mytulify.com/pdf-tools/bank-statement-to-excel
PDF Tools Bank Statement to Excel,tool_variant,pdf-tools,Bank Statement to Excel,bank-statement-to-excel,https://www.mytulify.com/pdf-tools/bank-statement-to-excel
Extract bank statement PDF data to CSV for Excel,tool_variant,pdf-tools,Bank Statement to Excel,bank-statement-to-excel,https://www.mytulify.com/pdf-tools/bank-statement-to-excel
Password Generator,tool,security-password-tools,Password Generator,password-generator,https://www.mytulify.com/security-password-tools/password-generator
free Password Generator,tool_variant,security-password-tools,Password Generator,password-generator,https://www.mytulify.com/security-password-tools/password-generator
free online Password Generator,tool_variant,security-password-tools,Password Generator,password-generator,https://www.mytulify.com/security-password-tools/password-generator
Password Generator online,tool_variant,security-password-tools,Password Generator,password-generator,https://www.mytulify.com/security-password-tools/password-generator
Security & Password Tools Password Generator,tool_variant,security-password-tools,Password Generator,password-generator,https://www.mytulify.com/security-password-tools/password-generator
Generate strong random passwords with adjustable length and character sets,tool_variant,security-password-tools,Password Generator,password-generator,https://www.mytulify.com/security-password-tools/password-generator
Password Strength Checker,tool,security-password-tools,Password Strength Checker,password-strength-checker,https://www.mytulify.com/security-password-tools/password-strength-checker
free Password Strength Checker,tool_variant,security-password-tools,Password Strength Checker,password-strength-checker,https://www.mytulify.com/security-password-tools/password-strength-checker
free online Password Strength Checker,tool_variant,security-password-tools,Password Strength Checker,password-strength-checker,https://www.mytulify.com/security-password-tools/password-strength-checker
Password Strength Checker online,tool_variant,security-password-tools,Password Strength Checker,password-strength-checker,https://www.mytulify.com/security-password-tools/password-strength-checker
Security & Password Tools Password Strength Checker,tool_variant,security-password-tools,Password Strength Checker,password-strength-checker,https://www.mytulify.com/security-password-tools/password-strength-checker
Estimate password strength and crack time in the browser,tool_variant,security-password-tools,Password Strength Checker,password-strength-checker,https://www.mytulify.com/security-password-tools/password-strength-checker
MD5 Hash Generator,tool,security-password-tools,MD5 Hash Generator,md5-hash-generator,https://www.mytulify.com/security-password-tools/md5-hash-generator
free MD5 Hash Generator,tool_variant,security-password-tools,MD5 Hash Generator,md5-hash-generator,https://www.mytulify.com/security-password-tools/md5-hash-generator
free online MD5 Hash Generator,tool_variant,security-password-tools,MD5 Hash Generator,md5-hash-generator,https://www.mytulify.com/security-password-tools/md5-hash-generator
MD5 Hash Generator online,tool_variant,security-password-tools,MD5 Hash Generator,md5-hash-generator,https://www.mytulify.com/security-password-tools/md5-hash-generator
Security & Password Tools MD5 Hash Generator,tool_variant,security-password-tools,MD5 Hash Generator,md5-hash-generator,https://www.mytulify.com/security-password-tools/md5-hash-generator
Compute the MD5 hash of any input text,tool_variant,security-password-tools,MD5 Hash Generator,md5-hash-generator,https://www.mytulify.com/security-password-tools/md5-hash-generator
SHA-256 Hash Generator,tool,security-password-tools,SHA-256 Hash Generator,sha256-hash-generator,https://www.mytulify.com/security-password-tools/sha256-hash-generator
free SHA-256 Hash Generator,tool_variant,security-password-tools,SHA-256 Hash Generator,sha256-hash-generator,https://www.mytulify.com/security-password-tools/sha256-hash-generator
free online SHA-256 Hash Generator,tool_variant,security-password-tools,SHA-256 Hash Generator,sha256-hash-generator,https://www.mytulify.com/security-password-tools/sha256-hash-generator
SHA-256 Hash Generator online,tool_variant,security-password-tools,SHA-256 Hash Generator,sha256-hash-generator,https://www.mytulify.com/security-password-tools/sha256-hash-generator
sha256 hash generator,tool_variant,security-password-tools,SHA-256 Hash Generator,sha256-hash-generator,https://www.mytulify.com/security-password-tools/sha256-hash-generator
Security & Password Tools SHA-256 Hash Generator,tool_variant,security-password-tools,SHA-256 Hash Generator,sha256-hash-generator,https://www.mytulify.com/security-password-tools/sha256-hash-generator
Generate SHA-256 hashes via the Web Crypto API,tool_variant,security-password-tools,SHA-256 Hash Generator,sha256-hash-generator,https://www.mytulify.com/security-password-tools/sha256-hash-generator
SHA-1 Hash Generator,tool,security-password-tools,SHA-1 Hash Generator,sha1-hash-generator,https://www.mytulify.com/security-password-tools/sha1-hash-generator
free SHA-1 Hash Generator,tool_variant,security-password-tools,SHA-1 Hash Generator,sha1-hash-generator,https://www.mytulify.com/security-password-tools/sha1-hash-generator
free online SHA-1 Hash Generator,tool_variant,security-password-tools,SHA-1 Hash Generator,sha1-hash-generator,https://www.mytulify.com/security-password-tools/sha1-hash-generator
SHA-1 Hash Generator online,tool_variant,security-password-tools,SHA-1 Hash Generator,sha1-hash-generator,https://www.mytulify.com/security-password-tools/sha1-hash-generator
sha1 hash generator,tool_variant,security-password-tools,SHA-1 Hash Generator,sha1-hash-generator,https://www.mytulify.com/security-password-tools/sha1-hash-generator
Security & Password Tools SHA-1 Hash Generator,tool_variant,security-password-tools,SHA-1 Hash Generator,sha1-hash-generator,https://www.mytulify.com/security-password-tools/sha1-hash-generator
Compute SHA-1 hashes for text input,tool_variant,security-password-tools,SHA-1 Hash Generator,sha1-hash-generator,https://www.mytulify.com/security-password-tools/sha1-hash-generator
SHA-512 Hash Generator,tool,security-password-tools,SHA-512 Hash Generator,sha512-hash-generator,https://www.mytulify.com/security-password-tools/sha512-hash-generator
free SHA-512 Hash Generator,tool_variant,security-password-tools,SHA-512 Hash Generator,sha512-hash-generator,https://www.mytulify.com/security-password-tools/sha512-hash-generator
free online SHA-512 Hash Generator,tool_variant,security-password-tools,SHA-512 Hash Generator,sha512-hash-generator,https://www.mytulify.com/security-password-tools/sha512-hash-generator
SHA-512 Hash Generator online,tool_variant,security-password-tools,SHA-512 Hash Generator,sha512-hash-generator,https://www.mytulify.com/security-password-tools/sha512-hash-generator
sha512 hash generator,tool_variant,security-password-tools,SHA-512 Hash Generator,sha512-hash-generator,https://www.mytulify.com/security-password-tools/sha512-hash-generator
Security & Password Tools SHA-512 Hash Generator,tool_variant,security-password-tools,SHA-512 Hash Generator,sha512-hash-generator,https://www.mytulify.com/security-password-tools/sha512-hash-generator
Generate SHA-512 hashes for text,tool_variant,security-password-tools,SHA-512 Hash Generator,sha512-hash-generator,https://www.mytulify.com/security-password-tools/sha512-hash-generator
Bcrypt Generator,tool,security-password-tools,Bcrypt Generator,bcrypt-generator,https://www.mytulify.com/security-password-tools/bcrypt-generator
free Bcrypt Generator,tool_variant,security-password-tools,Bcrypt Generator,bcrypt-generator,https://www.mytulify.com/security-password-tools/bcrypt-generator
free online Bcrypt Generator,tool_variant,security-password-tools,Bcrypt Generator,bcrypt-generator,https://www.mytulify.com/security-password-tools/bcrypt-generator
Bcrypt Generator online,tool_variant,security-password-tools,Bcrypt Generator,bcrypt-generator,https://www.mytulify.com/security-password-tools/bcrypt-generator
Security & Password Tools Bcrypt Generator,tool_variant,security-password-tools,Bcrypt Generator,bcrypt-generator,https://www.mytulify.com/security-password-tools/bcrypt-generator
"Hash passwords with bcrypt and verify them, with adjustable rounds",tool_variant,security-password-tools,Bcrypt Generator,bcrypt-generator,https://www.mytulify.com/security-password-tools/bcrypt-generator
Bulk Password Generator,tool,security-password-tools,Bulk Password Generator,bulk-password-generator,https://www.mytulify.com/security-password-tools/bulk-password-generator
free Bulk Password Generator,tool_variant,security-password-tools,Bulk Password Generator,bulk-password-generator,https://www.mytulify.com/security-password-tools/bulk-password-generator
free online Bulk Password Generator,tool_variant,security-password-tools,Bulk Password Generator,bulk-password-generator,https://www.mytulify.com/security-password-tools/bulk-password-generator
Bulk Password Generator online,tool_variant,security-password-tools,Bulk Password Generator,bulk-password-generator,https://www.mytulify.com/security-password-tools/bulk-password-generator
Security & Password Tools Bulk Password Generator,tool_variant,security-password-tools,Bulk Password Generator,bulk-password-generator,https://www.mytulify.com/security-password-tools/bulk-password-generator
Generate many strong passwords at once for export,tool_variant,security-password-tools,Bulk Password Generator,bulk-password-generator,https://www.mytulify.com/security-password-tools/bulk-password-generator
Passphrase Generator,tool,security-password-tools,Passphrase Generator,passphrase-generator,https://www.mytulify.com/security-password-tools/passphrase-generator
free Passphrase Generator,tool_variant,security-password-tools,Passphrase Generator,passphrase-generator,https://www.mytulify.com/security-password-tools/passphrase-generator
free online Passphrase Generator,tool_variant,security-password-tools,Passphrase Generator,passphrase-generator,https://www.mytulify.com/security-password-tools/passphrase-generator
Passphrase Generator online,tool_variant,security-password-tools,Passphrase Generator,passphrase-generator,https://www.mytulify.com/security-password-tools/passphrase-generator
Security & Password Tools Passphrase Generator,tool_variant,security-password-tools,Passphrase Generator,passphrase-generator,https://www.mytulify.com/security-password-tools/passphrase-generator
Build memorable Diceware-style word passphrases,tool_variant,security-password-tools,Passphrase Generator,passphrase-generator,https://www.mytulify.com/security-password-tools/passphrase-generator
AES Text Encrypt/Decrypt,tool,security-password-tools,AES Text Encrypt/Decrypt,aes-encrypt-decrypt,https://www.mytulify.com/security-password-tools/aes-encrypt-decrypt
free AES Text Encrypt/Decrypt,tool_variant,security-password-tools,AES Text Encrypt/Decrypt,aes-encrypt-decrypt,https://www.mytulify.com/security-password-tools/aes-encrypt-decrypt
free online AES Text Encrypt/Decrypt,tool_variant,security-password-tools,AES Text Encrypt/Decrypt,aes-encrypt-decrypt,https://www.mytulify.com/security-password-tools/aes-encrypt-decrypt
AES Text Encrypt/Decrypt online,tool_variant,security-password-tools,AES Text Encrypt/Decrypt,aes-encrypt-decrypt,https://www.mytulify.com/security-password-tools/aes-encrypt-decrypt
aes encrypt decrypt,tool_variant,security-password-tools,AES Text Encrypt/Decrypt,aes-encrypt-decrypt,https://www.mytulify.com/security-password-tools/aes-encrypt-decrypt
Security & Password Tools AES Text Encrypt/Decrypt,tool_variant,security-password-tools,AES Text Encrypt/Decrypt,aes-encrypt-decrypt,https://www.mytulify.com/security-password-tools/aes-encrypt-decrypt
"Encrypt and decrypt text with AES-GCM and a passphrase, fully client-side",tool_variant,security-password-tools,AES Text Encrypt/Decrypt,aes-encrypt-decrypt,https://www.mytulify.com/security-password-tools/aes-encrypt-decrypt
HMAC Generator,tool,security-password-tools,HMAC Generator,hmac-generator,https://www.mytulify.com/security-password-tools/hmac-generator
free HMAC Generator,tool_variant,security-password-tools,HMAC Generator,hmac-generator,https://www.mytulify.com/security-password-tools/hmac-generator
free online HMAC Generator,tool_variant,security-password-tools,HMAC Generator,hmac-generator,https://www.mytulify.com/security-password-tools/hmac-generator
HMAC Generator online,tool_variant,security-password-tools,HMAC Generator,hmac-generator,https://www.mytulify.com/security-password-tools/hmac-generator
Security & Password Tools HMAC Generator,tool_variant,security-password-tools,HMAC Generator,hmac-generator,https://www.mytulify.com/security-password-tools/hmac-generator
Compute HMAC signatures with a chosen hash and secret key,tool_variant,security-password-tools,HMAC Generator,hmac-generator,https://www.mytulify.com/security-password-tools/hmac-generator
htpasswd Generator,tool,security-password-tools,htpasswd Generator,htpasswd-generator,https://www.mytulify.com/security-password-tools/htpasswd-generator
free htpasswd Generator,tool_variant,security-password-tools,htpasswd Generator,htpasswd-generator,https://www.mytulify.com/security-password-tools/htpasswd-generator
free online htpasswd Generator,tool_variant,security-password-tools,htpasswd Generator,htpasswd-generator,https://www.mytulify.com/security-password-tools/htpasswd-generator
htpasswd Generator online,tool_variant,security-password-tools,htpasswd Generator,htpasswd-generator,https://www.mytulify.com/security-password-tools/htpasswd-generator
Security & Password Tools htpasswd Generator,tool_variant,security-password-tools,htpasswd Generator,htpasswd-generator,https://www.mytulify.com/security-password-tools/htpasswd-generator
Create Apache/Nginx htpasswd entries with bcrypt or APR1,tool_variant,security-password-tools,htpasswd Generator,htpasswd-generator,https://www.mytulify.com/security-password-tools/htpasswd-generator
Secure UUID Generator,tool,security-password-tools,Secure UUID Generator,secure-uuid-generator,https://www.mytulify.com/security-password-tools/secure-uuid-generator
free Secure UUID Generator,tool_variant,security-password-tools,Secure UUID Generator,secure-uuid-generator,https://www.mytulify.com/security-password-tools/secure-uuid-generator
free online Secure UUID Generator,tool_variant,security-password-tools,Secure UUID Generator,secure-uuid-generator,https://www.mytulify.com/security-password-tools/secure-uuid-generator
Secure UUID Generator online,tool_variant,security-password-tools,Secure UUID Generator,secure-uuid-generator,https://www.mytulify.com/security-password-tools/secure-uuid-generator
Security & Password Tools Secure UUID Generator,tool_variant,security-password-tools,Secure UUID Generator,secure-uuid-generator,https://www.mytulify.com/security-password-tools/secure-uuid-generator
Generate cryptographically secure v4 UUIDs,tool_variant,security-password-tools,Secure UUID Generator,secure-uuid-generator,https://www.mytulify.com/security-password-tools/secure-uuid-generator
API Key Generator,tool,security-password-tools,API Key Generator,api-key-generator,https://www.mytulify.com/security-password-tools/api-key-generator
free API Key Generator,tool_variant,security-password-tools,API Key Generator,api-key-generator,https://www.mytulify.com/security-password-tools/api-key-generator
free online API Key Generator,tool_variant,security-password-tools,API Key Generator,api-key-generator,https://www.mytulify.com/security-password-tools/api-key-generator
API Key Generator online,tool_variant,security-password-tools,API Key Generator,api-key-generator,https://www.mytulify.com/security-password-tools/api-key-generator
Security & Password Tools API Key Generator,tool_variant,security-password-tools,API Key Generator,api-key-generator,https://www.mytulify.com/security-password-tools/api-key-generator
Generate random API keys and secret tokens,tool_variant,security-password-tools,API Key Generator,api-key-generator,https://www.mytulify.com/security-password-tools/api-key-generator
Random Token Generator,tool,security-password-tools,Random Token Generator,random-token-generator,https://www.mytulify.com/security-password-tools/random-token-generator
free Random Token Generator,tool_variant,security-password-tools,Random Token Generator,random-token-generator,https://www.mytulify.com/security-password-tools/random-token-generator
free online Random Token Generator,tool_variant,security-password-tools,Random Token Generator,random-token-generator,https://www.mytulify.com/security-password-tools/random-token-generator
Random Token Generator online,tool_variant,security-password-tools,Random Token Generator,random-token-generator,https://www.mytulify.com/security-password-tools/random-token-generator
Security & Password Tools Random Token Generator,tool_variant,security-password-tools,Random Token Generator,random-token-generator,https://www.mytulify.com/security-password-tools/random-token-generator
Produce secure random tokens of configurable length and charset,tool_variant,security-password-tools,Random Token Generator,random-token-generator,https://www.mytulify.com/security-password-tools/random-token-generator
TOTP / 2FA Code Generator,tool,security-password-tools,TOTP / 2FA Code Generator,totp-generator,https://www.mytulify.com/security-password-tools/totp-generator
free TOTP / 2FA Code Generator,tool_variant,security-password-tools,TOTP / 2FA Code Generator,totp-generator,https://www.mytulify.com/security-password-tools/totp-generator
free online TOTP / 2FA Code Generator,tool_variant,security-password-tools,TOTP / 2FA Code Generator,totp-generator,https://www.mytulify.com/security-password-tools/totp-generator
TOTP / 2FA Code Generator online,tool_variant,security-password-tools,TOTP / 2FA Code Generator,totp-generator,https://www.mytulify.com/security-password-tools/totp-generator
totp generator,tool_variant,security-password-tools,TOTP / 2FA Code Generator,totp-generator,https://www.mytulify.com/security-password-tools/totp-generator
Security & Password Tools TOTP / 2FA Code Generator,tool_variant,security-password-tools,TOTP / 2FA Code Generator,totp-generator,https://www.mytulify.com/security-password-tools/totp-generator
Generate time-based OTP codes from a secret for 2FA testing,tool_variant,security-password-tools,TOTP / 2FA Code Generator,totp-generator,https://www.mytulify.com/security-password-tools/totp-generator
Hash Identifier,tool,security-password-tools,Hash Identifier,hash-identifier,https://www.mytulify.com/security-password-tools/hash-identifier
free Hash Identifier,tool_variant,security-password-tools,Hash Identifier,hash-identifier,https://www.mytulify.com/security-password-tools/hash-identifier
free online Hash Identifier,tool_variant,security-password-tools,Hash Identifier,hash-identifier,https://www.mytulify.com/security-password-tools/hash-identifier
Hash Identifier online,tool_variant,security-password-tools,Hash Identifier,hash-identifier,https://www.mytulify.com/security-password-tools/hash-identifier
Security & Password Tools Hash Identifier,tool_variant,security-password-tools,Hash Identifier,hash-identifier,https://www.mytulify.com/security-password-tools/hash-identifier
Detect the likely hash algorithm from a given hash string,tool_variant,security-password-tools,Hash Identifier,hash-identifier,https://www.mytulify.com/security-password-tools/hash-identifier
CRC32 Checksum Generator,tool,security-password-tools,CRC32 Checksum Generator,crc32-generator,https://www.mytulify.com/security-password-tools/crc32-generator
free CRC32 Checksum Generator,tool_variant,security-password-tools,CRC32 Checksum Generator,crc32-generator,https://www.mytulify.com/security-password-tools/crc32-generator
free online CRC32 Checksum Generator,tool_variant,security-password-tools,CRC32 Checksum Generator,crc32-generator,https://www.mytulify.com/security-password-tools/crc32-generator
CRC32 Checksum Generator online,tool_variant,security-password-tools,CRC32 Checksum Generator,crc32-generator,https://www.mytulify.com/security-password-tools/crc32-generator
crc32 generator,tool_variant,security-password-tools,CRC32 Checksum Generator,crc32-generator,https://www.mytulify.com/security-password-tools/crc32-generator
Security & Password Tools CRC32 Checksum Generator,tool_variant,security-password-tools,CRC32 Checksum Generator,crc32-generator,https://www.mytulify.com/security-password-tools/crc32-generator
Compute CRC32 checksums for text or data,tool_variant,security-password-tools,CRC32 Checksum Generator,crc32-generator,https://www.mytulify.com/security-password-tools/crc32-generator
Base64 Hash Generator,tool,security-password-tools,Base64 Hash Generator,base64-hash-generator,https://www.mytulify.com/security-password-tools/base64-hash-generator
free Base64 Hash Generator,tool_variant,security-password-tools,Base64 Hash Generator,base64-hash-generator,https://www.mytulify.com/security-password-tools/base64-hash-generator
free online Base64 Hash Generator,tool_variant,security-password-tools,Base64 Hash Generator,base64-hash-generator,https://www.mytulify.com/security-password-tools/base64-hash-generator
Base64 Hash Generator online,tool_variant,security-password-tools,Base64 Hash Generator,base64-hash-generator,https://www.mytulify.com/security-password-tools/base64-hash-generator
Security & Password Tools Base64 Hash Generator,tool_variant,security-password-tools,Base64 Hash Generator,base64-hash-generator,https://www.mytulify.com/security-password-tools/base64-hash-generator
Hash input and output the digest in Base64 form,tool_variant,security-password-tools,Base64 Hash Generator,base64-hash-generator,https://www.mytulify.com/security-password-tools/base64-hash-generator
PIN Generator,tool,security-password-tools,PIN Generator,pin-generator,https://www.mytulify.com/security-password-tools/pin-generator
free PIN Generator,tool_variant,security-password-tools,PIN Generator,pin-generator,https://www.mytulify.com/security-password-tools/pin-generator
free online PIN Generator,tool_variant,security-password-tools,PIN Generator,pin-generator,https://www.mytulify.com/security-password-tools/pin-generator
PIN Generator online,tool_variant,security-password-tools,PIN Generator,pin-generator,https://www.mytulify.com/security-password-tools/pin-generator
Security & Password Tools PIN Generator,tool_variant,security-password-tools,PIN Generator,pin-generator,https://www.mytulify.com/security-password-tools/pin-generator
Generate random numeric PIN codes of chosen length,tool_variant,security-password-tools,PIN Generator,pin-generator,https://www.mytulify.com/security-password-tools/pin-generator
WiFi QR Code Generator,tool,security-password-tools,WiFi QR Code Generator,wifi-qr-code-generator,https://www.mytulify.com/security-password-tools/wifi-qr-code-generator
free WiFi QR Code Generator,tool_variant,security-password-tools,WiFi QR Code Generator,wifi-qr-code-generator,https://www.mytulify.com/security-password-tools/wifi-qr-code-generator
free online WiFi QR Code Generator,tool_variant,security-password-tools,WiFi QR Code Generator,wifi-qr-code-generator,https://www.mytulify.com/security-password-tools/wifi-qr-code-generator
WiFi QR Code Generator online,tool_variant,security-password-tools,WiFi QR Code Generator,wifi-qr-code-generator,https://www.mytulify.com/security-password-tools/wifi-qr-code-generator
Security & Password Tools WiFi QR Code Generator,tool_variant,security-password-tools,WiFi QR Code Generator,wifi-qr-code-generator,https://www.mytulify.com/security-password-tools/wifi-qr-code-generator
Create a QR code that shares WiFi credentials for easy connection,tool_variant,security-password-tools,WiFi QR Code Generator,wifi-qr-code-generator,https://www.mytulify.com/security-password-tools/wifi-qr-code-generator
CSRF Token Generator,tool,security-password-tools,CSRF Token Generator,csrf-token-generator,https://www.mytulify.com/security-password-tools/csrf-token-generator
free CSRF Token Generator,tool_variant,security-password-tools,CSRF Token Generator,csrf-token-generator,https://www.mytulify.com/security-password-tools/csrf-token-generator
free online CSRF Token Generator,tool_variant,security-password-tools,CSRF Token Generator,csrf-token-generator,https://www.mytulify.com/security-password-tools/csrf-token-generator
CSRF Token Generator online,tool_variant,security-password-tools,CSRF Token Generator,csrf-token-generator,https://www.mytulify.com/security-password-tools/csrf-token-generator
Security & Password Tools CSRF Token Generator,tool_variant,security-password-tools,CSRF Token Generator,csrf-token-generator,https://www.mytulify.com/security-password-tools/csrf-token-generator
Generate random anti-CSRF tokens for forms,tool_variant,security-password-tools,CSRF Token Generator,csrf-token-generator,https://www.mytulify.com/security-password-tools/csrf-token-generator
NTLM Hash Generator,tool,security-password-tools,NTLM Hash Generator,ntlm-hash-generator,https://www.mytulify.com/security-password-tools/ntlm-hash-generator
free NTLM Hash Generator,tool_variant,security-password-tools,NTLM Hash Generator,ntlm-hash-generator,https://www.mytulify.com/security-password-tools/ntlm-hash-generator
free online NTLM Hash Generator,tool_variant,security-password-tools,NTLM Hash Generator,ntlm-hash-generator,https://www.mytulify.com/security-password-tools/ntlm-hash-generator
NTLM Hash Generator online,tool_variant,security-password-tools,NTLM Hash Generator,ntlm-hash-generator,https://www.mytulify.com/security-password-tools/ntlm-hash-generator
Security & Password Tools NTLM Hash Generator,tool_variant,security-password-tools,NTLM Hash Generator,ntlm-hash-generator,https://www.mytulify.com/security-password-tools/ntlm-hash-generator
Compute NTLM hashes from password input,tool_variant,security-password-tools,NTLM Hash Generator,ntlm-hash-generator,https://www.mytulify.com/security-password-tools/ntlm-hash-generator
Encryption Key Generator,tool,security-password-tools,Encryption Key Generator,encryption-key-generator,https://www.mytulify.com/security-password-tools/encryption-key-generator
free Encryption Key Generator,tool_variant,security-password-tools,Encryption Key Generator,encryption-key-generator,https://www.mytulify.com/security-password-tools/encryption-key-generator
free online Encryption Key Generator,tool_variant,security-password-tools,Encryption Key Generator,encryption-key-generator,https://www.mytulify.com/security-password-tools/encryption-key-generator
Encryption Key Generator online,tool_variant,security-password-tools,Encryption Key Generator,encryption-key-generator,https://www.mytulify.com/security-password-tools/encryption-key-generator
Security & Password Tools Encryption Key Generator,tool_variant,security-password-tools,Encryption Key Generator,encryption-key-generator,https://www.mytulify.com/security-password-tools/encryption-key-generator
Generate random AES keys in 128/192/256-bit lengths,tool_variant,security-password-tools,Encryption Key Generator,encryption-key-generator,https://www.mytulify.com/security-password-tools/encryption-key-generator
Caesar Cipher Tool,tool,security-password-tools,Caesar Cipher Tool,caesar-cipher,https://www.mytulify.com/security-password-tools/caesar-cipher
free Caesar Cipher Tool,tool_variant,security-password-tools,Caesar Cipher Tool,caesar-cipher,https://www.mytulify.com/security-password-tools/caesar-cipher
free online Caesar Cipher Tool,tool_variant,security-password-tools,Caesar Cipher Tool,caesar-cipher,https://www.mytulify.com/security-password-tools/caesar-cipher
Caesar Cipher Tool online,tool_variant,security-password-tools,Caesar Cipher Tool,caesar-cipher,https://www.mytulify.com/security-password-tools/caesar-cipher
caesar cipher,tool_variant,security-password-tools,Caesar Cipher Tool,caesar-cipher,https://www.mytulify.com/security-password-tools/caesar-cipher
Security & Password Tools Caesar Cipher Tool,tool_variant,security-password-tools,Caesar Cipher Tool,caesar-cipher,https://www.mytulify.com/security-password-tools/caesar-cipher
Encrypt and decrypt text using a shift-based Caesar cipher,tool_variant,security-password-tools,Caesar Cipher Tool,caesar-cipher,https://www.mytulify.com/security-password-tools/caesar-cipher
ROT47 Encoder/Decoder,tool,security-password-tools,ROT47 Encoder/Decoder,rot47-encoder-decoder,https://www.mytulify.com/security-password-tools/rot47-encoder-decoder
free ROT47 Encoder/Decoder,tool_variant,security-password-tools,ROT47 Encoder/Decoder,rot47-encoder-decoder,https://www.mytulify.com/security-password-tools/rot47-encoder-decoder
free online ROT47 Encoder/Decoder,tool_variant,security-password-tools,ROT47 Encoder/Decoder,rot47-encoder-decoder,https://www.mytulify.com/security-password-tools/rot47-encoder-decoder
ROT47 Encoder/Decoder online,tool_variant,security-password-tools,ROT47 Encoder/Decoder,rot47-encoder-decoder,https://www.mytulify.com/security-password-tools/rot47-encoder-decoder
rot47 encoder decoder,tool_variant,security-password-tools,ROT47 Encoder/Decoder,rot47-encoder-decoder,https://www.mytulify.com/security-password-tools/rot47-encoder-decoder
Security & Password Tools ROT47 Encoder/Decoder,tool_variant,security-password-tools,ROT47 Encoder/Decoder,rot47-encoder-decoder,https://www.mytulify.com/security-password-tools/rot47-encoder-decoder
Apply the ROT47 substitution cipher to text,tool_variant,security-password-tools,ROT47 Encoder/Decoder,rot47-encoder-decoder,https://www.mytulify.com/security-password-tools/rot47-encoder-decoder
Password Entropy Calculator,tool,security-password-tools,Password Entropy Calculator,password-entropy-calculator,https://www.mytulify.com/security-password-tools/password-entropy-calculator
free Password Entropy Calculator,tool_variant,security-password-tools,Password Entropy Calculator,password-entropy-calculator,https://www.mytulify.com/security-password-tools/password-entropy-calculator
free online Password Entropy Calculator,tool_variant,security-password-tools,Password Entropy Calculator,password-entropy-calculator,https://www.mytulify.com/security-password-tools/password-entropy-calculator
Password Entropy Calculator online,tool_variant,security-password-tools,Password Entropy Calculator,password-entropy-calculator,https://www.mytulify.com/security-password-tools/password-entropy-calculator
Security & Password Tools Password Entropy Calculator,tool_variant,security-password-tools,Password Entropy Calculator,password-entropy-calculator,https://www.mytulify.com/security-password-tools/password-entropy-calculator
Calculate the bits of entropy in a password,tool_variant,security-password-tools,Password Entropy Calculator,password-entropy-calculator,https://www.mytulify.com/security-password-tools/password-entropy-calculator
Salt Generator,tool,security-password-tools,Salt Generator,salt-generator,https://www.mytulify.com/security-password-tools/salt-generator
free Salt Generator,tool_variant,security-password-tools,Salt Generator,salt-generator,https://www.mytulify.com/security-password-tools/salt-generator
free online Salt Generator,tool_variant,security-password-tools,Salt Generator,salt-generator,https://www.mytulify.com/security-password-tools/salt-generator
Salt Generator online,tool_variant,security-password-tools,Salt Generator,salt-generator,https://www.mytulify.com/security-password-tools/salt-generator
Security & Password Tools Salt Generator,tool_variant,security-password-tools,Salt Generator,salt-generator,https://www.mytulify.com/security-password-tools/salt-generator
Generate random cryptographic salts in hex or Base64,tool_variant,security-password-tools,Salt Generator,salt-generator,https://www.mytulify.com/security-password-tools/salt-generator
Argon2 Hash Generator,tool,security-password-tools,Argon2 Hash Generator,argon2-hash-generator,https://www.mytulify.com/security-password-tools/argon2-hash-generator
free Argon2 Hash Generator,tool_variant,security-password-tools,Argon2 Hash Generator,argon2-hash-generator,https://www.mytulify.com/security-password-tools/argon2-hash-generator
free online Argon2 Hash Generator,tool_variant,security-password-tools,Argon2 Hash Generator,argon2-hash-generator,https://www.mytulify.com/security-password-tools/argon2-hash-generator
Argon2 Hash Generator online,tool_variant,security-password-tools,Argon2 Hash Generator,argon2-hash-generator,https://www.mytulify.com/security-password-tools/argon2-hash-generator
Security & Password Tools Argon2 Hash Generator,tool_variant,security-password-tools,Argon2 Hash Generator,argon2-hash-generator,https://www.mytulify.com/security-password-tools/argon2-hash-generator
"Hash passwords with Argon2id, with tunable parameters",tool_variant,security-password-tools,Argon2 Hash Generator,argon2-hash-generator,https://www.mytulify.com/security-password-tools/argon2-hash-generator
JWT Signature Verifier,tool,security-password-tools,JWT Signature Verifier,jwt-verifier,https://www.mytulify.com/security-password-tools/jwt-verifier
free JWT Signature Verifier,tool_variant,security-password-tools,JWT Signature Verifier,jwt-verifier,https://www.mytulify.com/security-password-tools/jwt-verifier
free online JWT Signature Verifier,tool_variant,security-password-tools,JWT Signature Verifier,jwt-verifier,https://www.mytulify.com/security-password-tools/jwt-verifier
JWT Signature Verifier online,tool_variant,security-password-tools,JWT Signature Verifier,jwt-verifier,https://www.mytulify.com/security-password-tools/jwt-verifier
jwt verifier,tool_variant,security-password-tools,JWT Signature Verifier,jwt-verifier,https://www.mytulify.com/security-password-tools/jwt-verifier
Security & Password Tools JWT Signature Verifier,tool_variant,security-password-tools,JWT Signature Verifier,jwt-verifier,https://www.mytulify.com/security-password-tools/jwt-verifier
Verify a JWT signature against a provided secret or key,tool_variant,security-password-tools,JWT Signature Verifier,jwt-verifier,https://www.mytulify.com/security-password-tools/jwt-verifier
Meta Tag Generator,tool,seo-web-tools,Meta Tag Generator,meta-tag-generator,https://www.mytulify.com/seo-web-tools/meta-tag-generator
free Meta Tag Generator,tool_variant,seo-web-tools,Meta Tag Generator,meta-tag-generator,https://www.mytulify.com/seo-web-tools/meta-tag-generator
free online Meta Tag Generator,tool_variant,seo-web-tools,Meta Tag Generator,meta-tag-generator,https://www.mytulify.com/seo-web-tools/meta-tag-generator
Meta Tag Generator online,tool_variant,seo-web-tools,Meta Tag Generator,meta-tag-generator,https://www.mytulify.com/seo-web-tools/meta-tag-generator
SEO & Web Tools Meta Tag Generator,tool_variant,seo-web-tools,Meta Tag Generator,meta-tag-generator,https://www.mytulify.com/seo-web-tools/meta-tag-generator
"Generate title, description, and meta tags HTML from form inputs",tool_variant,seo-web-tools,Meta Tag Generator,meta-tag-generator,https://www.mytulify.com/seo-web-tools/meta-tag-generator
Meta Tags Analyzer,tool,seo-web-tools,Meta Tags Analyzer,meta-tags-analyzer,https://www.mytulify.com/seo-web-tools/meta-tags-analyzer
free Meta Tags Analyzer,tool_variant,seo-web-tools,Meta Tags Analyzer,meta-tags-analyzer,https://www.mytulify.com/seo-web-tools/meta-tags-analyzer
free online Meta Tags Analyzer,tool_variant,seo-web-tools,Meta Tags Analyzer,meta-tags-analyzer,https://www.mytulify.com/seo-web-tools/meta-tags-analyzer
Meta Tags Analyzer online,tool_variant,seo-web-tools,Meta Tags Analyzer,meta-tags-analyzer,https://www.mytulify.com/seo-web-tools/meta-tags-analyzer
SEO & Web Tools Meta Tags Analyzer,tool_variant,seo-web-tools,Meta Tags Analyzer,meta-tags-analyzer,https://www.mytulify.com/seo-web-tools/meta-tags-analyzer
Parse pasted HTML to extract and audit meta tags for SEO issues,tool_variant,seo-web-tools,Meta Tags Analyzer,meta-tags-analyzer,https://www.mytulify.com/seo-web-tools/meta-tags-analyzer
Keyword Density Checker,tool,seo-web-tools,Keyword Density Checker,keyword-density-checker,https://www.mytulify.com/seo-web-tools/keyword-density-checker
free Keyword Density Checker,tool_variant,seo-web-tools,Keyword Density Checker,keyword-density-checker,https://www.mytulify.com/seo-web-tools/keyword-density-checker
free online Keyword Density Checker,tool_variant,seo-web-tools,Keyword Density Checker,keyword-density-checker,https://www.mytulify.com/seo-web-tools/keyword-density-checker
Keyword Density Checker online,tool_variant,seo-web-tools,Keyword Density Checker,keyword-density-checker,https://www.mytulify.com/seo-web-tools/keyword-density-checker
SEO & Web Tools Keyword Density Checker,tool_variant,seo-web-tools,Keyword Density Checker,keyword-density-checker,https://www.mytulify.com/seo-web-tools/keyword-density-checker
Count word frequency and density percentages in pasted text or HTML,tool_variant,seo-web-tools,Keyword Density Checker,keyword-density-checker,https://www.mytulify.com/seo-web-tools/keyword-density-checker
Robots.txt Generator,tool,seo-web-tools,Robots.txt Generator,robots-txt-generator,https://www.mytulify.com/seo-web-tools/robots-txt-generator
free Robots.txt Generator,tool_variant,seo-web-tools,Robots.txt Generator,robots-txt-generator,https://www.mytulify.com/seo-web-tools/robots-txt-generator
free online Robots.txt Generator,tool_variant,seo-web-tools,Robots.txt Generator,robots-txt-generator,https://www.mytulify.com/seo-web-tools/robots-txt-generator
Robots.txt Generator online,tool_variant,seo-web-tools,Robots.txt Generator,robots-txt-generator,https://www.mytulify.com/seo-web-tools/robots-txt-generator
robots txt generator,tool_variant,seo-web-tools,Robots.txt Generator,robots-txt-generator,https://www.mytulify.com/seo-web-tools/robots-txt-generator
SEO & Web Tools Robots.txt Generator,tool_variant,seo-web-tools,Robots.txt Generator,robots-txt-generator,https://www.mytulify.com/seo-web-tools/robots-txt-generator
XML Sitemap Generator,tool,seo-web-tools,XML Sitemap Generator,xml-sitemap-generator,https://www.mytulify.com/seo-web-tools/xml-sitemap-generator
free XML Sitemap Generator,tool_variant,seo-web-tools,XML Sitemap Generator,xml-sitemap-generator,https://www.mytulify.com/seo-web-tools/xml-sitemap-generator
free online XML Sitemap Generator,tool_variant,seo-web-tools,XML Sitemap Generator,xml-sitemap-generator,https://www.mytulify.com/seo-web-tools/xml-sitemap-generator
XML Sitemap Generator online,tool_variant,seo-web-tools,XML Sitemap Generator,xml-sitemap-generator,https://www.mytulify.com/seo-web-tools/xml-sitemap-generator
SEO & Web Tools XML Sitemap Generator,tool_variant,seo-web-tools,XML Sitemap Generator,xml-sitemap-generator,https://www.mytulify.com/seo-web-tools/xml-sitemap-generator
Create an XML sitemap from a list of URLs with priority and frequency,tool_variant,seo-web-tools,XML Sitemap Generator,xml-sitemap-generator,https://www.mytulify.com/seo-web-tools/xml-sitemap-generator
Schema Markup Generator,tool,seo-web-tools,Schema Markup Generator,schema-markup-generator,https://www.mytulify.com/seo-web-tools/schema-markup-generator
free Schema Markup Generator,tool_variant,seo-web-tools,Schema Markup Generator,schema-markup-generator,https://www.mytulify.com/seo-web-tools/schema-markup-generator
free online Schema Markup Generator,tool_variant,seo-web-tools,Schema Markup Generator,schema-markup-generator,https://www.mytulify.com/seo-web-tools/schema-markup-generator
Schema Markup Generator online,tool_variant,seo-web-tools,Schema Markup Generator,schema-markup-generator,https://www.mytulify.com/seo-web-tools/schema-markup-generator
SEO & Web Tools Schema Markup Generator,tool_variant,seo-web-tools,Schema Markup Generator,schema-markup-generator,https://www.mytulify.com/seo-web-tools/schema-markup-generator
"Generate JSON-LD structured data for articles, products, FAQs, and more",tool_variant,seo-web-tools,Schema Markup Generator,schema-markup-generator,https://www.mytulify.com/seo-web-tools/schema-markup-generator
Open Graph Generator,tool,seo-web-tools,Open Graph Generator,open-graph-generator,https://www.mytulify.com/seo-web-tools/open-graph-generator
free Open Graph Generator,tool_variant,seo-web-tools,Open Graph Generator,open-graph-generator,https://www.mytulify.com/seo-web-tools/open-graph-generator
free online Open Graph Generator,tool_variant,seo-web-tools,Open Graph Generator,open-graph-generator,https://www.mytulify.com/seo-web-tools/open-graph-generator
Open Graph Generator online,tool_variant,seo-web-tools,Open Graph Generator,open-graph-generator,https://www.mytulify.com/seo-web-tools/open-graph-generator
SEO & Web Tools Open Graph Generator,tool_variant,seo-web-tools,Open Graph Generator,open-graph-generator,https://www.mytulify.com/seo-web-tools/open-graph-generator
Produce Open Graph (og:) meta tags for social link previews,tool_variant,seo-web-tools,Open Graph Generator,open-graph-generator,https://www.mytulify.com/seo-web-tools/open-graph-generator
Twitter Card Generator,tool,seo-web-tools,Twitter Card Generator,twitter-card-generator,https://www.mytulify.com/seo-web-tools/twitter-card-generator
free Twitter Card Generator,tool_variant,seo-web-tools,Twitter Card Generator,twitter-card-generator,https://www.mytulify.com/seo-web-tools/twitter-card-generator
free online Twitter Card Generator,tool_variant,seo-web-tools,Twitter Card Generator,twitter-card-generator,https://www.mytulify.com/seo-web-tools/twitter-card-generator
Twitter Card Generator online,tool_variant,seo-web-tools,Twitter Card Generator,twitter-card-generator,https://www.mytulify.com/seo-web-tools/twitter-card-generator
SEO & Web Tools Twitter Card Generator,tool_variant,seo-web-tools,Twitter Card Generator,twitter-card-generator,https://www.mytulify.com/seo-web-tools/twitter-card-generator
Build Twitter/X card meta tags and preview the card,tool_variant,seo-web-tools,Twitter Card Generator,twitter-card-generator,https://www.mytulify.com/seo-web-tools/twitter-card-generator
SERP Snippet Preview,tool,seo-web-tools,SERP Snippet Preview,serp-snippet-preview,https://www.mytulify.com/seo-web-tools/serp-snippet-preview
free SERP Snippet Preview,tool_variant,seo-web-tools,SERP Snippet Preview,serp-snippet-preview,https://www.mytulify.com/seo-web-tools/serp-snippet-preview
free online SERP Snippet Preview,tool_variant,seo-web-tools,SERP Snippet Preview,serp-snippet-preview,https://www.mytulify.com/seo-web-tools/serp-snippet-preview
SERP Snippet Preview online,tool_variant,seo-web-tools,SERP Snippet Preview,serp-snippet-preview,https://www.mytulify.com/seo-web-tools/serp-snippet-preview
SEO & Web Tools SERP Snippet Preview,tool_variant,seo-web-tools,SERP Snippet Preview,serp-snippet-preview,https://www.mytulify.com/seo-web-tools/serp-snippet-preview
Preview how a page appears in Google results with pixel-width checks,tool_variant,seo-web-tools,SERP Snippet Preview,serp-snippet-preview,https://www.mytulify.com/seo-web-tools/serp-snippet-preview
.htaccess Generator,tool,seo-web-tools,.htaccess Generator,htaccess-generator,https://www.mytulify.com/seo-web-tools/htaccess-generator
free .htaccess Generator,tool_variant,seo-web-tools,.htaccess Generator,htaccess-generator,https://www.mytulify.com/seo-web-tools/htaccess-generator
free online .htaccess Generator,tool_variant,seo-web-tools,.htaccess Generator,htaccess-generator,https://www.mytulify.com/seo-web-tools/htaccess-generator
.htaccess Generator online,tool_variant,seo-web-tools,.htaccess Generator,htaccess-generator,https://www.mytulify.com/seo-web-tools/htaccess-generator
htaccess generator,tool_variant,seo-web-tools,.htaccess Generator,htaccess-generator,https://www.mytulify.com/seo-web-tools/htaccess-generator
SEO & Web Tools .htaccess Generator,tool_variant,seo-web-tools,.htaccess Generator,htaccess-generator,https://www.mytulify.com/seo-web-tools/htaccess-generator
URL Slug Generator,tool,seo-web-tools,URL Slug Generator,url-slug-generator,https://www.mytulify.com/seo-web-tools/url-slug-generator
free URL Slug Generator,tool_variant,seo-web-tools,URL Slug Generator,url-slug-generator,https://www.mytulify.com/seo-web-tools/url-slug-generator
free online URL Slug Generator,tool_variant,seo-web-tools,URL Slug Generator,url-slug-generator,https://www.mytulify.com/seo-web-tools/url-slug-generator
URL Slug Generator online,tool_variant,seo-web-tools,URL Slug Generator,url-slug-generator,https://www.mytulify.com/seo-web-tools/url-slug-generator
SEO & Web Tools URL Slug Generator,tool_variant,seo-web-tools,URL Slug Generator,url-slug-generator,https://www.mytulify.com/seo-web-tools/url-slug-generator
Convert titles into clean SEO-friendly slugs with stop-word removal,tool_variant,seo-web-tools,URL Slug Generator,url-slug-generator,https://www.mytulify.com/seo-web-tools/url-slug-generator
Code to Text Ratio Checker,tool,seo-web-tools,Code to Text Ratio Checker,code-to-text-ratio-checker,https://www.mytulify.com/seo-web-tools/code-to-text-ratio-checker
free Code to Text Ratio Checker,tool_variant,seo-web-tools,Code to Text Ratio Checker,code-to-text-ratio-checker,https://www.mytulify.com/seo-web-tools/code-to-text-ratio-checker
free online Code to Text Ratio Checker,tool_variant,seo-web-tools,Code to Text Ratio Checker,code-to-text-ratio-checker,https://www.mytulify.com/seo-web-tools/code-to-text-ratio-checker
Code to Text Ratio Checker online,tool_variant,seo-web-tools,Code to Text Ratio Checker,code-to-text-ratio-checker,https://www.mytulify.com/seo-web-tools/code-to-text-ratio-checker
SEO & Web Tools Code to Text Ratio Checker,tool_variant,seo-web-tools,Code to Text Ratio Checker,code-to-text-ratio-checker,https://www.mytulify.com/seo-web-tools/code-to-text-ratio-checker
Calculate the ratio of visible text to HTML code from pasted markup,tool_variant,seo-web-tools,Code to Text Ratio Checker,code-to-text-ratio-checker,https://www.mytulify.com/seo-web-tools/code-to-text-ratio-checker
Robots Meta Tag Generator,tool,seo-web-tools,Robots Meta Tag Generator,robots-meta-tag-generator,https://www.mytulify.com/seo-web-tools/robots-meta-tag-generator
free Robots Meta Tag Generator,tool_variant,seo-web-tools,Robots Meta Tag Generator,robots-meta-tag-generator,https://www.mytulify.com/seo-web-tools/robots-meta-tag-generator
free online Robots Meta Tag Generator,tool_variant,seo-web-tools,Robots Meta Tag Generator,robots-meta-tag-generator,https://www.mytulify.com/seo-web-tools/robots-meta-tag-generator
Robots Meta Tag Generator online,tool_variant,seo-web-tools,Robots Meta Tag Generator,robots-meta-tag-generator,https://www.mytulify.com/seo-web-tools/robots-meta-tag-generator
SEO & Web Tools Robots Meta Tag Generator,tool_variant,seo-web-tools,Robots Meta Tag Generator,robots-meta-tag-generator,https://www.mytulify.com/seo-web-tools/robots-meta-tag-generator
Generate index/noindex/follow robots meta directives,tool_variant,seo-web-tools,Robots Meta Tag Generator,robots-meta-tag-generator,https://www.mytulify.com/seo-web-tools/robots-meta-tag-generator
Canonical Tag Generator,tool,seo-web-tools,Canonical Tag Generator,canonical-tag-generator,https://www.mytulify.com/seo-web-tools/canonical-tag-generator
free Canonical Tag Generator,tool_variant,seo-web-tools,Canonical Tag Generator,canonical-tag-generator,https://www.mytulify.com/seo-web-tools/canonical-tag-generator
free online Canonical Tag Generator,tool_variant,seo-web-tools,Canonical Tag Generator,canonical-tag-generator,https://www.mytulify.com/seo-web-tools/canonical-tag-generator
Canonical Tag Generator online,tool_variant,seo-web-tools,Canonical Tag Generator,canonical-tag-generator,https://www.mytulify.com/seo-web-tools/canonical-tag-generator
SEO & Web Tools Canonical Tag Generator,tool_variant,seo-web-tools,Canonical Tag Generator,canonical-tag-generator,https://www.mytulify.com/seo-web-tools/canonical-tag-generator
Create rel=canonical link tags to prevent duplicate content,tool_variant,seo-web-tools,Canonical Tag Generator,canonical-tag-generator,https://www.mytulify.com/seo-web-tools/canonical-tag-generator
Hreflang Tag Generator,tool,seo-web-tools,Hreflang Tag Generator,hreflang-tag-generator,https://www.mytulify.com/seo-web-tools/hreflang-tag-generator
free Hreflang Tag Generator,tool_variant,seo-web-tools,Hreflang Tag Generator,hreflang-tag-generator,https://www.mytulify.com/seo-web-tools/hreflang-tag-generator
free online Hreflang Tag Generator,tool_variant,seo-web-tools,Hreflang Tag Generator,hreflang-tag-generator,https://www.mytulify.com/seo-web-tools/hreflang-tag-generator
Hreflang Tag Generator online,tool_variant,seo-web-tools,Hreflang Tag Generator,hreflang-tag-generator,https://www.mytulify.com/seo-web-tools/hreflang-tag-generator
SEO & Web Tools Hreflang Tag Generator,tool_variant,seo-web-tools,Hreflang Tag Generator,hreflang-tag-generator,https://www.mytulify.com/seo-web-tools/hreflang-tag-generator
Generate hreflang tags for multilingual and regional targeting,tool_variant,seo-web-tools,Hreflang Tag Generator,hreflang-tag-generator,https://www.mytulify.com/seo-web-tools/hreflang-tag-generator
Keyword Combiner,tool,seo-web-tools,Keyword Combiner,keyword-combiner,https://www.mytulify.com/seo-web-tools/keyword-combiner
free Keyword Combiner,tool_variant,seo-web-tools,Keyword Combiner,keyword-combiner,https://www.mytulify.com/seo-web-tools/keyword-combiner
free online Keyword Combiner,tool_variant,seo-web-tools,Keyword Combiner,keyword-combiner,https://www.mytulify.com/seo-web-tools/keyword-combiner
Keyword Combiner online,tool_variant,seo-web-tools,Keyword Combiner,keyword-combiner,https://www.mytulify.com/seo-web-tools/keyword-combiner
SEO & Web Tools Keyword Combiner,tool_variant,seo-web-tools,Keyword Combiner,keyword-combiner,https://www.mytulify.com/seo-web-tools/keyword-combiner
Combine and permute keyword lists into broad/phrase/exact match,tool_variant,seo-web-tools,Keyword Combiner,keyword-combiner,https://www.mytulify.com/seo-web-tools/keyword-combiner
UTM Builder,tool,seo-web-tools,UTM Builder,utm-builder,https://www.mytulify.com/seo-web-tools/utm-builder
free UTM Builder,tool_variant,seo-web-tools,UTM Builder,utm-builder,https://www.mytulify.com/seo-web-tools/utm-builder
free online UTM Builder,tool_variant,seo-web-tools,UTM Builder,utm-builder,https://www.mytulify.com/seo-web-tools/utm-builder
UTM Builder online,tool_variant,seo-web-tools,UTM Builder,utm-builder,https://www.mytulify.com/seo-web-tools/utm-builder
SEO & Web Tools UTM Builder,tool_variant,seo-web-tools,UTM Builder,utm-builder,https://www.mytulify.com/seo-web-tools/utm-builder
"Generate trackable campaign URLs with UTM source, medium, and name parameters",tool_variant,seo-web-tools,UTM Builder,utm-builder,https://www.mytulify.com/seo-web-tools/utm-builder
HTML Tag Stripper,tool,seo-web-tools,HTML Tag Stripper,html-tag-stripper,https://www.mytulify.com/seo-web-tools/html-tag-stripper
free HTML Tag Stripper,tool_variant,seo-web-tools,HTML Tag Stripper,html-tag-stripper,https://www.mytulify.com/seo-web-tools/html-tag-stripper
free online HTML Tag Stripper,tool_variant,seo-web-tools,HTML Tag Stripper,html-tag-stripper,https://www.mytulify.com/seo-web-tools/html-tag-stripper
HTML Tag Stripper online,tool_variant,seo-web-tools,HTML Tag Stripper,html-tag-stripper,https://www.mytulify.com/seo-web-tools/html-tag-stripper
SEO & Web Tools HTML Tag Stripper,tool_variant,seo-web-tools,HTML Tag Stripper,html-tag-stripper,https://www.mytulify.com/seo-web-tools/html-tag-stripper
Remove HTML tags to extract plain text from markup,tool_variant,seo-web-tools,HTML Tag Stripper,html-tag-stripper,https://www.mytulify.com/seo-web-tools/html-tag-stripper
Meta Description Length Checker,tool,seo-web-tools,Meta Description Length Checker,meta-description-length-checker,https://www.mytulify.com/seo-web-tools/meta-description-length-checker
free Meta Description Length Checker,tool_variant,seo-web-tools,Meta Description Length Checker,meta-description-length-checker,https://www.mytulify.com/seo-web-tools/meta-description-length-checker
free online Meta Description Length Checker,tool_variant,seo-web-tools,Meta Description Length Checker,meta-description-length-checker,https://www.mytulify.com/seo-web-tools/meta-description-length-checker
Meta Description Length Checker online,tool_variant,seo-web-tools,Meta Description Length Checker,meta-description-length-checker,https://www.mytulify.com/seo-web-tools/meta-description-length-checker
SEO & Web Tools Meta Description Length Checker,tool_variant,seo-web-tools,Meta Description Length Checker,meta-description-length-checker,https://www.mytulify.com/seo-web-tools/meta-description-length-checker
Check meta description length with a live Google search preview,tool_variant,seo-web-tools,Meta Description Length Checker,meta-description-length-checker,https://www.mytulify.com/seo-web-tools/meta-description-length-checker
Meta Title Length Checker,tool,seo-web-tools,Meta Title Length Checker,meta-title-length-checker,https://www.mytulify.com/seo-web-tools/meta-title-length-checker
free Meta Title Length Checker,tool_variant,seo-web-tools,Meta Title Length Checker,meta-title-length-checker,https://www.mytulify.com/seo-web-tools/meta-title-length-checker
free online Meta Title Length Checker,tool_variant,seo-web-tools,Meta Title Length Checker,meta-title-length-checker,https://www.mytulify.com/seo-web-tools/meta-title-length-checker
Meta Title Length Checker online,tool_variant,seo-web-tools,Meta Title Length Checker,meta-title-length-checker,https://www.mytulify.com/seo-web-tools/meta-title-length-checker
SEO & Web Tools Meta Title Length Checker,tool_variant,seo-web-tools,Meta Title Length Checker,meta-title-length-checker,https://www.mytulify.com/seo-web-tools/meta-title-length-checker
Check if your page title is the right length for Google search results,tool_variant,seo-web-tools,Meta Title Length Checker,meta-title-length-checker,https://www.mytulify.com/seo-web-tools/meta-title-length-checker
Robots.txt Validator,tool,seo-web-tools,Robots.txt Validator,robots-txt-validator,https://www.mytulify.com/seo-web-tools/robots-txt-validator
free Robots.txt Validator,tool_variant,seo-web-tools,Robots.txt Validator,robots-txt-validator,https://www.mytulify.com/seo-web-tools/robots-txt-validator
free online Robots.txt Validator,tool_variant,seo-web-tools,Robots.txt Validator,robots-txt-validator,https://www.mytulify.com/seo-web-tools/robots-txt-validator
Robots.txt Validator online,tool_variant,seo-web-tools,Robots.txt Validator,robots-txt-validator,https://www.mytulify.com/seo-web-tools/robots-txt-validator
robots txt validator,tool_variant,seo-web-tools,Robots.txt Validator,robots-txt-validator,https://www.mytulify.com/seo-web-tools/robots-txt-validator
SEO & Web Tools Robots.txt Validator,tool_variant,seo-web-tools,Robots.txt Validator,robots-txt-validator,https://www.mytulify.com/seo-web-tools/robots-txt-validator
FAQ Schema Generator,tool,seo-web-tools,FAQ Schema Generator,faq-schema-generator,https://www.mytulify.com/seo-web-tools/faq-schema-generator
free FAQ Schema Generator,tool_variant,seo-web-tools,FAQ Schema Generator,faq-schema-generator,https://www.mytulify.com/seo-web-tools/faq-schema-generator
free online FAQ Schema Generator,tool_variant,seo-web-tools,FAQ Schema Generator,faq-schema-generator,https://www.mytulify.com/seo-web-tools/faq-schema-generator
FAQ Schema Generator online,tool_variant,seo-web-tools,FAQ Schema Generator,faq-schema-generator,https://www.mytulify.com/seo-web-tools/faq-schema-generator
SEO & Web Tools FAQ Schema Generator,tool_variant,seo-web-tools,FAQ Schema Generator,faq-schema-generator,https://www.mytulify.com/seo-web-tools/faq-schema-generator
Generate FAQPage JSON-LD from question/answer pairs,tool_variant,seo-web-tools,FAQ Schema Generator,faq-schema-generator,https://www.mytulify.com/seo-web-tools/faq-schema-generator
Breadcrumb Schema Generator,tool,seo-web-tools,Breadcrumb Schema Generator,breadcrumb-schema-generator,https://www.mytulify.com/seo-web-tools/breadcrumb-schema-generator
free Breadcrumb Schema Generator,tool_variant,seo-web-tools,Breadcrumb Schema Generator,breadcrumb-schema-generator,https://www.mytulify.com/seo-web-tools/breadcrumb-schema-generator
free online Breadcrumb Schema Generator,tool_variant,seo-web-tools,Breadcrumb Schema Generator,breadcrumb-schema-generator,https://www.mytulify.com/seo-web-tools/breadcrumb-schema-generator
Breadcrumb Schema Generator online,tool_variant,seo-web-tools,Breadcrumb Schema Generator,breadcrumb-schema-generator,https://www.mytulify.com/seo-web-tools/breadcrumb-schema-generator
SEO & Web Tools Breadcrumb Schema Generator,tool_variant,seo-web-tools,Breadcrumb Schema Generator,breadcrumb-schema-generator,https://www.mytulify.com/seo-web-tools/breadcrumb-schema-generator
Create BreadcrumbList structured data from a page path,tool_variant,seo-web-tools,Breadcrumb Schema Generator,breadcrumb-schema-generator,https://www.mytulify.com/seo-web-tools/breadcrumb-schema-generator
Redirect Checker,tool,seo-web-tools,Redirect Checker,redirect-checker,https://www.mytulify.com/seo-web-tools/redirect-checker
free Redirect Checker,tool_variant,seo-web-tools,Redirect Checker,redirect-checker,https://www.mytulify.com/seo-web-tools/redirect-checker
free online Redirect Checker,tool_variant,seo-web-tools,Redirect Checker,redirect-checker,https://www.mytulify.com/seo-web-tools/redirect-checker
Redirect Checker online,tool_variant,seo-web-tools,Redirect Checker,redirect-checker,https://www.mytulify.com/seo-web-tools/redirect-checker
SEO & Web Tools Redirect Checker,tool_variant,seo-web-tools,Redirect Checker,redirect-checker,https://www.mytulify.com/seo-web-tools/redirect-checker
"Follow a live URL and list every redirect hop, status code, and final destination",tool_variant,seo-web-tools,Redirect Checker,redirect-checker,https://www.mytulify.com/seo-web-tools/redirect-checker
Email Extractor,tool,seo-web-tools,Email Extractor,email-extractor,https://www.mytulify.com/seo-web-tools/email-extractor
free Email Extractor,tool_variant,seo-web-tools,Email Extractor,email-extractor,https://www.mytulify.com/seo-web-tools/email-extractor
free online Email Extractor,tool_variant,seo-web-tools,Email Extractor,email-extractor,https://www.mytulify.com/seo-web-tools/email-extractor
Email Extractor online,tool_variant,seo-web-tools,Email Extractor,email-extractor,https://www.mytulify.com/seo-web-tools/email-extractor
SEO & Web Tools Email Extractor,tool_variant,seo-web-tools,Email Extractor,email-extractor,https://www.mytulify.com/seo-web-tools/email-extractor
Extract or scan pasted text/HTML for exposed email addresses,tool_variant,seo-web-tools,Email Extractor,email-extractor,https://www.mytulify.com/seo-web-tools/email-extractor
Readability Score Checker,tool,seo-web-tools,Readability Score Checker,readability-checker,https://www.mytulify.com/seo-web-tools/readability-checker
free Readability Score Checker,tool_variant,seo-web-tools,Readability Score Checker,readability-checker,https://www.mytulify.com/seo-web-tools/readability-checker
free online Readability Score Checker,tool_variant,seo-web-tools,Readability Score Checker,readability-checker,https://www.mytulify.com/seo-web-tools/readability-checker
Readability Score Checker online,tool_variant,seo-web-tools,Readability Score Checker,readability-checker,https://www.mytulify.com/seo-web-tools/readability-checker
readability checker,tool_variant,seo-web-tools,Readability Score Checker,readability-checker,https://www.mytulify.com/seo-web-tools/readability-checker
SEO & Web Tools Readability Score Checker,tool_variant,seo-web-tools,Readability Score Checker,readability-checker,https://www.mytulify.com/seo-web-tools/readability-checker
Compute Flesch reading ease and grade-level scores for text,tool_variant,seo-web-tools,Readability Score Checker,readability-checker,https://www.mytulify.com/seo-web-tools/readability-checker
Domain Name Finder,tool,seo-web-tools,Domain Name Finder,domain-name-finder,https://www.mytulify.com/seo-web-tools/domain-name-finder
free Domain Name Finder,tool_variant,seo-web-tools,Domain Name Finder,domain-name-finder,https://www.mytulify.com/seo-web-tools/domain-name-finder
free online Domain Name Finder,tool_variant,seo-web-tools,Domain Name Finder,domain-name-finder,https://www.mytulify.com/seo-web-tools/domain-name-finder
Domain Name Finder online,tool_variant,seo-web-tools,Domain Name Finder,domain-name-finder,https://www.mytulify.com/seo-web-tools/domain-name-finder
SEO & Web Tools Domain Name Finder,tool_variant,seo-web-tools,Domain Name Finder,domain-name-finder,https://www.mytulify.com/seo-web-tools/domain-name-finder
Suggest available domain names from your project description — only shows domains that look free to register,tool_variant,seo-web-tools,Domain Name Finder,domain-name-finder,https://www.mytulify.com/seo-web-tools/domain-name-finder
LLMs.txt Generator,tool,seo-web-tools,LLMs.txt Generator,llms-txt-generator,https://www.mytulify.com/seo-web-tools/llms-txt-generator
free LLMs.txt Generator,tool_variant,seo-web-tools,LLMs.txt Generator,llms-txt-generator,https://www.mytulify.com/seo-web-tools/llms-txt-generator
free online LLMs.txt Generator,tool_variant,seo-web-tools,LLMs.txt Generator,llms-txt-generator,https://www.mytulify.com/seo-web-tools/llms-txt-generator
LLMs.txt Generator online,tool_variant,seo-web-tools,LLMs.txt Generator,llms-txt-generator,https://www.mytulify.com/seo-web-tools/llms-txt-generator
llms txt generator,tool_variant,seo-web-tools,LLMs.txt Generator,llms-txt-generator,https://www.mytulify.com/seo-web-tools/llms-txt-generator
SEO & Web Tools LLMs.txt Generator,tool_variant,seo-web-tools,LLMs.txt Generator,llms-txt-generator,https://www.mytulify.com/seo-web-tools/llms-txt-generator
Security Headers Generator,tool,seo-web-tools,Security Headers Generator,security-headers-generator,https://www.mytulify.com/seo-web-tools/security-headers-generator
free Security Headers Generator,tool_variant,seo-web-tools,Security Headers Generator,security-headers-generator,https://www.mytulify.com/seo-web-tools/security-headers-generator
free online Security Headers Generator,tool_variant,seo-web-tools,Security Headers Generator,security-headers-generator,https://www.mytulify.com/seo-web-tools/security-headers-generator
Security Headers Generator online,tool_variant,seo-web-tools,Security Headers Generator,security-headers-generator,https://www.mytulify.com/seo-web-tools/security-headers-generator
SEO & Web Tools Security Headers Generator,tool_variant,seo-web-tools,Security Headers Generator,security-headers-generator,https://www.mytulify.com/seo-web-tools/security-headers-generator
"Generate HSTS, CSP, X-Frame-Options and other OWASP headers for Nginx, Apache, or Cloudflare",tool_variant,seo-web-tools,Security Headers Generator,security-headers-generator,https://www.mytulify.com/seo-web-tools/security-headers-generator
ads.txt Generator,tool,seo-web-tools,ads.txt Generator,ads-txt-generator,https://www.mytulify.com/seo-web-tools/ads-txt-generator
free ads.txt Generator,tool_variant,seo-web-tools,ads.txt Generator,ads-txt-generator,https://www.mytulify.com/seo-web-tools/ads-txt-generator
free online ads.txt Generator,tool_variant,seo-web-tools,ads.txt Generator,ads-txt-generator,https://www.mytulify.com/seo-web-tools/ads-txt-generator
ads.txt Generator online,tool_variant,seo-web-tools,ads.txt Generator,ads-txt-generator,https://www.mytulify.com/seo-web-tools/ads-txt-generator
ads txt generator,tool_variant,seo-web-tools,ads.txt Generator,ads-txt-generator,https://www.mytulify.com/seo-web-tools/ads-txt-generator
SEO & Web Tools ads.txt Generator,tool_variant,seo-web-tools,ads.txt Generator,ads-txt-generator,https://www.mytulify.com/seo-web-tools/ads-txt-generator
URL Page SEO Analyzer,tool,seo-web-tools,URL Page SEO Analyzer,url-page-seo-analyzer,https://www.mytulify.com/seo-web-tools/url-page-seo-analyzer
free URL Page SEO Analyzer,tool_variant,seo-web-tools,URL Page SEO Analyzer,url-page-seo-analyzer,https://www.mytulify.com/seo-web-tools/url-page-seo-analyzer
free online URL Page SEO Analyzer,tool_variant,seo-web-tools,URL Page SEO Analyzer,url-page-seo-analyzer,https://www.mytulify.com/seo-web-tools/url-page-seo-analyzer
URL Page SEO Analyzer online,tool_variant,seo-web-tools,URL Page SEO Analyzer,url-page-seo-analyzer,https://www.mytulify.com/seo-web-tools/url-page-seo-analyzer
SEO & Web Tools URL Page SEO Analyzer,tool_variant,seo-web-tools,URL Page SEO Analyzer,url-page-seo-analyzer,https://www.mytulify.com/seo-web-tools/url-page-seo-analyzer
"Paste a page URL to fetch live HTML and audit title, meta, headings, schema, images, and links",tool_variant,seo-web-tools,URL Page SEO Analyzer,url-page-seo-analyzer,https://www.mytulify.com/seo-web-tools/url-page-seo-analyzer
Related Keywords Generator,tool,seo-web-tools,Related Keywords Generator,related-keywords-generator,https://www.mytulify.com/seo-web-tools/related-keywords-generator
free Related Keywords Generator,tool_variant,seo-web-tools,Related Keywords Generator,related-keywords-generator,https://www.mytulify.com/seo-web-tools/related-keywords-generator
free online Related Keywords Generator,tool_variant,seo-web-tools,Related Keywords Generator,related-keywords-generator,https://www.mytulify.com/seo-web-tools/related-keywords-generator
Related Keywords Generator online,tool_variant,seo-web-tools,Related Keywords Generator,related-keywords-generator,https://www.mytulify.com/seo-web-tools/related-keywords-generator
SEO & Web Tools Related Keywords Generator,tool_variant,seo-web-tools,Related Keywords Generator,related-keywords-generator,https://www.mytulify.com/seo-web-tools/related-keywords-generator
"Expand seed keywords into questions, commercial modifiers, long-tail phrases, and combinations for research",tool_variant,seo-web-tools,Related Keywords Generator,related-keywords-generator,https://www.mytulify.com/seo-web-tools/related-keywords-generator
Keyword Difficulty Estimator,tool,seo-web-tools,Keyword Difficulty Estimator,keyword-difficulty-estimator,https://www.mytulify.com/seo-web-tools/keyword-difficulty-estimator
free Keyword Difficulty Estimator,tool_variant,seo-web-tools,Keyword Difficulty Estimator,keyword-difficulty-estimator,https://www.mytulify.com/seo-web-tools/keyword-difficulty-estimator
free online Keyword Difficulty Estimator,tool_variant,seo-web-tools,Keyword Difficulty Estimator,keyword-difficulty-estimator,https://www.mytulify.com/seo-web-tools/keyword-difficulty-estimator
Keyword Difficulty Estimator online,tool_variant,seo-web-tools,Keyword Difficulty Estimator,keyword-difficulty-estimator,https://www.mytulify.com/seo-web-tools/keyword-difficulty-estimator
SEO & Web Tools Keyword Difficulty Estimator,tool_variant,seo-web-tools,Keyword Difficulty Estimator,keyword-difficulty-estimator,https://www.mytulify.com/seo-web-tools/keyword-difficulty-estimator
"Estimate keyword competitiveness from SERP signals like brands, content length, and authority",tool_variant,seo-web-tools,Keyword Difficulty Estimator,keyword-difficulty-estimator,https://www.mytulify.com/seo-web-tools/keyword-difficulty-estimator
Search Intent Classifier,tool,seo-web-tools,Search Intent Classifier,search-intent-classifier,https://www.mytulify.com/seo-web-tools/search-intent-classifier
free Search Intent Classifier,tool_variant,seo-web-tools,Search Intent Classifier,search-intent-classifier,https://www.mytulify.com/seo-web-tools/search-intent-classifier
free online Search Intent Classifier,tool_variant,seo-web-tools,Search Intent Classifier,search-intent-classifier,https://www.mytulify.com/seo-web-tools/search-intent-classifier
Search Intent Classifier online,tool_variant,seo-web-tools,Search Intent Classifier,search-intent-classifier,https://www.mytulify.com/seo-web-tools/search-intent-classifier
SEO & Web Tools Search Intent Classifier,tool_variant,seo-web-tools,Search Intent Classifier,search-intent-classifier,https://www.mytulify.com/seo-web-tools/search-intent-classifier
"Classify keywords as informational, commercial, transactional, or navigational with page-type suggestions",tool_variant,seo-web-tools,Search Intent Classifier,search-intent-classifier,https://www.mytulify.com/seo-web-tools/search-intent-classifier
XML Sitemap Validator,tool,seo-web-tools,XML Sitemap Validator,xml-sitemap-validator,https://www.mytulify.com/seo-web-tools/xml-sitemap-validator
free XML Sitemap Validator,tool_variant,seo-web-tools,XML Sitemap Validator,xml-sitemap-validator,https://www.mytulify.com/seo-web-tools/xml-sitemap-validator
free online XML Sitemap Validator,tool_variant,seo-web-tools,XML Sitemap Validator,xml-sitemap-validator,https://www.mytulify.com/seo-web-tools/xml-sitemap-validator
XML Sitemap Validator online,tool_variant,seo-web-tools,XML Sitemap Validator,xml-sitemap-validator,https://www.mytulify.com/seo-web-tools/xml-sitemap-validator
SEO & Web Tools XML Sitemap Validator,tool_variant,seo-web-tools,XML Sitemap Validator,xml-sitemap-validator,https://www.mytulify.com/seo-web-tools/xml-sitemap-validator
"Validate sitemap XML for parse errors, bad URLs, duplicates, lastmod dates, and the 50k limit",tool_variant,seo-web-tools,XML Sitemap Validator,xml-sitemap-validator,https://www.mytulify.com/seo-web-tools/xml-sitemap-validator
Heading Structure Analyzer,tool,seo-web-tools,Heading Structure Analyzer,heading-structure-analyzer,https://www.mytulify.com/seo-web-tools/heading-structure-analyzer
free Heading Structure Analyzer,tool_variant,seo-web-tools,Heading Structure Analyzer,heading-structure-analyzer,https://www.mytulify.com/seo-web-tools/heading-structure-analyzer
free online Heading Structure Analyzer,tool_variant,seo-web-tools,Heading Structure Analyzer,heading-structure-analyzer,https://www.mytulify.com/seo-web-tools/heading-structure-analyzer
Heading Structure Analyzer online,tool_variant,seo-web-tools,Heading Structure Analyzer,heading-structure-analyzer,https://www.mytulify.com/seo-web-tools/heading-structure-analyzer
SEO & Web Tools Heading Structure Analyzer,tool_variant,seo-web-tools,Heading Structure Analyzer,heading-structure-analyzer,https://www.mytulify.com/seo-web-tools/heading-structure-analyzer
"Audit H1–H6 outlines in page HTML for multiple H1s, skipped levels, and empty headings",tool_variant,seo-web-tools,Heading Structure Analyzer,heading-structure-analyzer,https://www.mytulify.com/seo-web-tools/heading-structure-analyzer
SEO Audit Checklist,tool,seo-web-tools,SEO Audit Checklist,seo-audit-checklist,https://www.mytulify.com/seo-web-tools/seo-audit-checklist
free SEO Audit Checklist,tool_variant,seo-web-tools,SEO Audit Checklist,seo-audit-checklist,https://www.mytulify.com/seo-web-tools/seo-audit-checklist
free online SEO Audit Checklist,tool_variant,seo-web-tools,SEO Audit Checklist,seo-audit-checklist,https://www.mytulify.com/seo-web-tools/seo-audit-checklist
SEO Audit Checklist online,tool_variant,seo-web-tools,SEO Audit Checklist,seo-audit-checklist,https://www.mytulify.com/seo-web-tools/seo-audit-checklist
SEO & Web Tools SEO Audit Checklist,tool_variant,seo-web-tools,SEO Audit Checklist,seo-audit-checklist,https://www.mytulify.com/seo-web-tools/seo-audit-checklist
"Interactive technical, on-page, E-E-A-T, and link audit checklist with progress saved in your browser",tool_variant,seo-web-tools,SEO Audit Checklist,seo-audit-checklist,https://www.mytulify.com/seo-web-tools/seo-audit-checklist
SEO Content Score,tool,seo-web-tools,SEO Content Score,seo-content-score,https://www.mytulify.com/seo-web-tools/seo-content-score
free SEO Content Score,tool_variant,seo-web-tools,SEO Content Score,seo-content-score,https://www.mytulify.com/seo-web-tools/seo-content-score
free online SEO Content Score,tool_variant,seo-web-tools,SEO Content Score,seo-content-score,https://www.mytulify.com/seo-web-tools/seo-content-score
SEO Content Score online,tool_variant,seo-web-tools,SEO Content Score,seo-content-score,https://www.mytulify.com/seo-web-tools/seo-content-score
SEO & Web Tools SEO Content Score,tool_variant,seo-web-tools,SEO Content Score,seo-content-score,https://www.mytulify.com/seo-web-tools/seo-content-score
"Score on-page SEO for a draft — keyword placement, density, title/meta length, and scannability",tool_variant,seo-web-tools,SEO Content Score,seo-content-score,https://www.mytulify.com/seo-web-tools/seo-content-score
Keyword Rank Tracker,tool,seo-web-tools,Keyword Rank Tracker,keyword-rank-tracker,https://www.mytulify.com/seo-web-tools/keyword-rank-tracker
free Keyword Rank Tracker,tool_variant,seo-web-tools,Keyword Rank Tracker,keyword-rank-tracker,https://www.mytulify.com/seo-web-tools/keyword-rank-tracker
free online Keyword Rank Tracker,tool_variant,seo-web-tools,Keyword Rank Tracker,keyword-rank-tracker,https://www.mytulify.com/seo-web-tools/keyword-rank-tracker
Keyword Rank Tracker online,tool_variant,seo-web-tools,Keyword Rank Tracker,keyword-rank-tracker,https://www.mytulify.com/seo-web-tools/keyword-rank-tracker
SEO & Web Tools Keyword Rank Tracker,tool_variant,seo-web-tools,Keyword Rank Tracker,keyword-rank-tracker,https://www.mytulify.com/seo-web-tools/keyword-rank-tracker
Log keyword rankings over time in your browser and export CSV reports — no API key required,tool_variant,seo-web-tools,Keyword Rank Tracker,keyword-rank-tracker,https://www.mytulify.com/seo-web-tools/keyword-rank-tracker
Backlink Profile Analyzer,tool,seo-web-tools,Backlink Profile Analyzer,backlink-profile-analyzer,https://www.mytulify.com/seo-web-tools/backlink-profile-analyzer
free Backlink Profile Analyzer,tool_variant,seo-web-tools,Backlink Profile Analyzer,backlink-profile-analyzer,https://www.mytulify.com/seo-web-tools/backlink-profile-analyzer
free online Backlink Profile Analyzer,tool_variant,seo-web-tools,Backlink Profile Analyzer,backlink-profile-analyzer,https://www.mytulify.com/seo-web-tools/backlink-profile-analyzer
Backlink Profile Analyzer online,tool_variant,seo-web-tools,Backlink Profile Analyzer,backlink-profile-analyzer,https://www.mytulify.com/seo-web-tools/backlink-profile-analyzer
SEO & Web Tools Backlink Profile Analyzer,tool_variant,seo-web-tools,Backlink Profile Analyzer,backlink-profile-analyzer,https://www.mytulify.com/seo-web-tools/backlink-profile-analyzer
"Analyze Ahrefs/Semrush/Moz backlink CSV exports for anchors, referring hosts, and follow mix",tool_variant,seo-web-tools,Backlink Profile Analyzer,backlink-profile-analyzer,https://www.mytulify.com/seo-web-tools/backlink-profile-analyzer
Disavow File Generator,tool,seo-web-tools,Disavow File Generator,disavow-file-generator,https://www.mytulify.com/seo-web-tools/disavow-file-generator
free Disavow File Generator,tool_variant,seo-web-tools,Disavow File Generator,disavow-file-generator,https://www.mytulify.com/seo-web-tools/disavow-file-generator
free online Disavow File Generator,tool_variant,seo-web-tools,Disavow File Generator,disavow-file-generator,https://www.mytulify.com/seo-web-tools/disavow-file-generator
Disavow File Generator online,tool_variant,seo-web-tools,Disavow File Generator,disavow-file-generator,https://www.mytulify.com/seo-web-tools/disavow-file-generator
SEO & Web Tools Disavow File Generator,tool_variant,seo-web-tools,Disavow File Generator,disavow-file-generator,https://www.mytulify.com/seo-web-tools/disavow-file-generator
Build a Google Search Console disavow,tool_variant,seo-web-tools,Disavow File Generator,disavow-file-generator,https://www.mytulify.com/seo-web-tools/disavow-file-generator
Internal Link Suggester,tool,seo-web-tools,Internal Link Suggester,internal-link-suggester,https://www.mytulify.com/seo-web-tools/internal-link-suggester
free Internal Link Suggester,tool_variant,seo-web-tools,Internal Link Suggester,internal-link-suggester,https://www.mytulify.com/seo-web-tools/internal-link-suggester
free online Internal Link Suggester,tool_variant,seo-web-tools,Internal Link Suggester,internal-link-suggester,https://www.mytulify.com/seo-web-tools/internal-link-suggester
Internal Link Suggester online,tool_variant,seo-web-tools,Internal Link Suggester,internal-link-suggester,https://www.mytulify.com/seo-web-tools/internal-link-suggester
SEO & Web Tools Internal Link Suggester,tool_variant,seo-web-tools,Internal Link Suggester,internal-link-suggester,https://www.mytulify.com/seo-web-tools/internal-link-suggester
Suggest internal links from your page list into a draft using keyword overlap scoring,tool_variant,seo-web-tools,Internal Link Suggester,internal-link-suggester,https://www.mytulify.com/seo-web-tools/internal-link-suggester
Orphan Page Finder,tool,seo-web-tools,Orphan Page Finder,orphan-page-finder,https://www.mytulify.com/seo-web-tools/orphan-page-finder
free Orphan Page Finder,tool_variant,seo-web-tools,Orphan Page Finder,orphan-page-finder,https://www.mytulify.com/seo-web-tools/orphan-page-finder
free online Orphan Page Finder,tool_variant,seo-web-tools,Orphan Page Finder,orphan-page-finder,https://www.mytulify.com/seo-web-tools/orphan-page-finder
Orphan Page Finder online,tool_variant,seo-web-tools,Orphan Page Finder,orphan-page-finder,https://www.mytulify.com/seo-web-tools/orphan-page-finder
SEO & Web Tools Orphan Page Finder,tool_variant,seo-web-tools,Orphan Page Finder,orphan-page-finder,https://www.mytulify.com/seo-web-tools/orphan-page-finder
Find sitemap URLs with no internal links and linked URLs missing from the sitemap,tool_variant,seo-web-tools,Orphan Page Finder,orphan-page-finder,https://www.mytulify.com/seo-web-tools/orphan-page-finder
Schema Markup Validator,tool,seo-web-tools,Schema Markup Validator,schema-markup-validator,https://www.mytulify.com/seo-web-tools/schema-markup-validator
free Schema Markup Validator,tool_variant,seo-web-tools,Schema Markup Validator,schema-markup-validator,https://www.mytulify.com/seo-web-tools/schema-markup-validator
free online Schema Markup Validator,tool_variant,seo-web-tools,Schema Markup Validator,schema-markup-validator,https://www.mytulify.com/seo-web-tools/schema-markup-validator
Schema Markup Validator online,tool_variant,seo-web-tools,Schema Markup Validator,schema-markup-validator,https://www.mytulify.com/seo-web-tools/schema-markup-validator
SEO & Web Tools Schema Markup Validator,tool_variant,seo-web-tools,Schema Markup Validator,schema-markup-validator,https://www.mytulify.com/seo-web-tools/schema-markup-validator
"Validate JSON-LD structure for FAQ, HowTo, Product, LocalBusiness, and common schema errors",tool_variant,seo-web-tools,Schema Markup Validator,schema-markup-validator,https://www.mytulify.com/seo-web-tools/schema-markup-validator
HowTo Schema Generator,tool,seo-web-tools,HowTo Schema Generator,howto-schema-generator,https://www.mytulify.com/seo-web-tools/howto-schema-generator
free HowTo Schema Generator,tool_variant,seo-web-tools,HowTo Schema Generator,howto-schema-generator,https://www.mytulify.com/seo-web-tools/howto-schema-generator
free online HowTo Schema Generator,tool_variant,seo-web-tools,HowTo Schema Generator,howto-schema-generator,https://www.mytulify.com/seo-web-tools/howto-schema-generator
HowTo Schema Generator online,tool_variant,seo-web-tools,HowTo Schema Generator,howto-schema-generator,https://www.mytulify.com/seo-web-tools/howto-schema-generator
SEO & Web Tools HowTo Schema Generator,tool_variant,seo-web-tools,HowTo Schema Generator,howto-schema-generator,https://www.mytulify.com/seo-web-tools/howto-schema-generator
Generate HowTo JSON-LD structured data from a title and step-by-step list,tool_variant,seo-web-tools,HowTo Schema Generator,howto-schema-generator,https://www.mytulify.com/seo-web-tools/howto-schema-generator
Local Business Schema Generator,tool,seo-web-tools,Local Business Schema Generator,local-business-schema-generator,https://www.mytulify.com/seo-web-tools/local-business-schema-generator
free Local Business Schema Generator,tool_variant,seo-web-tools,Local Business Schema Generator,local-business-schema-generator,https://www.mytulify.com/seo-web-tools/local-business-schema-generator
free online Local Business Schema Generator,tool_variant,seo-web-tools,Local Business Schema Generator,local-business-schema-generator,https://www.mytulify.com/seo-web-tools/local-business-schema-generator
Local Business Schema Generator online,tool_variant,seo-web-tools,Local Business Schema Generator,local-business-schema-generator,https://www.mytulify.com/seo-web-tools/local-business-schema-generator
SEO & Web Tools Local Business Schema Generator,tool_variant,seo-web-tools,Local Business Schema Generator,local-business-schema-generator,https://www.mytulify.com/seo-web-tools/local-business-schema-generator
"Create LocalBusiness JSON-LD with NAP, geo coordinates, and business type",tool_variant,seo-web-tools,Local Business Schema Generator,local-business-schema-generator,https://www.mytulify.com/seo-web-tools/local-business-schema-generator
NAP Consistency Checker,tool,seo-web-tools,NAP Consistency Checker,nap-consistency-checker,https://www.mytulify.com/seo-web-tools/nap-consistency-checker
free NAP Consistency Checker,tool_variant,seo-web-tools,NAP Consistency Checker,nap-consistency-checker,https://www.mytulify.com/seo-web-tools/nap-consistency-checker
free online NAP Consistency Checker,tool_variant,seo-web-tools,NAP Consistency Checker,nap-consistency-checker,https://www.mytulify.com/seo-web-tools/nap-consistency-checker
NAP Consistency Checker online,tool_variant,seo-web-tools,NAP Consistency Checker,nap-consistency-checker,https://www.mytulify.com/seo-web-tools/nap-consistency-checker
SEO & Web Tools NAP Consistency Checker,tool_variant,seo-web-tools,NAP Consistency Checker,nap-consistency-checker,https://www.mytulify.com/seo-web-tools/nap-consistency-checker
"Compare Name, Address, Phone across local citations to catch local SEO inconsistencies",tool_variant,seo-web-tools,NAP Consistency Checker,nap-consistency-checker,https://www.mytulify.com/seo-web-tools/nap-consistency-checker
Content Brief Generator,tool,seo-web-tools,Content Brief Generator,content-brief-generator,https://www.mytulify.com/seo-web-tools/content-brief-generator
free Content Brief Generator,tool_variant,seo-web-tools,Content Brief Generator,content-brief-generator,https://www.mytulify.com/seo-web-tools/content-brief-generator
free online Content Brief Generator,tool_variant,seo-web-tools,Content Brief Generator,content-brief-generator,https://www.mytulify.com/seo-web-tools/content-brief-generator
Content Brief Generator online,tool_variant,seo-web-tools,Content Brief Generator,content-brief-generator,https://www.mytulify.com/seo-web-tools/content-brief-generator
SEO & Web Tools Content Brief Generator,tool_variant,seo-web-tools,Content Brief Generator,content-brief-generator,https://www.mytulify.com/seo-web-tools/content-brief-generator
"AI SEO content brief with outline, PAA questions, keywords, and on-page checklist",tool_variant,seo-web-tools,Content Brief Generator,content-brief-generator,https://www.mytulify.com/seo-web-tools/content-brief-generator
AI Meta Tag Writer,tool,seo-web-tools,AI Meta Tag Writer,ai-meta-tag-writer,https://www.mytulify.com/seo-web-tools/ai-meta-tag-writer
free AI Meta Tag Writer,tool_variant,seo-web-tools,AI Meta Tag Writer,ai-meta-tag-writer,https://www.mytulify.com/seo-web-tools/ai-meta-tag-writer
free online AI Meta Tag Writer,tool_variant,seo-web-tools,AI Meta Tag Writer,ai-meta-tag-writer,https://www.mytulify.com/seo-web-tools/ai-meta-tag-writer
AI Meta Tag Writer online,tool_variant,seo-web-tools,AI Meta Tag Writer,ai-meta-tag-writer,https://www.mytulify.com/seo-web-tools/ai-meta-tag-writer
SEO & Web Tools AI Meta Tag Writer,tool_variant,seo-web-tools,AI Meta Tag Writer,ai-meta-tag-writer,https://www.mytulify.com/seo-web-tools/ai-meta-tag-writer
AI-written title tags and meta descriptions optimized for CTR and character limits,tool_variant,seo-web-tools,AI Meta Tag Writer,ai-meta-tag-writer,https://www.mytulify.com/seo-web-tools/ai-meta-tag-writer
AI SEO Outline Generator,tool,seo-web-tools,AI SEO Outline Generator,ai-seo-outline-generator,https://www.mytulify.com/seo-web-tools/ai-seo-outline-generator
free AI SEO Outline Generator,tool_variant,seo-web-tools,AI SEO Outline Generator,ai-seo-outline-generator,https://www.mytulify.com/seo-web-tools/ai-seo-outline-generator
free online AI SEO Outline Generator,tool_variant,seo-web-tools,AI SEO Outline Generator,ai-seo-outline-generator,https://www.mytulify.com/seo-web-tools/ai-seo-outline-generator
AI SEO Outline Generator online,tool_variant,seo-web-tools,AI SEO Outline Generator,ai-seo-outline-generator,https://www.mytulify.com/seo-web-tools/ai-seo-outline-generator
SEO & Web Tools AI SEO Outline Generator,tool_variant,seo-web-tools,AI SEO Outline Generator,ai-seo-outline-generator,https://www.mytulify.com/seo-web-tools/ai-seo-outline-generator
AI article outline with H2/H3 structure tuned for featured snippets and search intent,tool_variant,seo-web-tools,AI SEO Outline Generator,ai-seo-outline-generator,https://www.mytulify.com/seo-web-tools/ai-seo-outline-generator
URL Indexing Toolkit,tool,seo-web-tools,URL Indexing Toolkit,url-indexing-toolkit,https://www.mytulify.com/seo-web-tools/url-indexing-toolkit
free URL Indexing Toolkit,tool_variant,seo-web-tools,URL Indexing Toolkit,url-indexing-toolkit,https://www.mytulify.com/seo-web-tools/url-indexing-toolkit
free online URL Indexing Toolkit,tool_variant,seo-web-tools,URL Indexing Toolkit,url-indexing-toolkit,https://www.mytulify.com/seo-web-tools/url-indexing-toolkit
URL Indexing Toolkit online,tool_variant,seo-web-tools,URL Indexing Toolkit,url-indexing-toolkit,https://www.mytulify.com/seo-web-tools/url-indexing-toolkit
SEO & Web Tools URL Indexing Toolkit,tool_variant,seo-web-tools,URL Indexing Toolkit,url-indexing-toolkit,https://www.mytulify.com/seo-web-tools/url-indexing-toolkit
IndexNow URL Submitter,tool,seo-web-tools,IndexNow URL Submitter,indexnow-url-submitter,https://www.mytulify.com/seo-web-tools/indexnow-url-submitter
free IndexNow URL Submitter,tool_variant,seo-web-tools,IndexNow URL Submitter,indexnow-url-submitter,https://www.mytulify.com/seo-web-tools/indexnow-url-submitter
free online IndexNow URL Submitter,tool_variant,seo-web-tools,IndexNow URL Submitter,indexnow-url-submitter,https://www.mytulify.com/seo-web-tools/indexnow-url-submitter
IndexNow URL Submitter online,tool_variant,seo-web-tools,IndexNow URL Submitter,indexnow-url-submitter,https://www.mytulify.com/seo-web-tools/indexnow-url-submitter
SEO & Web Tools IndexNow URL Submitter,tool_variant,seo-web-tools,IndexNow URL Submitter,indexnow-url-submitter,https://www.mytulify.com/seo-web-tools/indexnow-url-submitter
"Generate an IndexNow key and notify Bing, Yandex, and other engines when your URLs change",tool_variant,seo-web-tools,IndexNow URL Submitter,indexnow-url-submitter,https://www.mytulify.com/seo-web-tools/indexnow-url-submitter
Indexing Readiness Checker,tool,seo-web-tools,Indexing Readiness Checker,indexing-readiness-checker,https://www.mytulify.com/seo-web-tools/indexing-readiness-checker
free Indexing Readiness Checker,tool_variant,seo-web-tools,Indexing Readiness Checker,indexing-readiness-checker,https://www.mytulify.com/seo-web-tools/indexing-readiness-checker
free online Indexing Readiness Checker,tool_variant,seo-web-tools,Indexing Readiness Checker,indexing-readiness-checker,https://www.mytulify.com/seo-web-tools/indexing-readiness-checker
Indexing Readiness Checker online,tool_variant,seo-web-tools,Indexing Readiness Checker,indexing-readiness-checker,https://www.mytulify.com/seo-web-tools/indexing-readiness-checker
SEO & Web Tools Indexing Readiness Checker,tool_variant,seo-web-tools,Indexing Readiness Checker,indexing-readiness-checker,https://www.mytulify.com/seo-web-tools/indexing-readiness-checker
"Audit a live URL for noindex, robots",tool_variant,seo-web-tools,Indexing Readiness Checker,indexing-readiness-checker,https://www.mytulify.com/seo-web-tools/indexing-readiness-checker
URL Index Status Checker,tool,seo-web-tools,URL Index Status Checker,url-index-status-checker,https://www.mytulify.com/seo-web-tools/url-index-status-checker
free URL Index Status Checker,tool_variant,seo-web-tools,URL Index Status Checker,url-index-status-checker,https://www.mytulify.com/seo-web-tools/url-index-status-checker
free online URL Index Status Checker,tool_variant,seo-web-tools,URL Index Status Checker,url-index-status-checker,https://www.mytulify.com/seo-web-tools/url-index-status-checker
URL Index Status Checker online,tool_variant,seo-web-tools,URL Index Status Checker,url-index-status-checker,https://www.mytulify.com/seo-web-tools/url-index-status-checker
SEO & Web Tools URL Index Status Checker,tool_variant,seo-web-tools,URL Index Status Checker,url-index-status-checker,https://www.mytulify.com/seo-web-tools/url-index-status-checker
Soft-check whether a URL appears indexed and open Google/Bing site: verification links,tool_variant,seo-web-tools,URL Index Status Checker,url-index-status-checker,https://www.mytulify.com/seo-web-tools/url-index-status-checker
AI SEO Page Audit,tool,seo-web-tools,AI SEO Page Audit,ai-seo-page-audit,https://www.mytulify.com/seo-web-tools/ai-seo-page-audit
free AI SEO Page Audit,tool_variant,seo-web-tools,AI SEO Page Audit,ai-seo-page-audit,https://www.mytulify.com/seo-web-tools/ai-seo-page-audit
free online AI SEO Page Audit,tool_variant,seo-web-tools,AI SEO Page Audit,ai-seo-page-audit,https://www.mytulify.com/seo-web-tools/ai-seo-page-audit
AI SEO Page Audit online,tool_variant,seo-web-tools,AI SEO Page Audit,ai-seo-page-audit,https://www.mytulify.com/seo-web-tools/ai-seo-page-audit
SEO & Web Tools AI SEO Page Audit,tool_variant,seo-web-tools,AI SEO Page Audit,ai-seo-page-audit,https://www.mytulify.com/seo-web-tools/ai-seo-page-audit
AI technical and on-page SEO audit from pasted HTML or page text with prioritized fixes,tool_variant,seo-web-tools,AI SEO Page Audit,ai-seo-page-audit,https://www.mytulify.com/seo-web-tools/ai-seo-page-audit
Fake Tweet Generator,tool,social-media-tools,Fake Tweet Generator,fake-tweet-generator,https://www.mytulify.com/social-media-tools/fake-tweet-generator
free Fake Tweet Generator,tool_variant,social-media-tools,Fake Tweet Generator,fake-tweet-generator,https://www.mytulify.com/social-media-tools/fake-tweet-generator
free online Fake Tweet Generator,tool_variant,social-media-tools,Fake Tweet Generator,fake-tweet-generator,https://www.mytulify.com/social-media-tools/fake-tweet-generator
Fake Tweet Generator online,tool_variant,social-media-tools,Fake Tweet Generator,fake-tweet-generator,https://www.mytulify.com/social-media-tools/fake-tweet-generator
Social Media Tools Fake Tweet Generator,tool_variant,social-media-tools,Fake Tweet Generator,fake-tweet-generator,https://www.mytulify.com/social-media-tools/fake-tweet-generator
Create realistic X/Twitter post mockups downloadable as images,tool_variant,social-media-tools,Fake Tweet Generator,fake-tweet-generator,https://www.mytulify.com/social-media-tools/fake-tweet-generator
Instagram Font Generator,tool,social-media-tools,Instagram Font Generator,instagram-font-generator,https://www.mytulify.com/social-media-tools/instagram-font-generator
free Instagram Font Generator,tool_variant,social-media-tools,Instagram Font Generator,instagram-font-generator,https://www.mytulify.com/social-media-tools/instagram-font-generator
free online Instagram Font Generator,tool_variant,social-media-tools,Instagram Font Generator,instagram-font-generator,https://www.mytulify.com/social-media-tools/instagram-font-generator
Instagram Font Generator online,tool_variant,social-media-tools,Instagram Font Generator,instagram-font-generator,https://www.mytulify.com/social-media-tools/instagram-font-generator
Social Media Tools Instagram Font Generator,tool_variant,social-media-tools,Instagram Font Generator,instagram-font-generator,https://www.mytulify.com/social-media-tools/instagram-font-generator
Convert text into copy-paste Unicode fancy fonts for bios and captions,tool_variant,social-media-tools,Instagram Font Generator,instagram-font-generator,https://www.mytulify.com/social-media-tools/instagram-font-generator
Instagram Hashtag Generator,tool,social-media-tools,Instagram Hashtag Generator,instagram-hashtag-generator,https://www.mytulify.com/social-media-tools/instagram-hashtag-generator
free Instagram Hashtag Generator,tool_variant,social-media-tools,Instagram Hashtag Generator,instagram-hashtag-generator,https://www.mytulify.com/social-media-tools/instagram-hashtag-generator
free online Instagram Hashtag Generator,tool_variant,social-media-tools,Instagram Hashtag Generator,instagram-hashtag-generator,https://www.mytulify.com/social-media-tools/instagram-hashtag-generator
Instagram Hashtag Generator online,tool_variant,social-media-tools,Instagram Hashtag Generator,instagram-hashtag-generator,https://www.mytulify.com/social-media-tools/instagram-hashtag-generator
Social Media Tools Instagram Hashtag Generator,tool_variant,social-media-tools,Instagram Hashtag Generator,instagram-hashtag-generator,https://www.mytulify.com/social-media-tools/instagram-hashtag-generator
Suggest and group relevant hashtags from keywords or topics,tool_variant,social-media-tools,Instagram Hashtag Generator,instagram-hashtag-generator,https://www.mytulify.com/social-media-tools/instagram-hashtag-generator
Twitter Character Counter,tool,social-media-tools,Twitter Character Counter,twitter-character-counter,https://www.mytulify.com/social-media-tools/twitter-character-counter
free Twitter Character Counter,tool_variant,social-media-tools,Twitter Character Counter,twitter-character-counter,https://www.mytulify.com/social-media-tools/twitter-character-counter
free online Twitter Character Counter,tool_variant,social-media-tools,Twitter Character Counter,twitter-character-counter,https://www.mytulify.com/social-media-tools/twitter-character-counter
Twitter Character Counter online,tool_variant,social-media-tools,Twitter Character Counter,twitter-character-counter,https://www.mytulify.com/social-media-tools/twitter-character-counter
Social Media Tools Twitter Character Counter,tool_variant,social-media-tools,Twitter Character Counter,twitter-character-counter,https://www.mytulify.com/social-media-tools/twitter-character-counter
Count characters against the 280-limit with weighted counting,tool_variant,social-media-tools,Twitter Character Counter,twitter-character-counter,https://www.mytulify.com/social-media-tools/twitter-character-counter
Fake Instagram Post Generator,tool,social-media-tools,Fake Instagram Post Generator,fake-instagram-post-generator,https://www.mytulify.com/social-media-tools/fake-instagram-post-generator
free Fake Instagram Post Generator,tool_variant,social-media-tools,Fake Instagram Post Generator,fake-instagram-post-generator,https://www.mytulify.com/social-media-tools/fake-instagram-post-generator
free online Fake Instagram Post Generator,tool_variant,social-media-tools,Fake Instagram Post Generator,fake-instagram-post-generator,https://www.mytulify.com/social-media-tools/fake-instagram-post-generator
Fake Instagram Post Generator online,tool_variant,social-media-tools,Fake Instagram Post Generator,fake-instagram-post-generator,https://www.mytulify.com/social-media-tools/fake-instagram-post-generator
Social Media Tools Fake Instagram Post Generator,tool_variant,social-media-tools,Fake Instagram Post Generator,fake-instagram-post-generator,https://www.mytulify.com/social-media-tools/fake-instagram-post-generator
Generate realistic Instagram post mockups with custom likes and avatar,tool_variant,social-media-tools,Fake Instagram Post Generator,fake-instagram-post-generator,https://www.mytulify.com/social-media-tools/fake-instagram-post-generator
Instagram Bio Generator,tool,social-media-tools,Instagram Bio Generator,instagram-bio-generator,https://www.mytulify.com/social-media-tools/instagram-bio-generator
free Instagram Bio Generator,tool_variant,social-media-tools,Instagram Bio Generator,instagram-bio-generator,https://www.mytulify.com/social-media-tools/instagram-bio-generator
free online Instagram Bio Generator,tool_variant,social-media-tools,Instagram Bio Generator,instagram-bio-generator,https://www.mytulify.com/social-media-tools/instagram-bio-generator
Instagram Bio Generator online,tool_variant,social-media-tools,Instagram Bio Generator,instagram-bio-generator,https://www.mytulify.com/social-media-tools/instagram-bio-generator
Social Media Tools Instagram Bio Generator,tool_variant,social-media-tools,Instagram Bio Generator,instagram-bio-generator,https://www.mytulify.com/social-media-tools/instagram-bio-generator
"Build stylish IG bios with line breaks, fonts, and symbols",tool_variant,social-media-tools,Instagram Bio Generator,instagram-bio-generator,https://www.mytulify.com/social-media-tools/instagram-bio-generator
Instagram Caption Generator,tool,social-media-tools,Instagram Caption Generator,instagram-caption-generator,https://www.mytulify.com/social-media-tools/instagram-caption-generator
free Instagram Caption Generator,tool_variant,social-media-tools,Instagram Caption Generator,instagram-caption-generator,https://www.mytulify.com/social-media-tools/instagram-caption-generator
free online Instagram Caption Generator,tool_variant,social-media-tools,Instagram Caption Generator,instagram-caption-generator,https://www.mytulify.com/social-media-tools/instagram-caption-generator
Instagram Caption Generator online,tool_variant,social-media-tools,Instagram Caption Generator,instagram-caption-generator,https://www.mytulify.com/social-media-tools/instagram-caption-generator
Social Media Tools Instagram Caption Generator,tool_variant,social-media-tools,Instagram Caption Generator,instagram-caption-generator,https://www.mytulify.com/social-media-tools/instagram-caption-generator
Generate caption ideas from a topic plus hashtags and emojis,tool_variant,social-media-tools,Instagram Caption Generator,instagram-caption-generator,https://www.mytulify.com/social-media-tools/instagram-caption-generator
YouTube Tag Extractor,tool,social-media-tools,YouTube Tag Extractor,youtube-tag-extractor,https://www.mytulify.com/social-media-tools/youtube-tag-extractor
free YouTube Tag Extractor,tool_variant,social-media-tools,YouTube Tag Extractor,youtube-tag-extractor,https://www.mytulify.com/social-media-tools/youtube-tag-extractor
free online YouTube Tag Extractor,tool_variant,social-media-tools,YouTube Tag Extractor,youtube-tag-extractor,https://www.mytulify.com/social-media-tools/youtube-tag-extractor
YouTube Tag Extractor online,tool_variant,social-media-tools,YouTube Tag Extractor,youtube-tag-extractor,https://www.mytulify.com/social-media-tools/youtube-tag-extractor
Social Media Tools YouTube Tag Extractor,tool_variant,social-media-tools,YouTube Tag Extractor,youtube-tag-extractor,https://www.mytulify.com/social-media-tools/youtube-tag-extractor
Extract video tags from a YouTube URL or page source,tool_variant,social-media-tools,YouTube Tag Extractor,youtube-tag-extractor,https://www.mytulify.com/social-media-tools/youtube-tag-extractor
YouTube Thumbnail Downloader,tool,social-media-tools,YouTube Thumbnail Downloader,youtube-thumbnail-downloader,https://www.mytulify.com/social-media-tools/youtube-thumbnail-downloader
free YouTube Thumbnail Downloader,tool_variant,social-media-tools,YouTube Thumbnail Downloader,youtube-thumbnail-downloader,https://www.mytulify.com/social-media-tools/youtube-thumbnail-downloader
free online YouTube Thumbnail Downloader,tool_variant,social-media-tools,YouTube Thumbnail Downloader,youtube-thumbnail-downloader,https://www.mytulify.com/social-media-tools/youtube-thumbnail-downloader
YouTube Thumbnail Downloader online,tool_variant,social-media-tools,YouTube Thumbnail Downloader,youtube-thumbnail-downloader,https://www.mytulify.com/social-media-tools/youtube-thumbnail-downloader
Social Media Tools YouTube Thumbnail Downloader,tool_variant,social-media-tools,YouTube Thumbnail Downloader,youtube-thumbnail-downloader,https://www.mytulify.com/social-media-tools/youtube-thumbnail-downloader
Grab all thumbnail sizes from a YouTube video URL,tool_variant,social-media-tools,YouTube Thumbnail Downloader,youtube-thumbnail-downloader,https://www.mytulify.com/social-media-tools/youtube-thumbnail-downloader
Instagram Line Break Generator,tool,social-media-tools,Instagram Line Break Generator,instagram-line-break-generator,https://www.mytulify.com/social-media-tools/instagram-line-break-generator
free Instagram Line Break Generator,tool_variant,social-media-tools,Instagram Line Break Generator,instagram-line-break-generator,https://www.mytulify.com/social-media-tools/instagram-line-break-generator
free online Instagram Line Break Generator,tool_variant,social-media-tools,Instagram Line Break Generator,instagram-line-break-generator,https://www.mytulify.com/social-media-tools/instagram-line-break-generator
Instagram Line Break Generator online,tool_variant,social-media-tools,Instagram Line Break Generator,instagram-line-break-generator,https://www.mytulify.com/social-media-tools/instagram-line-break-generator
Social Media Tools Instagram Line Break Generator,tool_variant,social-media-tools,Instagram Line Break Generator,instagram-line-break-generator,https://www.mytulify.com/social-media-tools/instagram-line-break-generator
Add invisible spacing so captions keep line breaks on Instagram,tool_variant,social-media-tools,Instagram Line Break Generator,instagram-line-break-generator,https://www.mytulify.com/social-media-tools/instagram-line-break-generator
Emoji Picker,tool,social-media-tools,Emoji Picker,emoji-picker,https://www.mytulify.com/social-media-tools/emoji-picker
free Emoji Picker,tool_variant,social-media-tools,Emoji Picker,emoji-picker,https://www.mytulify.com/social-media-tools/emoji-picker
free online Emoji Picker,tool_variant,social-media-tools,Emoji Picker,emoji-picker,https://www.mytulify.com/social-media-tools/emoji-picker
Emoji Picker online,tool_variant,social-media-tools,Emoji Picker,emoji-picker,https://www.mytulify.com/social-media-tools/emoji-picker
Social Media Tools Emoji Picker,tool_variant,social-media-tools,Emoji Picker,emoji-picker,https://www.mytulify.com/social-media-tools/emoji-picker
Searchable emoji keyboard for copying emojis into posts,tool_variant,social-media-tools,Emoji Picker,emoji-picker,https://www.mytulify.com/social-media-tools/emoji-picker
Fake Facebook Post Generator,tool,social-media-tools,Fake Facebook Post Generator,fake-facebook-post-generator,https://www.mytulify.com/social-media-tools/fake-facebook-post-generator
free Fake Facebook Post Generator,tool_variant,social-media-tools,Fake Facebook Post Generator,fake-facebook-post-generator,https://www.mytulify.com/social-media-tools/fake-facebook-post-generator
free online Fake Facebook Post Generator,tool_variant,social-media-tools,Fake Facebook Post Generator,fake-facebook-post-generator,https://www.mytulify.com/social-media-tools/fake-facebook-post-generator
Fake Facebook Post Generator online,tool_variant,social-media-tools,Fake Facebook Post Generator,fake-facebook-post-generator,https://www.mytulify.com/social-media-tools/fake-facebook-post-generator
Social Media Tools Fake Facebook Post Generator,tool_variant,social-media-tools,Fake Facebook Post Generator,fake-facebook-post-generator,https://www.mytulify.com/social-media-tools/fake-facebook-post-generator
Create Facebook post mockups with reactions and comments,tool_variant,social-media-tools,Fake Facebook Post Generator,fake-facebook-post-generator,https://www.mytulify.com/social-media-tools/fake-facebook-post-generator
Tweet to Image,tool,social-media-tools,Tweet to Image,tweet-to-image,https://www.mytulify.com/social-media-tools/tweet-to-image
free Tweet to Image,tool_variant,social-media-tools,Tweet to Image,tweet-to-image,https://www.mytulify.com/social-media-tools/tweet-to-image
free online Tweet to Image,tool_variant,social-media-tools,Tweet to Image,tweet-to-image,https://www.mytulify.com/social-media-tools/tweet-to-image
Tweet to Image online,tool_variant,social-media-tools,Tweet to Image,tweet-to-image,https://www.mytulify.com/social-media-tools/tweet-to-image
Social Media Tools Tweet to Image,tool_variant,social-media-tools,Tweet to Image,tweet-to-image,https://www.mytulify.com/social-media-tools/tweet-to-image
Turn real or custom tweet text into a shareable styled image,tool_variant,social-media-tools,Tweet to Image,tweet-to-image,https://www.mytulify.com/social-media-tools/tweet-to-image
TikTok Hashtag Generator,tool,social-media-tools,TikTok Hashtag Generator,tiktok-hashtag-generator,https://www.mytulify.com/social-media-tools/tiktok-hashtag-generator
free TikTok Hashtag Generator,tool_variant,social-media-tools,TikTok Hashtag Generator,tiktok-hashtag-generator,https://www.mytulify.com/social-media-tools/tiktok-hashtag-generator
free online TikTok Hashtag Generator,tool_variant,social-media-tools,TikTok Hashtag Generator,tiktok-hashtag-generator,https://www.mytulify.com/social-media-tools/tiktok-hashtag-generator
TikTok Hashtag Generator online,tool_variant,social-media-tools,TikTok Hashtag Generator,tiktok-hashtag-generator,https://www.mytulify.com/social-media-tools/tiktok-hashtag-generator
Social Media Tools TikTok Hashtag Generator,tool_variant,social-media-tools,TikTok Hashtag Generator,tiktok-hashtag-generator,https://www.mytulify.com/social-media-tools/tiktok-hashtag-generator
Generate trending-style hashtags and captions for TikTok,tool_variant,social-media-tools,TikTok Hashtag Generator,tiktok-hashtag-generator,https://www.mytulify.com/social-media-tools/tiktok-hashtag-generator
Glitch Text Generator,tool,social-media-tools,Glitch Text Generator,glitch-text-generator,https://www.mytulify.com/social-media-tools/glitch-text-generator
free Glitch Text Generator,tool_variant,social-media-tools,Glitch Text Generator,glitch-text-generator,https://www.mytulify.com/social-media-tools/glitch-text-generator
free online Glitch Text Generator,tool_variant,social-media-tools,Glitch Text Generator,glitch-text-generator,https://www.mytulify.com/social-media-tools/glitch-text-generator
Glitch Text Generator online,tool_variant,social-media-tools,Glitch Text Generator,glitch-text-generator,https://www.mytulify.com/social-media-tools/glitch-text-generator
Social Media Tools Glitch Text Generator,tool_variant,social-media-tools,Glitch Text Generator,glitch-text-generator,https://www.mytulify.com/social-media-tools/glitch-text-generator
Generate zalgo/glitch styled text for posts and usernames,tool_variant,social-media-tools,Glitch Text Generator,glitch-text-generator,https://www.mytulify.com/social-media-tools/glitch-text-generator
Small Text Generator,tool,social-media-tools,Small Text Generator,small-text-generator,https://www.mytulify.com/social-media-tools/small-text-generator
free Small Text Generator,tool_variant,social-media-tools,Small Text Generator,small-text-generator,https://www.mytulify.com/social-media-tools/small-text-generator
free online Small Text Generator,tool_variant,social-media-tools,Small Text Generator,small-text-generator,https://www.mytulify.com/social-media-tools/small-text-generator
Small Text Generator online,tool_variant,social-media-tools,Small Text Generator,small-text-generator,https://www.mytulify.com/social-media-tools/small-text-generator
Social Media Tools Small Text Generator,tool_variant,social-media-tools,Small Text Generator,small-text-generator,https://www.mytulify.com/social-media-tools/small-text-generator
Convert text to superscript and small-caps Unicode characters,tool_variant,social-media-tools,Small Text Generator,small-text-generator,https://www.mytulify.com/social-media-tools/small-text-generator
Discord Font Generator,tool,social-media-tools,Discord Font Generator,discord-font-generator,https://www.mytulify.com/social-media-tools/discord-font-generator
free Discord Font Generator,tool_variant,social-media-tools,Discord Font Generator,discord-font-generator,https://www.mytulify.com/social-media-tools/discord-font-generator
free online Discord Font Generator,tool_variant,social-media-tools,Discord Font Generator,discord-font-generator,https://www.mytulify.com/social-media-tools/discord-font-generator
Discord Font Generator online,tool_variant,social-media-tools,Discord Font Generator,discord-font-generator,https://www.mytulify.com/social-media-tools/discord-font-generator
Social Media Tools Discord Font Generator,tool_variant,social-media-tools,Discord Font Generator,discord-font-generator,https://www.mytulify.com/social-media-tools/discord-font-generator
Produce fancy and formatted text usable in Discord chats,tool_variant,social-media-tools,Discord Font Generator,discord-font-generator,https://www.mytulify.com/social-media-tools/discord-font-generator
Twitter Bio Generator,tool,social-media-tools,Twitter Bio Generator,twitter-bio-generator,https://www.mytulify.com/social-media-tools/twitter-bio-generator
free Twitter Bio Generator,tool_variant,social-media-tools,Twitter Bio Generator,twitter-bio-generator,https://www.mytulify.com/social-media-tools/twitter-bio-generator
free online Twitter Bio Generator,tool_variant,social-media-tools,Twitter Bio Generator,twitter-bio-generator,https://www.mytulify.com/social-media-tools/twitter-bio-generator
Twitter Bio Generator online,tool_variant,social-media-tools,Twitter Bio Generator,twitter-bio-generator,https://www.mytulify.com/social-media-tools/twitter-bio-generator
Social Media Tools Twitter Bio Generator,tool_variant,social-media-tools,Twitter Bio Generator,twitter-bio-generator,https://www.mytulify.com/social-media-tools/twitter-bio-generator
"Build X/Twitter bios with fonts, line breaks, and emojis",tool_variant,social-media-tools,Twitter Bio Generator,twitter-bio-generator,https://www.mytulify.com/social-media-tools/twitter-bio-generator
LinkedIn Text Formatter,tool,social-media-tools,LinkedIn Text Formatter,linkedin-text-formatter,https://www.mytulify.com/social-media-tools/linkedin-text-formatter
free LinkedIn Text Formatter,tool_variant,social-media-tools,LinkedIn Text Formatter,linkedin-text-formatter,https://www.mytulify.com/social-media-tools/linkedin-text-formatter
free online LinkedIn Text Formatter,tool_variant,social-media-tools,LinkedIn Text Formatter,linkedin-text-formatter,https://www.mytulify.com/social-media-tools/linkedin-text-formatter
LinkedIn Text Formatter online,tool_variant,social-media-tools,LinkedIn Text Formatter,linkedin-text-formatter,https://www.mytulify.com/social-media-tools/linkedin-text-formatter
Social Media Tools LinkedIn Text Formatter,tool_variant,social-media-tools,LinkedIn Text Formatter,linkedin-text-formatter,https://www.mytulify.com/social-media-tools/linkedin-text-formatter
Add bold/italic Unicode formatting to LinkedIn posts,tool_variant,social-media-tools,LinkedIn Text Formatter,linkedin-text-formatter,https://www.mytulify.com/social-media-tools/linkedin-text-formatter
WhatsApp Link Generator,tool,social-media-tools,WhatsApp Link Generator,whatsapp-link-generator,https://www.mytulify.com/social-media-tools/whatsapp-link-generator
free WhatsApp Link Generator,tool_variant,social-media-tools,WhatsApp Link Generator,whatsapp-link-generator,https://www.mytulify.com/social-media-tools/whatsapp-link-generator
free online WhatsApp Link Generator,tool_variant,social-media-tools,WhatsApp Link Generator,whatsapp-link-generator,https://www.mytulify.com/social-media-tools/whatsapp-link-generator
WhatsApp Link Generator online,tool_variant,social-media-tools,WhatsApp Link Generator,whatsapp-link-generator,https://www.mytulify.com/social-media-tools/whatsapp-link-generator
Social Media Tools WhatsApp Link Generator,tool_variant,social-media-tools,WhatsApp Link Generator,whatsapp-link-generator,https://www.mytulify.com/social-media-tools/whatsapp-link-generator
Social Media Image Sizes,tool,social-media-tools,Social Media Image Sizes,social-media-image-sizes,https://www.mytulify.com/social-media-tools/social-media-image-sizes
free Social Media Image Sizes,tool_variant,social-media-tools,Social Media Image Sizes,social-media-image-sizes,https://www.mytulify.com/social-media-tools/social-media-image-sizes
free online Social Media Image Sizes,tool_variant,social-media-tools,Social Media Image Sizes,social-media-image-sizes,https://www.mytulify.com/social-media-tools/social-media-image-sizes
Social Media Image Sizes online,tool_variant,social-media-tools,Social Media Image Sizes,social-media-image-sizes,https://www.mytulify.com/social-media-tools/social-media-image-sizes
Social Media Tools Social Media Image Sizes,tool_variant,social-media-tools,Social Media Image Sizes,social-media-image-sizes,https://www.mytulify.com/social-media-tools/social-media-image-sizes
Reference of current image/video dimensions per platform,tool_variant,social-media-tools,Social Media Image Sizes,social-media-image-sizes,https://www.mytulify.com/social-media-tools/social-media-image-sizes
Bold Text Generator,tool,social-media-tools,Bold Text Generator,bold-text-generator,https://www.mytulify.com/social-media-tools/bold-text-generator
free Bold Text Generator,tool_variant,social-media-tools,Bold Text Generator,bold-text-generator,https://www.mytulify.com/social-media-tools/bold-text-generator
free online Bold Text Generator,tool_variant,social-media-tools,Bold Text Generator,bold-text-generator,https://www.mytulify.com/social-media-tools/bold-text-generator
Bold Text Generator online,tool_variant,social-media-tools,Bold Text Generator,bold-text-generator,https://www.mytulify.com/social-media-tools/bold-text-generator
Social Media Tools Bold Text Generator,tool_variant,social-media-tools,Bold Text Generator,bold-text-generator,https://www.mytulify.com/social-media-tools/bold-text-generator
Convert text into bold Unicode for platforms without formatting,tool_variant,social-media-tools,Bold Text Generator,bold-text-generator,https://www.mytulify.com/social-media-tools/bold-text-generator
Cursive Text Generator,tool,social-media-tools,Cursive Text Generator,cursive-text-generator,https://www.mytulify.com/social-media-tools/cursive-text-generator
free Cursive Text Generator,tool_variant,social-media-tools,Cursive Text Generator,cursive-text-generator,https://www.mytulify.com/social-media-tools/cursive-text-generator
free online Cursive Text Generator,tool_variant,social-media-tools,Cursive Text Generator,cursive-text-generator,https://www.mytulify.com/social-media-tools/cursive-text-generator
Cursive Text Generator online,tool_variant,social-media-tools,Cursive Text Generator,cursive-text-generator,https://www.mytulify.com/social-media-tools/cursive-text-generator
Social Media Tools Cursive Text Generator,tool_variant,social-media-tools,Cursive Text Generator,cursive-text-generator,https://www.mytulify.com/social-media-tools/cursive-text-generator
Generate cursive and italic Unicode text styles,tool_variant,social-media-tools,Cursive Text Generator,cursive-text-generator,https://www.mytulify.com/social-media-tools/cursive-text-generator
Twitch Text Generator,tool,social-media-tools,Twitch Text Generator,twitch-text-generator,https://www.mytulify.com/social-media-tools/twitch-text-generator
free Twitch Text Generator,tool_variant,social-media-tools,Twitch Text Generator,twitch-text-generator,https://www.mytulify.com/social-media-tools/twitch-text-generator
free online Twitch Text Generator,tool_variant,social-media-tools,Twitch Text Generator,twitch-text-generator,https://www.mytulify.com/social-media-tools/twitch-text-generator
Twitch Text Generator online,tool_variant,social-media-tools,Twitch Text Generator,twitch-text-generator,https://www.mytulify.com/social-media-tools/twitch-text-generator
Social Media Tools Twitch Text Generator,tool_variant,social-media-tools,Twitch Text Generator,twitch-text-generator,https://www.mytulify.com/social-media-tools/twitch-text-generator
Create stylized text and name ideas for Twitch profiles,tool_variant,social-media-tools,Twitch Text Generator,twitch-text-generator,https://www.mytulify.com/social-media-tools/twitch-text-generator
Fake Instagram DM Generator,tool,social-media-tools,Fake Instagram DM Generator,fake-instagram-dm-generator,https://www.mytulify.com/social-media-tools/fake-instagram-dm-generator
free Fake Instagram DM Generator,tool_variant,social-media-tools,Fake Instagram DM Generator,fake-instagram-dm-generator,https://www.mytulify.com/social-media-tools/fake-instagram-dm-generator
free online Fake Instagram DM Generator,tool_variant,social-media-tools,Fake Instagram DM Generator,fake-instagram-dm-generator,https://www.mytulify.com/social-media-tools/fake-instagram-dm-generator
Fake Instagram DM Generator online,tool_variant,social-media-tools,Fake Instagram DM Generator,fake-instagram-dm-generator,https://www.mytulify.com/social-media-tools/fake-instagram-dm-generator
Social Media Tools Fake Instagram DM Generator,tool_variant,social-media-tools,Fake Instagram DM Generator,fake-instagram-dm-generator,https://www.mytulify.com/social-media-tools/fake-instagram-dm-generator
Mock up Instagram DM chat and profile screenshots,tool_variant,social-media-tools,Fake Instagram DM Generator,fake-instagram-dm-generator,https://www.mytulify.com/social-media-tools/fake-instagram-dm-generator
Hashtag Counter,tool,social-media-tools,Hashtag Counter,hashtag-counter,https://www.mytulify.com/social-media-tools/hashtag-counter
free Hashtag Counter,tool_variant,social-media-tools,Hashtag Counter,hashtag-counter,https://www.mytulify.com/social-media-tools/hashtag-counter
free online Hashtag Counter,tool_variant,social-media-tools,Hashtag Counter,hashtag-counter,https://www.mytulify.com/social-media-tools/hashtag-counter
Hashtag Counter online,tool_variant,social-media-tools,Hashtag Counter,hashtag-counter,https://www.mytulify.com/social-media-tools/hashtag-counter
Social Media Tools Hashtag Counter,tool_variant,social-media-tools,Hashtag Counter,hashtag-counter,https://www.mytulify.com/social-media-tools/hashtag-counter
Count hashtags in text and flag platform over-limits,tool_variant,social-media-tools,Hashtag Counter,hashtag-counter,https://www.mytulify.com/social-media-tools/hashtag-counter
Social Preview Tester,tool,social-media-tools,Social Preview Tester,social-preview-tester,https://www.mytulify.com/social-media-tools/social-preview-tester
free Social Preview Tester,tool_variant,social-media-tools,Social Preview Tester,social-preview-tester,https://www.mytulify.com/social-media-tools/social-preview-tester
free online Social Preview Tester,tool_variant,social-media-tools,Social Preview Tester,social-preview-tester,https://www.mytulify.com/social-media-tools/social-preview-tester
Social Preview Tester online,tool_variant,social-media-tools,Social Preview Tester,social-preview-tester,https://www.mytulify.com/social-media-tools/social-preview-tester
Social Media Tools Social Preview Tester,tool_variant,social-media-tools,Social Preview Tester,social-preview-tester,https://www.mytulify.com/social-media-tools/social-preview-tester
Preview how a link will look when shared across platforms,tool_variant,social-media-tools,Social Preview Tester,social-preview-tester,https://www.mytulify.com/social-media-tools/social-preview-tester
Aesthetic Username Generator,tool,social-media-tools,Aesthetic Username Generator,aesthetic-username-generator,https://www.mytulify.com/social-media-tools/aesthetic-username-generator
free Aesthetic Username Generator,tool_variant,social-media-tools,Aesthetic Username Generator,aesthetic-username-generator,https://www.mytulify.com/social-media-tools/aesthetic-username-generator
free online Aesthetic Username Generator,tool_variant,social-media-tools,Aesthetic Username Generator,aesthetic-username-generator,https://www.mytulify.com/social-media-tools/aesthetic-username-generator
Aesthetic Username Generator online,tool_variant,social-media-tools,Aesthetic Username Generator,aesthetic-username-generator,https://www.mytulify.com/social-media-tools/aesthetic-username-generator
Social Media Tools Aesthetic Username Generator,tool_variant,social-media-tools,Aesthetic Username Generator,aesthetic-username-generator,https://www.mytulify.com/social-media-tools/aesthetic-username-generator
Generate decorated usernames with symbols and aesthetic fonts,tool_variant,social-media-tools,Aesthetic Username Generator,aesthetic-username-generator,https://www.mytulify.com/social-media-tools/aesthetic-username-generator
Word Counter,tool,text-tools,Word Counter,word-counter,https://www.mytulify.com/text-tools/word-counter
free Word Counter,tool_variant,text-tools,Word Counter,word-counter,https://www.mytulify.com/text-tools/word-counter
free online Word Counter,tool_variant,text-tools,Word Counter,word-counter,https://www.mytulify.com/text-tools/word-counter
Word Counter online,tool_variant,text-tools,Word Counter,word-counter,https://www.mytulify.com/text-tools/word-counter
Text Tools Word Counter,tool_variant,text-tools,Word Counter,word-counter,https://www.mytulify.com/text-tools/word-counter
"Count words, characters, sentences, paragraphs with reading and speaking time estimates",tool_variant,text-tools,Word Counter,word-counter,https://www.mytulify.com/text-tools/word-counter
Character Counter,tool,text-tools,Character Counter,character-counter,https://www.mytulify.com/text-tools/character-counter
free Character Counter,tool_variant,text-tools,Character Counter,character-counter,https://www.mytulify.com/text-tools/character-counter
free online Character Counter,tool_variant,text-tools,Character Counter,character-counter,https://www.mytulify.com/text-tools/character-counter
Character Counter online,tool_variant,text-tools,Character Counter,character-counter,https://www.mytulify.com/text-tools/character-counter
Text Tools Character Counter,tool_variant,text-tools,Character Counter,character-counter,https://www.mytulify.com/text-tools/character-counter
Count characters with and without spaces in real time for tweets and bios,tool_variant,text-tools,Character Counter,character-counter,https://www.mytulify.com/text-tools/character-counter
Case Converter,tool,text-tools,Case Converter,case-converter,https://www.mytulify.com/text-tools/case-converter
free Case Converter,tool_variant,text-tools,Case Converter,case-converter,https://www.mytulify.com/text-tools/case-converter
free online Case Converter,tool_variant,text-tools,Case Converter,case-converter,https://www.mytulify.com/text-tools/case-converter
Case Converter online,tool_variant,text-tools,Case Converter,case-converter,https://www.mytulify.com/text-tools/case-converter
Text Tools Case Converter,tool_variant,text-tools,Case Converter,case-converter,https://www.mytulify.com/text-tools/case-converter
"Convert text to UPPERCASE, lowercase, Title Case, Sentence case and more",tool_variant,text-tools,Case Converter,case-converter,https://www.mytulify.com/text-tools/case-converter
Lorem Ipsum Generator,tool,text-tools,Lorem Ipsum Generator,lorem-ipsum-generator,https://www.mytulify.com/text-tools/lorem-ipsum-generator
free Lorem Ipsum Generator,tool_variant,text-tools,Lorem Ipsum Generator,lorem-ipsum-generator,https://www.mytulify.com/text-tools/lorem-ipsum-generator
free online Lorem Ipsum Generator,tool_variant,text-tools,Lorem Ipsum Generator,lorem-ipsum-generator,https://www.mytulify.com/text-tools/lorem-ipsum-generator
Lorem Ipsum Generator online,tool_variant,text-tools,Lorem Ipsum Generator,lorem-ipsum-generator,https://www.mytulify.com/text-tools/lorem-ipsum-generator
Text Tools Lorem Ipsum Generator,tool_variant,text-tools,Lorem Ipsum Generator,lorem-ipsum-generator,https://www.mytulify.com/text-tools/lorem-ipsum-generator
"Generate placeholder dummy text by paragraphs, sentences or words",tool_variant,text-tools,Lorem Ipsum Generator,lorem-ipsum-generator,https://www.mytulify.com/text-tools/lorem-ipsum-generator
Remove Line Breaks,tool,text-tools,Remove Line Breaks,remove-line-breaks,https://www.mytulify.com/text-tools/remove-line-breaks
free Remove Line Breaks,tool_variant,text-tools,Remove Line Breaks,remove-line-breaks,https://www.mytulify.com/text-tools/remove-line-breaks
free online Remove Line Breaks,tool_variant,text-tools,Remove Line Breaks,remove-line-breaks,https://www.mytulify.com/text-tools/remove-line-breaks
Remove Line Breaks online,tool_variant,text-tools,Remove Line Breaks,remove-line-breaks,https://www.mytulify.com/text-tools/remove-line-breaks
Text Tools Remove Line Breaks,tool_variant,text-tools,Remove Line Breaks,remove-line-breaks,https://www.mytulify.com/text-tools/remove-line-breaks
Strip or merge line breaks and extra newlines from pasted text,tool_variant,text-tools,Remove Line Breaks,remove-line-breaks,https://www.mytulify.com/text-tools/remove-line-breaks
Remove Extra Spaces,tool,text-tools,Remove Extra Spaces,remove-extra-spaces,https://www.mytulify.com/text-tools/remove-extra-spaces
free Remove Extra Spaces,tool_variant,text-tools,Remove Extra Spaces,remove-extra-spaces,https://www.mytulify.com/text-tools/remove-extra-spaces
free online Remove Extra Spaces,tool_variant,text-tools,Remove Extra Spaces,remove-extra-spaces,https://www.mytulify.com/text-tools/remove-extra-spaces
Remove Extra Spaces online,tool_variant,text-tools,Remove Extra Spaces,remove-extra-spaces,https://www.mytulify.com/text-tools/remove-extra-spaces
Text Tools Remove Extra Spaces,tool_variant,text-tools,Remove Extra Spaces,remove-extra-spaces,https://www.mytulify.com/text-tools/remove-extra-spaces
"Remove duplicate, leading and trailing whitespace from text",tool_variant,text-tools,Remove Extra Spaces,remove-extra-spaces,https://www.mytulify.com/text-tools/remove-extra-spaces
Find and Replace Text,tool,text-tools,Find and Replace Text,find-and-replace-text,https://www.mytulify.com/text-tools/find-and-replace-text
free Find and Replace Text,tool_variant,text-tools,Find and Replace Text,find-and-replace-text,https://www.mytulify.com/text-tools/find-and-replace-text
free online Find and Replace Text,tool_variant,text-tools,Find and Replace Text,find-and-replace-text,https://www.mytulify.com/text-tools/find-and-replace-text
Find and Replace Text online,tool_variant,text-tools,Find and Replace Text,find-and-replace-text,https://www.mytulify.com/text-tools/find-and-replace-text
Text Tools Find and Replace Text,tool_variant,text-tools,Find and Replace Text,find-and-replace-text,https://www.mytulify.com/text-tools/find-and-replace-text
"Find and replace words or patterns in bulk text, with regex support",tool_variant,text-tools,Find and Replace Text,find-and-replace-text,https://www.mytulify.com/text-tools/find-and-replace-text
Reverse Text,tool,text-tools,Reverse Text,reverse-text,https://www.mytulify.com/text-tools/reverse-text
free Reverse Text,tool_variant,text-tools,Reverse Text,reverse-text,https://www.mytulify.com/text-tools/reverse-text
free online Reverse Text,tool_variant,text-tools,Reverse Text,reverse-text,https://www.mytulify.com/text-tools/reverse-text
Reverse Text online,tool_variant,text-tools,Reverse Text,reverse-text,https://www.mytulify.com/text-tools/reverse-text
Text Tools Reverse Text,tool_variant,text-tools,Reverse Text,reverse-text,https://www.mytulify.com/text-tools/reverse-text
"Reverse characters, words or lines of any input text",tool_variant,text-tools,Reverse Text,reverse-text,https://www.mytulify.com/text-tools/reverse-text
Text Repeater,tool,text-tools,Text Repeater,text-repeater,https://www.mytulify.com/text-tools/text-repeater
free Text Repeater,tool_variant,text-tools,Text Repeater,text-repeater,https://www.mytulify.com/text-tools/text-repeater
free online Text Repeater,tool_variant,text-tools,Text Repeater,text-repeater,https://www.mytulify.com/text-tools/text-repeater
Text Repeater online,tool_variant,text-tools,Text Repeater,text-repeater,https://www.mytulify.com/text-tools/text-repeater
Text Tools Text Repeater,tool_variant,text-tools,Text Repeater,text-repeater,https://www.mytulify.com/text-tools/text-repeater
Repeat a string or line a chosen number of times,tool_variant,text-tools,Text Repeater,text-repeater,https://www.mytulify.com/text-tools/text-repeater
Word Frequency Counter,tool,text-tools,Word Frequency Counter,word-frequency-counter,https://www.mytulify.com/text-tools/word-frequency-counter
free Word Frequency Counter,tool_variant,text-tools,Word Frequency Counter,word-frequency-counter,https://www.mytulify.com/text-tools/word-frequency-counter
free online Word Frequency Counter,tool_variant,text-tools,Word Frequency Counter,word-frequency-counter,https://www.mytulify.com/text-tools/word-frequency-counter
Word Frequency Counter online,tool_variant,text-tools,Word Frequency Counter,word-frequency-counter,https://www.mytulify.com/text-tools/word-frequency-counter
Text Tools Word Frequency Counter,tool_variant,text-tools,Word Frequency Counter,word-frequency-counter,https://www.mytulify.com/text-tools/word-frequency-counter
Count how often each word appears and rank them by frequency,tool_variant,text-tools,Word Frequency Counter,word-frequency-counter,https://www.mytulify.com/text-tools/word-frequency-counter
Remove Duplicate Lines,tool,text-tools,Remove Duplicate Lines,remove-duplicate-lines,https://www.mytulify.com/text-tools/remove-duplicate-lines
free Remove Duplicate Lines,tool_variant,text-tools,Remove Duplicate Lines,remove-duplicate-lines,https://www.mytulify.com/text-tools/remove-duplicate-lines
free online Remove Duplicate Lines,tool_variant,text-tools,Remove Duplicate Lines,remove-duplicate-lines,https://www.mytulify.com/text-tools/remove-duplicate-lines
Remove Duplicate Lines online,tool_variant,text-tools,Remove Duplicate Lines,remove-duplicate-lines,https://www.mytulify.com/text-tools/remove-duplicate-lines
Text Tools Remove Duplicate Lines,tool_variant,text-tools,Remove Duplicate Lines,remove-duplicate-lines,https://www.mytulify.com/text-tools/remove-duplicate-lines
Delete duplicate lines from a list while preserving order,tool_variant,text-tools,Remove Duplicate Lines,remove-duplicate-lines,https://www.mytulify.com/text-tools/remove-duplicate-lines
Sort Text Lines,tool,text-tools,Sort Text Lines,sort-text-lines,https://www.mytulify.com/text-tools/sort-text-lines
free Sort Text Lines,tool_variant,text-tools,Sort Text Lines,sort-text-lines,https://www.mytulify.com/text-tools/sort-text-lines
free online Sort Text Lines,tool_variant,text-tools,Sort Text Lines,sort-text-lines,https://www.mytulify.com/text-tools/sort-text-lines
Sort Text Lines online,tool_variant,text-tools,Sort Text Lines,sort-text-lines,https://www.mytulify.com/text-tools/sort-text-lines
Text Tools Sort Text Lines,tool_variant,text-tools,Sort Text Lines,sort-text-lines,https://www.mytulify.com/text-tools/sort-text-lines
"Sort lines alphabetically, numerically or reverse their order",tool_variant,text-tools,Sort Text Lines,sort-text-lines,https://www.mytulify.com/text-tools/sort-text-lines
Text to Slug,tool,text-tools,Text to Slug,text-to-slug,https://www.mytulify.com/text-tools/text-to-slug
free Text to Slug,tool_variant,text-tools,Text to Slug,text-to-slug,https://www.mytulify.com/text-tools/text-to-slug
free online Text to Slug,tool_variant,text-tools,Text to Slug,text-to-slug,https://www.mytulify.com/text-tools/text-to-slug
Text to Slug online,tool_variant,text-tools,Text to Slug,text-to-slug,https://www.mytulify.com/text-tools/text-to-slug
Text Tools Text to Slug,tool_variant,text-tools,Text to Slug,text-to-slug,https://www.mytulify.com/text-tools/text-to-slug
Convert a title or phrase into a clean URL-friendly slug,tool_variant,text-tools,Text to Slug,text-to-slug,https://www.mytulify.com/text-tools/text-to-slug
Binary Translator,tool,text-tools,Binary Translator,binary-translator,https://www.mytulify.com/text-tools/binary-translator
free Binary Translator,tool_variant,text-tools,Binary Translator,binary-translator,https://www.mytulify.com/text-tools/binary-translator
free online Binary Translator,tool_variant,text-tools,Binary Translator,binary-translator,https://www.mytulify.com/text-tools/binary-translator
Binary Translator online,tool_variant,text-tools,Binary Translator,binary-translator,https://www.mytulify.com/text-tools/binary-translator
Text Tools Binary Translator,tool_variant,text-tools,Binary Translator,binary-translator,https://www.mytulify.com/text-tools/binary-translator
Convert text to binary and binary back to readable text,tool_variant,text-tools,Binary Translator,binary-translator,https://www.mytulify.com/text-tools/binary-translator
Morse Code Translator,tool,text-tools,Morse Code Translator,morse-code-translator,https://www.mytulify.com/text-tools/morse-code-translator
free Morse Code Translator,tool_variant,text-tools,Morse Code Translator,morse-code-translator,https://www.mytulify.com/text-tools/morse-code-translator
free online Morse Code Translator,tool_variant,text-tools,Morse Code Translator,morse-code-translator,https://www.mytulify.com/text-tools/morse-code-translator
Morse Code Translator online,tool_variant,text-tools,Morse Code Translator,morse-code-translator,https://www.mytulify.com/text-tools/morse-code-translator
Text Tools Morse Code Translator,tool_variant,text-tools,Morse Code Translator,morse-code-translator,https://www.mytulify.com/text-tools/morse-code-translator
"Encode and decode between text and Morse code, with optional audio",tool_variant,text-tools,Morse Code Translator,morse-code-translator,https://www.mytulify.com/text-tools/morse-code-translator
Fancy Text Generator,tool,text-tools,Fancy Text Generator,fancy-text-generator,https://www.mytulify.com/text-tools/fancy-text-generator
free Fancy Text Generator,tool_variant,text-tools,Fancy Text Generator,fancy-text-generator,https://www.mytulify.com/text-tools/fancy-text-generator
free online Fancy Text Generator,tool_variant,text-tools,Fancy Text Generator,fancy-text-generator,https://www.mytulify.com/text-tools/fancy-text-generator
Fancy Text Generator online,tool_variant,text-tools,Fancy Text Generator,fancy-text-generator,https://www.mytulify.com/text-tools/fancy-text-generator
Text Tools Fancy Text Generator,tool_variant,text-tools,Fancy Text Generator,fancy-text-generator,https://www.mytulify.com/text-tools/fancy-text-generator
Turn text into stylish Unicode fonts for social media bios,tool_variant,text-tools,Fancy Text Generator,fancy-text-generator,https://www.mytulify.com/text-tools/fancy-text-generator
Bionic Reading Converter,tool,text-tools,Bionic Reading Converter,bionic-reading-converter,https://www.mytulify.com/text-tools/bionic-reading-converter
free Bionic Reading Converter,tool_variant,text-tools,Bionic Reading Converter,bionic-reading-converter,https://www.mytulify.com/text-tools/bionic-reading-converter
free online Bionic Reading Converter,tool_variant,text-tools,Bionic Reading Converter,bionic-reading-converter,https://www.mytulify.com/text-tools/bionic-reading-converter
Bionic Reading Converter online,tool_variant,text-tools,Bionic Reading Converter,bionic-reading-converter,https://www.mytulify.com/text-tools/bionic-reading-converter
Text Tools Bionic Reading Converter,tool_variant,text-tools,Bionic Reading Converter,bionic-reading-converter,https://www.mytulify.com/text-tools/bionic-reading-converter
Bold the leading part of each word to aid faster reading,tool_variant,text-tools,Bionic Reading Converter,bionic-reading-converter,https://www.mytulify.com/text-tools/bionic-reading-converter
Text to Handwriting,tool,text-tools,Text to Handwriting,text-to-handwriting,https://www.mytulify.com/text-tools/text-to-handwriting
free Text to Handwriting,tool_variant,text-tools,Text to Handwriting,text-to-handwriting,https://www.mytulify.com/text-tools/text-to-handwriting
free online Text to Handwriting,tool_variant,text-tools,Text to Handwriting,text-to-handwriting,https://www.mytulify.com/text-tools/text-to-handwriting
Text to Handwriting online,tool_variant,text-tools,Text to Handwriting,text-to-handwriting,https://www.mytulify.com/text-tools/text-to-handwriting
Text Tools Text to Handwriting,tool_variant,text-tools,Text to Handwriting,text-to-handwriting,https://www.mytulify.com/text-tools/text-to-handwriting
Render typed text as realistic handwriting on paper,tool_variant,text-tools,Text to Handwriting,text-to-handwriting,https://www.mytulify.com/text-tools/text-to-handwriting
Title Case Converter,tool,text-tools,Title Case Converter,title-case-converter,https://www.mytulify.com/text-tools/title-case-converter
free Title Case Converter,tool_variant,text-tools,Title Case Converter,title-case-converter,https://www.mytulify.com/text-tools/title-case-converter
free online Title Case Converter,tool_variant,text-tools,Title Case Converter,title-case-converter,https://www.mytulify.com/text-tools/title-case-converter
Title Case Converter online,tool_variant,text-tools,Title Case Converter,title-case-converter,https://www.mytulify.com/text-tools/title-case-converter
Text Tools Title Case Converter,tool_variant,text-tools,Title Case Converter,title-case-converter,https://www.mytulify.com/text-tools/title-case-converter
Apply proper title capitalization rules to headlines,tool_variant,text-tools,Title Case Converter,title-case-converter,https://www.mytulify.com/text-tools/title-case-converter
Text Diff Checker,tool,text-tools,Text Diff Checker,text-diff-checker,https://www.mytulify.com/text-tools/text-diff-checker
free Text Diff Checker,tool_variant,text-tools,Text Diff Checker,text-diff-checker,https://www.mytulify.com/text-tools/text-diff-checker
free online Text Diff Checker,tool_variant,text-tools,Text Diff Checker,text-diff-checker,https://www.mytulify.com/text-tools/text-diff-checker
Text Diff Checker online,tool_variant,text-tools,Text Diff Checker,text-diff-checker,https://www.mytulify.com/text-tools/text-diff-checker
Text Tools Text Diff Checker,tool_variant,text-tools,Text Diff Checker,text-diff-checker,https://www.mytulify.com/text-tools/text-diff-checker
Highlight additions and deletions between two blocks of text,tool_variant,text-tools,Text Diff Checker,text-diff-checker,https://www.mytulify.com/text-tools/text-diff-checker
Whitespace Remover,tool,text-tools,Whitespace Remover,whitespace-remover,https://www.mytulify.com/text-tools/whitespace-remover
free Whitespace Remover,tool_variant,text-tools,Whitespace Remover,whitespace-remover,https://www.mytulify.com/text-tools/whitespace-remover
free online Whitespace Remover,tool_variant,text-tools,Whitespace Remover,whitespace-remover,https://www.mytulify.com/text-tools/whitespace-remover
Whitespace Remover online,tool_variant,text-tools,Whitespace Remover,whitespace-remover,https://www.mytulify.com/text-tools/whitespace-remover
Text Tools Whitespace Remover,tool_variant,text-tools,Whitespace Remover,whitespace-remover,https://www.mytulify.com/text-tools/whitespace-remover
Strip all whitespace or collapse multiple spaces into one,tool_variant,text-tools,Whitespace Remover,whitespace-remover,https://www.mytulify.com/text-tools/whitespace-remover
Add Line Numbers,tool,text-tools,Add Line Numbers,add-line-numbers,https://www.mytulify.com/text-tools/add-line-numbers
free Add Line Numbers,tool_variant,text-tools,Add Line Numbers,add-line-numbers,https://www.mytulify.com/text-tools/add-line-numbers
free online Add Line Numbers,tool_variant,text-tools,Add Line Numbers,add-line-numbers,https://www.mytulify.com/text-tools/add-line-numbers
Add Line Numbers online,tool_variant,text-tools,Add Line Numbers,add-line-numbers,https://www.mytulify.com/text-tools/add-line-numbers
Text Tools Add Line Numbers,tool_variant,text-tools,Add Line Numbers,add-line-numbers,https://www.mytulify.com/text-tools/add-line-numbers
Prepend sequential line numbers to each line of text,tool_variant,text-tools,Add Line Numbers,add-line-numbers,https://www.mytulify.com/text-tools/add-line-numbers
Text to ASCII Art,tool,text-tools,Text to ASCII Art,text-to-ascii-art,https://www.mytulify.com/text-tools/text-to-ascii-art
free Text to ASCII Art,tool_variant,text-tools,Text to ASCII Art,text-to-ascii-art,https://www.mytulify.com/text-tools/text-to-ascii-art
free online Text to ASCII Art,tool_variant,text-tools,Text to ASCII Art,text-to-ascii-art,https://www.mytulify.com/text-tools/text-to-ascii-art
Text to ASCII Art online,tool_variant,text-tools,Text to ASCII Art,text-to-ascii-art,https://www.mytulify.com/text-tools/text-to-ascii-art
Text Tools Text to ASCII Art,tool_variant,text-tools,Text to ASCII Art,text-to-ascii-art,https://www.mytulify.com/text-tools/text-to-ascii-art
Convert words into large ASCII banner art,tool_variant,text-tools,Text to ASCII Art,text-to-ascii-art,https://www.mytulify.com/text-tools/text-to-ascii-art
NATO Phonetic Alphabet,tool,text-tools,NATO Phonetic Alphabet,nato-phonetic-alphabet-converter,https://www.mytulify.com/text-tools/nato-phonetic-alphabet-converter
free NATO Phonetic Alphabet,tool_variant,text-tools,NATO Phonetic Alphabet,nato-phonetic-alphabet-converter,https://www.mytulify.com/text-tools/nato-phonetic-alphabet-converter
free online NATO Phonetic Alphabet,tool_variant,text-tools,NATO Phonetic Alphabet,nato-phonetic-alphabet-converter,https://www.mytulify.com/text-tools/nato-phonetic-alphabet-converter
NATO Phonetic Alphabet online,tool_variant,text-tools,NATO Phonetic Alphabet,nato-phonetic-alphabet-converter,https://www.mytulify.com/text-tools/nato-phonetic-alphabet-converter
nato phonetic alphabet converter,tool_variant,text-tools,NATO Phonetic Alphabet,nato-phonetic-alphabet-converter,https://www.mytulify.com/text-tools/nato-phonetic-alphabet-converter
Text Tools NATO Phonetic Alphabet,tool_variant,text-tools,NATO Phonetic Alphabet,nato-phonetic-alphabet-converter,https://www.mytulify.com/text-tools/nato-phonetic-alphabet-converter
Spell text using the NATO phonetic alphabet,tool_variant,text-tools,NATO Phonetic Alphabet,nato-phonetic-alphabet-converter,https://www.mytulify.com/text-tools/nato-phonetic-alphabet-converter
Strikethrough Text Generator,tool,text-tools,Strikethrough Text Generator,strikethrough-text-generator,https://www.mytulify.com/text-tools/strikethrough-text-generator
free Strikethrough Text Generator,tool_variant,text-tools,Strikethrough Text Generator,strikethrough-text-generator,https://www.mytulify.com/text-tools/strikethrough-text-generator
free online Strikethrough Text Generator,tool_variant,text-tools,Strikethrough Text Generator,strikethrough-text-generator,https://www.mytulify.com/text-tools/strikethrough-text-generator
Strikethrough Text Generator online,tool_variant,text-tools,Strikethrough Text Generator,strikethrough-text-generator,https://www.mytulify.com/text-tools/strikethrough-text-generator
Text Tools Strikethrough Text Generator,tool_variant,text-tools,Strikethrough Text Generator,strikethrough-text-generator,https://www.mytulify.com/text-tools/strikethrough-text-generator
Add strikethrough or underline Unicode styling to text,tool_variant,text-tools,Strikethrough Text Generator,strikethrough-text-generator,https://www.mytulify.com/text-tools/strikethrough-text-generator
Upside Down Text,tool,text-tools,Upside Down Text,upside-down-text-generator,https://www.mytulify.com/text-tools/upside-down-text-generator
free Upside Down Text,tool_variant,text-tools,Upside Down Text,upside-down-text-generator,https://www.mytulify.com/text-tools/upside-down-text-generator
free online Upside Down Text,tool_variant,text-tools,Upside Down Text,upside-down-text-generator,https://www.mytulify.com/text-tools/upside-down-text-generator
Upside Down Text online,tool_variant,text-tools,Upside Down Text,upside-down-text-generator,https://www.mytulify.com/text-tools/upside-down-text-generator
upside down text generator,tool_variant,text-tools,Upside Down Text,upside-down-text-generator,https://www.mytulify.com/text-tools/upside-down-text-generator
Text Tools Upside Down Text,tool_variant,text-tools,Upside Down Text,upside-down-text-generator,https://www.mytulify.com/text-tools/upside-down-text-generator
Flip text into upside-down Unicode characters,tool_variant,text-tools,Upside Down Text,upside-down-text-generator,https://www.mytulify.com/text-tools/upside-down-text-generator
Remove Punctuation,tool,text-tools,Remove Punctuation,remove-punctuation,https://www.mytulify.com/text-tools/remove-punctuation
free Remove Punctuation,tool_variant,text-tools,Remove Punctuation,remove-punctuation,https://www.mytulify.com/text-tools/remove-punctuation
free online Remove Punctuation,tool_variant,text-tools,Remove Punctuation,remove-punctuation,https://www.mytulify.com/text-tools/remove-punctuation
Remove Punctuation online,tool_variant,text-tools,Remove Punctuation,remove-punctuation,https://www.mytulify.com/text-tools/remove-punctuation
Text Tools Remove Punctuation,tool_variant,text-tools,Remove Punctuation,remove-punctuation,https://www.mytulify.com/text-tools/remove-punctuation
Strip punctuation marks from text for clean processing,tool_variant,text-tools,Remove Punctuation,remove-punctuation,https://www.mytulify.com/text-tools/remove-punctuation
Text Tools Text to Speech,tool_variant,text-tools,Text to Speech,text-to-speech,https://www.mytulify.com/text-tools/text-to-speech
"Turn text into a studio voiceover, or preview it with your device voice",tool_variant,text-tools,Text to Speech,text-to-speech,https://www.mytulify.com/text-tools/text-to-speech
Sentence Counter,tool,text-tools,Sentence Counter,sentence-counter,https://www.mytulify.com/text-tools/sentence-counter
free Sentence Counter,tool_variant,text-tools,Sentence Counter,sentence-counter,https://www.mytulify.com/text-tools/sentence-counter
free online Sentence Counter,tool_variant,text-tools,Sentence Counter,sentence-counter,https://www.mytulify.com/text-tools/sentence-counter
Sentence Counter online,tool_variant,text-tools,Sentence Counter,sentence-counter,https://www.mytulify.com/text-tools/sentence-counter
Text Tools Sentence Counter,tool_variant,text-tools,Sentence Counter,sentence-counter,https://www.mytulify.com/text-tools/sentence-counter
Count sentences and average sentence length in text,tool_variant,text-tools,Sentence Counter,sentence-counter,https://www.mytulify.com/text-tools/sentence-counter
Capitalize Each Word,tool,text-tools,Capitalize Each Word,capitalize-each-word,https://www.mytulify.com/text-tools/capitalize-each-word
free Capitalize Each Word,tool_variant,text-tools,Capitalize Each Word,capitalize-each-word,https://www.mytulify.com/text-tools/capitalize-each-word
free online Capitalize Each Word,tool_variant,text-tools,Capitalize Each Word,capitalize-each-word,https://www.mytulify.com/text-tools/capitalize-each-word
Capitalize Each Word online,tool_variant,text-tools,Capitalize Each Word,capitalize-each-word,https://www.mytulify.com/text-tools/capitalize-each-word
Text Tools Capitalize Each Word,tool_variant,text-tools,Capitalize Each Word,capitalize-each-word,https://www.mytulify.com/text-tools/capitalize-each-word
Capitalize the first letter of every word in the input,tool_variant,text-tools,Capitalize Each Word,capitalize-each-word,https://www.mytulify.com/text-tools/capitalize-each-word
Reading Time Calculator,tool,text-tools,Reading Time Calculator,reading-time-calculator,https://www.mytulify.com/text-tools/reading-time-calculator
free Reading Time Calculator,tool_variant,text-tools,Reading Time Calculator,reading-time-calculator,https://www.mytulify.com/text-tools/reading-time-calculator
free online Reading Time Calculator,tool_variant,text-tools,Reading Time Calculator,reading-time-calculator,https://www.mytulify.com/text-tools/reading-time-calculator
Reading Time Calculator online,tool_variant,text-tools,Reading Time Calculator,reading-time-calculator,https://www.mytulify.com/text-tools/reading-time-calculator
Text Tools Reading Time Calculator,tool_variant,text-tools,Reading Time Calculator,reading-time-calculator,https://www.mytulify.com/text-tools/reading-time-calculator
Estimate how long it takes to read any text based on words per minute,tool_variant,text-tools,Reading Time Calculator,reading-time-calculator,https://www.mytulify.com/text-tools/reading-time-calculator
Speech to Text,tool,text-tools,Speech to Text,speech-to-text,https://www.mytulify.com/text-tools/speech-to-text
free Speech to Text,tool_variant,text-tools,Speech to Text,speech-to-text,https://www.mytulify.com/text-tools/speech-to-text
free online Speech to Text,tool_variant,text-tools,Speech to Text,speech-to-text,https://www.mytulify.com/text-tools/speech-to-text
Speech to Text online,tool_variant,text-tools,Speech to Text,speech-to-text,https://www.mytulify.com/text-tools/speech-to-text
Text Tools Speech to Text,tool_variant,text-tools,Speech to Text,speech-to-text,https://www.mytulify.com/text-tools/speech-to-text
Dictate speech into editable text in your browser with live transcript and multi-language support,tool_variant,text-tools,Speech to Text,speech-to-text,https://www.mytulify.com/text-tools/speech-to-text
Language Translator,tool,text-tools,Language Translator,language-translator,https://www.mytulify.com/text-tools/language-translator
free Language Translator,tool_variant,text-tools,Language Translator,language-translator,https://www.mytulify.com/text-tools/language-translator
free online Language Translator,tool_variant,text-tools,Language Translator,language-translator,https://www.mytulify.com/text-tools/language-translator
Language Translator online,tool_variant,text-tools,Language Translator,language-translator,https://www.mytulify.com/text-tools/language-translator
Text Tools Language Translator,tool_variant,text-tools,Language Translator,language-translator,https://www.mytulify.com/text-tools/language-translator
Translate text or CSV/Excel into one or many languages — each target gets its own column named after that language,tool_variant,text-tools,Language Translator,language-translator,https://www.mytulify.com/text-tools/language-translator
Length Converter,tool,unit-converters,Length Converter,length-converter,https://www.mytulify.com/unit-converters/length-converter
free Length Converter,tool_variant,unit-converters,Length Converter,length-converter,https://www.mytulify.com/unit-converters/length-converter
free online Length Converter,tool_variant,unit-converters,Length Converter,length-converter,https://www.mytulify.com/unit-converters/length-converter
Length Converter online,tool_variant,unit-converters,Length Converter,length-converter,https://www.mytulify.com/unit-converters/length-converter
Unit Converters Length Converter,tool_variant,unit-converters,Length Converter,length-converter,https://www.mytulify.com/unit-converters/length-converter
"Convert between meters, feet, miles, kilometers, inches, and more",tool_variant,unit-converters,Length Converter,length-converter,https://www.mytulify.com/unit-converters/length-converter
Weight Converter,tool,unit-converters,Weight Converter,weight-converter,https://www.mytulify.com/unit-converters/weight-converter
free Weight Converter,tool_variant,unit-converters,Weight Converter,weight-converter,https://www.mytulify.com/unit-converters/weight-converter
free online Weight Converter,tool_variant,unit-converters,Weight Converter,weight-converter,https://www.mytulify.com/unit-converters/weight-converter
Weight Converter online,tool_variant,unit-converters,Weight Converter,weight-converter,https://www.mytulify.com/unit-converters/weight-converter
Unit Converters Weight Converter,tool_variant,unit-converters,Weight Converter,weight-converter,https://www.mytulify.com/unit-converters/weight-converter
"Convert mass units like kilograms, pounds, ounces, and grams",tool_variant,unit-converters,Weight Converter,weight-converter,https://www.mytulify.com/unit-converters/weight-converter
Temperature Converter,tool,unit-converters,Temperature Converter,temperature-converter,https://www.mytulify.com/unit-converters/temperature-converter
free Temperature Converter,tool_variant,unit-converters,Temperature Converter,temperature-converter,https://www.mytulify.com/unit-converters/temperature-converter
free online Temperature Converter,tool_variant,unit-converters,Temperature Converter,temperature-converter,https://www.mytulify.com/unit-converters/temperature-converter
Temperature Converter online,tool_variant,unit-converters,Temperature Converter,temperature-converter,https://www.mytulify.com/unit-converters/temperature-converter
Unit Converters Temperature Converter,tool_variant,unit-converters,Temperature Converter,temperature-converter,https://www.mytulify.com/unit-converters/temperature-converter
"Convert between Celsius, Fahrenheit, and Kelvin",tool_variant,unit-converters,Temperature Converter,temperature-converter,https://www.mytulify.com/unit-converters/temperature-converter
Volume Converter,tool,unit-converters,Volume Converter,volume-converter,https://www.mytulify.com/unit-converters/volume-converter
free Volume Converter,tool_variant,unit-converters,Volume Converter,volume-converter,https://www.mytulify.com/unit-converters/volume-converter
free online Volume Converter,tool_variant,unit-converters,Volume Converter,volume-converter,https://www.mytulify.com/unit-converters/volume-converter
Volume Converter online,tool_variant,unit-converters,Volume Converter,volume-converter,https://www.mytulify.com/unit-converters/volume-converter
Unit Converters Volume Converter,tool_variant,unit-converters,Volume Converter,volume-converter,https://www.mytulify.com/unit-converters/volume-converter
"Convert liters, gallons, cups, milliliters, and other volume units",tool_variant,unit-converters,Volume Converter,volume-converter,https://www.mytulify.com/unit-converters/volume-converter
Area Converter,tool,unit-converters,Area Converter,area-converter,https://www.mytulify.com/unit-converters/area-converter
free Area Converter,tool_variant,unit-converters,Area Converter,area-converter,https://www.mytulify.com/unit-converters/area-converter
free online Area Converter,tool_variant,unit-converters,Area Converter,area-converter,https://www.mytulify.com/unit-converters/area-converter
Area Converter online,tool_variant,unit-converters,Area Converter,area-converter,https://www.mytulify.com/unit-converters/area-converter
Unit Converters Area Converter,tool_variant,unit-converters,Area Converter,area-converter,https://www.mytulify.com/unit-converters/area-converter
"Convert square meters, acres, hectares, square feet, and more",tool_variant,unit-converters,Area Converter,area-converter,https://www.mytulify.com/unit-converters/area-converter
Speed Converter,tool,unit-converters,Speed Converter,speed-converter,https://www.mytulify.com/unit-converters/speed-converter
free Speed Converter,tool_variant,unit-converters,Speed Converter,speed-converter,https://www.mytulify.com/unit-converters/speed-converter
free online Speed Converter,tool_variant,unit-converters,Speed Converter,speed-converter,https://www.mytulify.com/unit-converters/speed-converter
Speed Converter online,tool_variant,unit-converters,Speed Converter,speed-converter,https://www.mytulify.com/unit-converters/speed-converter
Unit Converters Speed Converter,tool_variant,unit-converters,Speed Converter,speed-converter,https://www.mytulify.com/unit-converters/speed-converter
"Convert mph, km/h, m/s, knots, and other speed units",tool_variant,unit-converters,Speed Converter,speed-converter,https://www.mytulify.com/unit-converters/speed-converter
Time Converter,tool,unit-converters,Time Converter,time-converter,https://www.mytulify.com/unit-converters/time-converter
free Time Converter,tool_variant,unit-converters,Time Converter,time-converter,https://www.mytulify.com/unit-converters/time-converter
free online Time Converter,tool_variant,unit-converters,Time Converter,time-converter,https://www.mytulify.com/unit-converters/time-converter
Time Converter online,tool_variant,unit-converters,Time Converter,time-converter,https://www.mytulify.com/unit-converters/time-converter
Unit Converters Time Converter,tool_variant,unit-converters,Time Converter,time-converter,https://www.mytulify.com/unit-converters/time-converter
"Convert seconds, minutes, hours, days, weeks, and years",tool_variant,unit-converters,Time Converter,time-converter,https://www.mytulify.com/unit-converters/time-converter
Pressure Converter,tool,unit-converters,Pressure Converter,pressure-converter,https://www.mytulify.com/unit-converters/pressure-converter
free Pressure Converter,tool_variant,unit-converters,Pressure Converter,pressure-converter,https://www.mytulify.com/unit-converters/pressure-converter
free online Pressure Converter,tool_variant,unit-converters,Pressure Converter,pressure-converter,https://www.mytulify.com/unit-converters/pressure-converter
Pressure Converter online,tool_variant,unit-converters,Pressure Converter,pressure-converter,https://www.mytulify.com/unit-converters/pressure-converter
Unit Converters Pressure Converter,tool_variant,unit-converters,Pressure Converter,pressure-converter,https://www.mytulify.com/unit-converters/pressure-converter
"Convert pascals, bar, psi, atm, and mmHg",tool_variant,unit-converters,Pressure Converter,pressure-converter,https://www.mytulify.com/unit-converters/pressure-converter
Energy Converter,tool,unit-converters,Energy Converter,energy-converter,https://www.mytulify.com/unit-converters/energy-converter
free Energy Converter,tool_variant,unit-converters,Energy Converter,energy-converter,https://www.mytulify.com/unit-converters/energy-converter
free online Energy Converter,tool_variant,unit-converters,Energy Converter,energy-converter,https://www.mytulify.com/unit-converters/energy-converter
Energy Converter online,tool_variant,unit-converters,Energy Converter,energy-converter,https://www.mytulify.com/unit-converters/energy-converter
Unit Converters Energy Converter,tool_variant,unit-converters,Energy Converter,energy-converter,https://www.mytulify.com/unit-converters/energy-converter
"Convert joules, calories, kilowatt-hours, and BTU",tool_variant,unit-converters,Energy Converter,energy-converter,https://www.mytulify.com/unit-converters/energy-converter
Power Converter,tool,unit-converters,Power Converter,power-converter,https://www.mytulify.com/unit-converters/power-converter
free Power Converter,tool_variant,unit-converters,Power Converter,power-converter,https://www.mytulify.com/unit-converters/power-converter
free online Power Converter,tool_variant,unit-converters,Power Converter,power-converter,https://www.mytulify.com/unit-converters/power-converter
Power Converter online,tool_variant,unit-converters,Power Converter,power-converter,https://www.mytulify.com/unit-converters/power-converter
Unit Converters Power Converter,tool_variant,unit-converters,Power Converter,power-converter,https://www.mytulify.com/unit-converters/power-converter
"Convert watts, kilowatts, horsepower, and BTU/hour",tool_variant,unit-converters,Power Converter,power-converter,https://www.mytulify.com/unit-converters/power-converter
Force Converter,tool,unit-converters,Force Converter,force-converter,https://www.mytulify.com/unit-converters/force-converter
free Force Converter,tool_variant,unit-converters,Force Converter,force-converter,https://www.mytulify.com/unit-converters/force-converter
free online Force Converter,tool_variant,unit-converters,Force Converter,force-converter,https://www.mytulify.com/unit-converters/force-converter
Force Converter online,tool_variant,unit-converters,Force Converter,force-converter,https://www.mytulify.com/unit-converters/force-converter
Unit Converters Force Converter,tool_variant,unit-converters,Force Converter,force-converter,https://www.mytulify.com/unit-converters/force-converter
"Convert newtons, pounds-force, kilogram-force, and dynes",tool_variant,unit-converters,Force Converter,force-converter,https://www.mytulify.com/unit-converters/force-converter
Angle Converter,tool,unit-converters,Angle Converter,angle-converter,https://www.mytulify.com/unit-converters/angle-converter
free Angle Converter,tool_variant,unit-converters,Angle Converter,angle-converter,https://www.mytulify.com/unit-converters/angle-converter
free online Angle Converter,tool_variant,unit-converters,Angle Converter,angle-converter,https://www.mytulify.com/unit-converters/angle-converter
Angle Converter online,tool_variant,unit-converters,Angle Converter,angle-converter,https://www.mytulify.com/unit-converters/angle-converter
Unit Converters Angle Converter,tool_variant,unit-converters,Angle Converter,angle-converter,https://www.mytulify.com/unit-converters/angle-converter
"Convert degrees, radians, gradians, and arcminutes",tool_variant,unit-converters,Angle Converter,angle-converter,https://www.mytulify.com/unit-converters/angle-converter
Data Storage Converter,tool,unit-converters,Data Storage Converter,data-storage-converter,https://www.mytulify.com/unit-converters/data-storage-converter
free Data Storage Converter,tool_variant,unit-converters,Data Storage Converter,data-storage-converter,https://www.mytulify.com/unit-converters/data-storage-converter
free online Data Storage Converter,tool_variant,unit-converters,Data Storage Converter,data-storage-converter,https://www.mytulify.com/unit-converters/data-storage-converter
Data Storage Converter online,tool_variant,unit-converters,Data Storage Converter,data-storage-converter,https://www.mytulify.com/unit-converters/data-storage-converter
Unit Converters Data Storage Converter,tool_variant,unit-converters,Data Storage Converter,data-storage-converter,https://www.mytulify.com/unit-converters/data-storage-converter
"Convert bytes, kilobytes, megabytes, gigabytes, and terabytes",tool_variant,unit-converters,Data Storage Converter,data-storage-converter,https://www.mytulify.com/unit-converters/data-storage-converter
Data Transfer Rate Converter,tool,unit-converters,Data Transfer Rate Converter,data-transfer-rate-converter,https://www.mytulify.com/unit-converters/data-transfer-rate-converter
free Data Transfer Rate Converter,tool_variant,unit-converters,Data Transfer Rate Converter,data-transfer-rate-converter,https://www.mytulify.com/unit-converters/data-transfer-rate-converter
free online Data Transfer Rate Converter,tool_variant,unit-converters,Data Transfer Rate Converter,data-transfer-rate-converter,https://www.mytulify.com/unit-converters/data-transfer-rate-converter
Data Transfer Rate Converter online,tool_variant,unit-converters,Data Transfer Rate Converter,data-transfer-rate-converter,https://www.mytulify.com/unit-converters/data-transfer-rate-converter
Unit Converters Data Transfer Rate Converter,tool_variant,unit-converters,Data Transfer Rate Converter,data-transfer-rate-converter,https://www.mytulify.com/unit-converters/data-transfer-rate-converter
"Convert bps, Kbps, Mbps, Gbps, and MB/s",tool_variant,unit-converters,Data Transfer Rate Converter,data-transfer-rate-converter,https://www.mytulify.com/unit-converters/data-transfer-rate-converter
Fuel Consumption Converter,tool,unit-converters,Fuel Consumption Converter,fuel-consumption-converter,https://www.mytulify.com/unit-converters/fuel-consumption-converter
free Fuel Consumption Converter,tool_variant,unit-converters,Fuel Consumption Converter,fuel-consumption-converter,https://www.mytulify.com/unit-converters/fuel-consumption-converter
free online Fuel Consumption Converter,tool_variant,unit-converters,Fuel Consumption Converter,fuel-consumption-converter,https://www.mytulify.com/unit-converters/fuel-consumption-converter
Fuel Consumption Converter online,tool_variant,unit-converters,Fuel Consumption Converter,fuel-consumption-converter,https://www.mytulify.com/unit-converters/fuel-consumption-converter
Unit Converters Fuel Consumption Converter,tool_variant,unit-converters,Fuel Consumption Converter,fuel-consumption-converter,https://www.mytulify.com/unit-converters/fuel-consumption-converter
"Convert MPG, km/L, and L/100km fuel economy units",tool_variant,unit-converters,Fuel Consumption Converter,fuel-consumption-converter,https://www.mytulify.com/unit-converters/fuel-consumption-converter
Density Converter,tool,unit-converters,Density Converter,density-converter,https://www.mytulify.com/unit-converters/density-converter
free Density Converter,tool_variant,unit-converters,Density Converter,density-converter,https://www.mytulify.com/unit-converters/density-converter
free online Density Converter,tool_variant,unit-converters,Density Converter,density-converter,https://www.mytulify.com/unit-converters/density-converter
Density Converter online,tool_variant,unit-converters,Density Converter,density-converter,https://www.mytulify.com/unit-converters/density-converter
Unit Converters Density Converter,tool_variant,unit-converters,Density Converter,density-converter,https://www.mytulify.com/unit-converters/density-converter
"Convert kg/m3, g/cm3, lb/ft3, and other density units",tool_variant,unit-converters,Density Converter,density-converter,https://www.mytulify.com/unit-converters/density-converter
Frequency Converter,tool,unit-converters,Frequency Converter,frequency-converter,https://www.mytulify.com/unit-converters/frequency-converter
free Frequency Converter,tool_variant,unit-converters,Frequency Converter,frequency-converter,https://www.mytulify.com/unit-converters/frequency-converter
free online Frequency Converter,tool_variant,unit-converters,Frequency Converter,frequency-converter,https://www.mytulify.com/unit-converters/frequency-converter
Frequency Converter online,tool_variant,unit-converters,Frequency Converter,frequency-converter,https://www.mytulify.com/unit-converters/frequency-converter
Unit Converters Frequency Converter,tool_variant,unit-converters,Frequency Converter,frequency-converter,https://www.mytulify.com/unit-converters/frequency-converter
"Convert hertz, kilohertz, megahertz, and gigahertz",tool_variant,unit-converters,Frequency Converter,frequency-converter,https://www.mytulify.com/unit-converters/frequency-converter
Cooking Measurement Converter,tool,unit-converters,Cooking Measurement Converter,cooking-measurement-converter,https://www.mytulify.com/unit-converters/cooking-measurement-converter
free Cooking Measurement Converter,tool_variant,unit-converters,Cooking Measurement Converter,cooking-measurement-converter,https://www.mytulify.com/unit-converters/cooking-measurement-converter
free online Cooking Measurement Converter,tool_variant,unit-converters,Cooking Measurement Converter,cooking-measurement-converter,https://www.mytulify.com/unit-converters/cooking-measurement-converter
Cooking Measurement Converter online,tool_variant,unit-converters,Cooking Measurement Converter,cooking-measurement-converter,https://www.mytulify.com/unit-converters/cooking-measurement-converter
Unit Converters Cooking Measurement Converter,tool_variant,unit-converters,Cooking Measurement Converter,cooking-measurement-converter,https://www.mytulify.com/unit-converters/cooking-measurement-converter
"Convert cups, tablespoons, teaspoons, grams, and ounces for recipes",tool_variant,unit-converters,Cooking Measurement Converter,cooking-measurement-converter,https://www.mytulify.com/unit-converters/cooking-measurement-converter
Shoe Size Converter,tool,unit-converters,Shoe Size Converter,shoe-size-converter,https://www.mytulify.com/unit-converters/shoe-size-converter
free Shoe Size Converter,tool_variant,unit-converters,Shoe Size Converter,shoe-size-converter,https://www.mytulify.com/unit-converters/shoe-size-converter
free online Shoe Size Converter,tool_variant,unit-converters,Shoe Size Converter,shoe-size-converter,https://www.mytulify.com/unit-converters/shoe-size-converter
Shoe Size Converter online,tool_variant,unit-converters,Shoe Size Converter,shoe-size-converter,https://www.mytulify.com/unit-converters/shoe-size-converter
Unit Converters Shoe Size Converter,tool_variant,unit-converters,Shoe Size Converter,shoe-size-converter,https://www.mytulify.com/unit-converters/shoe-size-converter
"Convert shoe sizes between US, UK, EU, and centimeters",tool_variant,unit-converters,Shoe Size Converter,shoe-size-converter,https://www.mytulify.com/unit-converters/shoe-size-converter
Ring Size Converter,tool,unit-converters,Ring Size Converter,ring-size-converter,https://www.mytulify.com/unit-converters/ring-size-converter
free Ring Size Converter,tool_variant,unit-converters,Ring Size Converter,ring-size-converter,https://www.mytulify.com/unit-converters/ring-size-converter
free online Ring Size Converter,tool_variant,unit-converters,Ring Size Converter,ring-size-converter,https://www.mytulify.com/unit-converters/ring-size-converter
Ring Size Converter online,tool_variant,unit-converters,Ring Size Converter,ring-size-converter,https://www.mytulify.com/unit-converters/ring-size-converter
Unit Converters Ring Size Converter,tool_variant,unit-converters,Ring Size Converter,ring-size-converter,https://www.mytulify.com/unit-converters/ring-size-converter
"Convert ring sizes across US, UK, EU, and diameter charts",tool_variant,unit-converters,Ring Size Converter,ring-size-converter,https://www.mytulify.com/unit-converters/ring-size-converter
Roman Numeral Converter,tool,unit-converters,Roman Numeral Converter,roman-numeral-converter,https://www.mytulify.com/unit-converters/roman-numeral-converter
free Roman Numeral Converter,tool_variant,unit-converters,Roman Numeral Converter,roman-numeral-converter,https://www.mytulify.com/unit-converters/roman-numeral-converter
free online Roman Numeral Converter,tool_variant,unit-converters,Roman Numeral Converter,roman-numeral-converter,https://www.mytulify.com/unit-converters/roman-numeral-converter
Roman Numeral Converter online,tool_variant,unit-converters,Roman Numeral Converter,roman-numeral-converter,https://www.mytulify.com/unit-converters/roman-numeral-converter
Unit Converters Roman Numeral Converter,tool_variant,unit-converters,Roman Numeral Converter,roman-numeral-converter,https://www.mytulify.com/unit-converters/roman-numeral-converter
Convert numbers to Roman numerals and back,tool_variant,unit-converters,Roman Numeral Converter,roman-numeral-converter,https://www.mytulify.com/unit-converters/roman-numeral-converter
Number to Words Converter,tool,unit-converters,Number to Words Converter,number-to-words-converter,https://www.mytulify.com/unit-converters/number-to-words-converter
free Number to Words Converter,tool_variant,unit-converters,Number to Words Converter,number-to-words-converter,https://www.mytulify.com/unit-converters/number-to-words-converter
free online Number to Words Converter,tool_variant,unit-converters,Number to Words Converter,number-to-words-converter,https://www.mytulify.com/unit-converters/number-to-words-converter
Number to Words Converter online,tool_variant,unit-converters,Number to Words Converter,number-to-words-converter,https://www.mytulify.com/unit-converters/number-to-words-converter
Unit Converters Number to Words Converter,tool_variant,unit-converters,Number to Words Converter,number-to-words-converter,https://www.mytulify.com/unit-converters/number-to-words-converter
Spell out numbers in words for checks and documents,tool_variant,unit-converters,Number to Words Converter,number-to-words-converter,https://www.mytulify.com/unit-converters/number-to-words-converter
Binary to Decimal Converter,tool,unit-converters,Binary to Decimal Converter,binary-to-decimal-converter,https://www.mytulify.com/unit-converters/binary-to-decimal-converter
free Binary to Decimal Converter,tool_variant,unit-converters,Binary to Decimal Converter,binary-to-decimal-converter,https://www.mytulify.com/unit-converters/binary-to-decimal-converter
free online Binary to Decimal Converter,tool_variant,unit-converters,Binary to Decimal Converter,binary-to-decimal-converter,https://www.mytulify.com/unit-converters/binary-to-decimal-converter
Binary to Decimal Converter online,tool_variant,unit-converters,Binary to Decimal Converter,binary-to-decimal-converter,https://www.mytulify.com/unit-converters/binary-to-decimal-converter
Unit Converters Binary to Decimal Converter,tool_variant,unit-converters,Binary to Decimal Converter,binary-to-decimal-converter,https://www.mytulify.com/unit-converters/binary-to-decimal-converter
"Convert numbers between binary, decimal, hex, and octal",tool_variant,unit-converters,Binary to Decimal Converter,binary-to-decimal-converter,https://www.mytulify.com/unit-converters/binary-to-decimal-converter
Bra Size Converter,tool,unit-converters,Bra Size Converter,bra-size-converter,https://www.mytulify.com/unit-converters/bra-size-converter
free Bra Size Converter,tool_variant,unit-converters,Bra Size Converter,bra-size-converter,https://www.mytulify.com/unit-converters/bra-size-converter
free online Bra Size Converter,tool_variant,unit-converters,Bra Size Converter,bra-size-converter,https://www.mytulify.com/unit-converters/bra-size-converter
Bra Size Converter online,tool_variant,unit-converters,Bra Size Converter,bra-size-converter,https://www.mytulify.com/unit-converters/bra-size-converter
Unit Converters Bra Size Converter,tool_variant,unit-converters,Bra Size Converter,bra-size-converter,https://www.mytulify.com/unit-converters/bra-size-converter
"Convert bra sizes between US, UK, EU, and FR systems",tool_variant,unit-converters,Bra Size Converter,bra-size-converter,https://www.mytulify.com/unit-converters/bra-size-converter
Clothing Size Converter,tool,unit-converters,Clothing Size Converter,clothing-size-converter,https://www.mytulify.com/unit-converters/clothing-size-converter
free Clothing Size Converter,tool_variant,unit-converters,Clothing Size Converter,clothing-size-converter,https://www.mytulify.com/unit-converters/clothing-size-converter
free online Clothing Size Converter,tool_variant,unit-converters,Clothing Size Converter,clothing-size-converter,https://www.mytulify.com/unit-converters/clothing-size-converter
Clothing Size Converter online,tool_variant,unit-converters,Clothing Size Converter,clothing-size-converter,https://www.mytulify.com/unit-converters/clothing-size-converter
Unit Converters Clothing Size Converter,tool_variant,unit-converters,Clothing Size Converter,clothing-size-converter,https://www.mytulify.com/unit-converters/clothing-size-converter
"Convert clothing sizes across US, UK, EU, and international charts",tool_variant,unit-converters,Clothing Size Converter,clothing-size-converter,https://www.mytulify.com/unit-converters/clothing-size-converter
Inches to CM Converter,tool,unit-converters,Inches to CM Converter,inches-to-cm-converter,https://www.mytulify.com/unit-converters/inches-to-cm-converter
free Inches to CM Converter,tool_variant,unit-converters,Inches to CM Converter,inches-to-cm-converter,https://www.mytulify.com/unit-converters/inches-to-cm-converter
free online Inches to CM Converter,tool_variant,unit-converters,Inches to CM Converter,inches-to-cm-converter,https://www.mytulify.com/unit-converters/inches-to-cm-converter
Inches to CM Converter online,tool_variant,unit-converters,Inches to CM Converter,inches-to-cm-converter,https://www.mytulify.com/unit-converters/inches-to-cm-converter
Unit Converters Inches to CM Converter,tool_variant,unit-converters,Inches to CM Converter,inches-to-cm-converter,https://www.mytulify.com/unit-converters/inches-to-cm-converter
Dedicated converter between inches and centimeters,tool_variant,unit-converters,Inches to CM Converter,inches-to-cm-converter,https://www.mytulify.com/unit-converters/inches-to-cm-converter
KG to Lbs Converter,tool,unit-converters,KG to Lbs Converter,kg-to-lbs-converter,https://www.mytulify.com/unit-converters/kg-to-lbs-converter
free KG to Lbs Converter,tool_variant,unit-converters,KG to Lbs Converter,kg-to-lbs-converter,https://www.mytulify.com/unit-converters/kg-to-lbs-converter
free online KG to Lbs Converter,tool_variant,unit-converters,KG to Lbs Converter,kg-to-lbs-converter,https://www.mytulify.com/unit-converters/kg-to-lbs-converter
KG to Lbs Converter online,tool_variant,unit-converters,KG to Lbs Converter,kg-to-lbs-converter,https://www.mytulify.com/unit-converters/kg-to-lbs-converter
Unit Converters KG to Lbs Converter,tool_variant,unit-converters,KG to Lbs Converter,kg-to-lbs-converter,https://www.mytulify.com/unit-converters/kg-to-lbs-converter
Dedicated converter between kilograms and pounds,tool_variant,unit-converters,KG to Lbs Converter,kg-to-lbs-converter,https://www.mytulify.com/unit-converters/kg-to-lbs-converter
Liters to Gallons Converter,tool,unit-converters,Liters to Gallons Converter,liters-to-gallons-converter,https://www.mytulify.com/unit-converters/liters-to-gallons-converter
free Liters to Gallons Converter,tool_variant,unit-converters,Liters to Gallons Converter,liters-to-gallons-converter,https://www.mytulify.com/unit-converters/liters-to-gallons-converter
free online Liters to Gallons Converter,tool_variant,unit-converters,Liters to Gallons Converter,liters-to-gallons-converter,https://www.mytulify.com/unit-converters/liters-to-gallons-converter
Liters to Gallons Converter online,tool_variant,unit-converters,Liters to Gallons Converter,liters-to-gallons-converter,https://www.mytulify.com/unit-converters/liters-to-gallons-converter
Unit Converters Liters to Gallons Converter,tool_variant,unit-converters,Liters to Gallons Converter,liters-to-gallons-converter,https://www.mytulify.com/unit-converters/liters-to-gallons-converter
Dedicated converter between liters and US/UK gallons,tool_variant,unit-converters,Liters to Gallons Converter,liters-to-gallons-converter,https://www.mytulify.com/unit-converters/liters-to-gallons-converter
Time Zone Converter,tool,unit-converters,Time Zone Converter,time-zone-converter,https://www.mytulify.com/unit-converters/time-zone-converter
free Time Zone Converter,tool_variant,unit-converters,Time Zone Converter,time-zone-converter,https://www.mytulify.com/unit-converters/time-zone-converter
free online Time Zone Converter,tool_variant,unit-converters,Time Zone Converter,time-zone-converter,https://www.mytulify.com/unit-converters/time-zone-converter
Time Zone Converter online,tool_variant,unit-converters,Time Zone Converter,time-zone-converter,https://www.mytulify.com/unit-converters/time-zone-converter
Unit Converters Time Zone Converter,tool_variant,unit-converters,Time Zone Converter,time-zone-converter,https://www.mytulify.com/unit-converters/time-zone-converter
Convert a time between different world time zones,tool_variant,unit-converters,Time Zone Converter,time-zone-converter,https://www.mytulify.com/unit-converters/time-zone-converter
Currency Converter,tool,unit-converters,Currency Converter,currency-converter,https://www.mytulify.com/unit-converters/currency-converter
free Currency Converter,tool_variant,unit-converters,Currency Converter,currency-converter,https://www.mytulify.com/unit-converters/currency-converter
free online Currency Converter,tool_variant,unit-converters,Currency Converter,currency-converter,https://www.mytulify.com/unit-converters/currency-converter
Currency Converter online,tool_variant,unit-converters,Currency Converter,currency-converter,https://www.mytulify.com/unit-converters/currency-converter
Unit Converters Currency Converter,tool_variant,unit-converters,Currency Converter,currency-converter,https://www.mytulify.com/unit-converters/currency-converter
"Convert between USD, EUR, PKR, INR, AED and more with live mid-market rates",tool_variant,unit-converters,Currency Converter,currency-converter,https://www.mytulify.com/unit-converters/currency-converter
"3D Print Cost Calculator: Estimate 3D print cost from filament grams, spool price, print hours, printer watts, and electricity rate",blog,,,3d-print-cost-calculator-guide,https://www.mytulify.com/blog/3d-print-cost-calculator-guide
Blog posts,blog,,,README,https://www.mytulify.com/blog/README
Absorption Rate Calculator: Calculate real estate absorption rate and months of housing supply from sales and active listings,blog,,,absorption-rate-calculator-guide,https://www.mytulify.com/blog/absorption-rate-calculator-guide
"AC Tonnage Calculator: Convert home square footage, insulation, and climate into cooling tons and BTU, rounded to the next half ton",blog,,,ac-tonnage-calculator-guide,https://www.mytulify.com/blog/ac-tonnage-calculator-guide
Add Line Numbers: Prepend sequential line numbers to each line of text,blog,,,add-line-numbers-guide,https://www.mytulify.com/blog/add-line-numbers-guide
Add Page Numbers to PDF: Insert customizable page numbers into a PDF,blog,,,add-page-numbers-to-pdf-guide,https://www.mytulify.com/blog/add-page-numbers-to-pdf-guide
Add Watermark to Image: Overlay text or logo watermarks onto images,blog,,,add-watermark-to-image-guide,https://www.mytulify.com/blog/add-watermark-to-image-guide
Add Watermark to PDF: Stamp text or image watermarks across PDF pages,blog,,,add-watermark-to-pdf-guide,https://www.mytulify.com/blog/add-watermark-to-pdf-guide
ads.txt Generator: Create a valid ads.txt file for Google AdSense and ad networks,blog,,,ads-txt-generator-guide,https://www.mytulify.com/blog/ads-txt-generator-guide
"AES Text Encrypt/Decrypt: Encrypt and decrypt text with AES-GCM and a passphrase, fully client-side",blog,,,aes-encrypt-decrypt-guide,https://www.mytulify.com/blog/aes-encrypt-decrypt-guide
Aesthetic Username Generator: Generate decorated usernames with symbols and aesthetic fonts,blog,,,aesthetic-username-generator-guide,https://www.mytulify.com/blog/aesthetic-username-generator-guide
Afghan Date Converter: Convert Shamsi (Solar Hijri) dates to Gregorian and back,blog,,,afghan-date-converter-guide,https://www.mytulify.com/blog/afghan-date-converter-guide
How to Write a Cover Letter That Gets Interviews (With Free AI),blog,,,ai-cover-letter-generator-guide,https://www.mytulify.com/blog/ai-cover-letter-generator-guide
"AI Form Builder: 60+ ready-made forms from any country, or describe a custom form in any language. Edit, brand, sign, scan from image, downl",blog,,,ai-form-builder-guide,https://www.mytulify.com/blog/ai-form-builder-guide
How to Answer Interview Questions With STAR (Without Sounding Scripted),blog,,,ai-interview-answer-generator-guide,https://www.mytulify.com/blog/ai-interview-answer-generator-guide
AI Meta Tag Writer: AI-written title tags and meta descriptions optimized for CTR and character limits,blog,,,ai-meta-tag-writer-guide,https://www.mytulify.com/blog/ai-meta-tag-writer-guide
How to Write Pull Request Descriptions Reviewers Actually Read,blog,,,ai-pr-description-generator-guide,https://www.mytulify.com/blog/ai-pr-description-generator-guide
AI SEO Outline Generator: AI article outline with H2/H3 structure tuned for featured snippets and search intent,blog,,,ai-seo-outline-generator-guide,https://www.mytulify.com/blog/ai-seo-outline-generator-guide
AI SEO Page Audit: AI technical and on-page SEO audit from pasted HTML or page text with prioritized fixes,blog,,,ai-seo-page-audit-guide,https://www.mytulify.com/blog/ai-seo-page-audit-guide
"Air Changes Calculator: Find air changes per hour from room cubic feet and fan CFM, plus minutes for one full air change",blog,,,air-changes-calculator-guide,https://www.mytulify.com/blog/air-changes-calculator-guide
Analogous Color Generator: Generate analogous color schemes from a base color,blog,,,analogous-color-generator-guide,https://www.mytulify.com/blog/analogous-color-generator-guide
"Angle Converter: Convert degrees, radians, gradians, and arcminutes",blog,,,angle-converter-guide,https://www.mytulify.com/blog/angle-converter-guide
API Key Generator: Generate random API keys and secret tokens,blog,,,api-key-generator-guide,https://www.mytulify.com/blog/api-key-generator-guide
APR Calculator — Why APR Is Higher Than the Interest Rate,blog,,,apr-vs-interest-rate-calculator,https://www.mytulify.com/blog/apr-vs-interest-rate-calculator
"Aquarium Calculator: Convert tank dimensions to gallons and liters, plus heater watts, water-change volume, and salt dose",blog,,,aquarium-calculator-guide,https://www.mytulify.com/blog/aquarium-calculator-guide
"Area Converter: Convert square meters, acres, hectares, square feet, and more",blog,,,area-converter-guide,https://www.mytulify.com/blog/area-converter-guide
"Argon2 Hash Generator: Hash passwords with Argon2id, with tunable parameters",blog,,,argon2-hash-generator-guide,https://www.mytulify.com/blog/argon2-hash-generator-guide
"Aspect Ratios for YouTube, Reels & Instagram (Quick Guide)",blog,,,aspect-ratio-for-social,https://www.mytulify.com/blog/aspect-ratio-for-social
"ATS Resume Checker: Upload a CV and a job ad — see ATS parseability, keyword match, and a detailed issue list with fixes",blog,,,ats-resume-checker-guide,https://www.mytulify.com/blog/ats-resume-checker-guide
AVIF to JPG: Convert modern AVIF images to widely supported JPG,blog,,,avif-to-jpg-guide,https://www.mytulify.com/blog/avif-to-jpg-guide
AVIF to WebP: Convert AVIF images to efficient WebP format,blog,,,avif-to-webp-guide,https://www.mytulify.com/blog/avif-to-webp-guide
Blood Alcohol (BAC) Calculator: Estimate blood alcohol concentration with the Widmark formula and a time-to-sober estimate,blog,,,bac-calculator-guide,https://www.mytulify.com/blog/bac-calculator-guide
"Backlink Profile Analyzer: Analyze Ahrefs/Semrush/Moz backlink CSV exports for anchors, referring hosts, and follow mix",blog,,,backlink-profile-analyzer-guide,https://www.mytulify.com/blog/backlink-profile-analyzer-guide
"Backup Script Generator: Generate a cron-ready database backup script for Postgres, MySQL or MongoDB, with an optional S3 upload",blog,,,backup-script-generator-guide,https://www.mytulify.com/blog/backup-script-generator-guide
Bank Statement to Excel: Extract bank statement PDF data to CSV for Excel,blog,,,bank-statement-to-excel-guide,https://www.mytulify.com/blog/bank-statement-to-excel-guide
"Barcode Generator: Create barcodes in formats like Code128, EAN, and UPC",blog,,,barcode-generator-guide,https://www.mytulify.com/blog/barcode-generator-guide
Base64 Encoder/Decoder: Encode and decode text and files to and from Base64,blog,,,base64-encoder-decoder-guide,https://www.mytulify.com/blog/base64-encoder-decoder-guide
Base64 Hash Generator: Hash input and output the digest in Base64 form,blog,,,base64-hash-generator-guide,https://www.mytulify.com/blog/base64-hash-generator-guide
Base64 to Image: Decode a Base64 string back into a downloadable image,blog,,,base64-to-image-guide,https://www.mytulify.com/blog/base64-to-image-guide
"Bcrypt Generator: Hash passwords with bcrypt and verify them, with adjustable rounds",blog,,,bcrypt-generator-guide,https://www.mytulify.com/blog/bcrypt-generator-guide
"Binary to Decimal Converter: Convert numbers between binary, decimal, hex, and octal",blog,,,binary-to-decimal-converter-guide,https://www.mytulify.com/blog/binary-to-decimal-converter-guide
Binary Translator: Convert text to binary and binary back to readable text,blog,,,binary-translator-guide,https://www.mytulify.com/blog/binary-translator-guide
Bionic Reading Converter: Bold the leading part of each word to aid faster reading,blog,,,bionic-reading-converter-guide,https://www.mytulify.com/blog/bionic-reading-converter-guide
Blur Image: Apply adjustable blur to all or part of an image,blog,,,blur-image-guide,https://www.mytulify.com/blog/blur-image-guide
BMI Calculator: Calculate Body Mass Index from height and weight in metric or imperial units,blog,,,bmi-calculator-guide,https://www.mytulify.com/blog/bmi-calculator-guide
BMP to JPG: Convert BMP bitmap images to compressed JPG files,blog,,,bmp-to-jpg-guide,https://www.mytulify.com/blog/bmp-to-jpg-guide
BMP to PDF: Merge BMP images into a single PDF document,blog,,,bmp-to-pdf-guide,https://www.mytulify.com/blog/bmp-to-pdf-guide
BMR Calculator: Calculate Basal Metabolic Rate to estimate resting calorie burn,blog,,,bmr-calculator-guide,https://www.mytulify.com/blog/bmr-calculator-guide
Body Fat Calculator: Estimate body fat percentage using the US Navy method measurements,blog,,,body-fat-calculator-guide,https://www.mytulify.com/blog/body-fat-calculator-guide
Body Surface Area Calculator: Compute body surface area with the Mosteller and Du Bois formulas side by side,blog,,,body-surface-area-calculator-guide,https://www.mytulify.com/blog/body-surface-area-calculator-guide
Bold Text Generator: Convert text into bold Unicode for platforms without formatting,blog,,,bold-text-generator-guide,https://www.mytulify.com/blog/bold-text-generator-guide
Box Shadow Generator: Build and preview CSS box-shadow code,blog,,,box-shadow-generator-guide,https://www.mytulify.com/blog/box-shadow-generator-guide
"Bra Size Converter: Convert bra sizes between US, UK, EU, and FR systems",blog,,,bra-size-converter-guide,https://www.mytulify.com/blog/bra-size-converter-guide
Breadcrumb Schema Generator: Create BreadcrumbList structured data from a page path,blog,,,breadcrumb-schema-generator-guide,https://www.mytulify.com/blog/breadcrumb-schema-generator-guide
Break-Even Calculator: Find how many projects or hours you need each month to cover fixed costs,blog,,,break-even-calculator-guide,https://www.mytulify.com/blog/break-even-calculator-guide
"BTU Calculator: Estimate room cooling BTU from size, ceiling height, sun, people, windows, and a kitchen load, plus AC tons",blog,,,btu-calculator-guide,https://www.mytulify.com/blog/btu-calculator-guide
"Budget Calculator: Split monthly income across housing, food, transport, and debt, then see what is left and the savings rate",blog,,,budget-calculator-guide,https://www.mytulify.com/blog/budget-calculator-guide
Bulk Password Generator: Generate many strong passwords at once for export,blog,,,bulk-password-generator-guide,https://www.mytulify.com/blog/bulk-password-generator-guide
Business Valuation Calculator: Estimate a small-business value from seller earnings and revenue using multiples you choose,blog,,,business-valuation-calculator-guide,https://www.mytulify.com/blog/business-valuation-calculator-guide
Caesar Cipher Tool: Encrypt and decrypt text using a shift-based Caesar cipher,blog,,,caesar-cipher-guide,https://www.mytulify.com/blog/caesar-cipher-guide
CAGR Explained — How to Calculate Compound Annual Growth Rate,blog,,,cagr-calculator-explained,https://www.mytulify.com/blog/cagr-calculator-explained
"Calorie Calculator: Estimate daily calorie needs for maintenance, loss, or gain",blog,,,calorie-calculator-guide,https://www.mytulify.com/blog/calorie-calculator-guide
"Calories Burned Calculator: Estimate calories burned for dozens of activities using MET values, your weight and duration",blog,,,calories-burned-calculator-guide,https://www.mytulify.com/blog/calories-burned-calculator-guide
Canonical Tag Generator: Create rel=canonical link tags to prevent duplicate content,blog,,,canonical-tag-generator-guide,https://www.mytulify.com/blog/canonical-tag-generator-guide
Capitalize Each Word: Capitalize the first letter of every word in the input,blog,,,capitalize-each-word-guide,https://www.mytulify.com/blog/capitalize-each-word-guide
How Car Trade-In Equity Is Calculated,blog,,,car-trade-equity-calculator-guide,https://www.mytulify.com/blog/car-trade-equity-calculator-guide
"Case Converter: Convert text to UPPERCASE, lowercase, Title Case, Sentence case and more",blog,,,case-converter-guide,https://www.mytulify.com/blog/case-converter-guide
Cat Age Calculator: Convert cat years and months into an approximate human-equivalent age,blog,,,cat-age-calculator-guide,https://www.mytulify.com/blog/cat-age-calculator-guide
CBZ to PDF: Convert CBZ comic archives to a single PDF,blog,,,cbz-to-pdf-guide,https://www.mytulify.com/blog/cbz-to-pdf-guide
"CFM Calculator: Calculate airflow CFM from room volume and air changes per hour for a fan, hood, or workshop",blog,,,cfm-calculator-guide,https://www.mytulify.com/blog/cfm-calculator-guide
Scope Change Order Generator: Document out-of-scope work with added cost and time — protect yourself with a PDF change order,blog,,,change-order-generator-guide,https://www.mytulify.com/blog/change-order-generator-guide
Character Counter: Count characters with and without spaces in real time for tweets and bios,blog,,,character-counter-guide,https://www.mytulify.com/blog/character-counter-guide
ChatGPT vs Claude vs Gemini — Which AI Assistant Fits Your Work?,blog,,,chatgpt-vs-claude-vs-gemini,https://www.mytulify.com/blog/chatgpt-vs-claude-vs-gemini
Chmod Calculator: Compute numeric and symbolic Unix file permissions,blog,,,chmod-calculator-guide,https://www.mytulify.com/blog/chmod-calculator-guide
Circle Crop Image: Crop an image into a transparent circle,blog,,,circle-crop-image-guide,https://www.mytulify.com/blog/circle-crop-image-guide
Client Onboarding Form Generator: Generate a client intake questionnaire as a printable PDF or downloadable HTML form,blog,,,client-onboarding-form-guide,https://www.mytulify.com/blog/client-onboarding-form-guide
"Closing Cost Calculator: Estimate buyer closing costs from lender fees, title, inspection, appraisal, and prepaid tax and insurance",blog,,,closing-cost-calculator-guide,https://www.mytulify.com/blog/closing-cost-calculator-guide
"Clothing Size Converter: Convert clothing sizes across US, UK, EU, and international charts",blog,,,clothing-size-converter-guide,https://www.mytulify.com/blog/clothing-size-converter-guide
CMYK to RGB: Convert CMYK print colors back to RGB,blog,,,cmyk-to-rgb-guide,https://www.mytulify.com/blog/cmyk-to-rgb-guide
"Code Minifier: Minify HTML, CSS, and JavaScript to reduce file size",blog,,,code-minifier-guide,https://www.mytulify.com/blog/code-minifier-guide
"AI Code Review Assistant: Get feedback on your code split into Security, Performance and Style sections",blog,,,code-review-assistant-guide,https://www.mytulify.com/blog/code-review-assistant-guide
Code to Text Ratio Checker: Calculate the ratio of visible text to HTML code from pasted markup,blog,,,code-to-text-ratio-checker-guide,https://www.mytulify.com/blog/code-to-text-ratio-checker-guide
"Coffee Ratio Calculator: Calculate pour-over, French press, drip, cold brew, and espresso water from a coffee dose and brew ratio",blog,,,coffee-ratio-calculator-guide,https://www.mytulify.com/blog/coffee-ratio-calculator-guide
Collage Maker: Combine multiple photos into a grid collage,blog,,,collage-maker-guide,https://www.mytulify.com/blog/collage-maker-guide
Color Blindness Simulator: Preview colors as seen with color vision deficiencies,blog,,,color-blindness-simulator-guide,https://www.mytulify.com/blog/color-blindness-simulator-guide
Color Contrast Checker: Check WCAG contrast ratio between two colors,blog,,,color-contrast-checker-guide,https://www.mytulify.com/blog/color-contrast-checker-guide
"Color Converter (HEX / RGB / HSL): Convert colors between HEX, RGB, HSL, and HSV",blog,,,color-converter-guide,https://www.mytulify.com/blog/color-converter-guide
Color Extractor from Image: Extract a dominant color palette from a photo,blog,,,color-extractor-from-image-guide,https://www.mytulify.com/blog/color-extractor-from-image-guide
Color from Image: Pick and extract colors directly from an uploaded image,blog,,,color-from-image-guide,https://www.mytulify.com/blog/color-from-image-guide
Color Mixer: Blend two colors and preview the mixed result,blog,,,color-mixer-guide,https://www.mytulify.com/blog/color-mixer-guide
Color Name Finder: Find the closest named color for any HEX value,blog,,,color-name-finder-guide,https://www.mytulify.com/blog/color-name-finder-guide
Color Palette Generator: Generate harmonious color palettes instantly,blog,,,color-palette-generator-guide,https://www.mytulify.com/blog/color-palette-generator-guide
"Color Picker: Pick any color and get its HEX, RGB, and HSL values",blog,,,color-picker-guide,https://www.mytulify.com/blog/color-picker-guide
Color Shades Generator: Generate darker shades of a base color,blog,,,color-shades-generator-guide,https://www.mytulify.com/blog/color-shades-generator-guide
Color Tints Generator: Generate lighter tints of a base color,blog,,,color-tints-generator-guide,https://www.mytulify.com/blog/color-tints-generator-guide
Color Wheel: Explore complementary and harmony colors on a wheel,blog,,,color-wheel-guide,https://www.mytulify.com/blog/color-wheel-guide
Combine Images: Stitch images together horizontally or vertically,blog,,,combine-images-guide,https://www.mytulify.com/blog/combine-images-guide
"AI Commit Message Generator: Turn a git diff into a clean commit message — Conventional Commits, Gitmoji or plain style",blog,,,commit-message-generator-guide,https://www.mytulify.com/blog/commit-message-generator-guide
Complementary Color Finder: Find the complementary color for any input color,blog,,,complementary-color-finder-guide,https://www.mytulify.com/blog/complementary-color-finder-guide
Compost Calculator: Balance browns and greens by volume and see how much to add for a target compost ratio,blog,,,compost-calculator-guide,https://www.mytulify.com/blog/compost-calculator-guide
Compound Interest Calculator: Project investment growth with compounding over time and contributions,blog,,,compound-interest-calculator-guide,https://www.mytulify.com/blog/compound-interest-calculator-guide
Compress PDF: Reduce PDF file size while preserving readable quality,blog,,,compress-pdf-guide,https://www.mytulify.com/blog/compress-pdf-guide
"Concrete Calculator — Cubic Yards, Bags, and Waste for a Slab",blog,,,concrete-calculator-yards-and-bags,https://www.mytulify.com/blog/concrete-calculator-yards-and-bags
"Content Brief Generator: AI SEO content brief with outline, PAA questions, keywords, and on-page checklist",blog,,,content-brief-generator-guide,https://www.mytulify.com/blog/content-brief-generator-guide
"Freelance Contract Generator: Free freelance contract template & independent contractor agreement — scope, payment, IP, confidentiality, PDF",blog,,,contract-generator-guide,https://www.mytulify.com/blog/contract-generator-guide
"Cooking Measurement Converter: Convert cups, tablespoons, teaspoons, grams, and ounces for recipes",blog,,,cooking-measurement-converter-guide,https://www.mytulify.com/blog/cooking-measurement-converter-guide
"Countdown Calculator: Count down the days, hours, and minutes until any target date",blog,,,countdown-calculator-guide,https://www.mytulify.com/blog/countdown-calculator-guide
CRC32 Checksum Generator: Compute CRC32 checksums for text or data,blog,,,crc32-generator-guide,https://www.mytulify.com/blog/crc32-generator-guide
"Credit Card Payoff Calculator — Months, Interest, and Extra Payments",blog,,,credit-card-payoff-calculator-guide,https://www.mytulify.com/blog/credit-card-payoff-calculator-guide
"AI Cron Expression Explainer: Convert plain English to a cron expression or explain any cron expression, with timezone-aware next run times",blog,,,cron-explainer-guide,https://www.mytulify.com/blog/cron-explainer-guide
Cron Expression Generator: Build and explain cron schedules with next-run preview,blog,,,cron-expression-generator-guide,https://www.mytulify.com/blog/cron-expression-generator-guide
"Crontab Builder: Build a cron expression and validate it against a real parser, with the next 5 run times previewed",blog,,,crontab-builder-guide,https://www.mytulify.com/blog/crontab-builder-guide
Crop Image: Crop images freely or to fixed aspect ratios,blog,,,crop-image-guide,https://www.mytulify.com/blog/crop-image-guide
Crop PDF: Trim margins and crop the visible area of PDF pages,blog,,,crop-pdf-guide,https://www.mytulify.com/blog/crop-pdf-guide
CSRF Token Generator: Generate random anti-CSRF tokens for forms,blog,,,csrf-token-generator-guide,https://www.mytulify.com/blog/csrf-token-generator-guide
CSS Gradient Background Generator: Generate copy-paste CSS gradient backgrounds,blog,,,css-gradient-background-generator-guide,https://www.mytulify.com/blog/css-gradient-background-generator-guide
CSS Gradient Generator: Visually build linear and radial CSS gradients with code output,blog,,,css-gradient-generator-guide,https://www.mytulify.com/blog/css-gradient-generator-guide
CSS Minifier: Compress CSS by stripping whitespace and comments,blog,,,css-minifier-guide,https://www.mytulify.com/blog/css-minifier-guide
CSV to JSON Converter: Parse CSV data into structured JSON output,blog,,,csv-to-json-guide,https://www.mytulify.com/blog/csv-to-json-guide
CSV to PDF: Turn CSV spreadsheet data into a readable PDF,blog,,,csv-to-pdf-guide,https://www.mytulify.com/blog/csv-to-pdf-guide
CSV to TSV Converter: Convert CSV to TSV and Excel-friendly formats,blog,,,csv-to-tsv-guide,https://www.mytulify.com/blog/csv-to-tsv-guide
curl Command Builder: Build a curl command from a form and export the equivalent Python requests and JS fetch code,blog,,,curl-command-builder-guide,https://www.mytulify.com/blog/curl-command-builder-guide
"Currency Converter: Convert between USD, EUR, PKR, INR, AED and more with live mid-market rates",blog,,,currency-converter-guide,https://www.mytulify.com/blog/currency-converter-guide
Cursive Text Generator: Generate cursive and italic Unicode text styles,blog,,,cursive-text-generator-guide,https://www.mytulify.com/blog/cursive-text-generator-guide
"Data File Merger: Merge multiple JSON, CSV, TSV or XML files into one combined dataset, exportable as JSON or CSV",blog,,,data-file-merger-guide,https://www.mytulify.com/blog/data-file-merger-guide
"Data Storage Converter: Convert bytes, kilobytes, megabytes, gigabytes, and terabytes",blog,,,data-storage-converter-guide,https://www.mytulify.com/blog/data-storage-converter-guide
"Data Transfer Rate Converter: Convert bps, Kbps, Mbps, Gbps, and MB/s",blog,,,data-transfer-rate-converter-guide,https://www.mytulify.com/blog/data-transfer-rate-converter-guide
Date Calculator: Add or subtract days from a date and find the span between two dates,blog,,,date-calculator-guide,https://www.mytulify.com/blog/date-calculator-guide
"Debt Payoff Calculator: Compare snowball vs avalanche debt payoff plans with months, interest, and a payment schedule",blog,,,debt-payoff-calculator-guide,https://www.mytulify.com/blog/debt-payoff-calculator-guide
Debt-to-Income Ratio Calculator — Front-End and Back-End DTI,blog,,,debt-to-income-ratio-calculator-guide,https://www.mytulify.com/blog/debt-to-income-ratio-calculator-guide
"Decision Wheel: Spin a colorful wheel to pick randomly from your list — lunch, chores, team decisions, and more",blog,,,decision-wheel-guide,https://www.mytulify.com/blog/decision-wheel-guide
"Deck Calculator: Estimate deck boards, joists, and square footage from deck size, board width, gap, and joist spacing",blog,,,deck-calculator-guide,https://www.mytulify.com/blog/deck-calculator-guide
Delete PDF Pages: Remove selected pages from a PDF document,blog,,,delete-pdf-pages-guide,https://www.mytulify.com/blog/delete-pdf-pages-guide
"Density Converter: Convert kg/m3, g/cm3, lb/ft3, and other density units",blog,,,density-converter-guide,https://www.mytulify.com/blog/density-converter-guide
Disavow File Generator: Build a Google Search Console disavow.txt from spam domains and URLs,blog,,,disavow-file-generator-guide,https://www.mytulify.com/blog/disavow-file-generator-guide
Discord Font Generator: Produce fancy and formatted text usable in Discord chats,blog,,,discord-font-generator-guide,https://www.mytulify.com/blog/discord-font-generator-guide
Discount Calculator: Find sale price and amount saved from an original price and discount percent,blog,,,discount-calculator-guide,https://www.mytulify.com/blog/discount-calculator-guide
"AI Docker Compose Generator: Describe your services or pick a stack template (MERN, Laravel+MySQL+Redis, Django+Postgres) and get a valid do",blog,,,docker-compose-generator-guide,https://www.mytulify.com/blog/docker-compose-generator-guide
Domain Name Finder: Suggest available domain names from your project description — only shows domains that look free to register,blog,,,domain-name-finder-guide,https://www.mytulify.com/blog/domain-name-finder-guide
"Down Payment Calculator: Compare 3%, 5%, 10%, 20%, and a custom down payment, with loan amount and whether PMI is likely",blog,,,down-payment-calculator-guide,https://www.mytulify.com/blog/down-payment-calculator-guide
Due Date Calculator: Estimate a pregnancy due date from the last menstrual period,blog,,,due-date-calculator-guide,https://www.mytulify.com/blog/due-date-calculator-guide
"Duplicate File Finder: Find exact duplicate files by content hash locally in your browser, flagging older copies as safe to delete",blog,,,duplicate-file-finder-guide,https://www.mytulify.com/blog/duplicate-file-finder-guide
Duplicate PDF Pages: Copy and repeat selected pages within a PDF,blog,,,duplicate-pdf-pages-guide,https://www.mytulify.com/blog/duplicate-pdf-pages-guide
Duplicate Photo Finder Online — Remove Similar Photos and Free Up Storage,blog,,,duplicate-photo-finder-online-free-storage,https://www.mytulify.com/blog/duplicate-photo-finder-online-free-storage
"Edit PDF: Add text, images, shapes, and annotations to a PDF",blog,,,edit-pdf-guide,https://www.mytulify.com/blog/edit-pdf-guide
"Electricity Cost Calculator: Estimate appliance electricity cost from watts, hours per day, and your price per kWh",blog,,,electricity-cost-calculator-guide,https://www.mytulify.com/blog/electricity-cost-calculator-guide
ElevenLabs vs Browser Text to Speech — Paid AI Voice or Free Device Voices?,blog,,,elevenlabs-vs-browser-text-to-speech,https://www.mytulify.com/blog/elevenlabs-vs-browser-text-to-speech
Email Extractor: Extract or scan pasted text/HTML for exposed email addresses,blog,,,email-extractor-guide,https://www.mytulify.com/blog/email-extractor-guide
"Email Signature Generator: Create a professional HTML email signature with name, title, contact, and brand color",blog,,,email-signature-generator-guide,https://www.mytulify.com/blog/email-signature-generator-guide
EMI Explained — Calculate Loan Payments Before You Borrow,blog,,,emi-calculator-explained,https://www.mytulify.com/blog/emi-calculator-explained
Emoji Picker: Searchable emoji keyboard for copying emojis into posts,blog,,,emoji-picker-guide,https://www.mytulify.com/blog/emoji-picker-guide
"Employee Cost Calculator: Estimate fully loaded employee cost from salary, benefits percent, and employer payroll tax",blog,,,employee-cost-calculator-guide,https://www.mytulify.com/blog/employee-cost-calculator-guide
Encryption Key Generator: Generate random AES keys in 128/192/256-bit lengths,blog,,,encryption-key-generator-guide,https://www.mytulify.com/blog/encryption-key-generator-guide
"Energy Converter: Convert joules, calories, kilowatt-hours, and BTU",blog,,,energy-converter-guide,https://www.mytulify.com/blog/energy-converter-guide
.env Validator: Validate .env syntax and flag likely leaked secrets and API keys before you commit them,blog,,,env-validator-guide,https://www.mytulify.com/blog/env-validator-guide
EPF Calculator Explained — Estimate Your Provident Fund Maturity,blog,,,epf-calculator-guide,https://www.mytulify.com/blog/epf-calculator-guide
EPF vs PPF — Which Provident Fund Fits Your Savings Plan?,blog,,,epf-vs-ppf,https://www.mytulify.com/blog/epf-vs-ppf
EPUB to PDF: Convert EPUB ebooks to PDF for printing or sharing,blog,,,epub-to-pdf-guide,https://www.mytulify.com/blog/epub-to-pdf-guide
AI Error Diagnoser: Paste an error or stack trace and get the root cause plus the exact code fix as a diff,blog,,,error-diagnoser-guide,https://www.mytulify.com/blog/error-diagnoser-guide
"EV Charging Cost Calculator: Calculate electric vehicle charging cost, kWh, and hours from miles, efficiency, and charger kW",blog,,,ev-charging-cost-calculator-guide,https://www.mytulify.com/blog/ev-charging-cost-calculator-guide
Excel to PDF: Convert CSV exports from Excel into PDF files,blog,,,excel-to-pdf-guide,https://www.mytulify.com/blog/excel-to-pdf-guide
Extract Images from PDF: Pull all embedded images out of a PDF file,blog,,,extract-images-from-pdf-guide,https://www.mytulify.com/blog/extract-images-from-pdf-guide
Extract PDF Pages: Pull selected pages out into a new PDF file,blog,,,extract-pdf-pages-guide,https://www.mytulify.com/blog/extract-pdf-pages-guide
Extract Text from PDF: Copy all selectable text out of a PDF as plain text,blog,,,extract-text-from-pdf-guide,https://www.mytulify.com/blog/extract-text-from-pdf-guide
Fake Facebook Post Generator: Create Facebook post mockups with reactions and comments,blog,,,fake-facebook-post-generator-guide,https://www.mytulify.com/blog/fake-facebook-post-generator-guide
Fake Instagram DM Generator: Mock up Instagram DM chat and profile screenshots,blog,,,fake-instagram-dm-generator-guide,https://www.mytulify.com/blog/fake-instagram-dm-generator-guide
Fake Instagram Post Generator: Generate realistic Instagram post mockups with custom likes and avatar,blog,,,fake-instagram-post-generator-guide,https://www.mytulify.com/blog/fake-instagram-post-generator-guide
Fake Tweet Generator: Create realistic X/Twitter post mockups downloadable as images,blog,,,fake-tweet-generator-guide,https://www.mytulify.com/blog/fake-tweet-generator-guide
Fancy Text Generator: Turn text into stylish Unicode fonts for social media bios,blog,,,fancy-text-generator-guide,https://www.mytulify.com/blog/fancy-text-generator-guide
FAQ Schema Generator: Generate FAQPage JSON-LD from question/answer pairs,blog,,,faq-schema-generator-guide,https://www.mytulify.com/blog/faq-schema-generator-guide
Favicon Generator: Create multi-size favicons and ICO files from an image,blog,,,favicon-generator-guide,https://www.mytulify.com/blog/favicon-generator-guide
FD Calculator Explained — How to Calculate Fixed Deposit Maturity,blog,,,fd-calculator-explained,https://www.mytulify.com/blog/fd-calculator-explained
Fill PDF Form: Fill in and flatten interactive PDF form fields,blog,,,fill-pdf-form-guide,https://www.mytulify.com/blog/fill-pdf-form-guide
"Find and Replace Text: Find and replace words or patterns in bulk text, with regex support",blog,,,find-and-replace-text-guide,https://www.mytulify.com/blog/find-and-replace-text-guide
How to Find Duplicate Photos Without Uploading Them (Free Browser Guide),blog,,,find-duplicate-photos-without-uploading,https://www.mytulify.com/blog/find-duplicate-photos-without-uploading
Fixed Deposit vs SIP — How to Compare Safe Returns and Growth,blog,,,fixed-deposit-vs-sip,https://www.mytulify.com/blog/fixed-deposit-vs-sip
Flatten PDF: Merge annotations and form fields into static content,blog,,,flatten-pdf-guide,https://www.mytulify.com/blog/flatten-pdf-guide
Flip Image: Mirror an image horizontally or vertically,blog,,,flip-image-guide,https://www.mytulify.com/blog/flip-image-guide
"Force Converter: Convert newtons, pounds-force, kilogram-force, and dynes",blog,,,force-converter-guide,https://www.mytulify.com/blog/force-converter-guide
"Fraction Calculator: Add, subtract, multiply, and simplify fractions",blog,,,fraction-calculator-guide,https://www.mytulify.com/blog/fraction-calculator-guide
5 Freelance Email Templates That Actually Get You Paid (Copy & Paste),blog,,,freelance-email-templates-that-get-you-paid,https://www.mytulify.com/blog/freelance-email-templates-that-get-you-paid
"Frequency Converter: Convert hertz, kilohertz, megahertz, and gigahertz",blog,,,frequency-converter-guide,https://www.mytulify.com/blog/frequency-converter-guide
"Fuel Consumption Converter: Convert MPG, km/L, and L/100km fuel economy units",blog,,,fuel-consumption-converter-guide,https://www.mytulify.com/blog/fuel-consumption-converter-guide
"Fuel Cost Calculator — Trip Gallons, MPG, and Cost per Person",blog,,,fuel-cost-calculator-trip-mpg,https://www.mytulify.com/blog/fuel-cost-calculator-trip-mpg
"Fuel Mix Calculator: Calculate 2-stroke oil for a 50:1, 40:1, 32:1, or 25:1 gas mix in ounces and milliliters",blog,,,fuel-mix-calculator-guide,https://www.mytulify.com/blog/fuel-mix-calculator-guide
GIF Maker: Create animated GIFs from multiple images in your browser,blog,,,gif-maker-guide,https://www.mytulify.com/blog/gif-maker-guide
GIF Optimizer: Compress and optimize GIF file size in your browser,blog,,,gif-optimizer-guide,https://www.mytulify.com/blog/gif-optimizer-guide
GIF Resizer: Resize animated GIFs with presets or custom dimensions,blog,,,gif-resizer-guide,https://www.mytulify.com/blog/gif-resizer-guide
GIF Rotator: Rotate or flip animated GIFs on every frame,blog,,,gif-rotator-guide,https://www.mytulify.com/blog/gif-rotator-guide
GIF to JPG: Extract all GIF frames as JPG images in a ZIP,blog,,,gif-to-jpg-guide,https://www.mytulify.com/blog/gif-to-jpg-guide
GIF to PNG: Extract all GIF frames as PNG images in a ZIP,blog,,,gif-to-png-guide,https://www.mytulify.com/blog/gif-to-png-guide
GIF to Video: Convert animated GIFs to WebM video,blog,,,gif-to-video-guide,https://www.mytulify.com/blog/gif-to-video-guide
GIF to WebP: Convert GIF animation frames to WebP images,blog,,,gif-to-webp-guide,https://www.mytulify.com/blog/gif-to-webp-guide
GIF Trimmer: Trim GIF animations to a specific frame range,blog,,,gif-trimmer-guide,https://www.mytulify.com/blog/gif-trimmer-guide
"GitHub Actions Generator: Generate a CI workflow YAML from ready-made Node, Python and Docker templates",blog,,,github-actions-generator-guide,https://www.mytulify.com/blog/github-actions-generator-guide
GitHub Copilot vs Cursor — Which AI Coding Tool Should You Pay For?,blog,,,github-copilot-vs-cursor,https://www.mytulify.com/blog/github-copilot-vs-cursor
".gitignore Generator: Merge multiple language, framework and OS templates into one .gitignore, with duplicate patterns removed",blog,,,gitignore-generator-guide,https://www.mytulify.com/blog/gitignore-generator-guide
Glitch Text Generator: Generate zalgo/glitch styled text for posts and usernames,blog,,,glitch-text-generator-guide,https://www.mytulify.com/blog/glitch-text-generator-guide
GPA Calculator: Compute grade point average from course grades and credit hours,blog,,,gpa-calculator-guide,https://www.mytulify.com/blog/gpa-calculator-guide
Grade Calculator: Calculate final or weighted grades and the score needed to pass,blog,,,grade-calculator-guide,https://www.mytulify.com/blog/grade-calculator-guide
Gradient Generator: Build CSS linear and radial gradients visually,blog,,,gradient-generator-guide,https://www.mytulify.com/blog/gradient-generator-guide
Grammarly vs ChatGPT for Writing — Editor or Drafter?,blog,,,grammarly-vs-chatgpt-for-writing,https://www.mytulify.com/blog/grammarly-vs-chatgpt-for-writing
Gratuity Calculator Explained — Estimate Your Exit Payout,blog,,,gratuity-calculator-guide,https://www.mytulify.com/blog/gratuity-calculator-guide
Gratuity vs EPF — How They Differ at Exit,blog,,,gratuity-vs-epf,https://www.mytulify.com/blog/gratuity-vs-epf
Gravel Calculator — Cubic Yards and Tons for a Driveway or Path,blog,,,gravel-calculator-tons-and-yards,https://www.mytulify.com/blog/gravel-calculator-tons-and-yards
Grayscale Image: Convert a color image to black and white,blog,,,grayscale-image-guide,https://www.mytulify.com/blog/grayscale-image-guide
Handwriting to Markdown: Convert a handwritten page into clean Markdown with headings and lists,blog,,,handwriting-to-markdown-guide,https://www.mytulify.com/blog/handwriting-to-markdown-guide
"Arabic Handwriting to Text: Convert Arabic handwriting from a photo into editable Arabic text, with optional translation into another langua",blog,,,handwriting-to-text-arabic-guide,https://www.mytulify.com/blog/handwriting-to-text-arabic-guide
"Bengali Handwriting to Text: Convert Bengali handwriting from a photo into editable Bengali text, with optional translation into another lan",blog,,,handwriting-to-text-bengali-guide,https://www.mytulify.com/blog/handwriting-to-text-bengali-guide
"Chinese Handwriting to Text: Convert Chinese handwriting from a photo into editable Chinese text, with optional translation into another lan",blog,,,handwriting-to-text-chinese-guide,https://www.mytulify.com/blog/handwriting-to-text-chinese-guide
"Dutch Handwriting to Text: Convert Dutch handwriting from a photo into editable Dutch text, with optional translation into another language",blog,,,handwriting-to-text-dutch-guide,https://www.mytulify.com/blog/handwriting-to-text-dutch-guide
"English Handwriting to Text: Convert English handwriting from a photo into editable English text, with optional translation into another lan",blog,,,handwriting-to-text-english-guide,https://www.mytulify.com/blog/handwriting-to-text-english-guide
"French Handwriting to Text: Convert French handwriting from a photo into editable French text, with optional translation into another langua",blog,,,handwriting-to-text-french-guide,https://www.mytulify.com/blog/handwriting-to-text-french-guide
"German Handwriting to Text: Convert German handwriting from a photo into editable German text, with optional translation into another langua",blog,,,handwriting-to-text-german-guide,https://www.mytulify.com/blog/handwriting-to-text-german-guide
"Greek Handwriting to Text: Convert Greek handwriting from a photo into editable Greek text, with optional translation into another language",blog,,,handwriting-to-text-greek-guide,https://www.mytulify.com/blog/handwriting-to-text-greek-guide
"Handwriting to Text (OCR): Convert a photo of handwriting into digital text in any language, then optionally translate it",blog,,,handwriting-to-text-guide,https://www.mytulify.com/blog/handwriting-to-text-guide
"Gujarati Handwriting to Text: Convert Gujarati handwriting from a photo into editable Gujarati text, with optional translation into another",blog,,,handwriting-to-text-gujarati-guide,https://www.mytulify.com/blog/handwriting-to-text-gujarati-guide
"Hindi Handwriting to Text: Convert Hindi handwriting from a photo into editable Hindi text, with optional translation into another language",blog,,,handwriting-to-text-hindi-guide,https://www.mytulify.com/blog/handwriting-to-text-hindi-guide
"Indonesian Handwriting to Text: Convert Indonesian handwriting from a photo into editable Indonesian text, with optional translation into an",blog,,,handwriting-to-text-indonesian-guide,https://www.mytulify.com/blog/handwriting-to-text-indonesian-guide
"Italian Handwriting to Text: Convert Italian handwriting from a photo into editable Italian text, with optional translation into another lan",blog,,,handwriting-to-text-italian-guide,https://www.mytulify.com/blog/handwriting-to-text-italian-guide
"Japanese Handwriting to Text: Convert Japanese handwriting from a photo into editable Japanese text, with optional translation into another",blog,,,handwriting-to-text-japanese-guide,https://www.mytulify.com/blog/handwriting-to-text-japanese-guide
"Kannada Handwriting to Text: Convert Kannada handwriting from a photo into editable Kannada text, with optional translation into another lan",blog,,,handwriting-to-text-kannada-guide,https://www.mytulify.com/blog/handwriting-to-text-kannada-guide
"Korean Handwriting to Text: Convert Korean handwriting from a photo into editable Korean text, with optional translation into another langua",blog,,,handwriting-to-text-korean-guide,https://www.mytulify.com/blog/handwriting-to-text-korean-guide
"Malayalam Handwriting to Text: Convert Malayalam handwriting from a photo into editable Malayalam text, with optional translation into anoth",blog,,,handwriting-to-text-malayalam-guide,https://www.mytulify.com/blog/handwriting-to-text-malayalam-guide
"Marathi Handwriting to Text: Convert Marathi handwriting from a photo into editable Marathi text, with optional translation into another lan",blog,,,handwriting-to-text-marathi-guide,https://www.mytulify.com/blog/handwriting-to-text-marathi-guide
"Persian Handwriting to Text: Convert Persian handwriting from a photo into editable Persian text, with optional translation into another lan",blog,,,handwriting-to-text-persian-guide,https://www.mytulify.com/blog/handwriting-to-text-persian-guide
"Polish Handwriting to Text: Convert Polish handwriting from a photo into editable Polish text, with optional translation into another langua",blog,,,handwriting-to-text-polish-guide,https://www.mytulify.com/blog/handwriting-to-text-polish-guide
"Portuguese Handwriting to Text: Convert Portuguese handwriting from a photo into editable Portuguese text, with optional translation into an",blog,,,handwriting-to-text-portuguese-guide,https://www.mytulify.com/blog/handwriting-to-text-portuguese-guide
"Punjabi Handwriting to Text: Convert Punjabi handwriting from a photo into editable Punjabi text, with optional translation into another lan",blog,,,handwriting-to-text-punjabi-guide,https://www.mytulify.com/blog/handwriting-to-text-punjabi-guide
"Russian Handwriting to Text: Convert Russian handwriting from a photo into editable Russian text, with optional translation into another lan",blog,,,handwriting-to-text-russian-guide,https://www.mytulify.com/blog/handwriting-to-text-russian-guide
"Spanish Handwriting to Text: Convert Spanish handwriting from a photo into editable Spanish text, with optional translation into another lan",blog,,,handwriting-to-text-spanish-guide,https://www.mytulify.com/blog/handwriting-to-text-spanish-guide
"Swedish Handwriting to Text: Convert Swedish handwriting from a photo into editable Swedish text, with optional translation into another lan",blog,,,handwriting-to-text-swedish-guide,https://www.mytulify.com/blog/handwriting-to-text-swedish-guide
"Tamil Handwriting to Text: Convert Tamil handwriting from a photo into editable Tamil text, with optional translation into another language",blog,,,handwriting-to-text-tamil-guide,https://www.mytulify.com/blog/handwriting-to-text-tamil-guide
"Telugu Handwriting to Text: Convert Telugu handwriting from a photo into editable Telugu text, with optional translation into another langua",blog,,,handwriting-to-text-telugu-guide,https://www.mytulify.com/blog/handwriting-to-text-telugu-guide
"Thai Handwriting to Text: Convert Thai handwriting from a photo into editable Thai text, with optional translation into another language",blog,,,handwriting-to-text-thai-guide,https://www.mytulify.com/blog/handwriting-to-text-thai-guide
"Turkish Handwriting to Text: Convert Turkish handwriting from a photo into editable Turkish text, with optional translation into another lan",blog,,,handwriting-to-text-turkish-guide,https://www.mytulify.com/blog/handwriting-to-text-turkish-guide
"Ukrainian Handwriting to Text: Convert Ukrainian handwriting from a photo into editable Ukrainian text, with optional translation into anoth",blog,,,handwriting-to-text-ukrainian-guide,https://www.mytulify.com/blog/handwriting-to-text-ukrainian-guide
"Vietnamese Handwriting to Text: Convert Vietnamese handwriting from a photo into editable Vietnamese text, with optional translation into an",blog,,,handwriting-to-text-vietnamese-guide,https://www.mytulify.com/blog/handwriting-to-text-vietnamese-guide
"Handwritten Form Extractor: Pull filled fields from a handwritten form into JSON, CSV, or a Markdown table",blog,,,handwritten-form-extractor-guide,https://www.mytulify.com/blog/handwritten-form-extractor-guide
How to Convert Handwritten Math to LaTeX From a Photo,blog,,,handwritten-math-to-latex-guide,https://www.mytulify.com/blog/handwritten-math-to-latex-guide
Turn Handwritten Notes Into Summaries and Study Flashcards,blog,,,handwritten-notes-summarizer-guide,https://www.mytulify.com/blog/handwritten-notes-summarizer-guide
"Handwritten Table OCR: Turn a photo of a handwritten table or grid into Markdown, CSV, or JSON rows",blog,,,handwritten-table-ocr-guide,https://www.mytulify.com/blog/handwritten-table-ocr-guide
"Hash Generator (MD5 / SHA): Compute MD5, SHA-1, and SHA-256 hashes of text",blog,,,hash-generator-guide,https://www.mytulify.com/blog/hash-generator-guide
Hash Identifier: Detect the likely hash algorithm from a given hash string,blog,,,hash-identifier-guide,https://www.mytulify.com/blog/hash-identifier-guide
Hashtag Counter: Count hashtags in text and flag platform over-limits,blog,,,hashtag-counter-guide,https://www.mytulify.com/blog/hashtag-counter-guide
"Heading Structure Analyzer: Audit H1–H6 outlines in page HTML for multiple H1s, skipped levels, and empty headings",blog,,,heading-structure-analyzer-guide,https://www.mytulify.com/blog/heading-structure-analyzer-guide
Health Check Config Generator: Generate a ready-to-paste health-check script and JSON config for uptime monitors from an endpoint,blog,,,health-check-generator-guide,https://www.mytulify.com/blog/health-check-generator-guide
Heart Rate Zone Calculator: Calculate your 5 training heart-rate zones using the Karvonen method with your resting heart rate,blog,,,heart-rate-zone-calculator-guide,https://www.mytulify.com/blog/heart-rate-zone-calculator-guide
HEIC to JPG: Convert iPhone HEIC photos to JPG images,blog,,,heic-to-jpg-guide,https://www.mytulify.com/blog/heic-to-jpg-guide
Hex Color to Image: Generate a solid color image from a HEX code,blog,,,hex-color-to-image-guide,https://www.mytulify.com/blog/hex-color-to-image-guide
HEX to CMYK: Convert a HEX color code to CMYK values,blog,,,hex-to-cmyk-guide,https://www.mytulify.com/blog/hex-to-cmyk-guide
HEX to HSL: Convert HEX colors to HSL format,blog,,,hex-to-hsl-guide,https://www.mytulify.com/blog/hex-to-hsl-guide
"Hex to RGB Converter: Convert colors between HEX, RGB and HSL formats",blog,,,hex-to-rgb-converter-guide,https://www.mytulify.com/blog/hex-to-rgb-converter-guide
HEX to RGB: Convert HEX color codes to RGB values,blog,,,hex-to-rgb-guide,https://www.mytulify.com/blog/hex-to-rgb-guide
Hex to RGBA: Convert HEX colors to RGBA with an alpha channel,blog,,,hex-to-rgba-guide,https://www.mytulify.com/blog/hex-to-rgba-guide
"Hexagon Quilt Calculator: Estimate fabric area for hexagon quilt pieces from side length, seam allowance, and how many hexes you need",blog,,,hexagon-quilt-calculator-guide,https://www.mytulify.com/blog/hexagon-quilt-calculator-guide
HMAC Generator: Compute HMAC signatures with a chosen hash and secret key,blog,,,hmac-generator-guide,https://www.mytulify.com/blog/hmac-generator-guide
Home Affordability Calculator — Max Price from Income and Debts,blog,,,home-affordability-calculator-guide,https://www.mytulify.com/blog/home-affordability-calculator-guide
"Home Color Visualizer: Upload a photo of your home or room, try wall/door/furniture colors, and preview what looks best",blog,,,home-color-visualizer-guide,https://www.mytulify.com/blog/home-color-visualizer-guide
Hours Calculator: Calculate total hours and minutes between two times for timesheets,blog,,,hours-calculator-guide,https://www.mytulify.com/blog/hours-calculator-guide
HowTo Schema Generator: Generate HowTo JSON-LD structured data from a title and step-by-step list,blog,,,howto-schema-generator-guide,https://www.mytulify.com/blog/howto-schema-generator-guide
HRA Calculator Explained — Estimate Your House Rent Allowance Exemption,blog,,,hra-calculator-guide,https://www.mytulify.com/blog/hra-calculator-guide
HRA vs Take-Home Pay — What Changes on Your Payslip,blog,,,hra-vs-take-home-pay,https://www.mytulify.com/blog/hra-vs-take-home-pay
Hreflang Tag Generator: Generate hreflang tags for multilingual and regional targeting,blog,,,hreflang-tag-generator-guide,https://www.mytulify.com/blog/hreflang-tag-generator-guide
HSL to HEX: Convert HSL color values to a HEX code,blog,,,hsl-to-hex-guide,https://www.mytulify.com/blog/hsl-to-hex-guide
".htaccess Generator: Generate .htaccess rules for redirects, caching, and security",blog,,,htaccess-generator-guide,https://www.mytulify.com/blog/htaccess-generator-guide
HTML Encoder/Decoder: Encode and decode HTML entities in text,blog,,,html-encoder-decoder-guide,https://www.mytulify.com/blog/html-encoder-decoder-guide
HTML Minifier: Remove whitespace and comments to shrink HTML,blog,,,html-minifier-guide,https://www.mytulify.com/blog/html-minifier-guide
HTML Tag Stripper: Remove HTML tags to extract plain text from markup,blog,,,html-tag-stripper-guide,https://www.mytulify.com/blog/html-tag-stripper-guide
HTML to Markdown Converter: Convert HTML markup into clean Markdown,blog,,,html-to-markdown-guide,https://www.mytulify.com/blog/html-to-markdown-guide
htpasswd Generator: Create Apache/Nginx htpasswd entries with bcrypt or APR1,blog,,,htpasswd-generator-guide,https://www.mytulify.com/blog/htpasswd-generator-guide
"Hull Speed Calculator: Calculate displacement hull speed in knots, mph, and km/h from waterline length",blog,,,hull-speed-calculator-guide,https://www.mytulify.com/blog/hull-speed-calculator-guide
"IBAN Validator: Validate IBAN numbers for Pakistan, EU, UK and 80+ countries with mod-97 checksum",blog,,,iban-validator-guide,https://www.mytulify.com/blog/iban-validator-guide
"ICS Calendar Generator: Build a .ics calendar event file for Google Calendar, Outlook, and Apple Calendar",blog,,,ics-calendar-generator-guide,https://www.mytulify.com/blog/ics-calendar-generator-guide
"Ideal Weight Calculator: Suggest a healthy weight range based on height, age, and gender",blog,,,ideal-weight-calculator-guide,https://www.mytulify.com/blog/ideal-weight-calculator-guide
Image Color Picker: Pick HEX/RGB colors from any pixel of an image,blog,,,image-color-picker-guide,https://www.mytulify.com/blog/image-color-picker-guide
Image to Base64: Encode an image into a Base64 data URI string,blog,,,image-to-base64-guide,https://www.mytulify.com/blog/image-to-base64-guide
Image to ICO: Convert PNG/JPG images into Windows ICO icons,blog,,,image-to-ico-guide,https://www.mytulify.com/blog/image-to-ico-guide
Image to PDF: Convert images into a single downloadable PDF,blog,,,image-to-pdf-guide,https://www.mytulify.com/blog/image-to-pdf-guide
Images to PDF: Batch combine multiple images into one ordered PDF,blog,,,images-to-pdf-guide,https://www.mytulify.com/blog/images-to-pdf-guide
Inches to CM Converter: Dedicated converter between inches and centimeters,blog,,,inches-to-cm-converter-guide,https://www.mytulify.com/blog/inches-to-cm-converter-guide
"Indexing Readiness Checker: Audit a live URL for noindex, robots.txt blocks, canonical issues, and other indexability problems",blog,,,indexing-readiness-checker-guide,https://www.mytulify.com/blog/indexing-readiness-checker-guide
"IndexNow URL Submitter: Generate an IndexNow key and notify Bing, Yandex, and other engines when your URLs change",blog,,,indexnow-url-submitter-guide,https://www.mytulify.com/blog/indexnow-url-submitter-guide
Inflation Calculator: See what today’s money will be worth later — or was worth in the past — using a custom inflation rate,blog,,,inflation-calculator-guide,https://www.mytulify.com/blog/inflation-calculator-guide
"Instagram Bio Generator: Build stylish IG bios with line breaks, fonts, and symbols",blog,,,instagram-bio-generator-guide,https://www.mytulify.com/blog/instagram-bio-generator-guide
Instagram Caption Generator: Generate caption ideas from a topic plus hashtags and emojis,blog,,,instagram-caption-generator-guide,https://www.mytulify.com/blog/instagram-caption-generator-guide
Instagram Font Generator: Convert text into copy-paste Unicode fancy fonts for bios and captions,blog,,,instagram-font-generator-guide,https://www.mytulify.com/blog/instagram-font-generator-guide
Instagram Hashtag Generator: Suggest and group relevant hashtags from keywords or topics,blog,,,instagram-hashtag-generator-guide,https://www.mytulify.com/blog/instagram-hashtag-generator-guide
Instagram Line Break Generator: Add invisible spacing so captions keep line breaks on Instagram,blog,,,instagram-line-break-generator-guide,https://www.mytulify.com/blog/instagram-line-break-generator-guide
Internal Link Suggester: Suggest internal links from your page list into a draft using keyword overlap scoring,blog,,,internal-link-suggester-guide,https://www.mytulify.com/blog/internal-link-suggester-guide
"Invoice Generator: Create professional PDF invoices with line items, tax, and instant download — no watermark",blog,,,invoice-generator-guide,https://www.mytulify.com/blog/invoice-generator-guide
"IP Address Info & Classifier: Classify an IP as private, public, CGNAT, loopback or reserved with plain-language context and reverse-DNS",blog,,,ip-address-info-guide,https://www.mytulify.com/blog/ip-address-info-guide
"IP Subnet Calculator: Calculate network, broadcast, host range and mask from a CIDR block, with a visual bit breakdown",blog,,,ip-subnet-calculator-guide,https://www.mytulify.com/blog/ip-subnet-calculator-guide
JavaScript Minifier: Minify JavaScript source to reduce file size,blog,,,javascript-minifier-guide,https://www.mytulify.com/blog/javascript-minifier-guide
JFIF to JPG: Convert JFIF images to standard JPG format in your browser,blog,,,jfif-to-jpg-guide,https://www.mytulify.com/blog/jfif-to-jpg-guide
JFIF to PNG: Convert JFIF images to lossless PNG format,blog,,,jfif-to-png-guide,https://www.mytulify.com/blog/jfif-to-png-guide
JPG to PDF: Convert JPG and other images into a single PDF,blog,,,jpg-to-pdf-guide,https://www.mytulify.com/blog/jpg-to-pdf-guide
JPG to PNG: Convert JPG images to lossless PNG format,blog,,,jpg-to-png-guide,https://www.mytulify.com/blog/jpg-to-png-guide
JPG to WebP: Convert JPG images to modern WebP format,blog,,,jpg-to-webp-guide,https://www.mytulify.com/blog/jpg-to-webp-guide
"JSON Diff Checker: Compare two JSON documents with path-level added, removed, and changed highlights",blog,,,json-diff-checker-guide,https://www.mytulify.com/blog/json-diff-checker-guide
"JSON Formatter: Beautify, validate and minify JSON with syntax highlighting",blog,,,json-formatter-guide,https://www.mytulify.com/blog/json-formatter-guide
JSON to CSV Converter: Convert JSON arrays into downloadable CSV files,blog,,,json-to-csv-guide,https://www.mytulify.com/blog/json-to-csv-guide
JSON to TypeScript: Generate TypeScript interfaces from a JSON sample,blog,,,json-to-typescript-guide,https://www.mytulify.com/blog/json-to-typescript-guide
JSON to XML Converter: Convert JSON data structures into XML,blog,,,json-to-xml-guide,https://www.mytulify.com/blog/json-to-xml-guide
JSON to YAML Converter: Convert between JSON and YAML formats,blog,,,json-to-yaml-guide,https://www.mytulify.com/blog/json-to-yaml-guide
JSON Validator: Validate JSON syntax and pinpoint errors,blog,,,json-validator-guide,https://www.mytulify.com/blog/json-validator-guide
"JWT Decoder: Decode a JWT into its header, payload and signature",blog,,,jwt-decoder-guide,https://www.mytulify.com/blog/jwt-decoder-guide
JWT Signature Verifier: Verify a JWT signature against a provided secret or key,blog,,,jwt-verifier-guide,https://www.mytulify.com/blog/jwt-verifier-guide
"Kerf Calculator: See how many pieces a board yields after saw kerf, and how many boards to buy",blog,,,kerf-calculator-guide,https://www.mytulify.com/blog/kerf-calculator-guide
Keyword Combiner: Combine and permute keyword lists into broad/phrase/exact match,blog,,,keyword-combiner-guide,https://www.mytulify.com/blog/keyword-combiner-guide
Keyword Density Checker: Count word frequency and density percentages in pasted text or HTML,blog,,,keyword-density-checker-guide,https://www.mytulify.com/blog/keyword-density-checker-guide
"Keyword Difficulty Estimator: Estimate keyword competitiveness from SERP signals like brands, content length, and authority",blog,,,keyword-difficulty-estimator-guide,https://www.mytulify.com/blog/keyword-difficulty-estimator-guide
Keyword Rank Tracker: Log keyword rankings over time in your browser and export CSV reports — no API key required,blog,,,keyword-rank-tracker-guide,https://www.mytulify.com/blog/keyword-rank-tracker-guide
KG to Lbs Converter: Dedicated converter between kilograms and pounds,blog,,,kg-to-lbs-converter-guide,https://www.mytulify.com/blog/kg-to-lbs-converter-guide
"Kubernetes YAML Generator: Generate a linked Deployment, Service and Ingress in one manifest from a simple form",blog,,,kubernetes-yaml-generator-guide,https://www.mytulify.com/blog/kubernetes-yaml-generator-guide
"kW to kVA Calculator: Convert kilowatts to kVA with power factor, and estimate single-phase or three-phase amps",blog,,,kw-to-kva-calculator-guide,https://www.mytulify.com/blog/kw-to-kva-calculator-guide
Language Translator: Translate text or CSV/Excel into one or many languages — each target gets its own column named after that language,blog,,,language-translator-guide,https://www.mytulify.com/blog/language-translator-guide
Late Payment Fee Calculator: Calculate late fees on overdue invoices with flat or monthly percentage rates,blog,,,late-fee-calculator-guide,https://www.mytulify.com/blog/late-fee-calculator-guide
"Length Converter: Convert between meters, feet, miles, kilometers, inches, and more",blog,,,length-converter-guide,https://www.mytulify.com/blog/length-converter-guide
Lighten and Darken Color: Adjust a color's lightness up or down by percentage,blog,,,lighten-darken-color-guide,https://www.mytulify.com/blog/lighten-darken-color-guide
LinkedIn Text Formatter: Add bold/italic Unicode formatting to LinkedIn posts,blog,,,linkedin-text-formatter-guide,https://www.mytulify.com/blog/linkedin-text-formatter-guide
List Randomizer: Shuffle or pick random items from a pasted list,blog,,,list-randomizer-guide,https://www.mytulify.com/blog/list-randomizer-guide
Liters to Gallons Converter: Dedicated converter between liters and US/UK gallons,blog,,,liters-to-gallons-converter-guide,https://www.mytulify.com/blog/liters-to-gallons-converter-guide
"LLMs.txt Generator: Build an llms.txt file so AI crawlers (ChatGPT, Claude, Google) discover your best pages",blog,,,llms-txt-generator-guide,https://www.mytulify.com/blog/llms-txt-generator-guide
"Loan Calculator: Estimate monthly payments, total interest, and payoff for any loan",blog,,,loan-calculator-guide,https://www.mytulify.com/blog/loan-calculator-guide
"Loan Comparison Calculator: Compare two loans side by side on monthly payment, total interest, and total amount paid",blog,,,loan-comparison-calculator-guide,https://www.mytulify.com/blog/loan-comparison-calculator-guide
"Local Business Schema Generator: Create LocalBusiness JSON-LD with NAP, geo coordinates, and business type",blog,,,local-business-schema-generator-guide,https://www.mytulify.com/blog/local-business-schema-generator-guide
"Lorem Ipsum Generator: Generate placeholder dummy text by paragraphs, sentences or words",blog,,,lorem-ipsum-generator-guide,https://www.mytulify.com/blog/lorem-ipsum-generator-guide
"Lumber Calculator: Calculate board feet, linear feet, and lumber cost from thickness, width, length, and board count",blog,,,lumber-calculator-guide,https://www.mytulify.com/blog/lumber-calculator-guide
Lumpsum Calculator Guide — Estimate One-Time Mutual Fund Growth,blog,,,lumpsum-calculator-guide,https://www.mytulify.com/blog/lumpsum-calculator-guide
"Macro Calculator: Split your daily calories into protein, carbs and fat with diet-style presets and a per-meal breakdown",blog,,,macro-calculator-guide,https://www.mytulify.com/blog/macro-calculator-guide
Markdown Preview: Render Markdown to live HTML side by side,blog,,,markdown-preview-guide,https://www.mytulify.com/blog/markdown-preview-guide
Markdown to HTML Converter: Render Markdown into HTML with live preview,blog,,,markdown-to-html-guide,https://www.mytulify.com/blog/markdown-to-html-guide
"Marketplace Fee Calculator: Calculate seller fees, shipping, product cost, net profit, and margin for an online marketplace listing",blog,,,marketplace-fee-calculator-guide,https://www.mytulify.com/blog/marketplace-fee-calculator-guide
MD5 Hash Generator: Compute the MD5 hash of any input text,blog,,,md5-hash-generator-guide,https://www.mytulify.com/blog/md5-hash-generator-guide
Meme Generator: Add top and bottom text captions to an image,blog,,,meme-generator-guide,https://www.mytulify.com/blog/meme-generator-guide
Merge PDF: Combine multiple PDF files into one document in any order,blog,,,merge-pdf-guide,https://www.mytulify.com/blog/merge-pdf-guide
Meta Description Length Checker: Check meta description length with a live Google search preview,blog,,,meta-description-length-checker-guide,https://www.mytulify.com/blog/meta-description-length-checker-guide
"Meta Tag Generator: Generate title, description, and meta tags HTML from form inputs",blog,,,meta-tag-generator-guide,https://www.mytulify.com/blog/meta-tag-generator-guide
Meta Tags Analyzer: Parse pasted HTML to extract and audit meta tags for SEO issues,blog,,,meta-tags-analyzer-guide,https://www.mytulify.com/blog/meta-tags-analyzer-guide
Meta Title Length Checker: Check if your page title is the right length for Google search results,blog,,,meta-title-length-checker-guide,https://www.mytulify.com/blog/meta-title-length-checker-guide
Midjourney vs DALL·E — Which AI Image Generator Should You Use?,blog,,,midjourney-vs-dalle,https://www.mytulify.com/blog/midjourney-vs-dalle
"Miter Angle Calculator: Find the miter saw angle and interior corner for a square, hexagon, octagon, or any equal-sided frame",blog,,,miter-angle-calculator-guide,https://www.mytulify.com/blog/miter-angle-calculator-guide
Mock Data Generator: Generate fake users or products as JSON or CSV for API testing and demos,blog,,,mock-data-generator-guide,https://www.mytulify.com/blog/mock-data-generator-guide
"Molarity Calculator: Calculate solution molarity from grams and molar mass, or the grams to weigh for a target molarity",blog,,,molarity-calculator-guide,https://www.mytulify.com/blog/molarity-calculator-guide
Monochromatic Color Generator: Build a single-hue monochromatic palette,blog,,,monochromatic-color-generator-guide,https://www.mytulify.com/blog/monochromatic-color-generator-guide
"Morse Code Translator: Encode and decode between text and Morse code, with optional audio",blog,,,morse-code-translator-guide,https://www.mytulify.com/blog/morse-code-translator-guide
"Mortgage Calculator — PITI, PMI, and 15-Year vs 30-Year Cost",blog,,,mortgage-piti-calculator-guide,https://www.mytulify.com/blog/mortgage-piti-calculator-guide
"NAP Consistency Checker: Compare Name, Address, Phone across local citations to catch local SEO inconsistencies",blog,,,nap-consistency-checker-guide,https://www.mytulify.com/blog/nap-consistency-checker-guide
NATO Phonetic Alphabet: Spell text using the NATO phonetic alphabet,blog,,,nato-phonetic-alphabet-converter-guide,https://www.mytulify.com/blog/nato-phonetic-alphabet-converter-guide
NDA Generator: Generate a one-way or mutual non-disclosure agreement and download it as a PDF,blog,,,nda-generator-guide,https://www.mytulify.com/blog/nda-generator-guide
"Nginx Config Generator: Generate Nginx configs for reverse proxy, SSL termination, static sites and load balancing",blog,,,nginx-config-generator-guide,https://www.mytulify.com/blog/nginx-config-generator-guide
NPS Calculator Explained — Estimate Your National Pension Corpus,blog,,,nps-calculator-guide,https://www.mytulify.com/blog/nps-calculator-guide
NPS vs EPF vs PPF — Which Retirement Savings Path Fits You?,blog,,,nps-vs-epf-vs-ppf,https://www.mytulify.com/blog/nps-vs-epf-vs-ppf
NSC Calculator Guide — Estimate National Savings Certificate Maturity,blog,,,nsc-calculator-guide,https://www.mytulify.com/blog/nsc-calculator-guide
NSC vs FD — Annual Compounding or Flexible Bank Deposit,blog,,,nsc-vs-fd,https://www.mytulify.com/blog/nsc-vs-fd
NTLM Hash Generator: Compute NTLM hashes from password input,blog,,,ntlm-hash-generator-guide,https://www.mytulify.com/blog/ntlm-hash-generator-guide
"Number Base Converter: Convert numbers between binary, octal, decimal and hex",blog,,,number-base-converter-guide,https://www.mytulify.com/blog/number-base-converter-guide
Number to Words Converter: Spell out numbers in words for checks and documents,blog,,,number-to-words-converter-guide,https://www.mytulify.com/blog/number-to-words-converter-guide
"Ohm's Law Calculator: Solve voltage, current, resistance, and watts with Ohm's law from any two electrical values",blog,,,ohms-law-calculator-guide,https://www.mytulify.com/blog/ohms-law-calculator-guide
"One Rep Max Calculator: Estimate your 1RM from a lift and reps, with a full percentage-of-max training table",blog,,,one-rep-max-calculator-guide,https://www.mytulify.com/blog/one-rep-max-calculator-guide
"Online Video Editor: Edit videos in the browser — multi-clip timeline, trim/split/reverse, transitions, filters, FX, captions + SRT, logos,",blog,,,online-video-editor-guide,https://www.mytulify.com/blog/online-video-editor-guide
Open Graph Generator: Produce Open Graph (og:) meta tags for social link previews,blog,,,open-graph-generator-guide,https://www.mytulify.com/blog/open-graph-generator-guide
"Organize PDF: Reorder, rearrange, and sort PDF pages by drag and drop",blog,,,organize-pdf-guide,https://www.mytulify.com/blog/organize-pdf-guide
Orphan Page Finder: Find sitemap URLs with no internal links and linked URLs missing from the sitemap,blog,,,orphan-page-finder-guide,https://www.mytulify.com/blog/orphan-page-finder-guide
Ovulation Calculator: Predict fertile windows and ovulation days from cycle data,blog,,,ovulation-calculator-guide,https://www.mytulify.com/blog/ovulation-calculator-guide
"Running Pace Calculator: Turn a distance and time into pace per km and per mile, plus projected 5K, 10K, half and marathon times",blog,,,pace-calculator-guide,https://www.mytulify.com/blog/pace-calculator-guide
Paint Calculator — How Many Gallons a Room Actually Needs,blog,,,paint-calculator-how-many-gallons,https://www.mytulify.com/blog/paint-calculator-how-many-gallons
Passphrase Generator: Build memorable Diceware-style word passphrases,blog,,,passphrase-generator-guide,https://www.mytulify.com/blog/passphrase-generator-guide
Passport Photo Maker: Crop and size photos to passport/visa requirements,blog,,,passport-photo-maker-guide,https://www.mytulify.com/blog/passport-photo-maker-guide
Password Entropy Calculator: Calculate the bits of entropy in a password,blog,,,password-entropy-calculator-guide,https://www.mytulify.com/blog/password-entropy-calculator-guide
Password Generator: Generate strong random passwords with adjustable length and character sets,blog,,,password-generator-guide,https://www.mytulify.com/blog/password-generator-guide
Password Strength Checker: Estimate password strength and crack time in the browser,blog,,,password-strength-checker-guide,https://www.mytulify.com/blog/password-strength-checker-guide
Paycheck Calculator: Estimate take-home pay after taxes and common deductions,blog,,,paycheck-calculator-guide,https://www.mytulify.com/blog/paycheck-calculator-guide
PDF Page Counter: Instantly count the number of pages in a PDF,blog,,,pdf-page-counter-guide,https://www.mytulify.com/blog/pdf-page-counter-guide
PDF to CBZ: Convert PDF pages into a CBZ comic archive,blog,,,pdf-to-cbz-guide,https://www.mytulify.com/blog/pdf-to-cbz-guide
PDF to Excel: Extract PDF table data and download as CSV for Excel,blog,,,pdf-to-excel-guide,https://www.mytulify.com/blog/pdf-to-excel-guide
PDF to JPG: Convert each PDF page into a downloadable JPG image,blog,,,pdf-to-jpg-guide,https://www.mytulify.com/blog/pdf-to-jpg-guide
PDF to PDF/A: Prepare PDFs for long-term archival (PDF/A style export),blog,,,pdf-to-pdf-a-guide,https://www.mytulify.com/blog/pdf-to-pdf-a-guide
PDF to PNG: Render PDF pages as high-quality PNG images,blog,,,pdf-to-png-guide,https://www.mytulify.com/blog/pdf-to-png-guide
PDF to Word: Convert a PDF into an editable DOC/DOCX document,blog,,,pdf-to-word-guide,https://www.mytulify.com/blog/pdf-to-word-guide
"Percentage Calculator: Find percentages, percentage change, and what percent one number is of another",blog,,,percentage-calculator-guide,https://www.mytulify.com/blog/percentage-calculator-guide
PIN Generator: Generate random numeric PIN codes of chosen length,blog,,,pin-generator-guide,https://www.mytulify.com/blog/pin-generator-guide
Pixelate Image: Pixelate or censor regions of an image,blog,,,pixelate-image-guide,https://www.mytulify.com/blog/pixelate-image-guide
Plant Spacing Calculator: Count how many plants fit in a garden bed with square or triangular spacing,blog,,,plant-spacing-calculator-guide,https://www.mytulify.com/blog/plant-spacing-calculator-guide
PNG to JPG: Convert PNG images to compressed JPG files,blog,,,png-to-jpg-guide,https://www.mytulify.com/blog/png-to-jpg-guide
PNG to PDF: Turn one or more PNG images into a PDF document,blog,,,png-to-pdf-guide,https://www.mytulify.com/blog/png-to-pdf-guide
PNG to SVG: Trace a raster PNG into a scalable SVG vector,blog,,,png-to-svg-guide,https://www.mytulify.com/blog/png-to-svg-guide
PNG to WebP: Convert PNG images to smaller WebP files,blog,,,png-to-webp-guide,https://www.mytulify.com/blog/png-to-webp-guide
"Pomodoro Timer: Free focus timer with 25-minute Pomodoros, short/long breaks, task label, and optional alerts",blog,,,pomodoro-timer-guide,https://www.mytulify.com/blog/pomodoro-timer-guide
"Power Converter: Convert watts, kilowatts, horsepower, and BTU/hour",blog,,,power-converter-guide,https://www.mytulify.com/blog/power-converter-guide
PPF Calculator Guide — Estimate Public Provident Fund Maturity,blog,,,ppf-calculator-guide,https://www.mytulify.com/blog/ppf-calculator-guide
PPF vs FD vs SIP — Which Savings Option Fits Your Goal?,blog,,,ppf-vs-fd-vs-sip,https://www.mytulify.com/blog/ppf-vs-fd-vs-sip
"Pregnancy Calculator: Track pregnancy progress, week count, and key milestones",blog,,,pregnancy-calculator-guide,https://www.mytulify.com/blog/pregnancy-calculator-guide
"Pressure Converter: Convert pascals, bar, psi, atm, and mmHg",blog,,,pressure-converter-guide,https://www.mytulify.com/blog/pressure-converter-guide
"Profit Margin Calculator: Calculate profit, profit margin %, and markup from cost and selling price",blog,,,profit-margin-calculator-guide,https://www.mytulify.com/blog/profit-margin-calculator-guide
"Freelance Project Estimator: Break projects into phases and tasks, add expenses and profit buffers, and get a fixed quote with timeline and",blog,,,project-estimator-guide,https://www.mytulify.com/blog/project-estimator-guide
"Freelance Proposal Generator: Build a client proposal with summary, scope, timeline, pricing, and about section — export PDF",blog,,,proposal-generator-guide,https://www.mytulify.com/blog/proposal-generator-guide
Protect PDF: Add a password and encryption to lock a PDF,blog,,,protect-pdf-guide,https://www.mytulify.com/blog/protect-pdf-guide
Protein Intake Calculator: Find your daily protein target range based on body weight and your goal,blog,,,protein-intake-calculator-guide,https://www.mytulify.com/blog/protein-intake-calculator-guide
PWA Manifest Generator: Build manifest.json and HTML tags to turn your site into an installable Progressive Web App,blog,,,pwa-manifest-generator-guide,https://www.mytulify.com/blog/pwa-manifest-generator-guide
PX to REM Converter: Convert CSS pixels to rem (and back) with a customizable root font size,blog,,,px-to-rem-converter-guide,https://www.mytulify.com/blog/px-to-rem-converter-guide
QR Code Generator: Generate downloadable QR codes from text or URLs,blog,,,qr-code-generator-guide,https://www.mytulify.com/blog/qr-code-generator-guide
"Project Quote Calculator: Turn hours, rate, expenses, and margin into a clear project quote with cost breakdown",blog,,,quote-calculator-guide,https://www.mytulify.com/blog/quote-calculator-guide
Random Color Generator: Generate random colors with their codes,blog,,,random-color-generator-guide,https://www.mytulify.com/blog/random-color-generator-guide
Random Number Generator: Generate random numbers within a custom range with options,blog,,,random-number-generator-guide,https://www.mytulify.com/blog/random-number-generator-guide
Random String Generator: Generate random strings and API tokens with custom charsets,blog,,,random-string-generator-guide,https://www.mytulify.com/blog/random-string-generator-guide
Random Token Generator: Produce secure random tokens of configurable length and charset,blog,,,random-token-generator-guide,https://www.mytulify.com/blog/random-token-generator-guide
RD Calculator Guide — Estimate Recurring Deposit Maturity Before You Save,blog,,,rd-calculator-guide,https://www.mytulify.com/blog/rd-calculator-guide
RD vs FD vs SIP — Which Savings Habit Fits Your Goal?,blog,,,rd-vs-fd-vs-sip,https://www.mytulify.com/blog/rd-vs-fd-vs-sip
Readability Score Checker: Compute Flesch reading ease and grade-level scores for text,blog,,,readability-checker-guide,https://www.mytulify.com/blog/readability-checker-guide
Reading Time Calculator: Estimate how long it takes to read any text based on words per minute,blog,,,reading-time-calculator-guide,https://www.mytulify.com/blog/reading-time-calculator-guide
"AI README Generator: Generate a professional README.md from your project details, auto-detecting the stack from package.json",blog,,,readme-generator-guide,https://www.mytulify.com/blog/readme-generator-guide
"Redirect Checker: Follow a live URL and list every redirect hop, status code, and final destination",blog,,,redirect-checker-guide,https://www.mytulify.com/blog/redirect-checker-guide
"Refinance Calculator: Compare your current mortgage payment with a refinance, including break-even months and total interest",blog,,,refinance-calculator-guide,https://www.mytulify.com/blog/refinance-calculator-guide
"Regex Explainer: Paste a regular expression and get a plain-English, token-by-token breakdown of what it matches",blog,,,regex-explainer-guide,https://www.mytulify.com/blog/regex-explainer-guide
"AI Regex Generator: Turn a plain-English description into a working regular expression, with an explanation and examples",blog,,,regex-generator-guide,https://www.mytulify.com/blog/regex-generator-guide
Regex Tester: Test regular expressions against sample text with live match highlighting,blog,,,regex-tester-guide,https://www.mytulify.com/blog/regex-tester-guide
"Related Keywords Generator: Expand seed keywords into questions, commercial modifiers, long-tail phrases, and combinations for research",blog,,,related-keywords-generator-guide,https://www.mytulify.com/blog/related-keywords-generator-guide
Remove Duplicate Lines: Delete duplicate lines from a list while preserving order,blog,,,remove-duplicate-lines-guide,https://www.mytulify.com/blog/remove-duplicate-lines-guide
"Remove Extra Spaces: Remove duplicate, leading and trailing whitespace from text",blog,,,remove-extra-spaces-guide,https://www.mytulify.com/blog/remove-extra-spaces-guide
Remove Line Breaks: Strip or merge line breaks and extra newlines from pasted text,blog,,,remove-line-breaks-guide,https://www.mytulify.com/blog/remove-line-breaks-guide
Remove Punctuation: Strip punctuation marks from text for clean processing,blog,,,remove-punctuation-guide,https://www.mytulify.com/blog/remove-punctuation-guide
"Rental Property Calculator: Estimate cap rate, monthly cash flow, cash-on-cash return, and mortgage payment for a rental property",blog,,,rental-property-calculator-guide,https://www.mytulify.com/blog/rental-property-calculator-guide
Resize Image: Change image dimensions by pixels or percentage,blog,,,resize-image-guide,https://www.mytulify.com/blog/resize-image-guide
"Resize PDF: Scale PDF pages to A4, Letter, or custom dimensions",blog,,,resize-pdf-guide,https://www.mytulify.com/blog/resize-pdf-guide
"Retirement Calculator: Project retirement savings from a current balance, monthly contribution, return, and years",blog,,,retirement-calculator-guide,https://www.mytulify.com/blog/retirement-calculator-guide
Reverse PDF Pages: Flip the page order of a PDF document,blog,,,reverse-pdf-pages-guide,https://www.mytulify.com/blog/reverse-pdf-pages-guide
"Reverse Text: Reverse characters, words or lines of any input text",blog,,,reverse-text-guide,https://www.mytulify.com/blog/reverse-text-guide
RGB to CMYK: Convert RGB colors to CMYK for printing,blog,,,rgb-to-cmyk-guide,https://www.mytulify.com/blog/rgb-to-cmyk-guide
RGB to HEX: Convert RGB values to a HEX color code,blog,,,rgb-to-hex-guide,https://www.mytulify.com/blog/rgb-to-hex-guide
RGB to HSL: Convert RGB color values to HSL,blog,,,rgb-to-hsl-guide,https://www.mytulify.com/blog/rgb-to-hsl-guide
"Ring Size Converter: Convert ring sizes across US, UK, EU, and diameter charts",blog,,,ring-size-converter-guide,https://www.mytulify.com/blog/ring-size-converter-guide
Robots Meta Tag Generator: Generate index/noindex/follow robots meta directives,blog,,,robots-meta-tag-generator-guide,https://www.mytulify.com/blog/robots-meta-tag-generator-guide
Robots.txt Generator: Build a valid robots.txt file from allow/disallow and sitemap inputs,blog,,,robots-txt-generator-guide,https://www.mytulify.com/blog/robots-txt-generator-guide
Robots.txt Validator: Validate robots.txt syntax and test URL allow/block rules,blog,,,robots-txt-validator-guide,https://www.mytulify.com/blog/robots-txt-validator-guide
ROI Calculator Guide — Measure Return on Investment Clearly,blog,,,roi-calculator-guide,https://www.mytulify.com/blog/roi-calculator-guide
ROI vs Profit Margin — Investment Return or Sales Profitability,blog,,,roi-vs-profit-margin,https://www.mytulify.com/blog/roi-vs-profit-margin
Roman Numeral Converter: Convert numbers to Roman numerals and back,blog,,,roman-numeral-converter-guide,https://www.mytulify.com/blog/roman-numeral-converter-guide
ROT13 Encoder/Decoder: Apply the ROT13 letter-substitution cipher to text,blog,,,rot13-encoder-decoder-guide,https://www.mytulify.com/blog/rot13-encoder-decoder-guide
ROT47 Encoder/Decoder: Apply the ROT47 substitution cipher to text,blog,,,rot47-encoder-decoder-guide,https://www.mytulify.com/blog/rot47-encoder-decoder-guide
Rotate Image: Rotate an image by 90 degrees or any angle,blog,,,rotate-image-guide,https://www.mytulify.com/blog/rotate-image-guide
Rotate PDF: Rotate one or all pages of a PDF and save permanently,blog,,,rotate-pdf-guide,https://www.mytulify.com/blog/rotate-pdf-guide
"Salary Calculator: Convert pay between hourly, weekly, monthly, and annual rates",blog,,,salary-calculator-guide,https://www.mytulify.com/blog/salary-calculator-guide
Salary Tax Calculator: Estimate income tax and net salary from gross pay,blog,,,salary-tax-calculator-guide,https://www.mytulify.com/blog/salary-tax-calculator-guide
Sales Tax Calculator: Add sales tax to a price or extract tax from a gross amount,blog,,,sales-tax-calculator-guide,https://www.mytulify.com/blog/sales-tax-calculator-guide
Salt Generator: Generate random cryptographic salts in hex or Base64,blog,,,salt-generator-guide,https://www.mytulify.com/blog/salt-generator-guide
"Schema Markup Generator: Generate JSON-LD structured data for articles, products, FAQs, and more",blog,,,schema-markup-generator-guide,https://www.mytulify.com/blog/schema-markup-generator-guide
"Schema Markup Validator: Validate JSON-LD structure for FAQ, HowTo, Product, LocalBusiness, and common schema errors",blog,,,schema-markup-validator-guide,https://www.mytulify.com/blog/schema-markup-validator-guide
"Scientific Calculator: Full-function calculator with trig, logs, exponents, and constants",blog,,,scientific-calculator-guide,https://www.mytulify.com/blog/scientific-calculator-guide
"Screenshot Auto-Anonymizer: Blur or blackout faces, text, credit cards, and sensitive objects in screenshots — 100% private in your browser",blog,,,screenshot-auto-anonymizer-guide,https://www.mytulify.com/blog/screenshot-auto-anonymizer-guide
SCSS Calculator Guide — Estimate Senior Citizen Savings Scheme Interest,blog,,,scss-calculator-guide,https://www.mytulify.com/blog/scss-calculator-guide
SCSS vs FD — Quarterly Payouts or Compounding Maturity,blog,,,scss-vs-fd,https://www.mytulify.com/blog/scss-vs-fd
"Search Intent Classifier: Classify keywords as informational, commercial, transactional, or navigational with page-type suggestions",blog,,,search-intent-classifier-guide,https://www.mytulify.com/blog/search-intent-classifier-guide
Secure UUID Generator: Generate cryptographically secure v4 UUIDs,blog,,,secure-uuid-generator-guide,https://www.mytulify.com/blog/secure-uuid-generator-guide
"Security Headers Generator: Generate HSTS, CSP, X-Frame-Options and other OWASP headers for Nginx, Apache, or Cloudflare",blog,,,security-headers-generator-guide,https://www.mytulify.com/blog/security-headers-generator-guide
Self-Employment Tax Calculator: Estimate US self-employment tax or Pakistan income tax on freelance net income — for planning only,blog,,,self-employment-tax-calculator-guide,https://www.mytulify.com/blog/self-employment-tax-calculator-guide
"Seller Net Calculator: Estimate seller net proceeds after commission, mortgage payoff, closing costs, and repairs",blog,,,seller-net-calculator-guide,https://www.mytulify.com/blog/seller-net-calculator-guide
Sentence Counter: Count sentences and average sentence length in text,blog,,,sentence-counter-guide,https://www.mytulify.com/blog/sentence-counter-guide
"SEO Audit Checklist: Interactive technical, on-page, E-E-A-T, and link audit checklist with progress saved in your browser",blog,,,seo-audit-checklist-guide,https://www.mytulify.com/blog/seo-audit-checklist-guide
"SEO Content Score: Score on-page SEO for a draft — keyword placement, density, title/meta length, and scannability",blog,,,seo-content-score-guide,https://www.mytulify.com/blog/seo-content-score-guide
SERP Snippet Preview: Preview how a page appears in Google results with pixel-width checks,blog,,,serp-snippet-preview-guide,https://www.mytulify.com/blog/serp-snippet-preview-guide
SHA-1 Hash Generator: Compute SHA-1 hashes for text input,blog,,,sha1-hash-generator-guide,https://www.mytulify.com/blog/sha1-hash-generator-guide
SHA-256 Hash Generator: Generate SHA-256 hashes via the Web Crypto API,blog,,,sha256-hash-generator-guide,https://www.mytulify.com/blog/sha256-hash-generator-guide
SHA-512 Hash Generator: Generate SHA-512 hashes for text,blog,,,sha512-hash-generator-guide,https://www.mytulify.com/blog/sha512-hash-generator-guide
"Shoe Size Converter: Convert shoe sizes between US, UK, EU, and centimeters",blog,,,shoe-size-converter-guide,https://www.mytulify.com/blog/shoe-size-converter-guide
"Sign PDF: Preview PDF pages, draw/type/upload signatures, drag & resize placement, multi-page signing — free in browser",blog,,,sign-pdf-guide,https://www.mytulify.com/blog/sign-pdf-guide
SIP Calculator Guide — Estimate Mutual Fund Returns Before You Invest,blog,,,sip-calculator-guide,https://www.mytulify.com/blog/sip-calculator-guide
SIP vs Lumpsum — Which Investment Style Fits Your Cash Flow?,blog,,,sip-vs-lumpsum,https://www.mytulify.com/blog/sip-vs-lumpsum
Sleep Calculator: Suggest bedtimes or wake times based on 90-minute sleep cycles,blog,,,sleep-calculator-guide,https://www.mytulify.com/blog/sleep-calculator-guide
Slug Generator: Create SEO-friendly URL slugs from text,blog,,,slug-generator-guide,https://www.mytulify.com/blog/slug-generator-guide
Small Text Generator: Convert text to superscript and small-caps Unicode characters,blog,,,small-text-generator-guide,https://www.mytulify.com/blog/small-text-generator-guide
Social Media Image Sizes: Reference of current image/video dimensions per platform,blog,,,social-media-image-sizes-guide,https://www.mytulify.com/blog/social-media-image-sizes-guide
Social Preview Tester: Preview how a link will look when shared across platforms,blog,,,social-preview-tester-guide,https://www.mytulify.com/blog/social-preview-tester-guide
"Sort Text Lines: Sort lines alphabetically, numerically or reverse their order",blog,,,sort-text-lines-guide,https://www.mytulify.com/blog/sort-text-lines-guide
Speech to Text: Dictate speech into editable text in your browser with live transcript and multi-language support,blog,,,speech-to-text-guide,https://www.mytulify.com/blog/speech-to-text-guide
"Speed Converter: Convert mph, km/h, m/s, knots, and other speed units",blog,,,speed-converter-guide,https://www.mytulify.com/blog/speed-converter-guide
Split PDF: Separate a PDF into multiple files by page ranges,blog,,,split-pdf-guide,https://www.mytulify.com/blog/split-pdf-guide
Split PDF in Half: Cut each PDF page vertically or horizontally into two,blog,,,split-pdf-in-half-guide,https://www.mytulify.com/blog/split-pdf-in-half-guide
"Spray Foam Calculator: Convert wall area and foam thickness into board feet, spray foam kits, and material cost",blog,,,spray-foam-calculator-guide,https://www.mytulify.com/blog/spray-foam-calculator-guide
SQL Formatter: Beautify and indent SQL queries for readability,blog,,,sql-formatter-guide,https://www.mytulify.com/blog/sql-formatter-guide
"AI SQL Query Generator: Describe a query in English and get correct SQL for Postgres, MySQL, SQLite or T-SQL, explained back to you",blog,,,sql-query-generator-guide,https://www.mytulify.com/blog/sql-query-generator-guide
SQL to JSON Converter: Convert SQL INSERT statements into JSON or CSV,blog,,,sql-to-json-guide,https://www.mytulify.com/blog/sql-to-json-guide
"Square Footage Calculator for Rooms, Circles, and Odd Lots",blog,,,square-footage-calculator-guide,https://www.mytulify.com/blog/square-footage-calculator-guide
SSY Calculator Guide — Estimate Sukanya Samriddhi Yojana Maturity,blog,,,ssy-calculator-guide,https://www.mytulify.com/blog/ssy-calculator-guide
SSY vs PPF — Which Long-Term Savings Plan Fits Your Goal,blog,,,ssy-vs-ppf,https://www.mytulify.com/blog/ssy-vs-ppf
"Standard Deviation Calculator: Compute mean, variance, and standard deviation for a data set",blog,,,standard-deviation-calculator-guide,https://www.mytulify.com/blog/standard-deviation-calculator-guide
Strikethrough Text Generator: Add strikethrough or underline Unicode styling to text,blog,,,strikethrough-text-generator-guide,https://www.mytulify.com/blog/strikethrough-text-generator-guide
Subnet Overlap Visualizer: Paste multiple CIDR blocks or IP ranges and see their coverage and overlaps on a visual map,blog,,,subnet-overlap-visualizer-guide,https://www.mytulify.com/blog/subnet-overlap-visualizer-guide
SVG to PNG: Rasterize SVG vector files to PNG at any size,blog,,,svg-to-png-guide,https://www.mytulify.com/blog/svg-to-png-guide
SWP Calculator Guide — Plan Monthly Mutual Fund Withdrawals,blog,,,swp-calculator-guide,https://www.mytulify.com/blog/swp-calculator-guide
SWP vs SIP — When to Invest Monthly and When to Withdraw,blog,,,swp-vs-sip,https://www.mytulify.com/blog/swp-vs-sip
"Systemd Timer Explainer: Explain and build systemd OnCalendar expressions in plain English, with the next 5 run times",blog,,,systemd-timer-explainer-guide,https://www.mytulify.com/blog/systemd-timer-explainer-guide
Tasbih Counter: Digital Tasbih counter for dhikr and Islamic remembrance,blog,,,tasbih-counter-guide,https://www.mytulify.com/blog/tasbih-counter-guide
TDEE Calculator: Compute Total Daily Energy Expenditure from BMR and activity level,blog,,,tdee-calculator-guide,https://www.mytulify.com/blog/tdee-calculator-guide
"Temperature Converter: Convert between Celsius, Fahrenheit, and Kelvin",blog,,,temperature-converter-guide,https://www.mytulify.com/blog/temperature-converter-guide
"Test Case Generator: Paste a function and get a thorough test suite for Jest, PyTest or JUnit covering edge cases",blog,,,test-case-generator-guide,https://www.mytulify.com/blog/test-case-generator-guide
Text Diff Checker: Highlight additions and deletions between two blocks of text,blog,,,text-diff-checker-guide,https://www.mytulify.com/blog/text-diff-checker-guide
Text Repeater: Repeat a string or line a chosen number of times,blog,,,text-repeater-guide,https://www.mytulify.com/blog/text-repeater-guide
Text Shadow Generator: Create CSS text-shadow effects with live preview,blog,,,text-shadow-generator-guide,https://www.mytulify.com/blog/text-shadow-generator-guide
Text to ASCII Art: Convert words into large ASCII banner art,blog,,,text-to-ascii-art-guide,https://www.mytulify.com/blog/text-to-ascii-art-guide
Text to Handwriting: Render typed text as realistic handwriting on paper,blog,,,text-to-handwriting-guide,https://www.mytulify.com/blog/text-to-handwriting-guide
Text to Slug: Convert a title or phrase into a clean URL-friendly slug,blog,,,text-to-slug-guide,https://www.mytulify.com/blog/text-to-slug-guide
TikTok Hashtag Generator: Generate trending-style hashtags and captions for TikTok,blog,,,tiktok-hashtag-generator-guide,https://www.mytulify.com/blog/tiktok-hashtag-generator-guide
"Time Converter: Convert seconds, minutes, hours, days, weeks, and years",blog,,,time-converter-guide,https://www.mytulify.com/blog/time-converter-guide
Time Duration Calculator: Measure elapsed time between two date-times in multiple units,blog,,,time-duration-calculator-guide,https://www.mytulify.com/blog/time-duration-calculator-guide
Time Zone Converter: Convert a time between different world time zones,blog,,,time-zone-converter-guide,https://www.mytulify.com/blog/time-zone-converter-guide
Timestamp Converter: Convert Unix epoch timestamps to and from human-readable dates,blog,,,timestamp-converter-guide,https://www.mytulify.com/blog/timestamp-converter-guide
Tip Calculator: Calculate tip amount and split the total bill among multiple people,blog,,,tip-calculator-guide,https://www.mytulify.com/blog/tip-calculator-guide
"Tithing Calculator: Calculate a tithe or any percent of weekly, monthly, or yearly income",blog,,,tithing-calculator-guide,https://www.mytulify.com/blog/tithing-calculator-guide
Title Case Converter: Apply proper title capitalization rules to headlines,blog,,,title-case-converter-guide,https://www.mytulify.com/blog/title-case-converter-guide
TOTP / 2FA Code Generator: Generate time-based OTP codes from a secret for 2FA testing,blog,,,totp-generator-guide,https://www.mytulify.com/blog/totp-generator-guide
Triadic Color Generator: Create triadic three-color harmony schemes,blog,,,triadic-color-generator-guide,https://www.mytulify.com/blog/triadic-color-generator-guide
Tweet to Image: Turn real or custom tweet text into a shareable styled image,blog,,,tweet-to-image-guide,https://www.mytulify.com/blog/tweet-to-image-guide
Twitch Text Generator: Create stylized text and name ideas for Twitch profiles,blog,,,twitch-text-generator-guide,https://www.mytulify.com/blog/twitch-text-generator-guide
"Twitter Bio Generator: Build X/Twitter bios with fonts, line breaks, and emojis",blog,,,twitter-bio-generator-guide,https://www.mytulify.com/blog/twitter-bio-generator-guide
Twitter Card Generator: Build Twitter/X card meta tags and preview the card,blog,,,twitter-card-generator-guide,https://www.mytulify.com/blog/twitter-card-generator-guide
Twitter Character Counter: Count characters against the 280-limit with weighted counting,blog,,,twitter-character-counter-guide,https://www.mytulify.com/blog/twitter-character-counter-guide
TXT to PDF: Convert plain text files into a formatted PDF document,blog,,,txt-to-pdf-guide,https://www.mytulify.com/blog/txt-to-pdf-guide
Unlock PDF: Remove a known password from a PDF file,blog,,,unlock-pdf-guide,https://www.mytulify.com/blog/unlock-pdf-guide
Upside Down Text: Flip text into upside-down Unicode characters,blog,,,upside-down-text-generator-guide,https://www.mytulify.com/blog/upside-down-text-generator-guide
URL Encoder/Decoder: Percent-encode and decode URLs and query parameters,blog,,,url-encoder-decoder-guide,https://www.mytulify.com/blog/url-encoder-decoder-guide
URL Index Status Checker: Soft-check whether a URL appears indexed and open Google/Bing site: verification links,blog,,,url-index-status-checker-guide,https://www.mytulify.com/blog/url-index-status-checker-guide
"URL Indexing Toolkit: Track URLs, audit index readiness, submit IndexNow to Bing/Yandex, and verify site: index status — an honest indexing",blog,,,url-indexing-toolkit-guide,https://www.mytulify.com/blog/url-indexing-toolkit-guide
"URL Page SEO Analyzer: Paste a page URL to fetch live HTML and audit title, meta, headings, schema, images, and links",blog,,,url-page-seo-analyzer-guide,https://www.mytulify.com/blog/url-page-seo-analyzer-guide
URL Slug Generator: Convert titles into clean SEO-friendly slugs with stop-word removal,blog,,,url-slug-generator-guide,https://www.mytulify.com/blog/url-slug-generator-guide
"User Agent Parser: Parse a user-agent string into browser, OS and device",blog,,,user-agent-parser-guide,https://www.mytulify.com/blog/user-agent-parser-guide
How to Build UTM Links That Actually Track in GA4,blog,,,utm-builder-guide,https://www.mytulify.com/blog/utm-builder-guide
UUID Generator: Generate v4 UUIDs singly or in bulk,blog,,,uuid-generator-guide,https://www.mytulify.com/blog/uuid-generator-guide
VAT / GST Calculator: Add or extract VAT and GST from any amount with a custom tax rate,blog,,,vat-gst-calculator-guide,https://www.mytulify.com/blog/vat-gst-calculator-guide
vCard Generator: Generate a downloadable .vcf contact card for phones and email clients,blog,,,vcard-generator-guide,https://www.mytulify.com/blog/vcard-generator-guide
Vehicle Depreciation Calculator: Project car value year by year with a declining-balance depreciation rate,blog,,,vehicle-depreciation-calculator-guide,https://www.mytulify.com/blog/vehicle-depreciation-calculator-guide
"Video Script Studio: Upload any video → extract script, scene-by-scene remake plan, free stock B-roll links, and matching voiceover. Works f",blog,,,video-script-studio-guide,https://www.mytulify.com/blog/video-script-studio-guide
"Voltage Drop Calculator: Calculate voltage drop and percent drop for copper or aluminum wire by AWG, amps, distance, and phase",blog,,,voltage-drop-calculator-guide,https://www.mytulify.com/blog/voltage-drop-calculator-guide
"Volume Converter: Convert liters, gallons, cups, milliliters, and other volume units",blog,,,volume-converter-guide,https://www.mytulify.com/blog/volume-converter-guide
Waist-to-Hip Ratio Calculator: Calculate your waist-to-hip ratio and see your health-risk category by sex,blog,,,waist-to-hip-ratio-calculator-guide,https://www.mytulify.com/blog/waist-to-hip-ratio-calculator-guide
"Water Intake Calculator: Estimate your daily water needs based on weight, exercise and climate, shown in litres, cups and bottles",blog,,,water-intake-calculator-guide,https://www.mytulify.com/blog/water-intake-calculator-guide
WebP to JPG: Convert WebP images to widely supported JPG,blog,,,webp-to-jpg-guide,https://www.mytulify.com/blog/webp-to-jpg-guide
WebP to PNG: Convert WebP images to lossless PNG format,blog,,,webp-to-png-guide,https://www.mytulify.com/blog/webp-to-png-guide
"Weight Converter: Convert mass units like kilograms, pounds, ounces, and grams",blog,,,weight-converter-guide,https://www.mytulify.com/blog/weight-converter-guide
WhatsApp Link Generator: Create wa.me click-to-chat links with prefilled messages,blog,,,whatsapp-link-generator-guide,https://www.mytulify.com/blog/whatsapp-link-generator-guide
Whitespace Remover: Strip all whitespace or collapse multiple spaces into one,blog,,,whitespace-remover-guide,https://www.mytulify.com/blog/whitespace-remover-guide
WiFi QR Code Generator: Create a QR code that shares WiFi credentials for easy connection,blog,,,wifi-qr-code-generator-guide,https://www.mytulify.com/blog/wifi-qr-code-generator-guide
"Wire Size Calculator: Pick a wire gauge from load amps, run length, voltage, and a maximum voltage-drop percent",blog,,,wire-size-calculator-guide,https://www.mytulify.com/blog/wire-size-calculator-guide
Word Frequency Counter: Count how often each word appears and rank them by frequency,blog,,,word-frequency-counter-guide,https://www.mytulify.com/blog/word-frequency-counter-guide
Word to PDF: Convert DOC/DOCX documents into PDF files,blog,,,word-to-pdf-guide,https://www.mytulify.com/blog/word-to-pdf-guide
XIRR Calculator Guide — Annualized Return for Irregular Cash Flows,blog,,,xirr-calculator-guide,https://www.mytulify.com/blog/xirr-calculator-guide
XIRR vs CAGR — Which Return Rate Fits Your Cash Flows,blog,,,xirr-vs-cagr,https://www.mytulify.com/blog/xirr-vs-cagr
XML Formatter: Beautify and validate XML documents,blog,,,xml-formatter-guide,https://www.mytulify.com/blog/xml-formatter-guide
XML Sitemap Generator: Create an XML sitemap from a list of URLs with priority and frequency,blog,,,xml-sitemap-generator-guide,https://www.mytulify.com/blog/xml-sitemap-generator-guide
"XML Sitemap Validator: Validate sitemap XML for parse errors, bad URLs, duplicates, lastmod dates, and the 50k limit",blog,,,xml-sitemap-validator-guide,https://www.mytulify.com/blog/xml-sitemap-validator-guide
XML to JSON Converter: Parse XML into JSON and back,blog,,,xml-to-json-guide,https://www.mytulify.com/blog/xml-to-json-guide
YAML to JSON Converter: Convert YAML to pretty-printed JSON instantly in your browser,blog,,,yaml-to-json-guide,https://www.mytulify.com/blog/yaml-to-json-guide
YouTube Tag Extractor: Extract video tags from a YouTube URL or page source,blog,,,youtube-tag-extractor-guide,https://www.mytulify.com/blog/youtube-tag-extractor-guide
YouTube Thumbnail Downloader: Grab all thumbnail sizes from a YouTube video URL,blog,,,youtube-thumbnail-downloader-guide,https://www.mytulify.com/blog/youtube-thumbnail-downloader-guide
"Zakat Calculator: Calculate Zakat on gold, silver and wealth in your browser",blog,,,zakat-calculator-guide,https://www.mytulify.com/blog/zakat-calculator-guide
