keyword,source,category,category_name,tool_name,slug,url,primary_keyword,search_volume,competition
online tools,site,,,,,https://www.mytulify.com,,,
free online tools,site,,,,,https://www.mytulify.com,,,
online tools hub,site,,,,,https://www.mytulify.com,,,
pdf tools,site,,,,,https://www.mytulify.com,,,
image tools,site,,,,,https://www.mytulify.com,,,
text tools,site,,,,,https://www.mytulify.com,,,
seo tools,site,,,,,https://www.mytulify.com,,,
developer tools,site,,,,,https://www.mytulify.com,,,
unit converter,site,,,,,https://www.mytulify.com,,,
calculator,site,,,,,https://www.mytulify.com,,,
sip calculator,site,,,,,https://www.mytulify.com,,,
cagr calculator,site,,,,,https://www.mytulify.com,,,
freelancer tools,site,,,,,https://www.mytulify.com,,,
freelance contract,site,,,,,https://www.mytulify.com,,,
AI-Powered Tools,category,ai-tools,AI-Powered Tools,,,https://www.mytulify.com/ai-tools,AI-Powered Tools,,
AI-Powered Tools online,category,ai-tools,AI-Powered Tools,,,https://www.mytulify.com/ai-tools,AI-Powered Tools,,
free AI-Powered Tools,category,ai-tools,AI-Powered Tools,,,https://www.mytulify.com/ai-tools,AI-Powered Tools,,
AI-Powered Tools free,category,ai-tools,AI-Powered Tools,,,https://www.mytulify.com/ai-tools,AI-Powered Tools,,
Calculators,category,calculators,Calculators,,,https://www.mytulify.com/calculators,Calculators,,
Calculators online,category,calculators,Calculators,,,https://www.mytulify.com/calculators,Calculators,,
free Calculators,category,calculators,Calculators,,,https://www.mytulify.com/calculators,Calculators,,
Calculators free,category,calculators,Calculators,,,https://www.mytulify.com/calculators,Calculators,,
Color Tools,category,color-tools,Color Tools,,,https://www.mytulify.com/color-tools,Color Tools,,
Color Tools online,category,color-tools,Color Tools,,,https://www.mytulify.com/color-tools,Color Tools,,
free Color Tools,category,color-tools,Color Tools,,,https://www.mytulify.com/color-tools,Color Tools,,
Color Tools free,category,color-tools,Color Tools,,,https://www.mytulify.com/color-tools,Color Tools,,
Content Creator Tools,category,content-creator-tools,Content Creator Tools,,,https://www.mytulify.com/content-creator-tools,Content Creator Tools,,
Content Creator Tools online,category,content-creator-tools,Content Creator Tools,,,https://www.mytulify.com/content-creator-tools,Content Creator Tools,,
free Content Creator Tools,category,content-creator-tools,Content Creator Tools,,,https://www.mytulify.com/content-creator-tools,Content Creator Tools,,
Content Creator Tools free,category,content-creator-tools,Content Creator Tools,,,https://www.mytulify.com/content-creator-tools,Content Creator Tools,,
Converters & Generators,category,converters-generators,Converters & Generators,,,https://www.mytulify.com/converters-generators,Converters & Generators,,
Converters & Generators online,category,converters-generators,Converters & Generators,,,https://www.mytulify.com/converters-generators,Converters & Generators,,
free Converters & Generators,category,converters-generators,Converters & Generators,,,https://www.mytulify.com/converters-generators,Converters & Generators,,
Converters & Generators free,category,converters-generators,Converters & Generators,,,https://www.mytulify.com/converters-generators,Converters & Generators,,
Developer Tools,category,developer-tools,Developer Tools,,,https://www.mytulify.com/developer-tools,Developer Tools,,
Developer Tools online,category,developer-tools,Developer Tools,,,https://www.mytulify.com/developer-tools,Developer Tools,,
free Developer Tools,category,developer-tools,Developer Tools,,,https://www.mytulify.com/developer-tools,Developer Tools,,
Developer Tools free,category,developer-tools,Developer Tools,,,https://www.mytulify.com/developer-tools,Developer Tools,,
DevOps Tools,category,devops-tools,DevOps Tools,,,https://www.mytulify.com/devops-tools,DevOps Tools,,
DevOps Tools online,category,devops-tools,DevOps Tools,,,https://www.mytulify.com/devops-tools,DevOps Tools,,
free DevOps Tools,category,devops-tools,DevOps Tools,,,https://www.mytulify.com/devops-tools,DevOps Tools,,
DevOps Tools free,category,devops-tools,DevOps Tools,,,https://www.mytulify.com/devops-tools,DevOps Tools,,
Freelancer Tools,category,freelancer-tools,Freelancer Tools,,,https://www.mytulify.com/freelancer-tools,Freelancer Tools,,
Freelancer Tools online,category,freelancer-tools,Freelancer Tools,,,https://www.mytulify.com/freelancer-tools,Freelancer Tools,,
free Freelancer Tools,category,freelancer-tools,Freelancer Tools,,,https://www.mytulify.com/freelancer-tools,Freelancer Tools,,
Freelancer Tools free,category,freelancer-tools,Freelancer Tools,,,https://www.mytulify.com/freelancer-tools,Freelancer Tools,,
Health & Fitness,category,health-tools,Health & Fitness,,,https://www.mytulify.com/health-tools,Health & Fitness,,
Health & Fitness online,category,health-tools,Health & Fitness,,,https://www.mytulify.com/health-tools,Health & Fitness,,
free Health & Fitness,category,health-tools,Health & Fitness,,,https://www.mytulify.com/health-tools,Health & Fitness,,
Health & Fitness free,category,health-tools,Health & Fitness,,,https://www.mytulify.com/health-tools,Health & Fitness,,
Home & Trade Calculators,category,home-trade-calculators,Home & Trade Calculators,,,https://www.mytulify.com/home-trade-calculators,Home & Trade Calculators,,
Home & Trade Calculators online,category,home-trade-calculators,Home & Trade Calculators,,,https://www.mytulify.com/home-trade-calculators,Home & Trade Calculators,,
free Home & Trade Calculators,category,home-trade-calculators,Home & Trade Calculators,,,https://www.mytulify.com/home-trade-calculators,Home & Trade Calculators,,
Home & Trade Calculators free,category,home-trade-calculators,Home & Trade Calculators,,,https://www.mytulify.com/home-trade-calculators,Home & Trade Calculators,,
Image Tools,category,image-tools,Image Tools,,,https://www.mytulify.com/image-tools,Image Tools,,
Image Tools online,category,image-tools,Image Tools,,,https://www.mytulify.com/image-tools,Image Tools,,
free Image Tools,category,image-tools,Image Tools,,,https://www.mytulify.com/image-tools,Image Tools,,
Image Tools free,category,image-tools,Image Tools,,,https://www.mytulify.com/image-tools,Image Tools,,
PDF Tools,category,pdf-tools,PDF Tools,,,https://www.mytulify.com/pdf-tools,PDF Tools,,
PDF Tools online,category,pdf-tools,PDF Tools,,,https://www.mytulify.com/pdf-tools,PDF Tools,,
free PDF Tools,category,pdf-tools,PDF Tools,,,https://www.mytulify.com/pdf-tools,PDF Tools,,
PDF Tools free,category,pdf-tools,PDF Tools,,,https://www.mytulify.com/pdf-tools,PDF Tools,,
Security & Password Tools,category,security-password-tools,Security & Password Tools,,,https://www.mytulify.com/security-password-tools,Security & Password Tools,,
Security & Password Tools online,category,security-password-tools,Security & Password Tools,,,https://www.mytulify.com/security-password-tools,Security & Password Tools,,
free Security & Password Tools,category,security-password-tools,Security & Password Tools,,,https://www.mytulify.com/security-password-tools,Security & Password Tools,,
Security & Password Tools free,category,security-password-tools,Security & Password Tools,,,https://www.mytulify.com/security-password-tools,Security & Password Tools,,
SEO & Web Tools,category,seo-web-tools,SEO & Web Tools,,,https://www.mytulify.com/seo-web-tools,SEO & Web Tools,,
SEO & Web Tools online,category,seo-web-tools,SEO & Web Tools,,,https://www.mytulify.com/seo-web-tools,SEO & Web Tools,,
free SEO & Web Tools,category,seo-web-tools,SEO & Web Tools,,,https://www.mytulify.com/seo-web-tools,SEO & Web Tools,,
SEO & Web Tools free,category,seo-web-tools,SEO & Web Tools,,,https://www.mytulify.com/seo-web-tools,SEO & Web Tools,,
Social Media Tools,category,social-media-tools,Social Media Tools,,,https://www.mytulify.com/social-media-tools,Social Media Tools,,
Social Media Tools online,category,social-media-tools,Social Media Tools,,,https://www.mytulify.com/social-media-tools,Social Media Tools,,
free Social Media Tools,category,social-media-tools,Social Media Tools,,,https://www.mytulify.com/social-media-tools,Social Media Tools,,
Social Media Tools free,category,social-media-tools,Social Media Tools,,,https://www.mytulify.com/social-media-tools,Social Media Tools,,
Text Tools,category,text-tools,Text Tools,,,https://www.mytulify.com/text-tools,Text Tools,,
Text Tools online,category,text-tools,Text Tools,,,https://www.mytulify.com/text-tools,Text Tools,,
free Text Tools,category,text-tools,Text Tools,,,https://www.mytulify.com/text-tools,Text Tools,,
Text Tools free,category,text-tools,Text Tools,,,https://www.mytulify.com/text-tools,Text Tools,,
Unit Converters,category,unit-converters,Unit Converters,,,https://www.mytulify.com/unit-converters,Unit Converters,,
Unit Converters online,category,unit-converters,Unit Converters,,,https://www.mytulify.com/unit-converters,Unit Converters,,
free Unit Converters,category,unit-converters,Unit Converters,,,https://www.mytulify.com/unit-converters,Unit Converters,,
Unit Converters free,category,unit-converters,Unit Converters,,,https://www.mytulify.com/unit-converters,Unit Converters,,
AI Form Builder,tool,ai-tools,AI-Powered Tools,AI Form Builder,ai-form-builder,https://www.mytulify.com/ai-tools/ai-form-builder,AI Form Builder,high,low
free AI Form Builder,tool_variant,ai-tools,AI-Powered Tools,AI Form Builder,ai-form-builder,https://www.mytulify.com/ai-tools/ai-form-builder,AI Form Builder,high,low
free online AI Form Builder,tool_variant,ai-tools,AI-Powered Tools,AI Form Builder,ai-form-builder,https://www.mytulify.com/ai-tools/ai-form-builder,AI Form Builder,high,low
AI Form Builder online,tool_variant,ai-tools,AI-Powered Tools,AI Form Builder,ai-form-builder,https://www.mytulify.com/ai-tools/ai-form-builder,AI Form Builder,high,low
AI-Powered Tools AI Form Builder,tool_variant,ai-tools,AI-Powered Tools,AI Form Builder,ai-form-builder,https://www.mytulify.com/ai-tools/ai-form-builder,AI Form Builder,high,low
"60+ ready-made forms from any country, or describe a custom form in any language",tool_variant,ai-tools,AI-Powered Tools,AI Form Builder,ai-form-builder,https://www.mytulify.com/ai-tools/ai-form-builder,AI Form Builder,high,low
AI Code Explainer,tool,ai-tools,AI-Powered Tools,AI Code Explainer,code-explainer,https://www.mytulify.com/ai-tools/code-explainer,AI Code Explainer,high,medium
free AI Code Explainer,tool_variant,ai-tools,AI-Powered Tools,AI Code Explainer,code-explainer,https://www.mytulify.com/ai-tools/code-explainer,AI Code Explainer,high,medium
free online AI Code Explainer,tool_variant,ai-tools,AI-Powered Tools,AI Code Explainer,code-explainer,https://www.mytulify.com/ai-tools/code-explainer,AI Code Explainer,high,medium
AI Code Explainer online,tool_variant,ai-tools,AI-Powered Tools,AI Code Explainer,code-explainer,https://www.mytulify.com/ai-tools/code-explainer,AI Code Explainer,high,medium
code explainer,tool_variant,ai-tools,AI-Powered Tools,AI Code Explainer,code-explainer,https://www.mytulify.com/ai-tools/code-explainer,AI Code Explainer,high,medium
AI-Powered Tools AI Code Explainer,tool_variant,ai-tools,AI-Powered Tools,AI Code Explainer,code-explainer,https://www.mytulify.com/ai-tools/code-explainer,AI Code Explainer,high,medium
"Paste code and get a plain-English explanation, with likely bugs flagged",tool_variant,ai-tools,AI-Powered Tools,AI Code Explainer,code-explainer,https://www.mytulify.com/ai-tools/code-explainer,AI Code Explainer,high,medium
AI SQL Query Generator,tool,ai-tools,AI-Powered Tools,AI SQL Query Generator,sql-query-generator,https://www.mytulify.com/ai-tools/sql-query-generator,AI SQL Query Generator,high,medium
free AI SQL Query Generator,tool_variant,ai-tools,AI-Powered Tools,AI SQL Query Generator,sql-query-generator,https://www.mytulify.com/ai-tools/sql-query-generator,AI SQL Query Generator,high,medium
free online AI SQL Query Generator,tool_variant,ai-tools,AI-Powered Tools,AI SQL Query Generator,sql-query-generator,https://www.mytulify.com/ai-tools/sql-query-generator,AI SQL Query Generator,high,medium
AI SQL Query Generator online,tool_variant,ai-tools,AI-Powered Tools,AI SQL Query Generator,sql-query-generator,https://www.mytulify.com/ai-tools/sql-query-generator,AI SQL Query Generator,high,medium
sql query generator,tool_variant,ai-tools,AI-Powered Tools,AI SQL Query Generator,sql-query-generator,https://www.mytulify.com/ai-tools/sql-query-generator,AI SQL Query Generator,high,medium
AI-Powered Tools AI SQL Query Generator,tool_variant,ai-tools,AI-Powered Tools,AI SQL Query Generator,sql-query-generator,https://www.mytulify.com/ai-tools/sql-query-generator,AI SQL Query Generator,high,medium
"Describe a query in English and get correct SQL for Postgres, MySQL, SQLite or T-SQL, explained back to you",tool_variant,ai-tools,AI-Powered Tools,AI SQL Query Generator,sql-query-generator,https://www.mytulify.com/ai-tools/sql-query-generator,AI SQL Query Generator,high,medium
AI Error Diagnoser,tool,ai-tools,AI-Powered Tools,AI Error Diagnoser,error-diagnoser,https://www.mytulify.com/ai-tools/error-diagnoser,AI Error Diagnoser,medium,low
free AI Error Diagnoser,tool_variant,ai-tools,AI-Powered Tools,AI Error Diagnoser,error-diagnoser,https://www.mytulify.com/ai-tools/error-diagnoser,AI Error Diagnoser,medium,low
free online AI Error Diagnoser,tool_variant,ai-tools,AI-Powered Tools,AI Error Diagnoser,error-diagnoser,https://www.mytulify.com/ai-tools/error-diagnoser,AI Error Diagnoser,medium,low
AI Error Diagnoser online,tool_variant,ai-tools,AI-Powered Tools,AI Error Diagnoser,error-diagnoser,https://www.mytulify.com/ai-tools/error-diagnoser,AI Error Diagnoser,medium,low
error diagnoser,tool_variant,ai-tools,AI-Powered Tools,AI Error Diagnoser,error-diagnoser,https://www.mytulify.com/ai-tools/error-diagnoser,AI Error Diagnoser,medium,low
AI-Powered Tools AI Error Diagnoser,tool_variant,ai-tools,AI-Powered Tools,AI Error Diagnoser,error-diagnoser,https://www.mytulify.com/ai-tools/error-diagnoser,AI Error Diagnoser,medium,low
Paste an error or stack trace and get the root cause plus the exact code fix as a diff,tool_variant,ai-tools,AI-Powered Tools,AI Error Diagnoser,error-diagnoser,https://www.mytulify.com/ai-tools/error-diagnoser,AI Error Diagnoser,medium,low
AI Code Review Assistant,tool,ai-tools,AI-Powered Tools,AI Code Review Assistant,code-review-assistant,https://www.mytulify.com/ai-tools/code-review-assistant,AI Code Review Assistant,medium,medium
free AI Code Review Assistant,tool_variant,ai-tools,AI-Powered Tools,AI Code Review Assistant,code-review-assistant,https://www.mytulify.com/ai-tools/code-review-assistant,AI Code Review Assistant,medium,medium
free online AI Code Review Assistant,tool_variant,ai-tools,AI-Powered Tools,AI Code Review Assistant,code-review-assistant,https://www.mytulify.com/ai-tools/code-review-assistant,AI Code Review Assistant,medium,medium
AI Code Review Assistant online,tool_variant,ai-tools,AI-Powered Tools,AI Code Review Assistant,code-review-assistant,https://www.mytulify.com/ai-tools/code-review-assistant,AI Code Review Assistant,medium,medium
code review assistant,tool_variant,ai-tools,AI-Powered Tools,AI Code Review Assistant,code-review-assistant,https://www.mytulify.com/ai-tools/code-review-assistant,AI Code Review Assistant,medium,medium
AI-Powered Tools AI Code Review Assistant,tool_variant,ai-tools,AI-Powered Tools,AI Code Review Assistant,code-review-assistant,https://www.mytulify.com/ai-tools/code-review-assistant,AI Code Review Assistant,medium,medium
"Get feedback on your code split into Security, Performance and Style sections",tool_variant,ai-tools,AI-Powered Tools,AI Code Review Assistant,code-review-assistant,https://www.mytulify.com/ai-tools/code-review-assistant,AI Code Review Assistant,medium,medium
AI Regex Generator,tool,ai-tools,AI-Powered Tools,AI Regex Generator,regex-generator,https://www.mytulify.com/ai-tools/regex-generator,AI Regex Generator,high,medium
free AI Regex Generator,tool_variant,ai-tools,AI-Powered Tools,AI Regex Generator,regex-generator,https://www.mytulify.com/ai-tools/regex-generator,AI Regex Generator,high,medium
free online AI Regex Generator,tool_variant,ai-tools,AI-Powered Tools,AI Regex Generator,regex-generator,https://www.mytulify.com/ai-tools/regex-generator,AI Regex Generator,high,medium
AI Regex Generator online,tool_variant,ai-tools,AI-Powered Tools,AI Regex Generator,regex-generator,https://www.mytulify.com/ai-tools/regex-generator,AI Regex Generator,high,medium
regex generator,tool_variant,ai-tools,AI-Powered Tools,AI Regex Generator,regex-generator,https://www.mytulify.com/ai-tools/regex-generator,AI Regex Generator,high,medium
AI-Powered Tools AI Regex Generator,tool_variant,ai-tools,AI-Powered Tools,AI Regex Generator,regex-generator,https://www.mytulify.com/ai-tools/regex-generator,AI Regex Generator,high,medium
"Turn a plain-English description into a working regular expression, with an explanation and examples",tool_variant,ai-tools,AI-Powered Tools,AI Regex Generator,regex-generator,https://www.mytulify.com/ai-tools/regex-generator,AI Regex Generator,high,medium
AI Commit Message Generator,tool,ai-tools,AI-Powered Tools,AI Commit Message Generator,commit-message-generator,https://www.mytulify.com/ai-tools/commit-message-generator,AI Commit Message Generator,medium,low
free AI Commit Message Generator,tool_variant,ai-tools,AI-Powered Tools,AI Commit Message Generator,commit-message-generator,https://www.mytulify.com/ai-tools/commit-message-generator,AI Commit Message Generator,medium,low
free online AI Commit Message Generator,tool_variant,ai-tools,AI-Powered Tools,AI Commit Message Generator,commit-message-generator,https://www.mytulify.com/ai-tools/commit-message-generator,AI Commit Message Generator,medium,low
AI Commit Message Generator online,tool_variant,ai-tools,AI-Powered Tools,AI Commit Message Generator,commit-message-generator,https://www.mytulify.com/ai-tools/commit-message-generator,AI Commit Message Generator,medium,low
commit message generator,tool_variant,ai-tools,AI-Powered Tools,AI Commit Message Generator,commit-message-generator,https://www.mytulify.com/ai-tools/commit-message-generator,AI Commit Message Generator,medium,low
AI-Powered Tools AI Commit Message Generator,tool_variant,ai-tools,AI-Powered Tools,AI Commit Message Generator,commit-message-generator,https://www.mytulify.com/ai-tools/commit-message-generator,AI Commit Message Generator,medium,low
"Turn a git diff into a clean commit message — Conventional Commits, Gitmoji or plain style",tool_variant,ai-tools,AI-Powered Tools,AI Commit Message Generator,commit-message-generator,https://www.mytulify.com/ai-tools/commit-message-generator,AI Commit Message Generator,medium,low
AI README Generator,tool,ai-tools,AI-Powered Tools,AI README Generator,readme-generator,https://www.mytulify.com/ai-tools/readme-generator,AI README Generator,medium,medium
free AI README Generator,tool_variant,ai-tools,AI-Powered Tools,AI README Generator,readme-generator,https://www.mytulify.com/ai-tools/readme-generator,AI README Generator,medium,medium
free online AI README Generator,tool_variant,ai-tools,AI-Powered Tools,AI README Generator,readme-generator,https://www.mytulify.com/ai-tools/readme-generator,AI README Generator,medium,medium
AI README Generator online,tool_variant,ai-tools,AI-Powered Tools,AI README Generator,readme-generator,https://www.mytulify.com/ai-tools/readme-generator,AI README Generator,medium,medium
readme generator,tool_variant,ai-tools,AI-Powered Tools,AI README Generator,readme-generator,https://www.mytulify.com/ai-tools/readme-generator,AI README Generator,medium,medium
AI-Powered Tools AI README Generator,tool_variant,ai-tools,AI-Powered Tools,AI README Generator,readme-generator,https://www.mytulify.com/ai-tools/readme-generator,AI README Generator,medium,medium
Generate a professional README,tool_variant,ai-tools,AI-Powered Tools,AI README Generator,readme-generator,https://www.mytulify.com/ai-tools/readme-generator,AI README Generator,medium,medium
Test Case Generator,tool,ai-tools,AI-Powered Tools,Test Case Generator,test-case-generator,https://www.mytulify.com/ai-tools/test-case-generator,Test Case Generator,medium,low
free Test Case Generator,tool_variant,ai-tools,AI-Powered Tools,Test Case Generator,test-case-generator,https://www.mytulify.com/ai-tools/test-case-generator,Test Case Generator,medium,low
free online Test Case Generator,tool_variant,ai-tools,AI-Powered Tools,Test Case Generator,test-case-generator,https://www.mytulify.com/ai-tools/test-case-generator,Test Case Generator,medium,low
Test Case Generator online,tool_variant,ai-tools,AI-Powered Tools,Test Case Generator,test-case-generator,https://www.mytulify.com/ai-tools/test-case-generator,Test Case Generator,medium,low
AI-Powered Tools Test Case Generator,tool_variant,ai-tools,AI-Powered Tools,Test Case Generator,test-case-generator,https://www.mytulify.com/ai-tools/test-case-generator,Test Case Generator,medium,low
"Paste a function and get a thorough test suite for Jest, PyTest or JUnit covering edge cases",tool_variant,ai-tools,AI-Powered Tools,Test Case Generator,test-case-generator,https://www.mytulify.com/ai-tools/test-case-generator,Test Case Generator,medium,low
AI Docker Compose Generator,tool,ai-tools,AI-Powered Tools,AI Docker Compose Generator,docker-compose-generator,https://www.mytulify.com/ai-tools/docker-compose-generator,AI Docker Compose Generator,medium,low
free AI Docker Compose Generator,tool_variant,ai-tools,AI-Powered Tools,AI Docker Compose Generator,docker-compose-generator,https://www.mytulify.com/ai-tools/docker-compose-generator,AI Docker Compose Generator,medium,low
free online AI Docker Compose Generator,tool_variant,ai-tools,AI-Powered Tools,AI Docker Compose Generator,docker-compose-generator,https://www.mytulify.com/ai-tools/docker-compose-generator,AI Docker Compose Generator,medium,low
AI Docker Compose Generator online,tool_variant,ai-tools,AI-Powered Tools,AI Docker Compose Generator,docker-compose-generator,https://www.mytulify.com/ai-tools/docker-compose-generator,AI Docker Compose Generator,medium,low
docker compose generator,tool_variant,ai-tools,AI-Powered Tools,AI Docker Compose Generator,docker-compose-generator,https://www.mytulify.com/ai-tools/docker-compose-generator,AI Docker Compose Generator,medium,low
AI-Powered Tools AI Docker Compose Generator,tool_variant,ai-tools,AI-Powered Tools,AI Docker Compose Generator,docker-compose-generator,https://www.mytulify.com/ai-tools/docker-compose-generator,AI Docker Compose Generator,medium,low
AI Cron Expression Explainer,tool,ai-tools,AI-Powered Tools,AI Cron Expression Explainer,cron-explainer,https://www.mytulify.com/ai-tools/cron-explainer,AI Cron Expression Explainer,medium,low
free AI Cron Expression Explainer,tool_variant,ai-tools,AI-Powered Tools,AI Cron Expression Explainer,cron-explainer,https://www.mytulify.com/ai-tools/cron-explainer,AI Cron Expression Explainer,medium,low
free online AI Cron Expression Explainer,tool_variant,ai-tools,AI-Powered Tools,AI Cron Expression Explainer,cron-explainer,https://www.mytulify.com/ai-tools/cron-explainer,AI Cron Expression Explainer,medium,low
AI Cron Expression Explainer online,tool_variant,ai-tools,AI-Powered Tools,AI Cron Expression Explainer,cron-explainer,https://www.mytulify.com/ai-tools/cron-explainer,AI Cron Expression Explainer,medium,low
cron explainer,tool_variant,ai-tools,AI-Powered Tools,AI Cron Expression Explainer,cron-explainer,https://www.mytulify.com/ai-tools/cron-explainer,AI Cron Expression Explainer,medium,low
AI-Powered Tools AI Cron Expression Explainer,tool_variant,ai-tools,AI-Powered Tools,AI Cron Expression Explainer,cron-explainer,https://www.mytulify.com/ai-tools/cron-explainer,AI Cron Expression Explainer,medium,low
"Convert plain English to a cron expression or explain any cron expression, with timezone-aware next run times",tool_variant,ai-tools,AI-Powered Tools,AI Cron Expression Explainer,cron-explainer,https://www.mytulify.com/ai-tools/cron-explainer,AI Cron Expression Explainer,medium,low
AI Cover Letter Generator,tool,ai-tools,AI-Powered Tools,AI Cover Letter Generator,cover-letter-generator,https://www.mytulify.com/ai-tools/cover-letter-generator,AI Cover Letter Generator,high,medium
free AI Cover Letter Generator,tool_variant,ai-tools,AI-Powered Tools,AI Cover Letter Generator,cover-letter-generator,https://www.mytulify.com/ai-tools/cover-letter-generator,AI Cover Letter Generator,high,medium
free online AI Cover Letter Generator,tool_variant,ai-tools,AI-Powered Tools,AI Cover Letter Generator,cover-letter-generator,https://www.mytulify.com/ai-tools/cover-letter-generator,AI Cover Letter Generator,high,medium
AI Cover Letter Generator online,tool_variant,ai-tools,AI-Powered Tools,AI Cover Letter Generator,cover-letter-generator,https://www.mytulify.com/ai-tools/cover-letter-generator,AI Cover Letter Generator,high,medium
cover letter generator,tool_variant,ai-tools,AI-Powered Tools,AI Cover Letter Generator,cover-letter-generator,https://www.mytulify.com/ai-tools/cover-letter-generator,AI Cover Letter Generator,high,medium
AI-Powered Tools AI Cover Letter Generator,tool_variant,ai-tools,AI-Powered Tools,AI Cover Letter Generator,cover-letter-generator,https://www.mytulify.com/ai-tools/cover-letter-generator,AI Cover Letter Generator,high,medium
"Paste a job description and your background — get a tailored, ATS-friendly cover letter in seconds",tool_variant,ai-tools,AI-Powered Tools,AI Cover Letter Generator,cover-letter-generator,https://www.mytulify.com/ai-tools/cover-letter-generator,AI Cover Letter Generator,high,medium
ATS Resume Checker,tool,ai-tools,AI-Powered Tools,ATS Resume Checker,ats-resume-checker,https://www.mytulify.com/ai-tools/ats-resume-checker,ATS Resume Checker,high,medium
free ATS Resume Checker,tool_variant,ai-tools,AI-Powered Tools,ATS Resume Checker,ats-resume-checker,https://www.mytulify.com/ai-tools/ats-resume-checker,ATS Resume Checker,high,medium
free online ATS Resume Checker,tool_variant,ai-tools,AI-Powered Tools,ATS Resume Checker,ats-resume-checker,https://www.mytulify.com/ai-tools/ats-resume-checker,ATS Resume Checker,high,medium
ATS Resume Checker online,tool_variant,ai-tools,AI-Powered Tools,ATS Resume Checker,ats-resume-checker,https://www.mytulify.com/ai-tools/ats-resume-checker,ATS Resume Checker,high,medium
AI-Powered Tools ATS Resume Checker,tool_variant,ai-tools,AI-Powered Tools,ATS Resume Checker,ats-resume-checker,https://www.mytulify.com/ai-tools/ats-resume-checker,ATS Resume Checker,high,medium
"Upload a CV and a job ad — see ATS parseability, keyword match, and a detailed issue list with fixes",tool_variant,ai-tools,AI-Powered Tools,ATS Resume Checker,ats-resume-checker,https://www.mytulify.com/ai-tools/ats-resume-checker,ATS Resume Checker,high,medium
AI PR Description Generator,tool,ai-tools,AI-Powered Tools,AI PR Description Generator,pr-description-generator,https://www.mytulify.com/ai-tools/pr-description-generator,AI PR Description Generator,medium,low
free AI PR Description Generator,tool_variant,ai-tools,AI-Powered Tools,AI PR Description Generator,pr-description-generator,https://www.mytulify.com/ai-tools/pr-description-generator,AI PR Description Generator,medium,low
free online AI PR Description Generator,tool_variant,ai-tools,AI-Powered Tools,AI PR Description Generator,pr-description-generator,https://www.mytulify.com/ai-tools/pr-description-generator,AI PR Description Generator,medium,low
AI PR Description Generator online,tool_variant,ai-tools,AI-Powered Tools,AI PR Description Generator,pr-description-generator,https://www.mytulify.com/ai-tools/pr-description-generator,AI PR Description Generator,medium,low
pr description generator,tool_variant,ai-tools,AI-Powered Tools,AI PR Description Generator,pr-description-generator,https://www.mytulify.com/ai-tools/pr-description-generator,AI PR Description Generator,medium,low
AI-Powered Tools AI PR Description Generator,tool_variant,ai-tools,AI-Powered Tools,AI PR Description Generator,pr-description-generator,https://www.mytulify.com/ai-tools/pr-description-generator,AI PR Description Generator,medium,low
Turn a git diff or change summary into a clear pull request title and description with test plan,tool_variant,ai-tools,AI-Powered Tools,AI PR Description Generator,pr-description-generator,https://www.mytulify.com/ai-tools/pr-description-generator,AI PR Description Generator,medium,low
AI Interview Answer Generator,tool,ai-tools,AI-Powered Tools,AI Interview Answer Generator,interview-answer-generator,https://www.mytulify.com/ai-tools/interview-answer-generator,AI Interview Answer Generator,high,medium
free AI Interview Answer Generator,tool_variant,ai-tools,AI-Powered Tools,AI Interview Answer Generator,interview-answer-generator,https://www.mytulify.com/ai-tools/interview-answer-generator,AI Interview Answer Generator,high,medium
free online AI Interview Answer Generator,tool_variant,ai-tools,AI-Powered Tools,AI Interview Answer Generator,interview-answer-generator,https://www.mytulify.com/ai-tools/interview-answer-generator,AI Interview Answer Generator,high,medium
AI Interview Answer Generator online,tool_variant,ai-tools,AI-Powered Tools,AI Interview Answer Generator,interview-answer-generator,https://www.mytulify.com/ai-tools/interview-answer-generator,AI Interview Answer Generator,high,medium
interview answer generator,tool_variant,ai-tools,AI-Powered Tools,AI Interview Answer Generator,interview-answer-generator,https://www.mytulify.com/ai-tools/interview-answer-generator,AI Interview Answer Generator,high,medium
AI-Powered Tools AI Interview Answer Generator,tool_variant,ai-tools,AI-Powered Tools,AI Interview Answer Generator,interview-answer-generator,https://www.mytulify.com/ai-tools/interview-answer-generator,AI Interview Answer Generator,high,medium
Get STAR-method answers to behavioral and technical interview questions tailored to your experience,tool_variant,ai-tools,AI-Powered Tools,AI Interview Answer Generator,interview-answer-generator,https://www.mytulify.com/ai-tools/interview-answer-generator,AI Interview Answer Generator,high,medium
BMI Calculator,tool,calculators,Calculators,BMI Calculator,bmi-calculator,https://www.mytulify.com/calculators/bmi-calculator,BMI Calculator,high,medium
free BMI Calculator,tool_variant,calculators,Calculators,BMI Calculator,bmi-calculator,https://www.mytulify.com/calculators/bmi-calculator,BMI Calculator,high,medium
free online BMI Calculator,tool_variant,calculators,Calculators,BMI Calculator,bmi-calculator,https://www.mytulify.com/calculators/bmi-calculator,BMI Calculator,high,medium
BMI Calculator online,tool_variant,calculators,Calculators,BMI Calculator,bmi-calculator,https://www.mytulify.com/calculators/bmi-calculator,BMI Calculator,high,medium
Calculators BMI Calculator,tool_variant,calculators,Calculators,BMI Calculator,bmi-calculator,https://www.mytulify.com/calculators/bmi-calculator,BMI Calculator,high,medium
Calculate Body Mass Index from height and weight in metric or imperial units,tool_variant,calculators,Calculators,BMI Calculator,bmi-calculator,https://www.mytulify.com/calculators/bmi-calculator,BMI Calculator,high,medium
Percentage Calculator,tool,calculators,Calculators,Percentage Calculator,percentage-calculator,https://www.mytulify.com/calculators/percentage-calculator,Percentage Calculator,high,medium
free Percentage Calculator,tool_variant,calculators,Calculators,Percentage Calculator,percentage-calculator,https://www.mytulify.com/calculators/percentage-calculator,Percentage Calculator,high,medium
free online Percentage Calculator,tool_variant,calculators,Calculators,Percentage Calculator,percentage-calculator,https://www.mytulify.com/calculators/percentage-calculator,Percentage Calculator,high,medium
Percentage Calculator online,tool_variant,calculators,Calculators,Percentage Calculator,percentage-calculator,https://www.mytulify.com/calculators/percentage-calculator,Percentage Calculator,high,medium
Calculators Percentage Calculator,tool_variant,calculators,Calculators,Percentage Calculator,percentage-calculator,https://www.mytulify.com/calculators/percentage-calculator,Percentage Calculator,high,medium
"Find percentages, percentage change, and what percent one number is of another",tool_variant,calculators,Calculators,Percentage Calculator,percentage-calculator,https://www.mytulify.com/calculators/percentage-calculator,Percentage Calculator,high,medium
Age Calculator,tool,calculators,Calculators,Age Calculator,age-calculator,https://www.mytulify.com/calculators/age-calculator,Age Calculator,high,low
free Age Calculator,tool_variant,calculators,Calculators,Age Calculator,age-calculator,https://www.mytulify.com/calculators/age-calculator,Age Calculator,high,low
free online Age Calculator,tool_variant,calculators,Calculators,Age Calculator,age-calculator,https://www.mytulify.com/calculators/age-calculator,Age Calculator,high,low
Age Calculator online,tool_variant,calculators,Calculators,Age Calculator,age-calculator,https://www.mytulify.com/calculators/age-calculator,Age Calculator,high,low
Calculators Age Calculator,tool_variant,calculators,Calculators,Age Calculator,age-calculator,https://www.mytulify.com/calculators/age-calculator,Age Calculator,high,low
"Compute exact age in years, months, weeks, and days from a date of birth",tool_variant,calculators,Calculators,Age Calculator,age-calculator,https://www.mytulify.com/calculators/age-calculator,Age Calculator,high,low
Loan Calculator,tool,calculators,Calculators,Loan Calculator,loan-calculator,https://www.mytulify.com/calculators/loan-calculator,Loan Calculator,high,medium
free Loan Calculator,tool_variant,calculators,Calculators,Loan Calculator,loan-calculator,https://www.mytulify.com/calculators/loan-calculator,Loan Calculator,high,medium
free online Loan Calculator,tool_variant,calculators,Calculators,Loan Calculator,loan-calculator,https://www.mytulify.com/calculators/loan-calculator,Loan Calculator,high,medium
Loan Calculator online,tool_variant,calculators,Calculators,Loan Calculator,loan-calculator,https://www.mytulify.com/calculators/loan-calculator,Loan Calculator,high,medium
Calculators Loan Calculator,tool_variant,calculators,Calculators,Loan Calculator,loan-calculator,https://www.mytulify.com/calculators/loan-calculator,Loan Calculator,high,medium
"Estimate monthly payments, total interest, and payoff for any loan",tool_variant,calculators,Calculators,Loan Calculator,loan-calculator,https://www.mytulify.com/calculators/loan-calculator,Loan Calculator,high,medium
Mortgage Calculator,tool,calculators,Calculators,Mortgage Calculator,mortgage-calculator,https://www.mytulify.com/calculators/mortgage-calculator,Mortgage Calculator,high,medium
free Mortgage Calculator,tool_variant,calculators,Calculators,Mortgage Calculator,mortgage-calculator,https://www.mytulify.com/calculators/mortgage-calculator,Mortgage Calculator,high,medium
free online Mortgage Calculator,tool_variant,calculators,Calculators,Mortgage Calculator,mortgage-calculator,https://www.mytulify.com/calculators/mortgage-calculator,Mortgage Calculator,high,medium
Mortgage Calculator online,tool_variant,calculators,Calculators,Mortgage Calculator,mortgage-calculator,https://www.mytulify.com/calculators/mortgage-calculator,Mortgage Calculator,high,medium
Calculators Mortgage Calculator,tool_variant,calculators,Calculators,Mortgage Calculator,mortgage-calculator,https://www.mytulify.com/calculators/mortgage-calculator,Mortgage Calculator,high,medium
"Estimate full monthly PITI — principal, interest, taxes, insurance, HOA, and PMI — and compare 15-year vs 30-year cost",tool_variant,calculators,Calculators,Mortgage Calculator,mortgage-calculator,https://www.mytulify.com/calculators/mortgage-calculator,Mortgage Calculator,high,medium
Compound Interest Calculator,tool,calculators,Calculators,Compound Interest Calculator,compound-interest-calculator,https://www.mytulify.com/calculators/compound-interest-calculator,Compound Interest Calculator,high,low
free Compound Interest Calculator,tool_variant,calculators,Calculators,Compound Interest Calculator,compound-interest-calculator,https://www.mytulify.com/calculators/compound-interest-calculator,Compound Interest Calculator,high,low
free online Compound Interest Calculator,tool_variant,calculators,Calculators,Compound Interest Calculator,compound-interest-calculator,https://www.mytulify.com/calculators/compound-interest-calculator,Compound Interest Calculator,high,low
Compound Interest Calculator online,tool_variant,calculators,Calculators,Compound Interest Calculator,compound-interest-calculator,https://www.mytulify.com/calculators/compound-interest-calculator,Compound Interest Calculator,high,low
Calculators Compound Interest Calculator,tool_variant,calculators,Calculators,Compound Interest Calculator,compound-interest-calculator,https://www.mytulify.com/calculators/compound-interest-calculator,Compound Interest Calculator,high,low
Project investment growth with compounding over time and contributions,tool_variant,calculators,Calculators,Compound Interest Calculator,compound-interest-calculator,https://www.mytulify.com/calculators/compound-interest-calculator,Compound Interest Calculator,high,low
Tip Calculator,tool,calculators,Calculators,Tip Calculator,tip-calculator,https://www.mytulify.com/calculators/tip-calculator,Tip Calculator,high,low
free Tip Calculator,tool_variant,calculators,Calculators,Tip Calculator,tip-calculator,https://www.mytulify.com/calculators/tip-calculator,Tip Calculator,high,low
free online Tip Calculator,tool_variant,calculators,Calculators,Tip Calculator,tip-calculator,https://www.mytulify.com/calculators/tip-calculator,Tip Calculator,high,low
Tip Calculator online,tool_variant,calculators,Calculators,Tip Calculator,tip-calculator,https://www.mytulify.com/calculators/tip-calculator,Tip Calculator,high,low
Calculators Tip Calculator,tool_variant,calculators,Calculators,Tip Calculator,tip-calculator,https://www.mytulify.com/calculators/tip-calculator,Tip Calculator,high,low
Calculate tip amount and split the total bill among multiple people,tool_variant,calculators,Calculators,Tip Calculator,tip-calculator,https://www.mytulify.com/calculators/tip-calculator,Tip Calculator,high,low
Discount Calculator,tool,calculators,Calculators,Discount Calculator,discount-calculator,https://www.mytulify.com/calculators/discount-calculator,Discount Calculator,high,low
free Discount Calculator,tool_variant,calculators,Calculators,Discount Calculator,discount-calculator,https://www.mytulify.com/calculators/discount-calculator,Discount Calculator,high,low
free online Discount Calculator,tool_variant,calculators,Calculators,Discount Calculator,discount-calculator,https://www.mytulify.com/calculators/discount-calculator,Discount Calculator,high,low
Discount Calculator online,tool_variant,calculators,Calculators,Discount Calculator,discount-calculator,https://www.mytulify.com/calculators/discount-calculator,Discount Calculator,high,low
Calculators Discount Calculator,tool_variant,calculators,Calculators,Discount Calculator,discount-calculator,https://www.mytulify.com/calculators/discount-calculator,Discount Calculator,high,low
Find sale price and amount saved from an original price and discount percent,tool_variant,calculators,Calculators,Discount Calculator,discount-calculator,https://www.mytulify.com/calculators/discount-calculator,Discount Calculator,high,low
Sales Tax Calculator,tool,calculators,Calculators,Sales Tax Calculator,sales-tax-calculator,https://www.mytulify.com/calculators/sales-tax-calculator,Sales Tax Calculator,high,low
free Sales Tax Calculator,tool_variant,calculators,Calculators,Sales Tax Calculator,sales-tax-calculator,https://www.mytulify.com/calculators/sales-tax-calculator,Sales Tax Calculator,high,low
free online Sales Tax Calculator,tool_variant,calculators,Calculators,Sales Tax Calculator,sales-tax-calculator,https://www.mytulify.com/calculators/sales-tax-calculator,Sales Tax Calculator,high,low
Sales Tax Calculator online,tool_variant,calculators,Calculators,Sales Tax Calculator,sales-tax-calculator,https://www.mytulify.com/calculators/sales-tax-calculator,Sales Tax Calculator,high,low
Calculators Sales Tax Calculator,tool_variant,calculators,Calculators,Sales Tax Calculator,sales-tax-calculator,https://www.mytulify.com/calculators/sales-tax-calculator,Sales Tax Calculator,high,low
Add sales tax to a price or extract tax from a gross amount,tool_variant,calculators,Calculators,Sales Tax Calculator,sales-tax-calculator,https://www.mytulify.com/calculators/sales-tax-calculator,Sales Tax Calculator,high,low
Calorie Calculator,tool,calculators,Calculators,Calorie Calculator,calorie-calculator,https://www.mytulify.com/calculators/calorie-calculator,Calorie Calculator,high,medium
free Calorie Calculator,tool_variant,calculators,Calculators,Calorie Calculator,calorie-calculator,https://www.mytulify.com/calculators/calorie-calculator,Calorie Calculator,high,medium
free online Calorie Calculator,tool_variant,calculators,Calculators,Calorie Calculator,calorie-calculator,https://www.mytulify.com/calculators/calorie-calculator,Calorie Calculator,high,medium
Calorie Calculator online,tool_variant,calculators,Calculators,Calorie Calculator,calorie-calculator,https://www.mytulify.com/calculators/calorie-calculator,Calorie Calculator,high,medium
Calculators Calorie Calculator,tool_variant,calculators,Calculators,Calorie Calculator,calorie-calculator,https://www.mytulify.com/calculators/calorie-calculator,Calorie Calculator,high,medium
"Estimate daily calorie needs for maintenance, loss, or gain",tool_variant,calculators,Calculators,Calorie Calculator,calorie-calculator,https://www.mytulify.com/calculators/calorie-calculator,Calorie Calculator,high,medium
BMR Calculator,tool,calculators,Calculators,BMR Calculator,bmr-calculator,https://www.mytulify.com/calculators/bmr-calculator,BMR Calculator,medium,low
free BMR Calculator,tool_variant,calculators,Calculators,BMR Calculator,bmr-calculator,https://www.mytulify.com/calculators/bmr-calculator,BMR Calculator,medium,low
free online BMR Calculator,tool_variant,calculators,Calculators,BMR Calculator,bmr-calculator,https://www.mytulify.com/calculators/bmr-calculator,BMR Calculator,medium,low
BMR Calculator online,tool_variant,calculators,Calculators,BMR Calculator,bmr-calculator,https://www.mytulify.com/calculators/bmr-calculator,BMR Calculator,medium,low
Calculators BMR Calculator,tool_variant,calculators,Calculators,BMR Calculator,bmr-calculator,https://www.mytulify.com/calculators/bmr-calculator,BMR Calculator,medium,low
Calculate Basal Metabolic Rate to estimate resting calorie burn,tool_variant,calculators,Calculators,BMR Calculator,bmr-calculator,https://www.mytulify.com/calculators/bmr-calculator,BMR Calculator,medium,low
TDEE Calculator,tool,calculators,Calculators,TDEE Calculator,tdee-calculator,https://www.mytulify.com/calculators/tdee-calculator,TDEE Calculator,medium,low
free TDEE Calculator,tool_variant,calculators,Calculators,TDEE Calculator,tdee-calculator,https://www.mytulify.com/calculators/tdee-calculator,TDEE Calculator,medium,low
free online TDEE Calculator,tool_variant,calculators,Calculators,TDEE Calculator,tdee-calculator,https://www.mytulify.com/calculators/tdee-calculator,TDEE Calculator,medium,low
TDEE Calculator online,tool_variant,calculators,Calculators,TDEE Calculator,tdee-calculator,https://www.mytulify.com/calculators/tdee-calculator,TDEE Calculator,medium,low
Calculators TDEE Calculator,tool_variant,calculators,Calculators,TDEE Calculator,tdee-calculator,https://www.mytulify.com/calculators/tdee-calculator,TDEE Calculator,medium,low
Compute Total Daily Energy Expenditure from BMR and activity level,tool_variant,calculators,Calculators,TDEE Calculator,tdee-calculator,https://www.mytulify.com/calculators/tdee-calculator,TDEE Calculator,medium,low
Body Fat Calculator,tool,calculators,Calculators,Body Fat Calculator,body-fat-calculator,https://www.mytulify.com/calculators/body-fat-calculator,Body Fat Calculator,medium,low
free Body Fat Calculator,tool_variant,calculators,Calculators,Body Fat Calculator,body-fat-calculator,https://www.mytulify.com/calculators/body-fat-calculator,Body Fat Calculator,medium,low
free online Body Fat Calculator,tool_variant,calculators,Calculators,Body Fat Calculator,body-fat-calculator,https://www.mytulify.com/calculators/body-fat-calculator,Body Fat Calculator,medium,low
Body Fat Calculator online,tool_variant,calculators,Calculators,Body Fat Calculator,body-fat-calculator,https://www.mytulify.com/calculators/body-fat-calculator,Body Fat Calculator,medium,low
Calculators Body Fat Calculator,tool_variant,calculators,Calculators,Body Fat Calculator,body-fat-calculator,https://www.mytulify.com/calculators/body-fat-calculator,Body Fat Calculator,medium,low
Estimate body fat percentage using the US Navy method measurements,tool_variant,calculators,Calculators,Body Fat Calculator,body-fat-calculator,https://www.mytulify.com/calculators/body-fat-calculator,Body Fat Calculator,medium,low
Ideal Weight Calculator,tool,calculators,Calculators,Ideal Weight Calculator,ideal-weight-calculator,https://www.mytulify.com/calculators/ideal-weight-calculator,Ideal Weight Calculator,medium,low
free Ideal Weight Calculator,tool_variant,calculators,Calculators,Ideal Weight Calculator,ideal-weight-calculator,https://www.mytulify.com/calculators/ideal-weight-calculator,Ideal Weight Calculator,medium,low
free online Ideal Weight Calculator,tool_variant,calculators,Calculators,Ideal Weight Calculator,ideal-weight-calculator,https://www.mytulify.com/calculators/ideal-weight-calculator,Ideal Weight Calculator,medium,low
Ideal Weight Calculator online,tool_variant,calculators,Calculators,Ideal Weight Calculator,ideal-weight-calculator,https://www.mytulify.com/calculators/ideal-weight-calculator,Ideal Weight Calculator,medium,low
Calculators Ideal Weight Calculator,tool_variant,calculators,Calculators,Ideal Weight Calculator,ideal-weight-calculator,https://www.mytulify.com/calculators/ideal-weight-calculator,Ideal Weight Calculator,medium,low
"Suggest a healthy weight range based on height, age, and gender",tool_variant,calculators,Calculators,Ideal Weight Calculator,ideal-weight-calculator,https://www.mytulify.com/calculators/ideal-weight-calculator,Ideal Weight Calculator,medium,low
Due Date Calculator,tool,calculators,Calculators,Due Date Calculator,due-date-calculator,https://www.mytulify.com/calculators/due-date-calculator,Due Date Calculator,high,medium
free Due Date Calculator,tool_variant,calculators,Calculators,Due Date Calculator,due-date-calculator,https://www.mytulify.com/calculators/due-date-calculator,Due Date Calculator,high,medium
free online Due Date Calculator,tool_variant,calculators,Calculators,Due Date Calculator,due-date-calculator,https://www.mytulify.com/calculators/due-date-calculator,Due Date Calculator,high,medium
Due Date Calculator online,tool_variant,calculators,Calculators,Due Date Calculator,due-date-calculator,https://www.mytulify.com/calculators/due-date-calculator,Due Date Calculator,high,medium
Calculators Due Date Calculator,tool_variant,calculators,Calculators,Due Date Calculator,due-date-calculator,https://www.mytulify.com/calculators/due-date-calculator,Due Date Calculator,high,medium
Estimate a pregnancy due date from the last menstrual period,tool_variant,calculators,Calculators,Due Date Calculator,due-date-calculator,https://www.mytulify.com/calculators/due-date-calculator,Due Date Calculator,high,medium
Ovulation Calculator,tool,calculators,Calculators,Ovulation Calculator,ovulation-calculator,https://www.mytulify.com/calculators/ovulation-calculator,Ovulation Calculator,high,medium
free Ovulation Calculator,tool_variant,calculators,Calculators,Ovulation Calculator,ovulation-calculator,https://www.mytulify.com/calculators/ovulation-calculator,Ovulation Calculator,high,medium
free online Ovulation Calculator,tool_variant,calculators,Calculators,Ovulation Calculator,ovulation-calculator,https://www.mytulify.com/calculators/ovulation-calculator,Ovulation Calculator,high,medium
Ovulation Calculator online,tool_variant,calculators,Calculators,Ovulation Calculator,ovulation-calculator,https://www.mytulify.com/calculators/ovulation-calculator,Ovulation Calculator,high,medium
Calculators Ovulation Calculator,tool_variant,calculators,Calculators,Ovulation Calculator,ovulation-calculator,https://www.mytulify.com/calculators/ovulation-calculator,Ovulation Calculator,high,medium
Predict fertile windows and ovulation days from cycle data,tool_variant,calculators,Calculators,Ovulation Calculator,ovulation-calculator,https://www.mytulify.com/calculators/ovulation-calculator,Ovulation Calculator,high,medium
Pregnancy Calculator,tool,calculators,Calculators,Pregnancy Calculator,pregnancy-calculator,https://www.mytulify.com/calculators/pregnancy-calculator,Pregnancy Calculator,medium,medium
free Pregnancy Calculator,tool_variant,calculators,Calculators,Pregnancy Calculator,pregnancy-calculator,https://www.mytulify.com/calculators/pregnancy-calculator,Pregnancy Calculator,medium,medium
free online Pregnancy Calculator,tool_variant,calculators,Calculators,Pregnancy Calculator,pregnancy-calculator,https://www.mytulify.com/calculators/pregnancy-calculator,Pregnancy Calculator,medium,medium
Pregnancy Calculator online,tool_variant,calculators,Calculators,Pregnancy Calculator,pregnancy-calculator,https://www.mytulify.com/calculators/pregnancy-calculator,Pregnancy Calculator,medium,medium
Calculators Pregnancy Calculator,tool_variant,calculators,Calculators,Pregnancy Calculator,pregnancy-calculator,https://www.mytulify.com/calculators/pregnancy-calculator,Pregnancy Calculator,medium,medium
"Track pregnancy progress, week count, and key milestones",tool_variant,calculators,Calculators,Pregnancy Calculator,pregnancy-calculator,https://www.mytulify.com/calculators/pregnancy-calculator,Pregnancy Calculator,medium,medium
GPA Calculator,tool,calculators,Calculators,GPA Calculator,gpa-calculator,https://www.mytulify.com/calculators/gpa-calculator,GPA Calculator,high,low
free GPA Calculator,tool_variant,calculators,Calculators,GPA Calculator,gpa-calculator,https://www.mytulify.com/calculators/gpa-calculator,GPA Calculator,high,low
free online GPA Calculator,tool_variant,calculators,Calculators,GPA Calculator,gpa-calculator,https://www.mytulify.com/calculators/gpa-calculator,GPA Calculator,high,low
GPA Calculator online,tool_variant,calculators,Calculators,GPA Calculator,gpa-calculator,https://www.mytulify.com/calculators/gpa-calculator,GPA Calculator,high,low
Calculators GPA Calculator,tool_variant,calculators,Calculators,GPA Calculator,gpa-calculator,https://www.mytulify.com/calculators/gpa-calculator,GPA Calculator,high,low
Compute grade point average from course grades and credit hours,tool_variant,calculators,Calculators,GPA Calculator,gpa-calculator,https://www.mytulify.com/calculators/gpa-calculator,GPA Calculator,high,low
Grade Calculator,tool,calculators,Calculators,Grade Calculator,grade-calculator,https://www.mytulify.com/calculators/grade-calculator,Grade Calculator,high,low
free Grade Calculator,tool_variant,calculators,Calculators,Grade Calculator,grade-calculator,https://www.mytulify.com/calculators/grade-calculator,Grade Calculator,high,low
free online Grade Calculator,tool_variant,calculators,Calculators,Grade Calculator,grade-calculator,https://www.mytulify.com/calculators/grade-calculator,Grade Calculator,high,low
Grade Calculator online,tool_variant,calculators,Calculators,Grade Calculator,grade-calculator,https://www.mytulify.com/calculators/grade-calculator,Grade Calculator,high,low
Calculators Grade Calculator,tool_variant,calculators,Calculators,Grade Calculator,grade-calculator,https://www.mytulify.com/calculators/grade-calculator,Grade Calculator,high,low
Calculate final or weighted grades and the score needed to pass,tool_variant,calculators,Calculators,Grade Calculator,grade-calculator,https://www.mytulify.com/calculators/grade-calculator,Grade Calculator,high,low
Fraction Calculator,tool,calculators,Calculators,Fraction Calculator,fraction-calculator,https://www.mytulify.com/calculators/fraction-calculator,Fraction Calculator,high,low
free Fraction Calculator,tool_variant,calculators,Calculators,Fraction Calculator,fraction-calculator,https://www.mytulify.com/calculators/fraction-calculator,Fraction Calculator,high,low
free online Fraction Calculator,tool_variant,calculators,Calculators,Fraction Calculator,fraction-calculator,https://www.mytulify.com/calculators/fraction-calculator,Fraction Calculator,high,low
Fraction Calculator online,tool_variant,calculators,Calculators,Fraction Calculator,fraction-calculator,https://www.mytulify.com/calculators/fraction-calculator,Fraction Calculator,high,low
Calculators Fraction Calculator,tool_variant,calculators,Calculators,Fraction Calculator,fraction-calculator,https://www.mytulify.com/calculators/fraction-calculator,Fraction Calculator,high,low
"Add, subtract, multiply, and simplify fractions",tool_variant,calculators,Calculators,Fraction Calculator,fraction-calculator,https://www.mytulify.com/calculators/fraction-calculator,Fraction Calculator,high,low
Scientific Calculator,tool,calculators,Calculators,Scientific Calculator,scientific-calculator,https://www.mytulify.com/calculators/scientific-calculator,Scientific Calculator,high,medium
free Scientific Calculator,tool_variant,calculators,Calculators,Scientific Calculator,scientific-calculator,https://www.mytulify.com/calculators/scientific-calculator,Scientific Calculator,high,medium
free online Scientific Calculator,tool_variant,calculators,Calculators,Scientific Calculator,scientific-calculator,https://www.mytulify.com/calculators/scientific-calculator,Scientific Calculator,high,medium
Scientific Calculator online,tool_variant,calculators,Calculators,Scientific Calculator,scientific-calculator,https://www.mytulify.com/calculators/scientific-calculator,Scientific Calculator,high,medium
Calculators Scientific Calculator,tool_variant,calculators,Calculators,Scientific Calculator,scientific-calculator,https://www.mytulify.com/calculators/scientific-calculator,Scientific Calculator,high,medium
"Full-function calculator with trig, logs, exponents, and constants",tool_variant,calculators,Calculators,Scientific Calculator,scientific-calculator,https://www.mytulify.com/calculators/scientific-calculator,Scientific Calculator,high,medium
Date Calculator,tool,calculators,Calculators,Date Calculator,date-calculator,https://www.mytulify.com/calculators/date-calculator,Date Calculator,high,low
free Date Calculator,tool_variant,calculators,Calculators,Date Calculator,date-calculator,https://www.mytulify.com/calculators/date-calculator,Date Calculator,high,low
free online Date Calculator,tool_variant,calculators,Calculators,Date Calculator,date-calculator,https://www.mytulify.com/calculators/date-calculator,Date Calculator,high,low
Date Calculator online,tool_variant,calculators,Calculators,Date Calculator,date-calculator,https://www.mytulify.com/calculators/date-calculator,Date Calculator,high,low
Calculators Date Calculator,tool_variant,calculators,Calculators,Date Calculator,date-calculator,https://www.mytulify.com/calculators/date-calculator,Date Calculator,high,low
Add or subtract days from a date and find the span between two dates,tool_variant,calculators,Calculators,Date Calculator,date-calculator,https://www.mytulify.com/calculators/date-calculator,Date Calculator,high,low
Hours Calculator,tool,calculators,Calculators,Hours Calculator,hours-calculator,https://www.mytulify.com/calculators/hours-calculator,Hours Calculator,high,low
free Hours Calculator,tool_variant,calculators,Calculators,Hours Calculator,hours-calculator,https://www.mytulify.com/calculators/hours-calculator,Hours Calculator,high,low
free online Hours Calculator,tool_variant,calculators,Calculators,Hours Calculator,hours-calculator,https://www.mytulify.com/calculators/hours-calculator,Hours Calculator,high,low
Hours Calculator online,tool_variant,calculators,Calculators,Hours Calculator,hours-calculator,https://www.mytulify.com/calculators/hours-calculator,Hours Calculator,high,low
Calculators Hours Calculator,tool_variant,calculators,Calculators,Hours Calculator,hours-calculator,https://www.mytulify.com/calculators/hours-calculator,Hours Calculator,high,low
Calculate total hours and minutes between two times for timesheets,tool_variant,calculators,Calculators,Hours Calculator,hours-calculator,https://www.mytulify.com/calculators/hours-calculator,Hours Calculator,high,low
Time Duration Calculator,tool,calculators,Calculators,Time Duration Calculator,time-duration-calculator,https://www.mytulify.com/calculators/time-duration-calculator,Time Duration Calculator,medium,low
free Time Duration Calculator,tool_variant,calculators,Calculators,Time Duration Calculator,time-duration-calculator,https://www.mytulify.com/calculators/time-duration-calculator,Time Duration Calculator,medium,low
free online Time Duration Calculator,tool_variant,calculators,Calculators,Time Duration Calculator,time-duration-calculator,https://www.mytulify.com/calculators/time-duration-calculator,Time Duration Calculator,medium,low
Time Duration Calculator online,tool_variant,calculators,Calculators,Time Duration Calculator,time-duration-calculator,https://www.mytulify.com/calculators/time-duration-calculator,Time Duration Calculator,medium,low
Calculators Time Duration Calculator,tool_variant,calculators,Calculators,Time Duration Calculator,time-duration-calculator,https://www.mytulify.com/calculators/time-duration-calculator,Time Duration Calculator,medium,low
Measure elapsed time between two date-times in multiple units,tool_variant,calculators,Calculators,Time Duration Calculator,time-duration-calculator,https://www.mytulify.com/calculators/time-duration-calculator,Time Duration Calculator,medium,low
Countdown Calculator,tool,calculators,Calculators,Countdown Calculator,countdown-calculator,https://www.mytulify.com/calculators/countdown-calculator,Countdown Calculator,medium,low
free Countdown Calculator,tool_variant,calculators,Calculators,Countdown Calculator,countdown-calculator,https://www.mytulify.com/calculators/countdown-calculator,Countdown Calculator,medium,low
free online Countdown Calculator,tool_variant,calculators,Calculators,Countdown Calculator,countdown-calculator,https://www.mytulify.com/calculators/countdown-calculator,Countdown Calculator,medium,low
Countdown Calculator online,tool_variant,calculators,Calculators,Countdown Calculator,countdown-calculator,https://www.mytulify.com/calculators/countdown-calculator,Countdown Calculator,medium,low
Calculators Countdown Calculator,tool_variant,calculators,Calculators,Countdown Calculator,countdown-calculator,https://www.mytulify.com/calculators/countdown-calculator,Countdown Calculator,medium,low
"Count down the days, hours, and minutes until any target date",tool_variant,calculators,Calculators,Countdown Calculator,countdown-calculator,https://www.mytulify.com/calculators/countdown-calculator,Countdown Calculator,medium,low
Paycheck Calculator,tool,calculators,Calculators,Paycheck Calculator,paycheck-calculator,https://www.mytulify.com/calculators/paycheck-calculator,Paycheck Calculator,high,medium
free Paycheck Calculator,tool_variant,calculators,Calculators,Paycheck Calculator,paycheck-calculator,https://www.mytulify.com/calculators/paycheck-calculator,Paycheck Calculator,high,medium
free online Paycheck Calculator,tool_variant,calculators,Calculators,Paycheck Calculator,paycheck-calculator,https://www.mytulify.com/calculators/paycheck-calculator,Paycheck Calculator,high,medium
Paycheck Calculator online,tool_variant,calculators,Calculators,Paycheck Calculator,paycheck-calculator,https://www.mytulify.com/calculators/paycheck-calculator,Paycheck Calculator,high,medium
Calculators Paycheck Calculator,tool_variant,calculators,Calculators,Paycheck Calculator,paycheck-calculator,https://www.mytulify.com/calculators/paycheck-calculator,Paycheck Calculator,high,medium
Estimate take-home pay after taxes and common deductions,tool_variant,calculators,Calculators,Paycheck Calculator,paycheck-calculator,https://www.mytulify.com/calculators/paycheck-calculator,Paycheck Calculator,high,medium
Salary Calculator,tool,calculators,Calculators,Salary Calculator,salary-calculator,https://www.mytulify.com/calculators/salary-calculator,Salary Calculator,high,low
free Salary Calculator,tool_variant,calculators,Calculators,Salary Calculator,salary-calculator,https://www.mytulify.com/calculators/salary-calculator,Salary Calculator,high,low
free online Salary Calculator,tool_variant,calculators,Calculators,Salary Calculator,salary-calculator,https://www.mytulify.com/calculators/salary-calculator,Salary Calculator,high,low
Salary Calculator online,tool_variant,calculators,Calculators,Salary Calculator,salary-calculator,https://www.mytulify.com/calculators/salary-calculator,Salary Calculator,high,low
Calculators Salary Calculator,tool_variant,calculators,Calculators,Salary Calculator,salary-calculator,https://www.mytulify.com/calculators/salary-calculator,Salary Calculator,high,low
"Convert pay between hourly, weekly, monthly, and annual rates",tool_variant,calculators,Calculators,Salary Calculator,salary-calculator,https://www.mytulify.com/calculators/salary-calculator,Salary Calculator,high,low
Sleep Calculator,tool,calculators,Calculators,Sleep Calculator,sleep-calculator,https://www.mytulify.com/calculators/sleep-calculator,Sleep Calculator,high,low
free Sleep Calculator,tool_variant,calculators,Calculators,Sleep Calculator,sleep-calculator,https://www.mytulify.com/calculators/sleep-calculator,Sleep Calculator,high,low
free online Sleep Calculator,tool_variant,calculators,Calculators,Sleep Calculator,sleep-calculator,https://www.mytulify.com/calculators/sleep-calculator,Sleep Calculator,high,low
Sleep Calculator online,tool_variant,calculators,Calculators,Sleep Calculator,sleep-calculator,https://www.mytulify.com/calculators/sleep-calculator,Sleep Calculator,high,low
Calculators Sleep Calculator,tool_variant,calculators,Calculators,Sleep Calculator,sleep-calculator,https://www.mytulify.com/calculators/sleep-calculator,Sleep Calculator,high,low
Suggest bedtimes or wake times based on 90-minute sleep cycles,tool_variant,calculators,Calculators,Sleep Calculator,sleep-calculator,https://www.mytulify.com/calculators/sleep-calculator,Sleep Calculator,high,low
Random Number Generator,tool,calculators,Calculators,Random Number Generator,random-number-generator,https://www.mytulify.com/calculators/random-number-generator,Random Number Generator,high,low
free Random Number Generator,tool_variant,calculators,Calculators,Random Number Generator,random-number-generator,https://www.mytulify.com/calculators/random-number-generator,Random Number Generator,high,low
free online Random Number Generator,tool_variant,calculators,Calculators,Random Number Generator,random-number-generator,https://www.mytulify.com/calculators/random-number-generator,Random Number Generator,high,low
Random Number Generator online,tool_variant,calculators,Calculators,Random Number Generator,random-number-generator,https://www.mytulify.com/calculators/random-number-generator,Random Number Generator,high,low
Calculators Random Number Generator,tool_variant,calculators,Calculators,Random Number Generator,random-number-generator,https://www.mytulify.com/calculators/random-number-generator,Random Number Generator,high,low
Generate random numbers within a custom range with options,tool_variant,calculators,Calculators,Random Number Generator,random-number-generator,https://www.mytulify.com/calculators/random-number-generator,Random Number Generator,high,low
Standard Deviation Calculator,tool,calculators,Calculators,Standard Deviation Calculator,standard-deviation-calculator,https://www.mytulify.com/calculators/standard-deviation-calculator,Standard Deviation Calculator,medium,low
free Standard Deviation Calculator,tool_variant,calculators,Calculators,Standard Deviation Calculator,standard-deviation-calculator,https://www.mytulify.com/calculators/standard-deviation-calculator,Standard Deviation Calculator,medium,low
free online Standard Deviation Calculator,tool_variant,calculators,Calculators,Standard Deviation Calculator,standard-deviation-calculator,https://www.mytulify.com/calculators/standard-deviation-calculator,Standard Deviation Calculator,medium,low
Standard Deviation Calculator online,tool_variant,calculators,Calculators,Standard Deviation Calculator,standard-deviation-calculator,https://www.mytulify.com/calculators/standard-deviation-calculator,Standard Deviation Calculator,medium,low
Calculators Standard Deviation Calculator,tool_variant,calculators,Calculators,Standard Deviation Calculator,standard-deviation-calculator,https://www.mytulify.com/calculators/standard-deviation-calculator,Standard Deviation Calculator,medium,low
"Compute mean, variance, and standard deviation for a data set",tool_variant,calculators,Calculators,Standard Deviation Calculator,standard-deviation-calculator,https://www.mytulify.com/calculators/standard-deviation-calculator,Standard Deviation Calculator,medium,low
Zakat Calculator,tool,calculators,Calculators,Zakat Calculator,zakat-calculator,https://www.mytulify.com/calculators/zakat-calculator,Zakat Calculator,high,low
free Zakat Calculator,tool_variant,calculators,Calculators,Zakat Calculator,zakat-calculator,https://www.mytulify.com/calculators/zakat-calculator,Zakat Calculator,high,low
free online Zakat Calculator,tool_variant,calculators,Calculators,Zakat Calculator,zakat-calculator,https://www.mytulify.com/calculators/zakat-calculator,Zakat Calculator,high,low
Zakat Calculator online,tool_variant,calculators,Calculators,Zakat Calculator,zakat-calculator,https://www.mytulify.com/calculators/zakat-calculator,Zakat Calculator,high,low
Calculators Zakat Calculator,tool_variant,calculators,Calculators,Zakat Calculator,zakat-calculator,https://www.mytulify.com/calculators/zakat-calculator,Zakat Calculator,high,low
"Calculate Zakat on gold, silver and wealth in your browser",tool_variant,calculators,Calculators,Zakat Calculator,zakat-calculator,https://www.mytulify.com/calculators/zakat-calculator,Zakat Calculator,high,low
Afghan Date Converter,tool,calculators,Calculators,Afghan Date Converter,afghan-date-converter,https://www.mytulify.com/calculators/afghan-date-converter,Afghan Date Converter,medium,low
free Afghan Date Converter,tool_variant,calculators,Calculators,Afghan Date Converter,afghan-date-converter,https://www.mytulify.com/calculators/afghan-date-converter,Afghan Date Converter,medium,low
free online Afghan Date Converter,tool_variant,calculators,Calculators,Afghan Date Converter,afghan-date-converter,https://www.mytulify.com/calculators/afghan-date-converter,Afghan Date Converter,medium,low
Afghan Date Converter online,tool_variant,calculators,Calculators,Afghan Date Converter,afghan-date-converter,https://www.mytulify.com/calculators/afghan-date-converter,Afghan Date Converter,medium,low
Calculators Afghan Date Converter,tool_variant,calculators,Calculators,Afghan Date Converter,afghan-date-converter,https://www.mytulify.com/calculators/afghan-date-converter,Afghan Date Converter,medium,low
Convert Shamsi (Solar Hijri) dates to Gregorian and back,tool_variant,calculators,Calculators,Afghan Date Converter,afghan-date-converter,https://www.mytulify.com/calculators/afghan-date-converter,Afghan Date Converter,medium,low
Tasbih Counter,tool,calculators,Calculators,Tasbih Counter,tasbih-counter,https://www.mytulify.com/calculators/tasbih-counter,Tasbih Counter,medium,low
free Tasbih Counter,tool_variant,calculators,Calculators,Tasbih Counter,tasbih-counter,https://www.mytulify.com/calculators/tasbih-counter,Tasbih Counter,medium,low
free online Tasbih Counter,tool_variant,calculators,Calculators,Tasbih Counter,tasbih-counter,https://www.mytulify.com/calculators/tasbih-counter,Tasbih Counter,medium,low
Tasbih Counter online,tool_variant,calculators,Calculators,Tasbih Counter,tasbih-counter,https://www.mytulify.com/calculators/tasbih-counter,Tasbih Counter,medium,low
Calculators Tasbih Counter,tool_variant,calculators,Calculators,Tasbih Counter,tasbih-counter,https://www.mytulify.com/calculators/tasbih-counter,Tasbih Counter,medium,low
Digital Tasbih counter for dhikr and Islamic remembrance,tool_variant,calculators,Calculators,Tasbih Counter,tasbih-counter,https://www.mytulify.com/calculators/tasbih-counter,Tasbih Counter,medium,low
Salary Tax Calculator,tool,calculators,Calculators,Salary Tax Calculator,salary-tax-calculator,https://www.mytulify.com/calculators/salary-tax-calculator,Salary Tax Calculator,high,medium
free Salary Tax Calculator,tool_variant,calculators,Calculators,Salary Tax Calculator,salary-tax-calculator,https://www.mytulify.com/calculators/salary-tax-calculator,Salary Tax Calculator,high,medium
free online Salary Tax Calculator,tool_variant,calculators,Calculators,Salary Tax Calculator,salary-tax-calculator,https://www.mytulify.com/calculators/salary-tax-calculator,Salary Tax Calculator,high,medium
Salary Tax Calculator online,tool_variant,calculators,Calculators,Salary Tax Calculator,salary-tax-calculator,https://www.mytulify.com/calculators/salary-tax-calculator,Salary Tax Calculator,high,medium
Calculators Salary Tax Calculator,tool_variant,calculators,Calculators,Salary Tax Calculator,salary-tax-calculator,https://www.mytulify.com/calculators/salary-tax-calculator,Salary Tax Calculator,high,medium
Estimate income tax and net salary from gross pay,tool_variant,calculators,Calculators,Salary Tax Calculator,salary-tax-calculator,https://www.mytulify.com/calculators/salary-tax-calculator,Salary Tax Calculator,high,medium
EMI Calculator,tool,calculators,Calculators,EMI Calculator,emi-calculator,https://www.mytulify.com/calculators/emi-calculator,EMI Calculator,high,medium
free EMI Calculator,tool_variant,calculators,Calculators,EMI Calculator,emi-calculator,https://www.mytulify.com/calculators/emi-calculator,EMI Calculator,high,medium
free online EMI Calculator,tool_variant,calculators,Calculators,EMI Calculator,emi-calculator,https://www.mytulify.com/calculators/emi-calculator,EMI Calculator,high,medium
EMI Calculator online,tool_variant,calculators,Calculators,EMI Calculator,emi-calculator,https://www.mytulify.com/calculators/emi-calculator,EMI Calculator,high,medium
Calculators EMI Calculator,tool_variant,calculators,Calculators,EMI Calculator,emi-calculator,https://www.mytulify.com/calculators/emi-calculator,EMI Calculator,high,medium
"Calculate monthly EMI, total interest, and payment for home, car, or personal loans",tool_variant,calculators,Calculators,EMI Calculator,emi-calculator,https://www.mytulify.com/calculators/emi-calculator,EMI Calculator,high,medium
VAT / GST Calculator,tool,calculators,Calculators,VAT / GST Calculator,vat-gst-calculator,https://www.mytulify.com/calculators/vat-gst-calculator,VAT / GST Calculator,high,low
free VAT / GST Calculator,tool_variant,calculators,Calculators,VAT / GST Calculator,vat-gst-calculator,https://www.mytulify.com/calculators/vat-gst-calculator,VAT / GST Calculator,high,low
free online VAT / GST Calculator,tool_variant,calculators,Calculators,VAT / GST Calculator,vat-gst-calculator,https://www.mytulify.com/calculators/vat-gst-calculator,VAT / GST Calculator,high,low
VAT / GST Calculator online,tool_variant,calculators,Calculators,VAT / GST Calculator,vat-gst-calculator,https://www.mytulify.com/calculators/vat-gst-calculator,VAT / GST Calculator,high,low
vat gst calculator,tool_variant,calculators,Calculators,VAT / GST Calculator,vat-gst-calculator,https://www.mytulify.com/calculators/vat-gst-calculator,VAT / GST Calculator,high,low
Calculators VAT / GST Calculator,tool_variant,calculators,Calculators,VAT / GST Calculator,vat-gst-calculator,https://www.mytulify.com/calculators/vat-gst-calculator,VAT / GST Calculator,high,low
Add or extract VAT and GST from any amount with a custom tax rate,tool_variant,calculators,Calculators,VAT / GST Calculator,vat-gst-calculator,https://www.mytulify.com/calculators/vat-gst-calculator,VAT / GST Calculator,high,low
Profit Margin Calculator,tool,calculators,Calculators,Profit Margin Calculator,profit-margin-calculator,https://www.mytulify.com/calculators/profit-margin-calculator,Profit Margin Calculator,high,low
free Profit Margin Calculator,tool_variant,calculators,Calculators,Profit Margin Calculator,profit-margin-calculator,https://www.mytulify.com/calculators/profit-margin-calculator,Profit Margin Calculator,high,low
free online Profit Margin Calculator,tool_variant,calculators,Calculators,Profit Margin Calculator,profit-margin-calculator,https://www.mytulify.com/calculators/profit-margin-calculator,Profit Margin Calculator,high,low
Profit Margin Calculator online,tool_variant,calculators,Calculators,Profit Margin Calculator,profit-margin-calculator,https://www.mytulify.com/calculators/profit-margin-calculator,Profit Margin Calculator,high,low
Calculators Profit Margin Calculator,tool_variant,calculators,Calculators,Profit Margin Calculator,profit-margin-calculator,https://www.mytulify.com/calculators/profit-margin-calculator,Profit Margin Calculator,high,low
"Calculate profit, profit margin %, and markup from cost and selling price",tool_variant,calculators,Calculators,Profit Margin Calculator,profit-margin-calculator,https://www.mytulify.com/calculators/profit-margin-calculator,Profit Margin Calculator,high,low
Debt Payoff Calculator,tool,calculators,Calculators,Debt Payoff Calculator,debt-payoff-calculator,https://www.mytulify.com/calculators/debt-payoff-calculator,Debt Payoff Calculator,high,medium
free Debt Payoff Calculator,tool_variant,calculators,Calculators,Debt Payoff Calculator,debt-payoff-calculator,https://www.mytulify.com/calculators/debt-payoff-calculator,Debt Payoff Calculator,high,medium
free online Debt Payoff Calculator,tool_variant,calculators,Calculators,Debt Payoff Calculator,debt-payoff-calculator,https://www.mytulify.com/calculators/debt-payoff-calculator,Debt Payoff Calculator,high,medium
Debt Payoff Calculator online,tool_variant,calculators,Calculators,Debt Payoff Calculator,debt-payoff-calculator,https://www.mytulify.com/calculators/debt-payoff-calculator,Debt Payoff Calculator,high,medium
Calculators Debt Payoff Calculator,tool_variant,calculators,Calculators,Debt Payoff Calculator,debt-payoff-calculator,https://www.mytulify.com/calculators/debt-payoff-calculator,Debt Payoff Calculator,high,medium
"Compare snowball vs avalanche debt payoff plans with months, interest, and a payment schedule",tool_variant,calculators,Calculators,Debt Payoff Calculator,debt-payoff-calculator,https://www.mytulify.com/calculators/debt-payoff-calculator,Debt Payoff Calculator,high,medium
Inflation Calculator,tool,calculators,Calculators,Inflation Calculator,inflation-calculator,https://www.mytulify.com/calculators/inflation-calculator,Inflation Calculator,high,low
free Inflation Calculator,tool_variant,calculators,Calculators,Inflation Calculator,inflation-calculator,https://www.mytulify.com/calculators/inflation-calculator,Inflation Calculator,high,low
free online Inflation Calculator,tool_variant,calculators,Calculators,Inflation Calculator,inflation-calculator,https://www.mytulify.com/calculators/inflation-calculator,Inflation Calculator,high,low
Inflation Calculator online,tool_variant,calculators,Calculators,Inflation Calculator,inflation-calculator,https://www.mytulify.com/calculators/inflation-calculator,Inflation Calculator,high,low
Calculators Inflation Calculator,tool_variant,calculators,Calculators,Inflation Calculator,inflation-calculator,https://www.mytulify.com/calculators/inflation-calculator,Inflation Calculator,high,low
See what today’s money will be worth later — or was worth in the past — using a custom inflation rate,tool_variant,calculators,Calculators,Inflation Calculator,inflation-calculator,https://www.mytulify.com/calculators/inflation-calculator,Inflation Calculator,high,low
SIP Calculator,tool,calculators,Calculators,SIP Calculator,sip-calculator,https://www.mytulify.com/calculators/sip-calculator,SIP Calculator,high,medium
free SIP Calculator,tool_variant,calculators,Calculators,SIP Calculator,sip-calculator,https://www.mytulify.com/calculators/sip-calculator,SIP Calculator,high,medium
free online SIP Calculator,tool_variant,calculators,Calculators,SIP Calculator,sip-calculator,https://www.mytulify.com/calculators/sip-calculator,SIP Calculator,high,medium
SIP Calculator online,tool_variant,calculators,Calculators,SIP Calculator,sip-calculator,https://www.mytulify.com/calculators/sip-calculator,SIP Calculator,high,medium
Calculators SIP Calculator,tool_variant,calculators,Calculators,SIP Calculator,sip-calculator,https://www.mytulify.com/calculators/sip-calculator,SIP Calculator,high,medium
"Estimate mutual fund SIP maturity value, total invested, and returns — with optional annual step-up",tool_variant,calculators,Calculators,SIP Calculator,sip-calculator,https://www.mytulify.com/calculators/sip-calculator,SIP Calculator,high,medium
CAGR Calculator,tool,calculators,Calculators,CAGR Calculator,cagr-calculator,https://www.mytulify.com/calculators/cagr-calculator,CAGR Calculator,high,low
free CAGR Calculator,tool_variant,calculators,Calculators,CAGR Calculator,cagr-calculator,https://www.mytulify.com/calculators/cagr-calculator,CAGR Calculator,high,low
free online CAGR Calculator,tool_variant,calculators,Calculators,CAGR Calculator,cagr-calculator,https://www.mytulify.com/calculators/cagr-calculator,CAGR Calculator,high,low
CAGR Calculator online,tool_variant,calculators,Calculators,CAGR Calculator,cagr-calculator,https://www.mytulify.com/calculators/cagr-calculator,CAGR Calculator,high,low
Calculators CAGR Calculator,tool_variant,calculators,Calculators,CAGR Calculator,cagr-calculator,https://www.mytulify.com/calculators/cagr-calculator,CAGR Calculator,high,low
"Calculate compound annual growth rate from beginning value, ending value, and years",tool_variant,calculators,Calculators,CAGR Calculator,cagr-calculator,https://www.mytulify.com/calculators/cagr-calculator,CAGR Calculator,high,low
FD Calculator,tool,calculators,Calculators,FD Calculator,fd-calculator,https://www.mytulify.com/calculators/fd-calculator,FD Calculator,high,medium
free FD Calculator,tool_variant,calculators,Calculators,FD Calculator,fd-calculator,https://www.mytulify.com/calculators/fd-calculator,FD Calculator,high,medium
free online FD Calculator,tool_variant,calculators,Calculators,FD Calculator,fd-calculator,https://www.mytulify.com/calculators/fd-calculator,FD Calculator,high,medium
FD Calculator online,tool_variant,calculators,Calculators,FD Calculator,fd-calculator,https://www.mytulify.com/calculators/fd-calculator,FD Calculator,high,medium
Calculators FD Calculator,tool_variant,calculators,Calculators,FD Calculator,fd-calculator,https://www.mytulify.com/calculators/fd-calculator,FD Calculator,high,medium
"Calculate fixed deposit maturity amount and interest with monthly, quarterly, or yearly compounding",tool_variant,calculators,Calculators,FD Calculator,fd-calculator,https://www.mytulify.com/calculators/fd-calculator,FD Calculator,high,medium
PPF Calculator,tool,calculators,Calculators,PPF Calculator,ppf-calculator,https://www.mytulify.com/calculators/ppf-calculator,PPF Calculator,high,medium
free PPF Calculator,tool_variant,calculators,Calculators,PPF Calculator,ppf-calculator,https://www.mytulify.com/calculators/ppf-calculator,PPF Calculator,high,medium
free online PPF Calculator,tool_variant,calculators,Calculators,PPF Calculator,ppf-calculator,https://www.mytulify.com/calculators/ppf-calculator,PPF Calculator,high,medium
PPF Calculator online,tool_variant,calculators,Calculators,PPF Calculator,ppf-calculator,https://www.mytulify.com/calculators/ppf-calculator,PPF Calculator,high,medium
Calculators PPF Calculator,tool_variant,calculators,Calculators,PPF Calculator,ppf-calculator,https://www.mytulify.com/calculators/ppf-calculator,PPF Calculator,high,medium
"Estimate Public Provident Fund maturity, total invested, and interest with yearly contributions and compounding",tool_variant,calculators,Calculators,PPF Calculator,ppf-calculator,https://www.mytulify.com/calculators/ppf-calculator,PPF Calculator,high,medium
SWP Calculator,tool,calculators,Calculators,SWP Calculator,swp-calculator,https://www.mytulify.com/calculators/swp-calculator,SWP Calculator,high,medium
free SWP Calculator,tool_variant,calculators,Calculators,SWP Calculator,swp-calculator,https://www.mytulify.com/calculators/swp-calculator,SWP Calculator,high,medium
free online SWP Calculator,tool_variant,calculators,Calculators,SWP Calculator,swp-calculator,https://www.mytulify.com/calculators/swp-calculator,SWP Calculator,high,medium
SWP Calculator online,tool_variant,calculators,Calculators,SWP Calculator,swp-calculator,https://www.mytulify.com/calculators/swp-calculator,SWP Calculator,high,medium
Calculators SWP Calculator,tool_variant,calculators,Calculators,SWP Calculator,swp-calculator,https://www.mytulify.com/calculators/swp-calculator,SWP Calculator,high,medium
RD Calculator,tool,calculators,Calculators,RD Calculator,rd-calculator,https://www.mytulify.com/calculators/rd-calculator,RD Calculator,high,medium
free RD Calculator,tool_variant,calculators,Calculators,RD Calculator,rd-calculator,https://www.mytulify.com/calculators/rd-calculator,RD Calculator,high,medium
free online RD Calculator,tool_variant,calculators,Calculators,RD Calculator,rd-calculator,https://www.mytulify.com/calculators/rd-calculator,RD Calculator,high,medium
RD Calculator online,tool_variant,calculators,Calculators,RD Calculator,rd-calculator,https://www.mytulify.com/calculators/rd-calculator,RD Calculator,high,medium
Calculators RD Calculator,tool_variant,calculators,Calculators,RD Calculator,rd-calculator,https://www.mytulify.com/calculators/rd-calculator,RD Calculator,high,medium
Lumpsum Calculator,tool,calculators,Calculators,Lumpsum Calculator,lumpsum-calculator,https://www.mytulify.com/calculators/lumpsum-calculator,Lumpsum Calculator,high,medium
free Lumpsum Calculator,tool_variant,calculators,Calculators,Lumpsum Calculator,lumpsum-calculator,https://www.mytulify.com/calculators/lumpsum-calculator,Lumpsum Calculator,high,medium
free online Lumpsum Calculator,tool_variant,calculators,Calculators,Lumpsum Calculator,lumpsum-calculator,https://www.mytulify.com/calculators/lumpsum-calculator,Lumpsum Calculator,high,medium
Lumpsum Calculator online,tool_variant,calculators,Calculators,Lumpsum Calculator,lumpsum-calculator,https://www.mytulify.com/calculators/lumpsum-calculator,Lumpsum Calculator,high,medium
Calculators Lumpsum Calculator,tool_variant,calculators,Calculators,Lumpsum Calculator,lumpsum-calculator,https://www.mytulify.com/calculators/lumpsum-calculator,Lumpsum Calculator,high,medium
EPF Calculator,tool,calculators,Calculators,EPF Calculator,epf-calculator,https://www.mytulify.com/calculators/epf-calculator,EPF Calculator,high,medium
free EPF Calculator,tool_variant,calculators,Calculators,EPF Calculator,epf-calculator,https://www.mytulify.com/calculators/epf-calculator,EPF Calculator,high,medium
free online EPF Calculator,tool_variant,calculators,Calculators,EPF Calculator,epf-calculator,https://www.mytulify.com/calculators/epf-calculator,EPF Calculator,high,medium
EPF Calculator online,tool_variant,calculators,Calculators,EPF Calculator,epf-calculator,https://www.mytulify.com/calculators/epf-calculator,EPF Calculator,high,medium
Calculators EPF Calculator,tool_variant,calculators,Calculators,EPF Calculator,epf-calculator,https://www.mytulify.com/calculators/epf-calculator,EPF Calculator,high,medium
NPS Calculator,tool,calculators,Calculators,NPS Calculator,nps-calculator,https://www.mytulify.com/calculators/nps-calculator,NPS Calculator,high,medium
free NPS Calculator,tool_variant,calculators,Calculators,NPS Calculator,nps-calculator,https://www.mytulify.com/calculators/nps-calculator,NPS Calculator,high,medium
free online NPS Calculator,tool_variant,calculators,Calculators,NPS Calculator,nps-calculator,https://www.mytulify.com/calculators/nps-calculator,NPS Calculator,high,medium
NPS Calculator online,tool_variant,calculators,Calculators,NPS Calculator,nps-calculator,https://www.mytulify.com/calculators/nps-calculator,NPS Calculator,high,medium
Calculators NPS Calculator,tool_variant,calculators,Calculators,NPS Calculator,nps-calculator,https://www.mytulify.com/calculators/nps-calculator,NPS Calculator,high,medium
Gratuity Calculator,tool,calculators,Calculators,Gratuity Calculator,gratuity-calculator,https://www.mytulify.com/calculators/gratuity-calculator,Gratuity Calculator,high,medium
free Gratuity Calculator,tool_variant,calculators,Calculators,Gratuity Calculator,gratuity-calculator,https://www.mytulify.com/calculators/gratuity-calculator,Gratuity Calculator,high,medium
free online Gratuity Calculator,tool_variant,calculators,Calculators,Gratuity Calculator,gratuity-calculator,https://www.mytulify.com/calculators/gratuity-calculator,Gratuity Calculator,high,medium
Gratuity Calculator online,tool_variant,calculators,Calculators,Gratuity Calculator,gratuity-calculator,https://www.mytulify.com/calculators/gratuity-calculator,Gratuity Calculator,high,medium
Calculators Gratuity Calculator,tool_variant,calculators,Calculators,Gratuity Calculator,gratuity-calculator,https://www.mytulify.com/calculators/gratuity-calculator,Gratuity Calculator,high,medium
HRA Calculator,tool,calculators,Calculators,HRA Calculator,hra-calculator,https://www.mytulify.com/calculators/hra-calculator,HRA Calculator,high,medium
free HRA Calculator,tool_variant,calculators,Calculators,HRA Calculator,hra-calculator,https://www.mytulify.com/calculators/hra-calculator,HRA Calculator,high,medium
free online HRA Calculator,tool_variant,calculators,Calculators,HRA Calculator,hra-calculator,https://www.mytulify.com/calculators/hra-calculator,HRA Calculator,high,medium
HRA Calculator online,tool_variant,calculators,Calculators,HRA Calculator,hra-calculator,https://www.mytulify.com/calculators/hra-calculator,HRA Calculator,high,medium
Calculators HRA Calculator,tool_variant,calculators,Calculators,HRA Calculator,hra-calculator,https://www.mytulify.com/calculators/hra-calculator,HRA Calculator,high,medium
SSY Calculator,tool,calculators,Calculators,SSY Calculator,ssy-calculator,https://www.mytulify.com/calculators/ssy-calculator,SSY Calculator,high,medium
free SSY Calculator,tool_variant,calculators,Calculators,SSY Calculator,ssy-calculator,https://www.mytulify.com/calculators/ssy-calculator,SSY Calculator,high,medium
free online SSY Calculator,tool_variant,calculators,Calculators,SSY Calculator,ssy-calculator,https://www.mytulify.com/calculators/ssy-calculator,SSY Calculator,high,medium
SSY Calculator online,tool_variant,calculators,Calculators,SSY Calculator,ssy-calculator,https://www.mytulify.com/calculators/ssy-calculator,SSY Calculator,high,medium
Calculators SSY Calculator,tool_variant,calculators,Calculators,SSY Calculator,ssy-calculator,https://www.mytulify.com/calculators/ssy-calculator,SSY Calculator,high,medium
SCSS Calculator,tool,calculators,Calculators,SCSS Calculator,scss-calculator,https://www.mytulify.com/calculators/scss-calculator,SCSS Calculator,high,medium
free SCSS Calculator,tool_variant,calculators,Calculators,SCSS Calculator,scss-calculator,https://www.mytulify.com/calculators/scss-calculator,SCSS Calculator,high,medium
free online SCSS Calculator,tool_variant,calculators,Calculators,SCSS Calculator,scss-calculator,https://www.mytulify.com/calculators/scss-calculator,SCSS Calculator,high,medium
SCSS Calculator online,tool_variant,calculators,Calculators,SCSS Calculator,scss-calculator,https://www.mytulify.com/calculators/scss-calculator,SCSS Calculator,high,medium
Calculators SCSS Calculator,tool_variant,calculators,Calculators,SCSS Calculator,scss-calculator,https://www.mytulify.com/calculators/scss-calculator,SCSS Calculator,high,medium
NSC Calculator,tool,calculators,Calculators,NSC Calculator,nsc-calculator,https://www.mytulify.com/calculators/nsc-calculator,NSC Calculator,high,medium
free NSC Calculator,tool_variant,calculators,Calculators,NSC Calculator,nsc-calculator,https://www.mytulify.com/calculators/nsc-calculator,NSC Calculator,high,medium
free online NSC Calculator,tool_variant,calculators,Calculators,NSC Calculator,nsc-calculator,https://www.mytulify.com/calculators/nsc-calculator,NSC Calculator,high,medium
NSC Calculator online,tool_variant,calculators,Calculators,NSC Calculator,nsc-calculator,https://www.mytulify.com/calculators/nsc-calculator,NSC Calculator,high,medium
Calculators NSC Calculator,tool_variant,calculators,Calculators,NSC Calculator,nsc-calculator,https://www.mytulify.com/calculators/nsc-calculator,NSC Calculator,high,medium
ROI Calculator,tool,calculators,Calculators,ROI Calculator,roi-calculator,https://www.mytulify.com/calculators/roi-calculator,ROI Calculator,high,medium
free ROI Calculator,tool_variant,calculators,Calculators,ROI Calculator,roi-calculator,https://www.mytulify.com/calculators/roi-calculator,ROI Calculator,high,medium
free online ROI Calculator,tool_variant,calculators,Calculators,ROI Calculator,roi-calculator,https://www.mytulify.com/calculators/roi-calculator,ROI Calculator,high,medium
ROI Calculator online,tool_variant,calculators,Calculators,ROI Calculator,roi-calculator,https://www.mytulify.com/calculators/roi-calculator,ROI Calculator,high,medium
Calculators ROI Calculator,tool_variant,calculators,Calculators,ROI Calculator,roi-calculator,https://www.mytulify.com/calculators/roi-calculator,ROI Calculator,high,medium
XIRR Calculator,tool,calculators,Calculators,XIRR Calculator,xirr-calculator,https://www.mytulify.com/calculators/xirr-calculator,XIRR Calculator,high,medium
free XIRR Calculator,tool_variant,calculators,Calculators,XIRR Calculator,xirr-calculator,https://www.mytulify.com/calculators/xirr-calculator,XIRR Calculator,high,medium
free online XIRR Calculator,tool_variant,calculators,Calculators,XIRR Calculator,xirr-calculator,https://www.mytulify.com/calculators/xirr-calculator,XIRR Calculator,high,medium
XIRR Calculator online,tool_variant,calculators,Calculators,XIRR Calculator,xirr-calculator,https://www.mytulify.com/calculators/xirr-calculator,XIRR Calculator,high,medium
Calculators XIRR Calculator,tool_variant,calculators,Calculators,XIRR Calculator,xirr-calculator,https://www.mytulify.com/calculators/xirr-calculator,XIRR Calculator,high,medium
Concrete Calculator,tool,calculators,Calculators,Concrete Calculator,concrete-calculator,https://www.mytulify.com/calculators/concrete-calculator,Concrete Calculator,high,medium
free Concrete Calculator,tool_variant,calculators,Calculators,Concrete Calculator,concrete-calculator,https://www.mytulify.com/calculators/concrete-calculator,Concrete Calculator,high,medium
free online Concrete Calculator,tool_variant,calculators,Calculators,Concrete Calculator,concrete-calculator,https://www.mytulify.com/calculators/concrete-calculator,Concrete Calculator,high,medium
Concrete Calculator online,tool_variant,calculators,Calculators,Concrete Calculator,concrete-calculator,https://www.mytulify.com/calculators/concrete-calculator,Concrete Calculator,high,medium
Calculators Concrete Calculator,tool_variant,calculators,Calculators,Concrete Calculator,concrete-calculator,https://www.mytulify.com/calculators/concrete-calculator,Concrete Calculator,high,medium
"Estimate slab or column concrete in cubic yards, cubic meters, and 60 or 80 lb bags, with waste and bag cost",tool_variant,calculators,Calculators,Concrete Calculator,concrete-calculator,https://www.mytulify.com/calculators/concrete-calculator,Concrete Calculator,high,medium
Paint Calculator,tool,calculators,Calculators,Paint Calculator,paint-calculator,https://www.mytulify.com/calculators/paint-calculator,Paint Calculator,high,low
free Paint Calculator,tool_variant,calculators,Calculators,Paint Calculator,paint-calculator,https://www.mytulify.com/calculators/paint-calculator,Paint Calculator,high,low
free online Paint Calculator,tool_variant,calculators,Calculators,Paint Calculator,paint-calculator,https://www.mytulify.com/calculators/paint-calculator,Paint Calculator,high,low
Paint Calculator online,tool_variant,calculators,Calculators,Paint Calculator,paint-calculator,https://www.mytulify.com/calculators/paint-calculator,Paint Calculator,high,low
Calculators Paint Calculator,tool_variant,calculators,Calculators,Paint Calculator,paint-calculator,https://www.mytulify.com/calculators/paint-calculator,Paint Calculator,high,low
"Calculate wall and ceiling paint gallons from room size, doors, windows, coats, and coverage",tool_variant,calculators,Calculators,Paint Calculator,paint-calculator,https://www.mytulify.com/calculators/paint-calculator,Paint Calculator,high,low
Gravel Calculator,tool,calculators,Calculators,Gravel Calculator,gravel-calculator,https://www.mytulify.com/calculators/gravel-calculator,Gravel Calculator,high,low
free Gravel Calculator,tool_variant,calculators,Calculators,Gravel Calculator,gravel-calculator,https://www.mytulify.com/calculators/gravel-calculator,Gravel Calculator,high,low
free online Gravel Calculator,tool_variant,calculators,Calculators,Gravel Calculator,gravel-calculator,https://www.mytulify.com/calculators/gravel-calculator,Gravel Calculator,high,low
Gravel Calculator online,tool_variant,calculators,Calculators,Gravel Calculator,gravel-calculator,https://www.mytulify.com/calculators/gravel-calculator,Gravel Calculator,high,low
Calculators Gravel Calculator,tool_variant,calculators,Calculators,Gravel Calculator,gravel-calculator,https://www.mytulify.com/calculators/gravel-calculator,Gravel Calculator,high,low
"Convert driveway or path area and depth into cubic yards, tons, and material cost for gravel, sand, or mulch",tool_variant,calculators,Calculators,Gravel Calculator,gravel-calculator,https://www.mytulify.com/calculators/gravel-calculator,Gravel Calculator,high,low
Square Footage Calculator,tool,calculators,Calculators,Square Footage Calculator,square-footage-calculator,https://www.mytulify.com/calculators/square-footage-calculator,Square Footage Calculator,high,low
free Square Footage Calculator,tool_variant,calculators,Calculators,Square Footage Calculator,square-footage-calculator,https://www.mytulify.com/calculators/square-footage-calculator,Square Footage Calculator,high,low
free online Square Footage Calculator,tool_variant,calculators,Calculators,Square Footage Calculator,square-footage-calculator,https://www.mytulify.com/calculators/square-footage-calculator,Square Footage Calculator,high,low
Square Footage Calculator online,tool_variant,calculators,Calculators,Square Footage Calculator,square-footage-calculator,https://www.mytulify.com/calculators/square-footage-calculator,Square Footage Calculator,high,low
Calculators Square Footage Calculator,tool_variant,calculators,Calculators,Square Footage Calculator,square-footage-calculator,https://www.mytulify.com/calculators/square-footage-calculator,Square Footage Calculator,high,low
"Find area in square feet and square meters for rectangles, circles, triangles, and trapezoids",tool_variant,calculators,Calculators,Square Footage Calculator,square-footage-calculator,https://www.mytulify.com/calculators/square-footage-calculator,Square Footage Calculator,high,low
Fuel Cost Calculator,tool,calculators,Calculators,Fuel Cost Calculator,fuel-cost-calculator,https://www.mytulify.com/calculators/fuel-cost-calculator,Fuel Cost Calculator,high,low
free Fuel Cost Calculator,tool_variant,calculators,Calculators,Fuel Cost Calculator,fuel-cost-calculator,https://www.mytulify.com/calculators/fuel-cost-calculator,Fuel Cost Calculator,high,low
free online Fuel Cost Calculator,tool_variant,calculators,Calculators,Fuel Cost Calculator,fuel-cost-calculator,https://www.mytulify.com/calculators/fuel-cost-calculator,Fuel Cost Calculator,high,low
Fuel Cost Calculator online,tool_variant,calculators,Calculators,Fuel Cost Calculator,fuel-cost-calculator,https://www.mytulify.com/calculators/fuel-cost-calculator,Fuel Cost Calculator,high,low
Calculators Fuel Cost Calculator,tool_variant,calculators,Calculators,Fuel Cost Calculator,fuel-cost-calculator,https://www.mytulify.com/calculators/fuel-cost-calculator,Fuel Cost Calculator,high,low
"Estimate trip fuel gallons, cost per person, and savings between two MPG ratings",tool_variant,calculators,Calculators,Fuel Cost Calculator,fuel-cost-calculator,https://www.mytulify.com/calculators/fuel-cost-calculator,Fuel Cost Calculator,high,low
Credit Card Payoff Calculator,tool,calculators,Calculators,Credit Card Payoff Calculator,credit-card-payoff-calculator,https://www.mytulify.com/calculators/credit-card-payoff-calculator,Credit Card Payoff Calculator,high,medium
free Credit Card Payoff Calculator,tool_variant,calculators,Calculators,Credit Card Payoff Calculator,credit-card-payoff-calculator,https://www.mytulify.com/calculators/credit-card-payoff-calculator,Credit Card Payoff Calculator,high,medium
free online Credit Card Payoff Calculator,tool_variant,calculators,Calculators,Credit Card Payoff Calculator,credit-card-payoff-calculator,https://www.mytulify.com/calculators/credit-card-payoff-calculator,Credit Card Payoff Calculator,high,medium
Credit Card Payoff Calculator online,tool_variant,calculators,Calculators,Credit Card Payoff Calculator,credit-card-payoff-calculator,https://www.mytulify.com/calculators/credit-card-payoff-calculator,Credit Card Payoff Calculator,high,medium
Calculators Credit Card Payoff Calculator,tool_variant,calculators,Calculators,Credit Card Payoff Calculator,credit-card-payoff-calculator,https://www.mytulify.com/calculators/credit-card-payoff-calculator,Credit Card Payoff Calculator,high,medium
"See months to pay off a credit card, total interest, and how much an extra monthly payment saves",tool_variant,calculators,Calculators,Credit Card Payoff Calculator,credit-card-payoff-calculator,https://www.mytulify.com/calculators/credit-card-payoff-calculator,Credit Card Payoff Calculator,high,medium
Debt-to-Income Calculator,tool,calculators,Calculators,Debt-to-Income Calculator,debt-to-income-calculator,https://www.mytulify.com/calculators/debt-to-income-calculator,Debt-to-Income Calculator,high,medium
free Debt-to-Income Calculator,tool_variant,calculators,Calculators,Debt-to-Income Calculator,debt-to-income-calculator,https://www.mytulify.com/calculators/debt-to-income-calculator,Debt-to-Income Calculator,high,medium
free online Debt-to-Income Calculator,tool_variant,calculators,Calculators,Debt-to-Income Calculator,debt-to-income-calculator,https://www.mytulify.com/calculators/debt-to-income-calculator,Debt-to-Income Calculator,high,medium
Debt-to-Income Calculator online,tool_variant,calculators,Calculators,Debt-to-Income Calculator,debt-to-income-calculator,https://www.mytulify.com/calculators/debt-to-income-calculator,Debt-to-Income Calculator,high,medium
debt to income calculator,tool_variant,calculators,Calculators,Debt-to-Income Calculator,debt-to-income-calculator,https://www.mytulify.com/calculators/debt-to-income-calculator,Debt-to-Income Calculator,high,medium
Calculators Debt-to-Income Calculator,tool_variant,calculators,Calculators,Debt-to-Income Calculator,debt-to-income-calculator,https://www.mytulify.com/calculators/debt-to-income-calculator,Debt-to-Income Calculator,high,medium
"Calculate front-end and back-end debt-to-income ratios from gross income, housing, and other debts",tool_variant,calculators,Calculators,Debt-to-Income Calculator,debt-to-income-calculator,https://www.mytulify.com/calculators/debt-to-income-calculator,Debt-to-Income Calculator,high,medium
Home Affordability Calculator,tool,calculators,Calculators,Home Affordability Calculator,home-affordability-calculator,https://www.mytulify.com/calculators/home-affordability-calculator,Home Affordability Calculator,high,medium
free Home Affordability Calculator,tool_variant,calculators,Calculators,Home Affordability Calculator,home-affordability-calculator,https://www.mytulify.com/calculators/home-affordability-calculator,Home Affordability Calculator,high,medium
free online Home Affordability Calculator,tool_variant,calculators,Calculators,Home Affordability Calculator,home-affordability-calculator,https://www.mytulify.com/calculators/home-affordability-calculator,Home Affordability Calculator,high,medium
Home Affordability Calculator online,tool_variant,calculators,Calculators,Home Affordability Calculator,home-affordability-calculator,https://www.mytulify.com/calculators/home-affordability-calculator,Home Affordability Calculator,high,medium
Calculators Home Affordability Calculator,tool_variant,calculators,Calculators,Home Affordability Calculator,home-affordability-calculator,https://www.mytulify.com/calculators/home-affordability-calculator,Home Affordability Calculator,high,medium
"Estimate a maximum home price from income, debts, down payment, rate, and tax-and-insurance allowance",tool_variant,calculators,Calculators,Home Affordability Calculator,home-affordability-calculator,https://www.mytulify.com/calculators/home-affordability-calculator,Home Affordability Calculator,high,medium
APR Calculator,tool,calculators,Calculators,APR Calculator,apr-calculator,https://www.mytulify.com/calculators/apr-calculator,APR Calculator,high,medium
free APR Calculator,tool_variant,calculators,Calculators,APR Calculator,apr-calculator,https://www.mytulify.com/calculators/apr-calculator,APR Calculator,high,medium
free online APR Calculator,tool_variant,calculators,Calculators,APR Calculator,apr-calculator,https://www.mytulify.com/calculators/apr-calculator,APR Calculator,high,medium
APR Calculator online,tool_variant,calculators,Calculators,APR Calculator,apr-calculator,https://www.mytulify.com/calculators/apr-calculator,APR Calculator,high,medium
Calculators APR Calculator,tool_variant,calculators,Calculators,APR Calculator,apr-calculator,https://www.mytulify.com/calculators/apr-calculator,APR Calculator,high,medium
"Compare note interest rate with APR after upfront loan fees, plus the monthly payment",tool_variant,calculators,Calculators,APR Calculator,apr-calculator,https://www.mytulify.com/calculators/apr-calculator,APR Calculator,high,medium
Color Picker,tool,color-tools,Color Tools,Color Picker,color-picker,https://www.mytulify.com/color-tools/color-picker,Color Picker,high,medium
free Color Picker,tool_variant,color-tools,Color Tools,Color Picker,color-picker,https://www.mytulify.com/color-tools/color-picker,Color Picker,high,medium
free online Color Picker,tool_variant,color-tools,Color Tools,Color Picker,color-picker,https://www.mytulify.com/color-tools/color-picker,Color Picker,high,medium
Color Picker online,tool_variant,color-tools,Color Tools,Color Picker,color-picker,https://www.mytulify.com/color-tools/color-picker,Color Picker,high,medium
Color Tools Color Picker,tool_variant,color-tools,Color Tools,Color Picker,color-picker,https://www.mytulify.com/color-tools/color-picker,Color Picker,high,medium
"Pick any color and get its HEX, RGB, and HSL values",tool_variant,color-tools,Color Tools,Color Picker,color-picker,https://www.mytulify.com/color-tools/color-picker,Color Picker,high,medium
HEX to RGB,tool,color-tools,Color Tools,HEX to RGB,hex-to-rgb,https://www.mytulify.com/color-tools/hex-to-rgb,HEX to RGB,high,low
free HEX to RGB,tool_variant,color-tools,Color Tools,HEX to RGB,hex-to-rgb,https://www.mytulify.com/color-tools/hex-to-rgb,HEX to RGB,high,low
free online HEX to RGB,tool_variant,color-tools,Color Tools,HEX to RGB,hex-to-rgb,https://www.mytulify.com/color-tools/hex-to-rgb,HEX to RGB,high,low
HEX to RGB online,tool_variant,color-tools,Color Tools,HEX to RGB,hex-to-rgb,https://www.mytulify.com/color-tools/hex-to-rgb,HEX to RGB,high,low
Color Tools HEX to RGB,tool_variant,color-tools,Color Tools,HEX to RGB,hex-to-rgb,https://www.mytulify.com/color-tools/hex-to-rgb,HEX to RGB,high,low
Convert HEX color codes to RGB values,tool_variant,color-tools,Color Tools,HEX to RGB,hex-to-rgb,https://www.mytulify.com/color-tools/hex-to-rgb,HEX to RGB,high,low
RGB to HEX,tool,color-tools,Color Tools,RGB to HEX,rgb-to-hex,https://www.mytulify.com/color-tools/rgb-to-hex,RGB to HEX,high,low
free RGB to HEX,tool_variant,color-tools,Color Tools,RGB to HEX,rgb-to-hex,https://www.mytulify.com/color-tools/rgb-to-hex,RGB to HEX,high,low
free online RGB to HEX,tool_variant,color-tools,Color Tools,RGB to HEX,rgb-to-hex,https://www.mytulify.com/color-tools/rgb-to-hex,RGB to HEX,high,low
RGB to HEX online,tool_variant,color-tools,Color Tools,RGB to HEX,rgb-to-hex,https://www.mytulify.com/color-tools/rgb-to-hex,RGB to HEX,high,low
Color Tools RGB to HEX,tool_variant,color-tools,Color Tools,RGB to HEX,rgb-to-hex,https://www.mytulify.com/color-tools/rgb-to-hex,RGB to HEX,high,low
Convert RGB values to a HEX color code,tool_variant,color-tools,Color Tools,RGB to HEX,rgb-to-hex,https://www.mytulify.com/color-tools/rgb-to-hex,RGB to HEX,high,low
HEX to HSL,tool,color-tools,Color Tools,HEX to HSL,hex-to-hsl,https://www.mytulify.com/color-tools/hex-to-hsl,HEX to HSL,medium,low
free HEX to HSL,tool_variant,color-tools,Color Tools,HEX to HSL,hex-to-hsl,https://www.mytulify.com/color-tools/hex-to-hsl,HEX to HSL,medium,low
free online HEX to HSL,tool_variant,color-tools,Color Tools,HEX to HSL,hex-to-hsl,https://www.mytulify.com/color-tools/hex-to-hsl,HEX to HSL,medium,low
HEX to HSL online,tool_variant,color-tools,Color Tools,HEX to HSL,hex-to-hsl,https://www.mytulify.com/color-tools/hex-to-hsl,HEX to HSL,medium,low
Color Tools HEX to HSL,tool_variant,color-tools,Color Tools,HEX to HSL,hex-to-hsl,https://www.mytulify.com/color-tools/hex-to-hsl,HEX to HSL,medium,low
Convert HEX colors to HSL format,tool_variant,color-tools,Color Tools,HEX to HSL,hex-to-hsl,https://www.mytulify.com/color-tools/hex-to-hsl,HEX to HSL,medium,low
HSL to HEX,tool,color-tools,Color Tools,HSL to HEX,hsl-to-hex,https://www.mytulify.com/color-tools/hsl-to-hex,HSL to HEX,medium,low
free HSL to HEX,tool_variant,color-tools,Color Tools,HSL to HEX,hsl-to-hex,https://www.mytulify.com/color-tools/hsl-to-hex,HSL to HEX,medium,low
free online HSL to HEX,tool_variant,color-tools,Color Tools,HSL to HEX,hsl-to-hex,https://www.mytulify.com/color-tools/hsl-to-hex,HSL to HEX,medium,low
HSL to HEX online,tool_variant,color-tools,Color Tools,HSL to HEX,hsl-to-hex,https://www.mytulify.com/color-tools/hsl-to-hex,HSL to HEX,medium,low
Color Tools HSL to HEX,tool_variant,color-tools,Color Tools,HSL to HEX,hsl-to-hex,https://www.mytulify.com/color-tools/hsl-to-hex,HSL to HEX,medium,low
Convert HSL color values to a HEX code,tool_variant,color-tools,Color Tools,HSL to HEX,hsl-to-hex,https://www.mytulify.com/color-tools/hsl-to-hex,HSL to HEX,medium,low
RGB to HSL,tool,color-tools,Color Tools,RGB to HSL,rgb-to-hsl,https://www.mytulify.com/color-tools/rgb-to-hsl,RGB to HSL,medium,low
free RGB to HSL,tool_variant,color-tools,Color Tools,RGB to HSL,rgb-to-hsl,https://www.mytulify.com/color-tools/rgb-to-hsl,RGB to HSL,medium,low
free online RGB to HSL,tool_variant,color-tools,Color Tools,RGB to HSL,rgb-to-hsl,https://www.mytulify.com/color-tools/rgb-to-hsl,RGB to HSL,medium,low
RGB to HSL online,tool_variant,color-tools,Color Tools,RGB to HSL,rgb-to-hsl,https://www.mytulify.com/color-tools/rgb-to-hsl,RGB to HSL,medium,low
Color Tools RGB to HSL,tool_variant,color-tools,Color Tools,RGB to HSL,rgb-to-hsl,https://www.mytulify.com/color-tools/rgb-to-hsl,RGB to HSL,medium,low
Convert RGB color values to HSL,tool_variant,color-tools,Color Tools,RGB to HSL,rgb-to-hsl,https://www.mytulify.com/color-tools/rgb-to-hsl,RGB to HSL,medium,low
RGB to CMYK,tool,color-tools,Color Tools,RGB to CMYK,rgb-to-cmyk,https://www.mytulify.com/color-tools/rgb-to-cmyk,RGB to CMYK,medium,low
free RGB to CMYK,tool_variant,color-tools,Color Tools,RGB to CMYK,rgb-to-cmyk,https://www.mytulify.com/color-tools/rgb-to-cmyk,RGB to CMYK,medium,low
free online RGB to CMYK,tool_variant,color-tools,Color Tools,RGB to CMYK,rgb-to-cmyk,https://www.mytulify.com/color-tools/rgb-to-cmyk,RGB to CMYK,medium,low
RGB to CMYK online,tool_variant,color-tools,Color Tools,RGB to CMYK,rgb-to-cmyk,https://www.mytulify.com/color-tools/rgb-to-cmyk,RGB to CMYK,medium,low
Color Tools RGB to CMYK,tool_variant,color-tools,Color Tools,RGB to CMYK,rgb-to-cmyk,https://www.mytulify.com/color-tools/rgb-to-cmyk,RGB to CMYK,medium,low
Convert RGB colors to CMYK for printing,tool_variant,color-tools,Color Tools,RGB to CMYK,rgb-to-cmyk,https://www.mytulify.com/color-tools/rgb-to-cmyk,RGB to CMYK,medium,low
CMYK to RGB,tool,color-tools,Color Tools,CMYK to RGB,cmyk-to-rgb,https://www.mytulify.com/color-tools/cmyk-to-rgb,CMYK to RGB,medium,low
free CMYK to RGB,tool_variant,color-tools,Color Tools,CMYK to RGB,cmyk-to-rgb,https://www.mytulify.com/color-tools/cmyk-to-rgb,CMYK to RGB,medium,low
free online CMYK to RGB,tool_variant,color-tools,Color Tools,CMYK to RGB,cmyk-to-rgb,https://www.mytulify.com/color-tools/cmyk-to-rgb,CMYK to RGB,medium,low
CMYK to RGB online,tool_variant,color-tools,Color Tools,CMYK to RGB,cmyk-to-rgb,https://www.mytulify.com/color-tools/cmyk-to-rgb,CMYK to RGB,medium,low
Color Tools CMYK to RGB,tool_variant,color-tools,Color Tools,CMYK to RGB,cmyk-to-rgb,https://www.mytulify.com/color-tools/cmyk-to-rgb,CMYK to RGB,medium,low
Convert CMYK print colors back to RGB,tool_variant,color-tools,Color Tools,CMYK to RGB,cmyk-to-rgb,https://www.mytulify.com/color-tools/cmyk-to-rgb,CMYK to RGB,medium,low
HEX to CMYK,tool,color-tools,Color Tools,HEX to CMYK,hex-to-cmyk,https://www.mytulify.com/color-tools/hex-to-cmyk,HEX to CMYK,low,low
free HEX to CMYK,tool_variant,color-tools,Color Tools,HEX to CMYK,hex-to-cmyk,https://www.mytulify.com/color-tools/hex-to-cmyk,HEX to CMYK,low,low
free online HEX to CMYK,tool_variant,color-tools,Color Tools,HEX to CMYK,hex-to-cmyk,https://www.mytulify.com/color-tools/hex-to-cmyk,HEX to CMYK,low,low
HEX to CMYK online,tool_variant,color-tools,Color Tools,HEX to CMYK,hex-to-cmyk,https://www.mytulify.com/color-tools/hex-to-cmyk,HEX to CMYK,low,low
Color Tools HEX to CMYK,tool_variant,color-tools,Color Tools,HEX to CMYK,hex-to-cmyk,https://www.mytulify.com/color-tools/hex-to-cmyk,HEX to CMYK,low,low
Convert a HEX color code to CMYK values,tool_variant,color-tools,Color Tools,HEX to CMYK,hex-to-cmyk,https://www.mytulify.com/color-tools/hex-to-cmyk,HEX to CMYK,low,low
Color Palette Generator,tool,color-tools,Color Tools,Color Palette Generator,color-palette-generator,https://www.mytulify.com/color-tools/color-palette-generator,Color Palette Generator,high,medium
free Color Palette Generator,tool_variant,color-tools,Color Tools,Color Palette Generator,color-palette-generator,https://www.mytulify.com/color-tools/color-palette-generator,Color Palette Generator,high,medium
free online Color Palette Generator,tool_variant,color-tools,Color Tools,Color Palette Generator,color-palette-generator,https://www.mytulify.com/color-tools/color-palette-generator,Color Palette Generator,high,medium
Color Palette Generator online,tool_variant,color-tools,Color Tools,Color Palette Generator,color-palette-generator,https://www.mytulify.com/color-tools/color-palette-generator,Color Palette Generator,high,medium
Color Tools Color Palette Generator,tool_variant,color-tools,Color Tools,Color Palette Generator,color-palette-generator,https://www.mytulify.com/color-tools/color-palette-generator,Color Palette Generator,high,medium
Generate harmonious color palettes instantly,tool_variant,color-tools,Color Tools,Color Palette Generator,color-palette-generator,https://www.mytulify.com/color-tools/color-palette-generator,Color Palette Generator,high,medium
Gradient Generator,tool,color-tools,Color Tools,Gradient Generator,gradient-generator,https://www.mytulify.com/color-tools/gradient-generator,Gradient Generator,high,medium
free Gradient Generator,tool_variant,color-tools,Color Tools,Gradient Generator,gradient-generator,https://www.mytulify.com/color-tools/gradient-generator,Gradient Generator,high,medium
free online Gradient Generator,tool_variant,color-tools,Color Tools,Gradient Generator,gradient-generator,https://www.mytulify.com/color-tools/gradient-generator,Gradient Generator,high,medium
Gradient Generator online,tool_variant,color-tools,Color Tools,Gradient Generator,gradient-generator,https://www.mytulify.com/color-tools/gradient-generator,Gradient Generator,high,medium
Color Tools Gradient Generator,tool_variant,color-tools,Color Tools,Gradient Generator,gradient-generator,https://www.mytulify.com/color-tools/gradient-generator,Gradient Generator,high,medium
Build CSS linear and radial gradients visually,tool_variant,color-tools,Color Tools,Gradient Generator,gradient-generator,https://www.mytulify.com/color-tools/gradient-generator,Gradient Generator,high,medium
Color Contrast Checker,tool,color-tools,Color Tools,Color Contrast Checker,color-contrast-checker,https://www.mytulify.com/color-tools/color-contrast-checker,Color Contrast Checker,high,low
free Color Contrast Checker,tool_variant,color-tools,Color Tools,Color Contrast Checker,color-contrast-checker,https://www.mytulify.com/color-tools/color-contrast-checker,Color Contrast Checker,high,low
free online Color Contrast Checker,tool_variant,color-tools,Color Tools,Color Contrast Checker,color-contrast-checker,https://www.mytulify.com/color-tools/color-contrast-checker,Color Contrast Checker,high,low
Color Contrast Checker online,tool_variant,color-tools,Color Tools,Color Contrast Checker,color-contrast-checker,https://www.mytulify.com/color-tools/color-contrast-checker,Color Contrast Checker,high,low
Color Tools Color Contrast Checker,tool_variant,color-tools,Color Tools,Color Contrast Checker,color-contrast-checker,https://www.mytulify.com/color-tools/color-contrast-checker,Color Contrast Checker,high,low
Check WCAG contrast ratio between two colors,tool_variant,color-tools,Color Tools,Color Contrast Checker,color-contrast-checker,https://www.mytulify.com/color-tools/color-contrast-checker,Color Contrast Checker,high,low
Color Shades Generator,tool,color-tools,Color Tools,Color Shades Generator,color-shades-generator,https://www.mytulify.com/color-tools/color-shades-generator,Color Shades Generator,medium,low
free Color Shades Generator,tool_variant,color-tools,Color Tools,Color Shades Generator,color-shades-generator,https://www.mytulify.com/color-tools/color-shades-generator,Color Shades Generator,medium,low
free online Color Shades Generator,tool_variant,color-tools,Color Tools,Color Shades Generator,color-shades-generator,https://www.mytulify.com/color-tools/color-shades-generator,Color Shades Generator,medium,low
Color Shades Generator online,tool_variant,color-tools,Color Tools,Color Shades Generator,color-shades-generator,https://www.mytulify.com/color-tools/color-shades-generator,Color Shades Generator,medium,low
Color Tools Color Shades Generator,tool_variant,color-tools,Color Tools,Color Shades Generator,color-shades-generator,https://www.mytulify.com/color-tools/color-shades-generator,Color Shades Generator,medium,low
Generate darker shades of a base color,tool_variant,color-tools,Color Tools,Color Shades Generator,color-shades-generator,https://www.mytulify.com/color-tools/color-shades-generator,Color Shades Generator,medium,low
Color Tints Generator,tool,color-tools,Color Tools,Color Tints Generator,color-tints-generator,https://www.mytulify.com/color-tools/color-tints-generator,Color Tints Generator,medium,low
free Color Tints Generator,tool_variant,color-tools,Color Tools,Color Tints Generator,color-tints-generator,https://www.mytulify.com/color-tools/color-tints-generator,Color Tints Generator,medium,low
free online Color Tints Generator,tool_variant,color-tools,Color Tools,Color Tints Generator,color-tints-generator,https://www.mytulify.com/color-tools/color-tints-generator,Color Tints Generator,medium,low
Color Tints Generator online,tool_variant,color-tools,Color Tools,Color Tints Generator,color-tints-generator,https://www.mytulify.com/color-tools/color-tints-generator,Color Tints Generator,medium,low
Color Tools Color Tints Generator,tool_variant,color-tools,Color Tools,Color Tints Generator,color-tints-generator,https://www.mytulify.com/color-tools/color-tints-generator,Color Tints Generator,medium,low
Generate lighter tints of a base color,tool_variant,color-tools,Color Tools,Color Tints Generator,color-tints-generator,https://www.mytulify.com/color-tools/color-tints-generator,Color Tints Generator,medium,low
Color Wheel,tool,color-tools,Color Tools,Color Wheel,color-wheel,https://www.mytulify.com/color-tools/color-wheel,Color Wheel,high,medium
free Color Wheel,tool_variant,color-tools,Color Tools,Color Wheel,color-wheel,https://www.mytulify.com/color-tools/color-wheel,Color Wheel,high,medium
free online Color Wheel,tool_variant,color-tools,Color Tools,Color Wheel,color-wheel,https://www.mytulify.com/color-tools/color-wheel,Color Wheel,high,medium
Color Wheel online,tool_variant,color-tools,Color Tools,Color Wheel,color-wheel,https://www.mytulify.com/color-tools/color-wheel,Color Wheel,high,medium
Color Tools Color Wheel,tool_variant,color-tools,Color Tools,Color Wheel,color-wheel,https://www.mytulify.com/color-tools/color-wheel,Color Wheel,high,medium
Explore complementary and harmony colors on a wheel,tool_variant,color-tools,Color Tools,Color Wheel,color-wheel,https://www.mytulify.com/color-tools/color-wheel,Color Wheel,high,medium
Color Mixer,tool,color-tools,Color Tools,Color Mixer,color-mixer,https://www.mytulify.com/color-tools/color-mixer,Color Mixer,medium,low
free Color Mixer,tool_variant,color-tools,Color Tools,Color Mixer,color-mixer,https://www.mytulify.com/color-tools/color-mixer,Color Mixer,medium,low
free online Color Mixer,tool_variant,color-tools,Color Tools,Color Mixer,color-mixer,https://www.mytulify.com/color-tools/color-mixer,Color Mixer,medium,low
Color Mixer online,tool_variant,color-tools,Color Tools,Color Mixer,color-mixer,https://www.mytulify.com/color-tools/color-mixer,Color Mixer,medium,low
Color Tools Color Mixer,tool_variant,color-tools,Color Tools,Color Mixer,color-mixer,https://www.mytulify.com/color-tools/color-mixer,Color Mixer,medium,low
Blend two colors and preview the mixed result,tool_variant,color-tools,Color Tools,Color Mixer,color-mixer,https://www.mytulify.com/color-tools/color-mixer,Color Mixer,medium,low
Color Blindness Simulator,tool,color-tools,Color Tools,Color Blindness Simulator,color-blindness-simulator,https://www.mytulify.com/color-tools/color-blindness-simulator,Color Blindness Simulator,medium,low
free Color Blindness Simulator,tool_variant,color-tools,Color Tools,Color Blindness Simulator,color-blindness-simulator,https://www.mytulify.com/color-tools/color-blindness-simulator,Color Blindness Simulator,medium,low
free online Color Blindness Simulator,tool_variant,color-tools,Color Tools,Color Blindness Simulator,color-blindness-simulator,https://www.mytulify.com/color-tools/color-blindness-simulator,Color Blindness Simulator,medium,low
Color Blindness Simulator online,tool_variant,color-tools,Color Tools,Color Blindness Simulator,color-blindness-simulator,https://www.mytulify.com/color-tools/color-blindness-simulator,Color Blindness Simulator,medium,low
Color Tools Color Blindness Simulator,tool_variant,color-tools,Color Tools,Color Blindness Simulator,color-blindness-simulator,https://www.mytulify.com/color-tools/color-blindness-simulator,Color Blindness Simulator,medium,low
Preview colors as seen with color vision deficiencies,tool_variant,color-tools,Color Tools,Color Blindness Simulator,color-blindness-simulator,https://www.mytulify.com/color-tools/color-blindness-simulator,Color Blindness Simulator,medium,low
Random Color Generator,tool,color-tools,Color Tools,Random Color Generator,random-color-generator,https://www.mytulify.com/color-tools/random-color-generator,Random Color Generator,medium,low
free Random Color Generator,tool_variant,color-tools,Color Tools,Random Color Generator,random-color-generator,https://www.mytulify.com/color-tools/random-color-generator,Random Color Generator,medium,low
free online Random Color Generator,tool_variant,color-tools,Color Tools,Random Color Generator,random-color-generator,https://www.mytulify.com/color-tools/random-color-generator,Random Color Generator,medium,low
Random Color Generator online,tool_variant,color-tools,Color Tools,Random Color Generator,random-color-generator,https://www.mytulify.com/color-tools/random-color-generator,Random Color Generator,medium,low
Color Tools Random Color Generator,tool_variant,color-tools,Color Tools,Random Color Generator,random-color-generator,https://www.mytulify.com/color-tools/random-color-generator,Random Color Generator,medium,low
Generate random colors with their codes,tool_variant,color-tools,Color Tools,Random Color Generator,random-color-generator,https://www.mytulify.com/color-tools/random-color-generator,Random Color Generator,medium,low
Complementary Color Finder,tool,color-tools,Color Tools,Complementary Color Finder,complementary-color-finder,https://www.mytulify.com/color-tools/complementary-color-finder,Complementary Color Finder,medium,low
free Complementary Color Finder,tool_variant,color-tools,Color Tools,Complementary Color Finder,complementary-color-finder,https://www.mytulify.com/color-tools/complementary-color-finder,Complementary Color Finder,medium,low
free online Complementary Color Finder,tool_variant,color-tools,Color Tools,Complementary Color Finder,complementary-color-finder,https://www.mytulify.com/color-tools/complementary-color-finder,Complementary Color Finder,medium,low
Complementary Color Finder online,tool_variant,color-tools,Color Tools,Complementary Color Finder,complementary-color-finder,https://www.mytulify.com/color-tools/complementary-color-finder,Complementary Color Finder,medium,low
Color Tools Complementary Color Finder,tool_variant,color-tools,Color Tools,Complementary Color Finder,complementary-color-finder,https://www.mytulify.com/color-tools/complementary-color-finder,Complementary Color Finder,medium,low
Find the complementary color for any input color,tool_variant,color-tools,Color Tools,Complementary Color Finder,complementary-color-finder,https://www.mytulify.com/color-tools/complementary-color-finder,Complementary Color Finder,medium,low
Analogous Color Generator,tool,color-tools,Color Tools,Analogous Color Generator,analogous-color-generator,https://www.mytulify.com/color-tools/analogous-color-generator,Analogous Color Generator,low,low
free Analogous Color Generator,tool_variant,color-tools,Color Tools,Analogous Color Generator,analogous-color-generator,https://www.mytulify.com/color-tools/analogous-color-generator,Analogous Color Generator,low,low
free online Analogous Color Generator,tool_variant,color-tools,Color Tools,Analogous Color Generator,analogous-color-generator,https://www.mytulify.com/color-tools/analogous-color-generator,Analogous Color Generator,low,low
Analogous Color Generator online,tool_variant,color-tools,Color Tools,Analogous Color Generator,analogous-color-generator,https://www.mytulify.com/color-tools/analogous-color-generator,Analogous Color Generator,low,low
Color Tools Analogous Color Generator,tool_variant,color-tools,Color Tools,Analogous Color Generator,analogous-color-generator,https://www.mytulify.com/color-tools/analogous-color-generator,Analogous Color Generator,low,low
Generate analogous color schemes from a base color,tool_variant,color-tools,Color Tools,Analogous Color Generator,analogous-color-generator,https://www.mytulify.com/color-tools/analogous-color-generator,Analogous Color Generator,low,low
Triadic Color Generator,tool,color-tools,Color Tools,Triadic Color Generator,triadic-color-generator,https://www.mytulify.com/color-tools/triadic-color-generator,Triadic Color Generator,low,low
free Triadic Color Generator,tool_variant,color-tools,Color Tools,Triadic Color Generator,triadic-color-generator,https://www.mytulify.com/color-tools/triadic-color-generator,Triadic Color Generator,low,low
free online Triadic Color Generator,tool_variant,color-tools,Color Tools,Triadic Color Generator,triadic-color-generator,https://www.mytulify.com/color-tools/triadic-color-generator,Triadic Color Generator,low,low
Triadic Color Generator online,tool_variant,color-tools,Color Tools,Triadic Color Generator,triadic-color-generator,https://www.mytulify.com/color-tools/triadic-color-generator,Triadic Color Generator,low,low
Color Tools Triadic Color Generator,tool_variant,color-tools,Color Tools,Triadic Color Generator,triadic-color-generator,https://www.mytulify.com/color-tools/triadic-color-generator,Triadic Color Generator,low,low
Create triadic three-color harmony schemes,tool_variant,color-tools,Color Tools,Triadic Color Generator,triadic-color-generator,https://www.mytulify.com/color-tools/triadic-color-generator,Triadic Color Generator,low,low
Monochromatic Color Generator,tool,color-tools,Color Tools,Monochromatic Color Generator,monochromatic-color-generator,https://www.mytulify.com/color-tools/monochromatic-color-generator,Monochromatic Color Generator,low,low
free Monochromatic Color Generator,tool_variant,color-tools,Color Tools,Monochromatic Color Generator,monochromatic-color-generator,https://www.mytulify.com/color-tools/monochromatic-color-generator,Monochromatic Color Generator,low,low
free online Monochromatic Color Generator,tool_variant,color-tools,Color Tools,Monochromatic Color Generator,monochromatic-color-generator,https://www.mytulify.com/color-tools/monochromatic-color-generator,Monochromatic Color Generator,low,low
Monochromatic Color Generator online,tool_variant,color-tools,Color Tools,Monochromatic Color Generator,monochromatic-color-generator,https://www.mytulify.com/color-tools/monochromatic-color-generator,Monochromatic Color Generator,low,low
Color Tools Monochromatic Color Generator,tool_variant,color-tools,Color Tools,Monochromatic Color Generator,monochromatic-color-generator,https://www.mytulify.com/color-tools/monochromatic-color-generator,Monochromatic Color Generator,low,low
Build a single-hue monochromatic palette,tool_variant,color-tools,Color Tools,Monochromatic Color Generator,monochromatic-color-generator,https://www.mytulify.com/color-tools/monochromatic-color-generator,Monochromatic Color Generator,low,low
Color Name Finder,tool,color-tools,Color Tools,Color Name Finder,color-name-finder,https://www.mytulify.com/color-tools/color-name-finder,Color Name Finder,medium,low
free Color Name Finder,tool_variant,color-tools,Color Tools,Color Name Finder,color-name-finder,https://www.mytulify.com/color-tools/color-name-finder,Color Name Finder,medium,low
free online Color Name Finder,tool_variant,color-tools,Color Tools,Color Name Finder,color-name-finder,https://www.mytulify.com/color-tools/color-name-finder,Color Name Finder,medium,low
Color Name Finder online,tool_variant,color-tools,Color Tools,Color Name Finder,color-name-finder,https://www.mytulify.com/color-tools/color-name-finder,Color Name Finder,medium,low
Color Tools Color Name Finder,tool_variant,color-tools,Color Tools,Color Name Finder,color-name-finder,https://www.mytulify.com/color-tools/color-name-finder,Color Name Finder,medium,low
Find the closest named color for any HEX value,tool_variant,color-tools,Color Tools,Color Name Finder,color-name-finder,https://www.mytulify.com/color-tools/color-name-finder,Color Name Finder,medium,low
CSS Gradient Background Generator,tool,color-tools,Color Tools,CSS Gradient Background Generator,css-gradient-background-generator,https://www.mytulify.com/color-tools/css-gradient-background-generator,CSS Gradient Background Generator,medium,medium
free CSS Gradient Background Generator,tool_variant,color-tools,Color Tools,CSS Gradient Background Generator,css-gradient-background-generator,https://www.mytulify.com/color-tools/css-gradient-background-generator,CSS Gradient Background Generator,medium,medium
free online CSS Gradient Background Generator,tool_variant,color-tools,Color Tools,CSS Gradient Background Generator,css-gradient-background-generator,https://www.mytulify.com/color-tools/css-gradient-background-generator,CSS Gradient Background Generator,medium,medium
CSS Gradient Background Generator online,tool_variant,color-tools,Color Tools,CSS Gradient Background Generator,css-gradient-background-generator,https://www.mytulify.com/color-tools/css-gradient-background-generator,CSS Gradient Background Generator,medium,medium
Color Tools CSS Gradient Background Generator,tool_variant,color-tools,Color Tools,CSS Gradient Background Generator,css-gradient-background-generator,https://www.mytulify.com/color-tools/css-gradient-background-generator,CSS Gradient Background Generator,medium,medium
Generate copy-paste CSS gradient backgrounds,tool_variant,color-tools,Color Tools,CSS Gradient Background Generator,css-gradient-background-generator,https://www.mytulify.com/color-tools/css-gradient-background-generator,CSS Gradient Background Generator,medium,medium
Box Shadow Generator,tool,color-tools,Color Tools,Box Shadow Generator,box-shadow-generator,https://www.mytulify.com/color-tools/box-shadow-generator,Box Shadow Generator,high,medium
free Box Shadow Generator,tool_variant,color-tools,Color Tools,Box Shadow Generator,box-shadow-generator,https://www.mytulify.com/color-tools/box-shadow-generator,Box Shadow Generator,high,medium
free online Box Shadow Generator,tool_variant,color-tools,Color Tools,Box Shadow Generator,box-shadow-generator,https://www.mytulify.com/color-tools/box-shadow-generator,Box Shadow Generator,high,medium
Box Shadow Generator online,tool_variant,color-tools,Color Tools,Box Shadow Generator,box-shadow-generator,https://www.mytulify.com/color-tools/box-shadow-generator,Box Shadow Generator,high,medium
Color Tools Box Shadow Generator,tool_variant,color-tools,Color Tools,Box Shadow Generator,box-shadow-generator,https://www.mytulify.com/color-tools/box-shadow-generator,Box Shadow Generator,high,medium
Build and preview CSS box-shadow code,tool_variant,color-tools,Color Tools,Box Shadow Generator,box-shadow-generator,https://www.mytulify.com/color-tools/box-shadow-generator,Box Shadow Generator,high,medium
Text Shadow Generator,tool,color-tools,Color Tools,Text Shadow Generator,text-shadow-generator,https://www.mytulify.com/color-tools/text-shadow-generator,Text Shadow Generator,medium,low
free Text Shadow Generator,tool_variant,color-tools,Color Tools,Text Shadow Generator,text-shadow-generator,https://www.mytulify.com/color-tools/text-shadow-generator,Text Shadow Generator,medium,low
free online Text Shadow Generator,tool_variant,color-tools,Color Tools,Text Shadow Generator,text-shadow-generator,https://www.mytulify.com/color-tools/text-shadow-generator,Text Shadow Generator,medium,low
Text Shadow Generator online,tool_variant,color-tools,Color Tools,Text Shadow Generator,text-shadow-generator,https://www.mytulify.com/color-tools/text-shadow-generator,Text Shadow Generator,medium,low
Color Tools Text Shadow Generator,tool_variant,color-tools,Color Tools,Text Shadow Generator,text-shadow-generator,https://www.mytulify.com/color-tools/text-shadow-generator,Text Shadow Generator,medium,low
Create CSS text-shadow effects with live preview,tool_variant,color-tools,Color Tools,Text Shadow Generator,text-shadow-generator,https://www.mytulify.com/color-tools/text-shadow-generator,Text Shadow Generator,medium,low
Hex Color to Image,tool,color-tools,Color Tools,Hex Color to Image,hex-color-to-image,https://www.mytulify.com/color-tools/hex-color-to-image,Hex Color to Image,low,low
free Hex Color to Image,tool_variant,color-tools,Color Tools,Hex Color to Image,hex-color-to-image,https://www.mytulify.com/color-tools/hex-color-to-image,Hex Color to Image,low,low
free online Hex Color to Image,tool_variant,color-tools,Color Tools,Hex Color to Image,hex-color-to-image,https://www.mytulify.com/color-tools/hex-color-to-image,Hex Color to Image,low,low
Hex Color to Image online,tool_variant,color-tools,Color Tools,Hex Color to Image,hex-color-to-image,https://www.mytulify.com/color-tools/hex-color-to-image,Hex Color to Image,low,low
Color Tools Hex Color to Image,tool_variant,color-tools,Color Tools,Hex Color to Image,hex-color-to-image,https://www.mytulify.com/color-tools/hex-color-to-image,Hex Color to Image,low,low
Generate a solid color image from a HEX code,tool_variant,color-tools,Color Tools,Hex Color to Image,hex-color-to-image,https://www.mytulify.com/color-tools/hex-color-to-image,Hex Color to Image,low,low
Color from Image,tool,color-tools,Color Tools,Color from Image,color-from-image,https://www.mytulify.com/color-tools/color-from-image,Color from Image,medium,low
free Color from Image,tool_variant,color-tools,Color Tools,Color from Image,color-from-image,https://www.mytulify.com/color-tools/color-from-image,Color from Image,medium,low
free online Color from Image,tool_variant,color-tools,Color Tools,Color from Image,color-from-image,https://www.mytulify.com/color-tools/color-from-image,Color from Image,medium,low
Color from Image online,tool_variant,color-tools,Color Tools,Color from Image,color-from-image,https://www.mytulify.com/color-tools/color-from-image,Color from Image,medium,low
Color Tools Color from Image,tool_variant,color-tools,Color Tools,Color from Image,color-from-image,https://www.mytulify.com/color-tools/color-from-image,Color from Image,medium,low
Pick and extract colors directly from an uploaded image,tool_variant,color-tools,Color Tools,Color from Image,color-from-image,https://www.mytulify.com/color-tools/color-from-image,Color from Image,medium,low
Hex to RGBA,tool,color-tools,Color Tools,Hex to RGBA,hex-to-rgba,https://www.mytulify.com/color-tools/hex-to-rgba,Hex to RGBA,medium,low
free Hex to RGBA,tool_variant,color-tools,Color Tools,Hex to RGBA,hex-to-rgba,https://www.mytulify.com/color-tools/hex-to-rgba,Hex to RGBA,medium,low
free online Hex to RGBA,tool_variant,color-tools,Color Tools,Hex to RGBA,hex-to-rgba,https://www.mytulify.com/color-tools/hex-to-rgba,Hex to RGBA,medium,low
Hex to RGBA online,tool_variant,color-tools,Color Tools,Hex to RGBA,hex-to-rgba,https://www.mytulify.com/color-tools/hex-to-rgba,Hex to RGBA,medium,low
Color Tools Hex to RGBA,tool_variant,color-tools,Color Tools,Hex to RGBA,hex-to-rgba,https://www.mytulify.com/color-tools/hex-to-rgba,Hex to RGBA,medium,low
Convert HEX colors to RGBA with an alpha channel,tool_variant,color-tools,Color Tools,Hex to RGBA,hex-to-rgba,https://www.mytulify.com/color-tools/hex-to-rgba,Hex to RGBA,medium,low
Lighten and Darken Color,tool,color-tools,Color Tools,Lighten and Darken Color,lighten-darken-color,https://www.mytulify.com/color-tools/lighten-darken-color,Lighten and Darken Color,medium,low
free Lighten and Darken Color,tool_variant,color-tools,Color Tools,Lighten and Darken Color,lighten-darken-color,https://www.mytulify.com/color-tools/lighten-darken-color,Lighten and Darken Color,medium,low
free online Lighten and Darken Color,tool_variant,color-tools,Color Tools,Lighten and Darken Color,lighten-darken-color,https://www.mytulify.com/color-tools/lighten-darken-color,Lighten and Darken Color,medium,low
Lighten and Darken Color online,tool_variant,color-tools,Color Tools,Lighten and Darken Color,lighten-darken-color,https://www.mytulify.com/color-tools/lighten-darken-color,Lighten and Darken Color,medium,low
lighten darken color,tool_variant,color-tools,Color Tools,Lighten and Darken Color,lighten-darken-color,https://www.mytulify.com/color-tools/lighten-darken-color,Lighten and Darken Color,medium,low
Color Tools Lighten and Darken Color,tool_variant,color-tools,Color Tools,Lighten and Darken Color,lighten-darken-color,https://www.mytulify.com/color-tools/lighten-darken-color,Lighten and Darken Color,medium,low
Adjust a color's lightness up or down by percentage,tool_variant,color-tools,Color Tools,Lighten and Darken Color,lighten-darken-color,https://www.mytulify.com/color-tools/lighten-darken-color,Lighten and Darken Color,medium,low
Online Video Editor,tool,content-creator-tools,Content Creator Tools,Online Video Editor,online-video-editor,https://www.mytulify.com/content-creator-tools/online-video-editor,Online Video Editor,high,medium
free Online Video Editor,tool_variant,content-creator-tools,Content Creator Tools,Online Video Editor,online-video-editor,https://www.mytulify.com/content-creator-tools/online-video-editor,Online Video Editor,high,medium
free online Online Video Editor,tool_variant,content-creator-tools,Content Creator Tools,Online Video Editor,online-video-editor,https://www.mytulify.com/content-creator-tools/online-video-editor,Online Video Editor,high,medium
Online Video Editor online,tool_variant,content-creator-tools,Content Creator Tools,Online Video Editor,online-video-editor,https://www.mytulify.com/content-creator-tools/online-video-editor,Online Video Editor,high,medium
Content Creator Tools Online Video Editor,tool_variant,content-creator-tools,Content Creator Tools,Online Video Editor,online-video-editor,https://www.mytulify.com/content-creator-tools/online-video-editor,Online Video Editor,high,medium
Video Script Studio,tool,content-creator-tools,Content Creator Tools,Video Script Studio,video-script-studio,https://www.mytulify.com/content-creator-tools/video-script-studio,Video Script Studio,high,medium
free Video Script Studio,tool_variant,content-creator-tools,Content Creator Tools,Video Script Studio,video-script-studio,https://www.mytulify.com/content-creator-tools/video-script-studio,Video Script Studio,high,medium
free online Video Script Studio,tool_variant,content-creator-tools,Content Creator Tools,Video Script Studio,video-script-studio,https://www.mytulify.com/content-creator-tools/video-script-studio,Video Script Studio,high,medium
Video Script Studio online,tool_variant,content-creator-tools,Content Creator Tools,Video Script Studio,video-script-studio,https://www.mytulify.com/content-creator-tools/video-script-studio,Video Script Studio,high,medium
Content Creator Tools Video Script Studio,tool_variant,content-creator-tools,Content Creator Tools,Video Script Studio,video-script-studio,https://www.mytulify.com/content-creator-tools/video-script-studio,Video Script Studio,high,medium
"Upload any video → extract script, scene-by-scene remake plan, free stock B-roll links, and matching voiceover",tool_variant,content-creator-tools,Content Creator Tools,Video Script Studio,video-script-studio,https://www.mytulify.com/content-creator-tools/video-script-studio,Video Script Studio,high,medium
Text to Speech,tool,content-creator-tools,Content Creator Tools,Text to Speech,text-to-speech,https://www.mytulify.com/content-creator-tools/text-to-speech,Text to Speech,high,medium
free Text to Speech,tool_variant,content-creator-tools,Content Creator Tools,Text to Speech,text-to-speech,https://www.mytulify.com/content-creator-tools/text-to-speech,Text to Speech,high,medium
free online Text to Speech,tool_variant,content-creator-tools,Content Creator Tools,Text to Speech,text-to-speech,https://www.mytulify.com/content-creator-tools/text-to-speech,Text to Speech,high,medium
Text to Speech online,tool_variant,content-creator-tools,Content Creator Tools,Text to Speech,text-to-speech,https://www.mytulify.com/content-creator-tools/text-to-speech,Text to Speech,high,medium
Content Creator Tools Text to Speech,tool_variant,content-creator-tools,Content Creator Tools,Text to Speech,text-to-speech,https://www.mytulify.com/content-creator-tools/text-to-speech,Text to Speech,high,medium
"Convert text to a studio voiceover with tone presets, or preview with device voices and export SRT/VTT captions",tool_variant,content-creator-tools,Content Creator Tools,Text to Speech,text-to-speech,https://www.mytulify.com/content-creator-tools/text-to-speech,Text to Speech,high,medium
XML to JSON Converter,tool,converters-generators,Converters & Generators,XML to JSON Converter,xml-to-json,https://www.mytulify.com/converters-generators/xml-to-json,XML to JSON Converter,medium,low
free XML to JSON Converter,tool_variant,converters-generators,Converters & Generators,XML to JSON Converter,xml-to-json,https://www.mytulify.com/converters-generators/xml-to-json,XML to JSON Converter,medium,low
free online XML to JSON Converter,tool_variant,converters-generators,Converters & Generators,XML to JSON Converter,xml-to-json,https://www.mytulify.com/converters-generators/xml-to-json,XML to JSON Converter,medium,low
XML to JSON Converter online,tool_variant,converters-generators,Converters & Generators,XML to JSON Converter,xml-to-json,https://www.mytulify.com/converters-generators/xml-to-json,XML to JSON Converter,medium,low
xml to json,tool_variant,converters-generators,Converters & Generators,XML to JSON Converter,xml-to-json,https://www.mytulify.com/converters-generators/xml-to-json,XML to JSON Converter,medium,low
Converters & Generators XML to JSON Converter,tool_variant,converters-generators,Converters & Generators,XML to JSON Converter,xml-to-json,https://www.mytulify.com/converters-generators/xml-to-json,XML to JSON Converter,medium,low
Parse XML into JSON and back,tool_variant,converters-generators,Converters & Generators,XML to JSON Converter,xml-to-json,https://www.mytulify.com/converters-generators/xml-to-json,XML to JSON Converter,medium,low
Barcode Generator,tool,converters-generators,Converters & Generators,Barcode Generator,barcode-generator,https://www.mytulify.com/converters-generators/barcode-generator,Barcode Generator,high,low
free Barcode Generator,tool_variant,converters-generators,Converters & Generators,Barcode Generator,barcode-generator,https://www.mytulify.com/converters-generators/barcode-generator,Barcode Generator,high,low
free online Barcode Generator,tool_variant,converters-generators,Converters & Generators,Barcode Generator,barcode-generator,https://www.mytulify.com/converters-generators/barcode-generator,Barcode Generator,high,low
Barcode Generator online,tool_variant,converters-generators,Converters & Generators,Barcode Generator,barcode-generator,https://www.mytulify.com/converters-generators/barcode-generator,Barcode Generator,high,low
Converters & Generators Barcode Generator,tool_variant,converters-generators,Converters & Generators,Barcode Generator,barcode-generator,https://www.mytulify.com/converters-generators/barcode-generator,Barcode Generator,high,low
"Create barcodes in formats like Code128, EAN, and UPC",tool_variant,converters-generators,Converters & Generators,Barcode Generator,barcode-generator,https://www.mytulify.com/converters-generators/barcode-generator,Barcode Generator,high,low
Hash Generator (MD5 / SHA),tool,converters-generators,Converters & Generators,Hash Generator (MD5 / SHA),hash-generator,https://www.mytulify.com/converters-generators/hash-generator,Hash Generator (MD5 / SHA),high,low
free Hash Generator (MD5 / SHA),tool_variant,converters-generators,Converters & Generators,Hash Generator (MD5 / SHA),hash-generator,https://www.mytulify.com/converters-generators/hash-generator,Hash Generator (MD5 / SHA),high,low
free online Hash Generator (MD5 / SHA),tool_variant,converters-generators,Converters & Generators,Hash Generator (MD5 / SHA),hash-generator,https://www.mytulify.com/converters-generators/hash-generator,Hash Generator (MD5 / SHA),high,low
Hash Generator (MD5 / SHA) online,tool_variant,converters-generators,Converters & Generators,Hash Generator (MD5 / SHA),hash-generator,https://www.mytulify.com/converters-generators/hash-generator,Hash Generator (MD5 / SHA),high,low
hash generator,tool_variant,converters-generators,Converters & Generators,Hash Generator (MD5 / SHA),hash-generator,https://www.mytulify.com/converters-generators/hash-generator,Hash Generator (MD5 / SHA),high,low
Converters & Generators Hash Generator (MD5 / SHA),tool_variant,converters-generators,Converters & Generators,Hash Generator (MD5 / SHA),hash-generator,https://www.mytulify.com/converters-generators/hash-generator,Hash Generator (MD5 / SHA),high,low
"Compute MD5, SHA-1, and SHA-256 hashes of text",tool_variant,converters-generators,Converters & Generators,Hash Generator (MD5 / SHA),hash-generator,https://www.mytulify.com/converters-generators/hash-generator,Hash Generator (MD5 / SHA),high,low
JSON to XML Converter,tool,converters-generators,Converters & Generators,JSON to XML Converter,json-to-xml,https://www.mytulify.com/converters-generators/json-to-xml,JSON to XML Converter,medium,low
free JSON to XML Converter,tool_variant,converters-generators,Converters & Generators,JSON to XML Converter,json-to-xml,https://www.mytulify.com/converters-generators/json-to-xml,JSON to XML Converter,medium,low
free online JSON to XML Converter,tool_variant,converters-generators,Converters & Generators,JSON to XML Converter,json-to-xml,https://www.mytulify.com/converters-generators/json-to-xml,JSON to XML Converter,medium,low
JSON to XML Converter online,tool_variant,converters-generators,Converters & Generators,JSON to XML Converter,json-to-xml,https://www.mytulify.com/converters-generators/json-to-xml,JSON to XML Converter,medium,low
json to xml,tool_variant,converters-generators,Converters & Generators,JSON to XML Converter,json-to-xml,https://www.mytulify.com/converters-generators/json-to-xml,JSON to XML Converter,medium,low
Converters & Generators JSON to XML Converter,tool_variant,converters-generators,Converters & Generators,JSON to XML Converter,json-to-xml,https://www.mytulify.com/converters-generators/json-to-xml,JSON to XML Converter,medium,low
Convert JSON data structures into XML,tool_variant,converters-generators,Converters & Generators,JSON to XML Converter,json-to-xml,https://www.mytulify.com/converters-generators/json-to-xml,JSON to XML Converter,medium,low
HTML to Markdown Converter,tool,converters-generators,Converters & Generators,HTML to Markdown Converter,html-to-markdown,https://www.mytulify.com/converters-generators/html-to-markdown,HTML to Markdown Converter,medium,low
free HTML to Markdown Converter,tool_variant,converters-generators,Converters & Generators,HTML to Markdown Converter,html-to-markdown,https://www.mytulify.com/converters-generators/html-to-markdown,HTML to Markdown Converter,medium,low
free online HTML to Markdown Converter,tool_variant,converters-generators,Converters & Generators,HTML to Markdown Converter,html-to-markdown,https://www.mytulify.com/converters-generators/html-to-markdown,HTML to Markdown Converter,medium,low
HTML to Markdown Converter online,tool_variant,converters-generators,Converters & Generators,HTML to Markdown Converter,html-to-markdown,https://www.mytulify.com/converters-generators/html-to-markdown,HTML to Markdown Converter,medium,low
html to markdown,tool_variant,converters-generators,Converters & Generators,HTML to Markdown Converter,html-to-markdown,https://www.mytulify.com/converters-generators/html-to-markdown,HTML to Markdown Converter,medium,low
Converters & Generators HTML to Markdown Converter,tool_variant,converters-generators,Converters & Generators,HTML to Markdown Converter,html-to-markdown,https://www.mytulify.com/converters-generators/html-to-markdown,HTML to Markdown Converter,medium,low
Convert HTML markup into clean Markdown,tool_variant,converters-generators,Converters & Generators,HTML to Markdown Converter,html-to-markdown,https://www.mytulify.com/converters-generators/html-to-markdown,HTML to Markdown Converter,medium,low
Markdown to HTML Converter,tool,converters-generators,Converters & Generators,Markdown to HTML Converter,markdown-to-html,https://www.mytulify.com/converters-generators/markdown-to-html,Markdown to HTML Converter,medium,low
free Markdown to HTML Converter,tool_variant,converters-generators,Converters & Generators,Markdown to HTML Converter,markdown-to-html,https://www.mytulify.com/converters-generators/markdown-to-html,Markdown to HTML Converter,medium,low
free online Markdown to HTML Converter,tool_variant,converters-generators,Converters & Generators,Markdown to HTML Converter,markdown-to-html,https://www.mytulify.com/converters-generators/markdown-to-html,Markdown to HTML Converter,medium,low
Markdown to HTML Converter online,tool_variant,converters-generators,Converters & Generators,Markdown to HTML Converter,markdown-to-html,https://www.mytulify.com/converters-generators/markdown-to-html,Markdown to HTML Converter,medium,low
markdown to html,tool_variant,converters-generators,Converters & Generators,Markdown to HTML Converter,markdown-to-html,https://www.mytulify.com/converters-generators/markdown-to-html,Markdown to HTML Converter,medium,low
Converters & Generators Markdown to HTML Converter,tool_variant,converters-generators,Converters & Generators,Markdown to HTML Converter,markdown-to-html,https://www.mytulify.com/converters-generators/markdown-to-html,Markdown to HTML Converter,medium,low
Render Markdown into HTML with live preview,tool_variant,converters-generators,Converters & Generators,Markdown to HTML Converter,markdown-to-html,https://www.mytulify.com/converters-generators/markdown-to-html,Markdown to HTML Converter,medium,low
Color Converter (HEX / RGB / HSL),tool,converters-generators,Converters & Generators,Color Converter (HEX / RGB / HSL),color-converter,https://www.mytulify.com/converters-generators/color-converter,Color Converter (HEX / RGB / HSL),high,low
free Color Converter (HEX / RGB / HSL),tool_variant,converters-generators,Converters & Generators,Color Converter (HEX / RGB / HSL),color-converter,https://www.mytulify.com/converters-generators/color-converter,Color Converter (HEX / RGB / HSL),high,low
free online Color Converter (HEX / RGB / HSL),tool_variant,converters-generators,Converters & Generators,Color Converter (HEX / RGB / HSL),color-converter,https://www.mytulify.com/converters-generators/color-converter,Color Converter (HEX / RGB / HSL),high,low
Color Converter (HEX / RGB / HSL) online,tool_variant,converters-generators,Converters & Generators,Color Converter (HEX / RGB / HSL),color-converter,https://www.mytulify.com/converters-generators/color-converter,Color Converter (HEX / RGB / HSL),high,low
color converter,tool_variant,converters-generators,Converters & Generators,Color Converter (HEX / RGB / HSL),color-converter,https://www.mytulify.com/converters-generators/color-converter,Color Converter (HEX / RGB / HSL),high,low
Converters & Generators Color Converter (HEX / RGB / HSL),tool_variant,converters-generators,Converters & Generators,Color Converter (HEX / RGB / HSL),color-converter,https://www.mytulify.com/converters-generators/color-converter,Color Converter (HEX / RGB / HSL),high,low
"Convert colors between HEX, RGB, HSL, and HSV",tool_variant,converters-generators,Converters & Generators,Color Converter (HEX / RGB / HSL),color-converter,https://www.mytulify.com/converters-generators/color-converter,Color Converter (HEX / RGB / HSL),high,low
CSV to TSV Converter,tool,converters-generators,Converters & Generators,CSV to TSV Converter,csv-to-tsv,https://www.mytulify.com/converters-generators/csv-to-tsv,CSV to TSV Converter,medium,low
free CSV to TSV Converter,tool_variant,converters-generators,Converters & Generators,CSV to TSV Converter,csv-to-tsv,https://www.mytulify.com/converters-generators/csv-to-tsv,CSV to TSV Converter,medium,low
free online CSV to TSV Converter,tool_variant,converters-generators,Converters & Generators,CSV to TSV Converter,csv-to-tsv,https://www.mytulify.com/converters-generators/csv-to-tsv,CSV to TSV Converter,medium,low
CSV to TSV Converter online,tool_variant,converters-generators,Converters & Generators,CSV to TSV Converter,csv-to-tsv,https://www.mytulify.com/converters-generators/csv-to-tsv,CSV to TSV Converter,medium,low
csv to tsv,tool_variant,converters-generators,Converters & Generators,CSV to TSV Converter,csv-to-tsv,https://www.mytulify.com/converters-generators/csv-to-tsv,CSV to TSV Converter,medium,low
Converters & Generators CSV to TSV Converter,tool_variant,converters-generators,Converters & Generators,CSV to TSV Converter,csv-to-tsv,https://www.mytulify.com/converters-generators/csv-to-tsv,CSV to TSV Converter,medium,low
Convert CSV to TSV and Excel-friendly formats,tool_variant,converters-generators,Converters & Generators,CSV to TSV Converter,csv-to-tsv,https://www.mytulify.com/converters-generators/csv-to-tsv,CSV to TSV Converter,medium,low
SQL to JSON Converter,tool,converters-generators,Converters & Generators,SQL to JSON Converter,sql-to-json,https://www.mytulify.com/converters-generators/sql-to-json,SQL to JSON Converter,medium,low
free SQL to JSON Converter,tool_variant,converters-generators,Converters & Generators,SQL to JSON Converter,sql-to-json,https://www.mytulify.com/converters-generators/sql-to-json,SQL to JSON Converter,medium,low
free online SQL to JSON Converter,tool_variant,converters-generators,Converters & Generators,SQL to JSON Converter,sql-to-json,https://www.mytulify.com/converters-generators/sql-to-json,SQL to JSON Converter,medium,low
SQL to JSON Converter online,tool_variant,converters-generators,Converters & Generators,SQL to JSON Converter,sql-to-json,https://www.mytulify.com/converters-generators/sql-to-json,SQL to JSON Converter,medium,low
sql to json,tool_variant,converters-generators,Converters & Generators,SQL to JSON Converter,sql-to-json,https://www.mytulify.com/converters-generators/sql-to-json,SQL to JSON Converter,medium,low
Converters & Generators SQL to JSON Converter,tool_variant,converters-generators,Converters & Generators,SQL to JSON Converter,sql-to-json,https://www.mytulify.com/converters-generators/sql-to-json,SQL to JSON Converter,medium,low
Convert SQL INSERT statements into JSON or CSV,tool_variant,converters-generators,Converters & Generators,SQL to JSON Converter,sql-to-json,https://www.mytulify.com/converters-generators/sql-to-json,SQL to JSON Converter,medium,low
Random String Generator,tool,converters-generators,Converters & Generators,Random String Generator,random-string-generator,https://www.mytulify.com/converters-generators/random-string-generator,Random String Generator,medium,low
free Random String Generator,tool_variant,converters-generators,Converters & Generators,Random String Generator,random-string-generator,https://www.mytulify.com/converters-generators/random-string-generator,Random String Generator,medium,low
free online Random String Generator,tool_variant,converters-generators,Converters & Generators,Random String Generator,random-string-generator,https://www.mytulify.com/converters-generators/random-string-generator,Random String Generator,medium,low
Random String Generator online,tool_variant,converters-generators,Converters & Generators,Random String Generator,random-string-generator,https://www.mytulify.com/converters-generators/random-string-generator,Random String Generator,medium,low
Converters & Generators Random String Generator,tool_variant,converters-generators,Converters & Generators,Random String Generator,random-string-generator,https://www.mytulify.com/converters-generators/random-string-generator,Random String Generator,medium,low
Generate random strings and API tokens with custom charsets,tool_variant,converters-generators,Converters & Generators,Random String Generator,random-string-generator,https://www.mytulify.com/converters-generators/random-string-generator,Random String Generator,medium,low
JSON to TypeScript,tool,converters-generators,Converters & Generators,JSON to TypeScript,json-to-typescript,https://www.mytulify.com/converters-generators/json-to-typescript,JSON to TypeScript,medium,low
free JSON to TypeScript,tool_variant,converters-generators,Converters & Generators,JSON to TypeScript,json-to-typescript,https://www.mytulify.com/converters-generators/json-to-typescript,JSON to TypeScript,medium,low
free online JSON to TypeScript,tool_variant,converters-generators,Converters & Generators,JSON to TypeScript,json-to-typescript,https://www.mytulify.com/converters-generators/json-to-typescript,JSON to TypeScript,medium,low
JSON to TypeScript online,tool_variant,converters-generators,Converters & Generators,JSON to TypeScript,json-to-typescript,https://www.mytulify.com/converters-generators/json-to-typescript,JSON to TypeScript,medium,low
Converters & Generators JSON to TypeScript,tool_variant,converters-generators,Converters & Generators,JSON to TypeScript,json-to-typescript,https://www.mytulify.com/converters-generators/json-to-typescript,JSON to TypeScript,medium,low
Generate TypeScript interfaces from a JSON sample,tool_variant,converters-generators,Converters & Generators,JSON to TypeScript,json-to-typescript,https://www.mytulify.com/converters-generators/json-to-typescript,JSON to TypeScript,medium,low
List Randomizer,tool,converters-generators,Converters & Generators,List Randomizer,list-randomizer,https://www.mytulify.com/converters-generators/list-randomizer,List Randomizer,medium,low
free List Randomizer,tool_variant,converters-generators,Converters & Generators,List Randomizer,list-randomizer,https://www.mytulify.com/converters-generators/list-randomizer,List Randomizer,medium,low
free online List Randomizer,tool_variant,converters-generators,Converters & Generators,List Randomizer,list-randomizer,https://www.mytulify.com/converters-generators/list-randomizer,List Randomizer,medium,low
List Randomizer online,tool_variant,converters-generators,Converters & Generators,List Randomizer,list-randomizer,https://www.mytulify.com/converters-generators/list-randomizer,List Randomizer,medium,low
Converters & Generators List Randomizer,tool_variant,converters-generators,Converters & Generators,List Randomizer,list-randomizer,https://www.mytulify.com/converters-generators/list-randomizer,List Randomizer,medium,low
Shuffle or pick random items from a pasted list,tool_variant,converters-generators,Converters & Generators,List Randomizer,list-randomizer,https://www.mytulify.com/converters-generators/list-randomizer,List Randomizer,medium,low
Code Minifier,tool,converters-generators,Converters & Generators,Code Minifier,code-minifier,https://www.mytulify.com/converters-generators/code-minifier,Code Minifier,high,medium
free Code Minifier,tool_variant,converters-generators,Converters & Generators,Code Minifier,code-minifier,https://www.mytulify.com/converters-generators/code-minifier,Code Minifier,high,medium
free online Code Minifier,tool_variant,converters-generators,Converters & Generators,Code Minifier,code-minifier,https://www.mytulify.com/converters-generators/code-minifier,Code Minifier,high,medium
Code Minifier online,tool_variant,converters-generators,Converters & Generators,Code Minifier,code-minifier,https://www.mytulify.com/converters-generators/code-minifier,Code Minifier,high,medium
Converters & Generators Code Minifier,tool_variant,converters-generators,Converters & Generators,Code Minifier,code-minifier,https://www.mytulify.com/converters-generators/code-minifier,Code Minifier,high,medium
"Minify HTML, CSS, and JavaScript to reduce file size",tool_variant,converters-generators,Converters & Generators,Code Minifier,code-minifier,https://www.mytulify.com/converters-generators/code-minifier,Code Minifier,high,medium
Invoice Generator,tool,converters-generators,Converters & Generators,Invoice Generator,invoice-generator,https://www.mytulify.com/converters-generators/invoice-generator,Invoice Generator,high,medium
free Invoice Generator,tool_variant,converters-generators,Converters & Generators,Invoice Generator,invoice-generator,https://www.mytulify.com/converters-generators/invoice-generator,Invoice Generator,high,medium
free online Invoice Generator,tool_variant,converters-generators,Converters & Generators,Invoice Generator,invoice-generator,https://www.mytulify.com/converters-generators/invoice-generator,Invoice Generator,high,medium
Invoice Generator online,tool_variant,converters-generators,Converters & Generators,Invoice Generator,invoice-generator,https://www.mytulify.com/converters-generators/invoice-generator,Invoice Generator,high,medium
Converters & Generators Invoice Generator,tool_variant,converters-generators,Converters & Generators,Invoice Generator,invoice-generator,https://www.mytulify.com/converters-generators/invoice-generator,Invoice Generator,high,medium
"Create professional PDF invoices with line items, tax, and instant download — no watermark",tool_variant,converters-generators,Converters & Generators,Invoice Generator,invoice-generator,https://www.mytulify.com/converters-generators/invoice-generator,Invoice Generator,high,medium
IBAN Validator,tool,converters-generators,Converters & Generators,IBAN Validator,iban-validator,https://www.mytulify.com/converters-generators/iban-validator,IBAN Validator,high,low
free IBAN Validator,tool_variant,converters-generators,Converters & Generators,IBAN Validator,iban-validator,https://www.mytulify.com/converters-generators/iban-validator,IBAN Validator,high,low
free online IBAN Validator,tool_variant,converters-generators,Converters & Generators,IBAN Validator,iban-validator,https://www.mytulify.com/converters-generators/iban-validator,IBAN Validator,high,low
IBAN Validator online,tool_variant,converters-generators,Converters & Generators,IBAN Validator,iban-validator,https://www.mytulify.com/converters-generators/iban-validator,IBAN Validator,high,low
Converters & Generators IBAN Validator,tool_variant,converters-generators,Converters & Generators,IBAN Validator,iban-validator,https://www.mytulify.com/converters-generators/iban-validator,IBAN Validator,high,low
"Validate IBAN numbers for Pakistan, EU, UK and 80+ countries with mod-97 checksum",tool_variant,converters-generators,Converters & Generators,IBAN Validator,iban-validator,https://www.mytulify.com/converters-generators/iban-validator,IBAN Validator,high,low
Email Signature Generator,tool,converters-generators,Converters & Generators,Email Signature Generator,email-signature-generator,https://www.mytulify.com/converters-generators/email-signature-generator,Email Signature Generator,high,medium
free Email Signature Generator,tool_variant,converters-generators,Converters & Generators,Email Signature Generator,email-signature-generator,https://www.mytulify.com/converters-generators/email-signature-generator,Email Signature Generator,high,medium
free online Email Signature Generator,tool_variant,converters-generators,Converters & Generators,Email Signature Generator,email-signature-generator,https://www.mytulify.com/converters-generators/email-signature-generator,Email Signature Generator,high,medium
Email Signature Generator online,tool_variant,converters-generators,Converters & Generators,Email Signature Generator,email-signature-generator,https://www.mytulify.com/converters-generators/email-signature-generator,Email Signature Generator,high,medium
Converters & Generators Email Signature Generator,tool_variant,converters-generators,Converters & Generators,Email Signature Generator,email-signature-generator,https://www.mytulify.com/converters-generators/email-signature-generator,Email Signature Generator,high,medium
"Create a professional HTML email signature with name, title, contact, and brand color",tool_variant,converters-generators,Converters & Generators,Email Signature Generator,email-signature-generator,https://www.mytulify.com/converters-generators/email-signature-generator,Email Signature Generator,high,medium
vCard Generator,tool,converters-generators,Converters & Generators,vCard Generator,vcard-generator,https://www.mytulify.com/converters-generators/vcard-generator,vCard Generator,high,low
free vCard Generator,tool_variant,converters-generators,Converters & Generators,vCard Generator,vcard-generator,https://www.mytulify.com/converters-generators/vcard-generator,vCard Generator,high,low
free online vCard Generator,tool_variant,converters-generators,Converters & Generators,vCard Generator,vcard-generator,https://www.mytulify.com/converters-generators/vcard-generator,vCard Generator,high,low
vCard Generator online,tool_variant,converters-generators,Converters & Generators,vCard Generator,vcard-generator,https://www.mytulify.com/converters-generators/vcard-generator,vCard Generator,high,low
Converters & Generators vCard Generator,tool_variant,converters-generators,Converters & Generators,vCard Generator,vcard-generator,https://www.mytulify.com/converters-generators/vcard-generator,vCard Generator,high,low
Generate a downloadable,tool_variant,converters-generators,Converters & Generators,vCard Generator,vcard-generator,https://www.mytulify.com/converters-generators/vcard-generator,vCard Generator,high,low
ICS Calendar Generator,tool,converters-generators,Converters & Generators,ICS Calendar Generator,ics-calendar-generator,https://www.mytulify.com/converters-generators/ics-calendar-generator,ICS Calendar Generator,high,low
free ICS Calendar Generator,tool_variant,converters-generators,Converters & Generators,ICS Calendar Generator,ics-calendar-generator,https://www.mytulify.com/converters-generators/ics-calendar-generator,ICS Calendar Generator,high,low
free online ICS Calendar Generator,tool_variant,converters-generators,Converters & Generators,ICS Calendar Generator,ics-calendar-generator,https://www.mytulify.com/converters-generators/ics-calendar-generator,ICS Calendar Generator,high,low
ICS Calendar Generator online,tool_variant,converters-generators,Converters & Generators,ICS Calendar Generator,ics-calendar-generator,https://www.mytulify.com/converters-generators/ics-calendar-generator,ICS Calendar Generator,high,low
Converters & Generators ICS Calendar Generator,tool_variant,converters-generators,Converters & Generators,ICS Calendar Generator,ics-calendar-generator,https://www.mytulify.com/converters-generators/ics-calendar-generator,ICS Calendar Generator,high,low
Decision Wheel,tool,converters-generators,Converters & Generators,Decision Wheel,decision-wheel,https://www.mytulify.com/converters-generators/decision-wheel,Decision Wheel,high,medium
free Decision Wheel,tool_variant,converters-generators,Converters & Generators,Decision Wheel,decision-wheel,https://www.mytulify.com/converters-generators/decision-wheel,Decision Wheel,high,medium
free online Decision Wheel,tool_variant,converters-generators,Converters & Generators,Decision Wheel,decision-wheel,https://www.mytulify.com/converters-generators/decision-wheel,Decision Wheel,high,medium
Decision Wheel online,tool_variant,converters-generators,Converters & Generators,Decision Wheel,decision-wheel,https://www.mytulify.com/converters-generators/decision-wheel,Decision Wheel,high,medium
Converters & Generators Decision Wheel,tool_variant,converters-generators,Converters & Generators,Decision Wheel,decision-wheel,https://www.mytulify.com/converters-generators/decision-wheel,Decision Wheel,high,medium
"Spin a colorful wheel to pick randomly from your list — lunch, chores, team decisions, and more",tool_variant,converters-generators,Converters & Generators,Decision Wheel,decision-wheel,https://www.mytulify.com/converters-generators/decision-wheel,Decision Wheel,high,medium
Pomodoro Timer,tool,converters-generators,Converters & Generators,Pomodoro Timer,pomodoro-timer,https://www.mytulify.com/converters-generators/pomodoro-timer,Pomodoro Timer,high,medium
free Pomodoro Timer,tool_variant,converters-generators,Converters & Generators,Pomodoro Timer,pomodoro-timer,https://www.mytulify.com/converters-generators/pomodoro-timer,Pomodoro Timer,high,medium
free online Pomodoro Timer,tool_variant,converters-generators,Converters & Generators,Pomodoro Timer,pomodoro-timer,https://www.mytulify.com/converters-generators/pomodoro-timer,Pomodoro Timer,high,medium
Pomodoro Timer online,tool_variant,converters-generators,Converters & Generators,Pomodoro Timer,pomodoro-timer,https://www.mytulify.com/converters-generators/pomodoro-timer,Pomodoro Timer,high,medium
Converters & Generators Pomodoro Timer,tool_variant,converters-generators,Converters & Generators,Pomodoro Timer,pomodoro-timer,https://www.mytulify.com/converters-generators/pomodoro-timer,Pomodoro Timer,high,medium
"Free focus timer with 25-minute Pomodoros, short/long breaks, task label, and optional alerts",tool_variant,converters-generators,Converters & Generators,Pomodoro Timer,pomodoro-timer,https://www.mytulify.com/converters-generators/pomodoro-timer,Pomodoro Timer,high,medium
JSON Formatter,tool,developer-tools,Developer Tools,JSON Formatter,json-formatter,https://www.mytulify.com/developer-tools/json-formatter,JSON Formatter,high,medium
free JSON Formatter,tool_variant,developer-tools,Developer Tools,JSON Formatter,json-formatter,https://www.mytulify.com/developer-tools/json-formatter,JSON Formatter,high,medium
free online JSON Formatter,tool_variant,developer-tools,Developer Tools,JSON Formatter,json-formatter,https://www.mytulify.com/developer-tools/json-formatter,JSON Formatter,high,medium
JSON Formatter online,tool_variant,developer-tools,Developer Tools,JSON Formatter,json-formatter,https://www.mytulify.com/developer-tools/json-formatter,JSON Formatter,high,medium
Developer Tools JSON Formatter,tool_variant,developer-tools,Developer Tools,JSON Formatter,json-formatter,https://www.mytulify.com/developer-tools/json-formatter,JSON Formatter,high,medium
"Beautify, validate and minify JSON with syntax highlighting",tool_variant,developer-tools,Developer Tools,JSON Formatter,json-formatter,https://www.mytulify.com/developer-tools/json-formatter,JSON Formatter,high,medium
JSON to CSV Converter,tool,developer-tools,Developer Tools,JSON to CSV Converter,json-to-csv,https://www.mytulify.com/developer-tools/json-to-csv,JSON to CSV Converter,high,low
free JSON to CSV Converter,tool_variant,developer-tools,Developer Tools,JSON to CSV Converter,json-to-csv,https://www.mytulify.com/developer-tools/json-to-csv,JSON to CSV Converter,high,low
free online JSON to CSV Converter,tool_variant,developer-tools,Developer Tools,JSON to CSV Converter,json-to-csv,https://www.mytulify.com/developer-tools/json-to-csv,JSON to CSV Converter,high,low
JSON to CSV Converter online,tool_variant,developer-tools,Developer Tools,JSON to CSV Converter,json-to-csv,https://www.mytulify.com/developer-tools/json-to-csv,JSON to CSV Converter,high,low
json to csv,tool_variant,developer-tools,Developer Tools,JSON to CSV Converter,json-to-csv,https://www.mytulify.com/developer-tools/json-to-csv,JSON to CSV Converter,high,low
Developer Tools JSON to CSV Converter,tool_variant,developer-tools,Developer Tools,JSON to CSV Converter,json-to-csv,https://www.mytulify.com/developer-tools/json-to-csv,JSON to CSV Converter,high,low
Convert JSON arrays into downloadable CSV files,tool_variant,developer-tools,Developer Tools,JSON to CSV Converter,json-to-csv,https://www.mytulify.com/developer-tools/json-to-csv,JSON to CSV Converter,high,low
CSV to JSON Converter,tool,developer-tools,Developer Tools,CSV to JSON Converter,csv-to-json,https://www.mytulify.com/developer-tools/csv-to-json,CSV to JSON Converter,medium,low
free CSV to JSON Converter,tool_variant,developer-tools,Developer Tools,CSV to JSON Converter,csv-to-json,https://www.mytulify.com/developer-tools/csv-to-json,CSV to JSON Converter,medium,low
free online CSV to JSON Converter,tool_variant,developer-tools,Developer Tools,CSV to JSON Converter,csv-to-json,https://www.mytulify.com/developer-tools/csv-to-json,CSV to JSON Converter,medium,low
CSV to JSON Converter online,tool_variant,developer-tools,Developer Tools,CSV to JSON Converter,csv-to-json,https://www.mytulify.com/developer-tools/csv-to-json,CSV to JSON Converter,medium,low
csv to json,tool_variant,developer-tools,Developer Tools,CSV to JSON Converter,csv-to-json,https://www.mytulify.com/developer-tools/csv-to-json,CSV to JSON Converter,medium,low
Developer Tools CSV to JSON Converter,tool_variant,developer-tools,Developer Tools,CSV to JSON Converter,csv-to-json,https://www.mytulify.com/developer-tools/csv-to-json,CSV to JSON Converter,medium,low
Parse CSV data into structured JSON output,tool_variant,developer-tools,Developer Tools,CSV to JSON Converter,csv-to-json,https://www.mytulify.com/developer-tools/csv-to-json,CSV to JSON Converter,medium,low
Base64 Encoder/Decoder,tool,developer-tools,Developer Tools,Base64 Encoder/Decoder,base64-encoder-decoder,https://www.mytulify.com/developer-tools/base64-encoder-decoder,Base64 Encoder/Decoder,high,low
free Base64 Encoder/Decoder,tool_variant,developer-tools,Developer Tools,Base64 Encoder/Decoder,base64-encoder-decoder,https://www.mytulify.com/developer-tools/base64-encoder-decoder,Base64 Encoder/Decoder,high,low
free online Base64 Encoder/Decoder,tool_variant,developer-tools,Developer Tools,Base64 Encoder/Decoder,base64-encoder-decoder,https://www.mytulify.com/developer-tools/base64-encoder-decoder,Base64 Encoder/Decoder,high,low
Base64 Encoder/Decoder online,tool_variant,developer-tools,Developer Tools,Base64 Encoder/Decoder,base64-encoder-decoder,https://www.mytulify.com/developer-tools/base64-encoder-decoder,Base64 Encoder/Decoder,high,low
base64 encoder decoder,tool_variant,developer-tools,Developer Tools,Base64 Encoder/Decoder,base64-encoder-decoder,https://www.mytulify.com/developer-tools/base64-encoder-decoder,Base64 Encoder/Decoder,high,low
Developer Tools Base64 Encoder/Decoder,tool_variant,developer-tools,Developer Tools,Base64 Encoder/Decoder,base64-encoder-decoder,https://www.mytulify.com/developer-tools/base64-encoder-decoder,Base64 Encoder/Decoder,high,low
Encode and decode text and files to and from Base64,tool_variant,developer-tools,Developer Tools,Base64 Encoder/Decoder,base64-encoder-decoder,https://www.mytulify.com/developer-tools/base64-encoder-decoder,Base64 Encoder/Decoder,high,low
URL Encoder/Decoder,tool,developer-tools,Developer Tools,URL Encoder/Decoder,url-encoder-decoder,https://www.mytulify.com/developer-tools/url-encoder-decoder,URL Encoder/Decoder,high,low
free URL Encoder/Decoder,tool_variant,developer-tools,Developer Tools,URL Encoder/Decoder,url-encoder-decoder,https://www.mytulify.com/developer-tools/url-encoder-decoder,URL Encoder/Decoder,high,low
free online URL Encoder/Decoder,tool_variant,developer-tools,Developer Tools,URL Encoder/Decoder,url-encoder-decoder,https://www.mytulify.com/developer-tools/url-encoder-decoder,URL Encoder/Decoder,high,low
URL Encoder/Decoder online,tool_variant,developer-tools,Developer Tools,URL Encoder/Decoder,url-encoder-decoder,https://www.mytulify.com/developer-tools/url-encoder-decoder,URL Encoder/Decoder,high,low
url encoder decoder,tool_variant,developer-tools,Developer Tools,URL Encoder/Decoder,url-encoder-decoder,https://www.mytulify.com/developer-tools/url-encoder-decoder,URL Encoder/Decoder,high,low
Developer Tools URL Encoder/Decoder,tool_variant,developer-tools,Developer Tools,URL Encoder/Decoder,url-encoder-decoder,https://www.mytulify.com/developer-tools/url-encoder-decoder,URL Encoder/Decoder,high,low
Percent-encode and decode URLs and query parameters,tool_variant,developer-tools,Developer Tools,URL Encoder/Decoder,url-encoder-decoder,https://www.mytulify.com/developer-tools/url-encoder-decoder,URL Encoder/Decoder,high,low
JWT Decoder,tool,developer-tools,Developer Tools,JWT Decoder,jwt-decoder,https://www.mytulify.com/developer-tools/jwt-decoder,JWT Decoder,high,medium
free JWT Decoder,tool_variant,developer-tools,Developer Tools,JWT Decoder,jwt-decoder,https://www.mytulify.com/developer-tools/jwt-decoder,JWT Decoder,high,medium
free online JWT Decoder,tool_variant,developer-tools,Developer Tools,JWT Decoder,jwt-decoder,https://www.mytulify.com/developer-tools/jwt-decoder,JWT Decoder,high,medium
JWT Decoder online,tool_variant,developer-tools,Developer Tools,JWT Decoder,jwt-decoder,https://www.mytulify.com/developer-tools/jwt-decoder,JWT Decoder,high,medium
Developer Tools JWT Decoder,tool_variant,developer-tools,Developer Tools,JWT Decoder,jwt-decoder,https://www.mytulify.com/developer-tools/jwt-decoder,JWT Decoder,high,medium
"Decode a JWT into its header, payload and signature",tool_variant,developer-tools,Developer Tools,JWT Decoder,jwt-decoder,https://www.mytulify.com/developer-tools/jwt-decoder,JWT Decoder,high,medium
Regex Tester,tool,developer-tools,Developer Tools,Regex Tester,regex-tester,https://www.mytulify.com/developer-tools/regex-tester,Regex Tester,high,medium
free Regex Tester,tool_variant,developer-tools,Developer Tools,Regex Tester,regex-tester,https://www.mytulify.com/developer-tools/regex-tester,Regex Tester,high,medium
free online Regex Tester,tool_variant,developer-tools,Developer Tools,Regex Tester,regex-tester,https://www.mytulify.com/developer-tools/regex-tester,Regex Tester,high,medium
Regex Tester online,tool_variant,developer-tools,Developer Tools,Regex Tester,regex-tester,https://www.mytulify.com/developer-tools/regex-tester,Regex Tester,high,medium
Developer Tools Regex Tester,tool_variant,developer-tools,Developer Tools,Regex Tester,regex-tester,https://www.mytulify.com/developer-tools/regex-tester,Regex Tester,high,medium
Test regular expressions against sample text with live match highlighting,tool_variant,developer-tools,Developer Tools,Regex Tester,regex-tester,https://www.mytulify.com/developer-tools/regex-tester,Regex Tester,high,medium
Timestamp Converter,tool,developer-tools,Developer Tools,Timestamp Converter,timestamp-converter,https://www.mytulify.com/developer-tools/timestamp-converter,Timestamp Converter,high,low
free Timestamp Converter,tool_variant,developer-tools,Developer Tools,Timestamp Converter,timestamp-converter,https://www.mytulify.com/developer-tools/timestamp-converter,Timestamp Converter,high,low
free online Timestamp Converter,tool_variant,developer-tools,Developer Tools,Timestamp Converter,timestamp-converter,https://www.mytulify.com/developer-tools/timestamp-converter,Timestamp Converter,high,low
Timestamp Converter online,tool_variant,developer-tools,Developer Tools,Timestamp Converter,timestamp-converter,https://www.mytulify.com/developer-tools/timestamp-converter,Timestamp Converter,high,low
Developer Tools Timestamp Converter,tool_variant,developer-tools,Developer Tools,Timestamp Converter,timestamp-converter,https://www.mytulify.com/developer-tools/timestamp-converter,Timestamp Converter,high,low
Convert Unix epoch timestamps to and from human-readable dates,tool_variant,developer-tools,Developer Tools,Timestamp Converter,timestamp-converter,https://www.mytulify.com/developer-tools/timestamp-converter,Timestamp Converter,high,low
UUID Generator,tool,developer-tools,Developer Tools,UUID Generator,uuid-generator,https://www.mytulify.com/developer-tools/uuid-generator,UUID Generator,high,low
free UUID Generator,tool_variant,developer-tools,Developer Tools,UUID Generator,uuid-generator,https://www.mytulify.com/developer-tools/uuid-generator,UUID Generator,high,low
free online UUID Generator,tool_variant,developer-tools,Developer Tools,UUID Generator,uuid-generator,https://www.mytulify.com/developer-tools/uuid-generator,UUID Generator,high,low
UUID Generator online,tool_variant,developer-tools,Developer Tools,UUID Generator,uuid-generator,https://www.mytulify.com/developer-tools/uuid-generator,UUID Generator,high,low
Developer Tools UUID Generator,tool_variant,developer-tools,Developer Tools,UUID Generator,uuid-generator,https://www.mytulify.com/developer-tools/uuid-generator,UUID Generator,high,low
Generate v4 UUIDs singly or in bulk,tool_variant,developer-tools,Developer Tools,UUID Generator,uuid-generator,https://www.mytulify.com/developer-tools/uuid-generator,UUID Generator,high,low
Hex to RGB Converter,tool,developer-tools,Developer Tools,Hex to RGB Converter,hex-to-rgb-converter,https://www.mytulify.com/developer-tools/hex-to-rgb-converter,Hex to RGB Converter,high,low
free Hex to RGB Converter,tool_variant,developer-tools,Developer Tools,Hex to RGB Converter,hex-to-rgb-converter,https://www.mytulify.com/developer-tools/hex-to-rgb-converter,Hex to RGB Converter,high,low
free online Hex to RGB Converter,tool_variant,developer-tools,Developer Tools,Hex to RGB Converter,hex-to-rgb-converter,https://www.mytulify.com/developer-tools/hex-to-rgb-converter,Hex to RGB Converter,high,low
Hex to RGB Converter online,tool_variant,developer-tools,Developer Tools,Hex to RGB Converter,hex-to-rgb-converter,https://www.mytulify.com/developer-tools/hex-to-rgb-converter,Hex to RGB Converter,high,low
Developer Tools Hex to RGB Converter,tool_variant,developer-tools,Developer Tools,Hex to RGB Converter,hex-to-rgb-converter,https://www.mytulify.com/developer-tools/hex-to-rgb-converter,Hex to RGB Converter,high,low
"Convert colors between HEX, RGB and HSL formats",tool_variant,developer-tools,Developer Tools,Hex to RGB Converter,hex-to-rgb-converter,https://www.mytulify.com/developer-tools/hex-to-rgb-converter,Hex to RGB Converter,high,low
Cron Expression Generator,tool,developer-tools,Developer Tools,Cron Expression Generator,cron-expression-generator,https://www.mytulify.com/developer-tools/cron-expression-generator,Cron Expression Generator,medium,low
free Cron Expression Generator,tool_variant,developer-tools,Developer Tools,Cron Expression Generator,cron-expression-generator,https://www.mytulify.com/developer-tools/cron-expression-generator,Cron Expression Generator,medium,low
free online Cron Expression Generator,tool_variant,developer-tools,Developer Tools,Cron Expression Generator,cron-expression-generator,https://www.mytulify.com/developer-tools/cron-expression-generator,Cron Expression Generator,medium,low
Cron Expression Generator online,tool_variant,developer-tools,Developer Tools,Cron Expression Generator,cron-expression-generator,https://www.mytulify.com/developer-tools/cron-expression-generator,Cron Expression Generator,medium,low
Developer Tools Cron Expression Generator,tool_variant,developer-tools,Developer Tools,Cron Expression Generator,cron-expression-generator,https://www.mytulify.com/developer-tools/cron-expression-generator,Cron Expression Generator,medium,low
Build and explain cron schedules with next-run preview,tool_variant,developer-tools,Developer Tools,Cron Expression Generator,cron-expression-generator,https://www.mytulify.com/developer-tools/cron-expression-generator,Cron Expression Generator,medium,low
HTML Encoder/Decoder,tool,developer-tools,Developer Tools,HTML Encoder/Decoder,html-encoder-decoder,https://www.mytulify.com/developer-tools/html-encoder-decoder,HTML Encoder/Decoder,medium,low
free HTML Encoder/Decoder,tool_variant,developer-tools,Developer Tools,HTML Encoder/Decoder,html-encoder-decoder,https://www.mytulify.com/developer-tools/html-encoder-decoder,HTML Encoder/Decoder,medium,low
free online HTML Encoder/Decoder,tool_variant,developer-tools,Developer Tools,HTML Encoder/Decoder,html-encoder-decoder,https://www.mytulify.com/developer-tools/html-encoder-decoder,HTML Encoder/Decoder,medium,low
HTML Encoder/Decoder online,tool_variant,developer-tools,Developer Tools,HTML Encoder/Decoder,html-encoder-decoder,https://www.mytulify.com/developer-tools/html-encoder-decoder,HTML Encoder/Decoder,medium,low
html encoder decoder,tool_variant,developer-tools,Developer Tools,HTML Encoder/Decoder,html-encoder-decoder,https://www.mytulify.com/developer-tools/html-encoder-decoder,HTML Encoder/Decoder,medium,low
Developer Tools HTML Encoder/Decoder,tool_variant,developer-tools,Developer Tools,HTML Encoder/Decoder,html-encoder-decoder,https://www.mytulify.com/developer-tools/html-encoder-decoder,HTML Encoder/Decoder,medium,low
Encode and decode HTML entities in text,tool_variant,developer-tools,Developer Tools,HTML Encoder/Decoder,html-encoder-decoder,https://www.mytulify.com/developer-tools/html-encoder-decoder,HTML Encoder/Decoder,medium,low
HTML Minifier,tool,developer-tools,Developer Tools,HTML Minifier,html-minifier,https://www.mytulify.com/developer-tools/html-minifier,HTML Minifier,medium,low
free HTML Minifier,tool_variant,developer-tools,Developer Tools,HTML Minifier,html-minifier,https://www.mytulify.com/developer-tools/html-minifier,HTML Minifier,medium,low
free online HTML Minifier,tool_variant,developer-tools,Developer Tools,HTML Minifier,html-minifier,https://www.mytulify.com/developer-tools/html-minifier,HTML Minifier,medium,low
HTML Minifier online,tool_variant,developer-tools,Developer Tools,HTML Minifier,html-minifier,https://www.mytulify.com/developer-tools/html-minifier,HTML Minifier,medium,low
Developer Tools HTML Minifier,tool_variant,developer-tools,Developer Tools,HTML Minifier,html-minifier,https://www.mytulify.com/developer-tools/html-minifier,HTML Minifier,medium,low
Remove whitespace and comments to shrink HTML,tool_variant,developer-tools,Developer Tools,HTML Minifier,html-minifier,https://www.mytulify.com/developer-tools/html-minifier,HTML Minifier,medium,low
CSS Minifier,tool,developer-tools,Developer Tools,CSS Minifier,css-minifier,https://www.mytulify.com/developer-tools/css-minifier,CSS Minifier,medium,low
free CSS Minifier,tool_variant,developer-tools,Developer Tools,CSS Minifier,css-minifier,https://www.mytulify.com/developer-tools/css-minifier,CSS Minifier,medium,low
free online CSS Minifier,tool_variant,developer-tools,Developer Tools,CSS Minifier,css-minifier,https://www.mytulify.com/developer-tools/css-minifier,CSS Minifier,medium,low
CSS Minifier online,tool_variant,developer-tools,Developer Tools,CSS Minifier,css-minifier,https://www.mytulify.com/developer-tools/css-minifier,CSS Minifier,medium,low
Developer Tools CSS Minifier,tool_variant,developer-tools,Developer Tools,CSS Minifier,css-minifier,https://www.mytulify.com/developer-tools/css-minifier,CSS Minifier,medium,low
Compress CSS by stripping whitespace and comments,tool_variant,developer-tools,Developer Tools,CSS Minifier,css-minifier,https://www.mytulify.com/developer-tools/css-minifier,CSS Minifier,medium,low
JavaScript Minifier,tool,developer-tools,Developer Tools,JavaScript Minifier,javascript-minifier,https://www.mytulify.com/developer-tools/javascript-minifier,JavaScript Minifier,medium,medium
free JavaScript Minifier,tool_variant,developer-tools,Developer Tools,JavaScript Minifier,javascript-minifier,https://www.mytulify.com/developer-tools/javascript-minifier,JavaScript Minifier,medium,medium
free online JavaScript Minifier,tool_variant,developer-tools,Developer Tools,JavaScript Minifier,javascript-minifier,https://www.mytulify.com/developer-tools/javascript-minifier,JavaScript Minifier,medium,medium
JavaScript Minifier online,tool_variant,developer-tools,Developer Tools,JavaScript Minifier,javascript-minifier,https://www.mytulify.com/developer-tools/javascript-minifier,JavaScript Minifier,medium,medium
Developer Tools JavaScript Minifier,tool_variant,developer-tools,Developer Tools,JavaScript Minifier,javascript-minifier,https://www.mytulify.com/developer-tools/javascript-minifier,JavaScript Minifier,medium,medium
Minify JavaScript source to reduce file size,tool_variant,developer-tools,Developer Tools,JavaScript Minifier,javascript-minifier,https://www.mytulify.com/developer-tools/javascript-minifier,JavaScript Minifier,medium,medium
JSON to YAML Converter,tool,developer-tools,Developer Tools,JSON to YAML Converter,json-to-yaml,https://www.mytulify.com/developer-tools/json-to-yaml,JSON to YAML Converter,medium,low
free JSON to YAML Converter,tool_variant,developer-tools,Developer Tools,JSON to YAML Converter,json-to-yaml,https://www.mytulify.com/developer-tools/json-to-yaml,JSON to YAML Converter,medium,low
free online JSON to YAML Converter,tool_variant,developer-tools,Developer Tools,JSON to YAML Converter,json-to-yaml,https://www.mytulify.com/developer-tools/json-to-yaml,JSON to YAML Converter,medium,low
JSON to YAML Converter online,tool_variant,developer-tools,Developer Tools,JSON to YAML Converter,json-to-yaml,https://www.mytulify.com/developer-tools/json-to-yaml,JSON to YAML Converter,medium,low
json to yaml,tool_variant,developer-tools,Developer Tools,JSON to YAML Converter,json-to-yaml,https://www.mytulify.com/developer-tools/json-to-yaml,JSON to YAML Converter,medium,low
Developer Tools JSON to YAML Converter,tool_variant,developer-tools,Developer Tools,JSON to YAML Converter,json-to-yaml,https://www.mytulify.com/developer-tools/json-to-yaml,JSON to YAML Converter,medium,low
Convert between JSON and YAML formats,tool_variant,developer-tools,Developer Tools,JSON to YAML Converter,json-to-yaml,https://www.mytulify.com/developer-tools/json-to-yaml,JSON to YAML Converter,medium,low
SQL Formatter,tool,developer-tools,Developer Tools,SQL Formatter,sql-formatter,https://www.mytulify.com/developer-tools/sql-formatter,SQL Formatter,medium,low
free SQL Formatter,tool_variant,developer-tools,Developer Tools,SQL Formatter,sql-formatter,https://www.mytulify.com/developer-tools/sql-formatter,SQL Formatter,medium,low
free online SQL Formatter,tool_variant,developer-tools,Developer Tools,SQL Formatter,sql-formatter,https://www.mytulify.com/developer-tools/sql-formatter,SQL Formatter,medium,low
SQL Formatter online,tool_variant,developer-tools,Developer Tools,SQL Formatter,sql-formatter,https://www.mytulify.com/developer-tools/sql-formatter,SQL Formatter,medium,low
Developer Tools SQL Formatter,tool_variant,developer-tools,Developer Tools,SQL Formatter,sql-formatter,https://www.mytulify.com/developer-tools/sql-formatter,SQL Formatter,medium,low
Beautify and indent SQL queries for readability,tool_variant,developer-tools,Developer Tools,SQL Formatter,sql-formatter,https://www.mytulify.com/developer-tools/sql-formatter,SQL Formatter,medium,low
Number Base Converter,tool,developer-tools,Developer Tools,Number Base Converter,number-base-converter,https://www.mytulify.com/developer-tools/number-base-converter,Number Base Converter,medium,low
free Number Base Converter,tool_variant,developer-tools,Developer Tools,Number Base Converter,number-base-converter,https://www.mytulify.com/developer-tools/number-base-converter,Number Base Converter,medium,low
free online Number Base Converter,tool_variant,developer-tools,Developer Tools,Number Base Converter,number-base-converter,https://www.mytulify.com/developer-tools/number-base-converter,Number Base Converter,medium,low
Number Base Converter online,tool_variant,developer-tools,Developer Tools,Number Base Converter,number-base-converter,https://www.mytulify.com/developer-tools/number-base-converter,Number Base Converter,medium,low
Developer Tools Number Base Converter,tool_variant,developer-tools,Developer Tools,Number Base Converter,number-base-converter,https://www.mytulify.com/developer-tools/number-base-converter,Number Base Converter,medium,low
"Convert numbers between binary, octal, decimal and hex",tool_variant,developer-tools,Developer Tools,Number Base Converter,number-base-converter,https://www.mytulify.com/developer-tools/number-base-converter,Number Base Converter,medium,low
QR Code Generator,tool,developer-tools,Developer Tools,QR Code Generator,qr-code-generator,https://www.mytulify.com/developer-tools/qr-code-generator,QR Code Generator,high,medium
free QR Code Generator,tool_variant,developer-tools,Developer Tools,QR Code Generator,qr-code-generator,https://www.mytulify.com/developer-tools/qr-code-generator,QR Code Generator,high,medium
free online QR Code Generator,tool_variant,developer-tools,Developer Tools,QR Code Generator,qr-code-generator,https://www.mytulify.com/developer-tools/qr-code-generator,QR Code Generator,high,medium
QR Code Generator online,tool_variant,developer-tools,Developer Tools,QR Code Generator,qr-code-generator,https://www.mytulify.com/developer-tools/qr-code-generator,QR Code Generator,high,medium
Developer Tools QR Code Generator,tool_variant,developer-tools,Developer Tools,QR Code Generator,qr-code-generator,https://www.mytulify.com/developer-tools/qr-code-generator,QR Code Generator,high,medium
Generate downloadable QR codes from text or URLs,tool_variant,developer-tools,Developer Tools,QR Code Generator,qr-code-generator,https://www.mytulify.com/developer-tools/qr-code-generator,QR Code Generator,high,medium
CSS Gradient Generator,tool,developer-tools,Developer Tools,CSS Gradient Generator,css-gradient-generator,https://www.mytulify.com/developer-tools/css-gradient-generator,CSS Gradient Generator,medium,low
free CSS Gradient Generator,tool_variant,developer-tools,Developer Tools,CSS Gradient Generator,css-gradient-generator,https://www.mytulify.com/developer-tools/css-gradient-generator,CSS Gradient Generator,medium,low
free online CSS Gradient Generator,tool_variant,developer-tools,Developer Tools,CSS Gradient Generator,css-gradient-generator,https://www.mytulify.com/developer-tools/css-gradient-generator,CSS Gradient Generator,medium,low
CSS Gradient Generator online,tool_variant,developer-tools,Developer Tools,CSS Gradient Generator,css-gradient-generator,https://www.mytulify.com/developer-tools/css-gradient-generator,CSS Gradient Generator,medium,low
Developer Tools CSS Gradient Generator,tool_variant,developer-tools,Developer Tools,CSS Gradient Generator,css-gradient-generator,https://www.mytulify.com/developer-tools/css-gradient-generator,CSS Gradient Generator,medium,low
Visually build linear and radial CSS gradients with code output,tool_variant,developer-tools,Developer Tools,CSS Gradient Generator,css-gradient-generator,https://www.mytulify.com/developer-tools/css-gradient-generator,CSS Gradient Generator,medium,low
Markdown Preview,tool,developer-tools,Developer Tools,Markdown Preview,markdown-preview,https://www.mytulify.com/developer-tools/markdown-preview,Markdown Preview,medium,low
free Markdown Preview,tool_variant,developer-tools,Developer Tools,Markdown Preview,markdown-preview,https://www.mytulify.com/developer-tools/markdown-preview,Markdown Preview,medium,low
free online Markdown Preview,tool_variant,developer-tools,Developer Tools,Markdown Preview,markdown-preview,https://www.mytulify.com/developer-tools/markdown-preview,Markdown Preview,medium,low
Markdown Preview online,tool_variant,developer-tools,Developer Tools,Markdown Preview,markdown-preview,https://www.mytulify.com/developer-tools/markdown-preview,Markdown Preview,medium,low
Developer Tools Markdown Preview,tool_variant,developer-tools,Developer Tools,Markdown Preview,markdown-preview,https://www.mytulify.com/developer-tools/markdown-preview,Markdown Preview,medium,low
Render Markdown to live HTML side by side,tool_variant,developer-tools,Developer Tools,Markdown Preview,markdown-preview,https://www.mytulify.com/developer-tools/markdown-preview,Markdown Preview,medium,low
XML Formatter,tool,developer-tools,Developer Tools,XML Formatter,xml-formatter,https://www.mytulify.com/developer-tools/xml-formatter,XML Formatter,medium,low
free XML Formatter,tool_variant,developer-tools,Developer Tools,XML Formatter,xml-formatter,https://www.mytulify.com/developer-tools/xml-formatter,XML Formatter,medium,low
free online XML Formatter,tool_variant,developer-tools,Developer Tools,XML Formatter,xml-formatter,https://www.mytulify.com/developer-tools/xml-formatter,XML Formatter,medium,low
XML Formatter online,tool_variant,developer-tools,Developer Tools,XML Formatter,xml-formatter,https://www.mytulify.com/developer-tools/xml-formatter,XML Formatter,medium,low
Developer Tools XML Formatter,tool_variant,developer-tools,Developer Tools,XML Formatter,xml-formatter,https://www.mytulify.com/developer-tools/xml-formatter,XML Formatter,medium,low
Beautify and validate XML documents,tool_variant,developer-tools,Developer Tools,XML Formatter,xml-formatter,https://www.mytulify.com/developer-tools/xml-formatter,XML Formatter,medium,low
JSON Validator,tool,developer-tools,Developer Tools,JSON Validator,json-validator,https://www.mytulify.com/developer-tools/json-validator,JSON Validator,medium,low
free JSON Validator,tool_variant,developer-tools,Developer Tools,JSON Validator,json-validator,https://www.mytulify.com/developer-tools/json-validator,JSON Validator,medium,low
free online JSON Validator,tool_variant,developer-tools,Developer Tools,JSON Validator,json-validator,https://www.mytulify.com/developer-tools/json-validator,JSON Validator,medium,low
JSON Validator online,tool_variant,developer-tools,Developer Tools,JSON Validator,json-validator,https://www.mytulify.com/developer-tools/json-validator,JSON Validator,medium,low
Developer Tools JSON Validator,tool_variant,developer-tools,Developer Tools,JSON Validator,json-validator,https://www.mytulify.com/developer-tools/json-validator,JSON Validator,medium,low
Validate JSON syntax and pinpoint errors,tool_variant,developer-tools,Developer Tools,JSON Validator,json-validator,https://www.mytulify.com/developer-tools/json-validator,JSON Validator,medium,low
Slug Generator,tool,developer-tools,Developer Tools,Slug Generator,slug-generator,https://www.mytulify.com/developer-tools/slug-generator,Slug Generator,medium,low
free Slug Generator,tool_variant,developer-tools,Developer Tools,Slug Generator,slug-generator,https://www.mytulify.com/developer-tools/slug-generator,Slug Generator,medium,low
free online Slug Generator,tool_variant,developer-tools,Developer Tools,Slug Generator,slug-generator,https://www.mytulify.com/developer-tools/slug-generator,Slug Generator,medium,low
Slug Generator online,tool_variant,developer-tools,Developer Tools,Slug Generator,slug-generator,https://www.mytulify.com/developer-tools/slug-generator,Slug Generator,medium,low
Developer Tools Slug Generator,tool_variant,developer-tools,Developer Tools,Slug Generator,slug-generator,https://www.mytulify.com/developer-tools/slug-generator,Slug Generator,medium,low
Create SEO-friendly URL slugs from text,tool_variant,developer-tools,Developer Tools,Slug Generator,slug-generator,https://www.mytulify.com/developer-tools/slug-generator,Slug Generator,medium,low
ROT13 Encoder/Decoder,tool,developer-tools,Developer Tools,ROT13 Encoder/Decoder,rot13-encoder-decoder,https://www.mytulify.com/developer-tools/rot13-encoder-decoder,ROT13 Encoder/Decoder,low,low
free ROT13 Encoder/Decoder,tool_variant,developer-tools,Developer Tools,ROT13 Encoder/Decoder,rot13-encoder-decoder,https://www.mytulify.com/developer-tools/rot13-encoder-decoder,ROT13 Encoder/Decoder,low,low
free online ROT13 Encoder/Decoder,tool_variant,developer-tools,Developer Tools,ROT13 Encoder/Decoder,rot13-encoder-decoder,https://www.mytulify.com/developer-tools/rot13-encoder-decoder,ROT13 Encoder/Decoder,low,low
ROT13 Encoder/Decoder online,tool_variant,developer-tools,Developer Tools,ROT13 Encoder/Decoder,rot13-encoder-decoder,https://www.mytulify.com/developer-tools/rot13-encoder-decoder,ROT13 Encoder/Decoder,low,low
rot13 encoder decoder,tool_variant,developer-tools,Developer Tools,ROT13 Encoder/Decoder,rot13-encoder-decoder,https://www.mytulify.com/developer-tools/rot13-encoder-decoder,ROT13 Encoder/Decoder,low,low
Developer Tools ROT13 Encoder/Decoder,tool_variant,developer-tools,Developer Tools,ROT13 Encoder/Decoder,rot13-encoder-decoder,https://www.mytulify.com/developer-tools/rot13-encoder-decoder,ROT13 Encoder/Decoder,low,low
Apply the ROT13 letter-substitution cipher to text,tool_variant,developer-tools,Developer Tools,ROT13 Encoder/Decoder,rot13-encoder-decoder,https://www.mytulify.com/developer-tools/rot13-encoder-decoder,ROT13 Encoder/Decoder,low,low
Chmod Calculator,tool,developer-tools,Developer Tools,Chmod Calculator,chmod-calculator,https://www.mytulify.com/developer-tools/chmod-calculator,Chmod Calculator,medium,low
free Chmod Calculator,tool_variant,developer-tools,Developer Tools,Chmod Calculator,chmod-calculator,https://www.mytulify.com/developer-tools/chmod-calculator,Chmod Calculator,medium,low
free online Chmod Calculator,tool_variant,developer-tools,Developer Tools,Chmod Calculator,chmod-calculator,https://www.mytulify.com/developer-tools/chmod-calculator,Chmod Calculator,medium,low
Chmod Calculator online,tool_variant,developer-tools,Developer Tools,Chmod Calculator,chmod-calculator,https://www.mytulify.com/developer-tools/chmod-calculator,Chmod Calculator,medium,low
Developer Tools Chmod Calculator,tool_variant,developer-tools,Developer Tools,Chmod Calculator,chmod-calculator,https://www.mytulify.com/developer-tools/chmod-calculator,Chmod Calculator,medium,low
Compute numeric and symbolic Unix file permissions,tool_variant,developer-tools,Developer Tools,Chmod Calculator,chmod-calculator,https://www.mytulify.com/developer-tools/chmod-calculator,Chmod Calculator,medium,low
User Agent Parser,tool,developer-tools,Developer Tools,User Agent Parser,user-agent-parser,https://www.mytulify.com/developer-tools/user-agent-parser,User Agent Parser,low,low
free User Agent Parser,tool_variant,developer-tools,Developer Tools,User Agent Parser,user-agent-parser,https://www.mytulify.com/developer-tools/user-agent-parser,User Agent Parser,low,low
free online User Agent Parser,tool_variant,developer-tools,Developer Tools,User Agent Parser,user-agent-parser,https://www.mytulify.com/developer-tools/user-agent-parser,User Agent Parser,low,low
User Agent Parser online,tool_variant,developer-tools,Developer Tools,User Agent Parser,user-agent-parser,https://www.mytulify.com/developer-tools/user-agent-parser,User Agent Parser,low,low
Developer Tools User Agent Parser,tool_variant,developer-tools,Developer Tools,User Agent Parser,user-agent-parser,https://www.mytulify.com/developer-tools/user-agent-parser,User Agent Parser,low,low
"Parse a user-agent string into browser, OS and device",tool_variant,developer-tools,Developer Tools,User Agent Parser,user-agent-parser,https://www.mytulify.com/developer-tools/user-agent-parser,User Agent Parser,low,low
.gitignore Generator,tool,developer-tools,Developer Tools,.gitignore Generator,gitignore-generator,https://www.mytulify.com/developer-tools/gitignore-generator,.gitignore Generator,high,medium
free .gitignore Generator,tool_variant,developer-tools,Developer Tools,.gitignore Generator,gitignore-generator,https://www.mytulify.com/developer-tools/gitignore-generator,.gitignore Generator,high,medium
free online .gitignore Generator,tool_variant,developer-tools,Developer Tools,.gitignore Generator,gitignore-generator,https://www.mytulify.com/developer-tools/gitignore-generator,.gitignore Generator,high,medium
.gitignore Generator online,tool_variant,developer-tools,Developer Tools,.gitignore Generator,gitignore-generator,https://www.mytulify.com/developer-tools/gitignore-generator,.gitignore Generator,high,medium
gitignore generator,tool_variant,developer-tools,Developer Tools,.gitignore Generator,gitignore-generator,https://www.mytulify.com/developer-tools/gitignore-generator,.gitignore Generator,high,medium
Developer Tools .gitignore Generator,tool_variant,developer-tools,Developer Tools,.gitignore Generator,gitignore-generator,https://www.mytulify.com/developer-tools/gitignore-generator,.gitignore Generator,high,medium
"Merge multiple language, framework and OS templates into one",tool_variant,developer-tools,Developer Tools,.gitignore Generator,gitignore-generator,https://www.mytulify.com/developer-tools/gitignore-generator,.gitignore Generator,high,medium
Regex Explainer,tool,developer-tools,Developer Tools,Regex Explainer,regex-explainer,https://www.mytulify.com/developer-tools/regex-explainer,Regex Explainer,high,medium
free Regex Explainer,tool_variant,developer-tools,Developer Tools,Regex Explainer,regex-explainer,https://www.mytulify.com/developer-tools/regex-explainer,Regex Explainer,high,medium
free online Regex Explainer,tool_variant,developer-tools,Developer Tools,Regex Explainer,regex-explainer,https://www.mytulify.com/developer-tools/regex-explainer,Regex Explainer,high,medium
Regex Explainer online,tool_variant,developer-tools,Developer Tools,Regex Explainer,regex-explainer,https://www.mytulify.com/developer-tools/regex-explainer,Regex Explainer,high,medium
Developer Tools Regex Explainer,tool_variant,developer-tools,Developer Tools,Regex Explainer,regex-explainer,https://www.mytulify.com/developer-tools/regex-explainer,Regex Explainer,high,medium
"Paste a regular expression and get a plain-English, token-by-token breakdown of what it matches",tool_variant,developer-tools,Developer Tools,Regex Explainer,regex-explainer,https://www.mytulify.com/developer-tools/regex-explainer,Regex Explainer,high,medium
Data File Merger,tool,developer-tools,Developer Tools,Data File Merger,data-file-merger,https://www.mytulify.com/developer-tools/data-file-merger,Data File Merger,medium,low
free Data File Merger,tool_variant,developer-tools,Developer Tools,Data File Merger,data-file-merger,https://www.mytulify.com/developer-tools/data-file-merger,Data File Merger,medium,low
free online Data File Merger,tool_variant,developer-tools,Developer Tools,Data File Merger,data-file-merger,https://www.mytulify.com/developer-tools/data-file-merger,Data File Merger,medium,low
Data File Merger online,tool_variant,developer-tools,Developer Tools,Data File Merger,data-file-merger,https://www.mytulify.com/developer-tools/data-file-merger,Data File Merger,medium,low
Developer Tools Data File Merger,tool_variant,developer-tools,Developer Tools,Data File Merger,data-file-merger,https://www.mytulify.com/developer-tools/data-file-merger,Data File Merger,medium,low
"Merge multiple JSON, CSV, TSV or XML files into one combined dataset, exportable as JSON or CSV",tool_variant,developer-tools,Developer Tools,Data File Merger,data-file-merger,https://www.mytulify.com/developer-tools/data-file-merger,Data File Merger,medium,low
Duplicate File Finder,tool,developer-tools,Developer Tools,Duplicate File Finder,duplicate-file-finder,https://www.mytulify.com/developer-tools/duplicate-file-finder,Duplicate File Finder,high,medium
free Duplicate File Finder,tool_variant,developer-tools,Developer Tools,Duplicate File Finder,duplicate-file-finder,https://www.mytulify.com/developer-tools/duplicate-file-finder,Duplicate File Finder,high,medium
free online Duplicate File Finder,tool_variant,developer-tools,Developer Tools,Duplicate File Finder,duplicate-file-finder,https://www.mytulify.com/developer-tools/duplicate-file-finder,Duplicate File Finder,high,medium
Duplicate File Finder online,tool_variant,developer-tools,Developer Tools,Duplicate File Finder,duplicate-file-finder,https://www.mytulify.com/developer-tools/duplicate-file-finder,Duplicate File Finder,high,medium
Developer Tools Duplicate File Finder,tool_variant,developer-tools,Developer Tools,Duplicate File Finder,duplicate-file-finder,https://www.mytulify.com/developer-tools/duplicate-file-finder,Duplicate File Finder,high,medium
"Find exact duplicate files by content hash locally in your browser, flagging older copies as safe to delete",tool_variant,developer-tools,Developer Tools,Duplicate File Finder,duplicate-file-finder,https://www.mytulify.com/developer-tools/duplicate-file-finder,Duplicate File Finder,high,medium
Mock Data Generator,tool,developer-tools,Developer Tools,Mock Data Generator,mock-data-generator,https://www.mytulify.com/developer-tools/mock-data-generator,Mock Data Generator,high,medium
free Mock Data Generator,tool_variant,developer-tools,Developer Tools,Mock Data Generator,mock-data-generator,https://www.mytulify.com/developer-tools/mock-data-generator,Mock Data Generator,high,medium
free online Mock Data Generator,tool_variant,developer-tools,Developer Tools,Mock Data Generator,mock-data-generator,https://www.mytulify.com/developer-tools/mock-data-generator,Mock Data Generator,high,medium
Mock Data Generator online,tool_variant,developer-tools,Developer Tools,Mock Data Generator,mock-data-generator,https://www.mytulify.com/developer-tools/mock-data-generator,Mock Data Generator,high,medium
Developer Tools Mock Data Generator,tool_variant,developer-tools,Developer Tools,Mock Data Generator,mock-data-generator,https://www.mytulify.com/developer-tools/mock-data-generator,Mock Data Generator,high,medium
Generate fake users or products as JSON or CSV for API testing and demos,tool_variant,developer-tools,Developer Tools,Mock Data Generator,mock-data-generator,https://www.mytulify.com/developer-tools/mock-data-generator,Mock Data Generator,high,medium
PWA Manifest Generator,tool,developer-tools,Developer Tools,PWA Manifest Generator,pwa-manifest-generator,https://www.mytulify.com/developer-tools/pwa-manifest-generator,PWA Manifest Generator,high,low
free PWA Manifest Generator,tool_variant,developer-tools,Developer Tools,PWA Manifest Generator,pwa-manifest-generator,https://www.mytulify.com/developer-tools/pwa-manifest-generator,PWA Manifest Generator,high,low
free online PWA Manifest Generator,tool_variant,developer-tools,Developer Tools,PWA Manifest Generator,pwa-manifest-generator,https://www.mytulify.com/developer-tools/pwa-manifest-generator,PWA Manifest Generator,high,low
PWA Manifest Generator online,tool_variant,developer-tools,Developer Tools,PWA Manifest Generator,pwa-manifest-generator,https://www.mytulify.com/developer-tools/pwa-manifest-generator,PWA Manifest Generator,high,low
Developer Tools PWA Manifest Generator,tool_variant,developer-tools,Developer Tools,PWA Manifest Generator,pwa-manifest-generator,https://www.mytulify.com/developer-tools/pwa-manifest-generator,PWA Manifest Generator,high,low
YAML to JSON Converter,tool,developer-tools,Developer Tools,YAML to JSON Converter,yaml-to-json,https://www.mytulify.com/developer-tools/yaml-to-json,YAML to JSON Converter,high,low
free YAML to JSON Converter,tool_variant,developer-tools,Developer Tools,YAML to JSON Converter,yaml-to-json,https://www.mytulify.com/developer-tools/yaml-to-json,YAML to JSON Converter,high,low
free online YAML to JSON Converter,tool_variant,developer-tools,Developer Tools,YAML to JSON Converter,yaml-to-json,https://www.mytulify.com/developer-tools/yaml-to-json,YAML to JSON Converter,high,low
YAML to JSON Converter online,tool_variant,developer-tools,Developer Tools,YAML to JSON Converter,yaml-to-json,https://www.mytulify.com/developer-tools/yaml-to-json,YAML to JSON Converter,high,low
yaml to json,tool_variant,developer-tools,Developer Tools,YAML to JSON Converter,yaml-to-json,https://www.mytulify.com/developer-tools/yaml-to-json,YAML to JSON Converter,high,low
Developer Tools YAML to JSON Converter,tool_variant,developer-tools,Developer Tools,YAML to JSON Converter,yaml-to-json,https://www.mytulify.com/developer-tools/yaml-to-json,YAML to JSON Converter,high,low
Convert YAML to pretty-printed JSON instantly in your browser,tool_variant,developer-tools,Developer Tools,YAML to JSON Converter,yaml-to-json,https://www.mytulify.com/developer-tools/yaml-to-json,YAML to JSON Converter,high,low
PX to REM Converter,tool,developer-tools,Developer Tools,PX to REM Converter,px-to-rem-converter,https://www.mytulify.com/developer-tools/px-to-rem-converter,PX to REM Converter,high,low
free PX to REM Converter,tool_variant,developer-tools,Developer Tools,PX to REM Converter,px-to-rem-converter,https://www.mytulify.com/developer-tools/px-to-rem-converter,PX to REM Converter,high,low
free online PX to REM Converter,tool_variant,developer-tools,Developer Tools,PX to REM Converter,px-to-rem-converter,https://www.mytulify.com/developer-tools/px-to-rem-converter,PX to REM Converter,high,low
PX to REM Converter online,tool_variant,developer-tools,Developer Tools,PX to REM Converter,px-to-rem-converter,https://www.mytulify.com/developer-tools/px-to-rem-converter,PX to REM Converter,high,low
Developer Tools PX to REM Converter,tool_variant,developer-tools,Developer Tools,PX to REM Converter,px-to-rem-converter,https://www.mytulify.com/developer-tools/px-to-rem-converter,PX to REM Converter,high,low
Convert CSS pixels to rem (and back) with a customizable root font size,tool_variant,developer-tools,Developer Tools,PX to REM Converter,px-to-rem-converter,https://www.mytulify.com/developer-tools/px-to-rem-converter,PX to REM Converter,high,low
JSON Diff Checker,tool,developer-tools,Developer Tools,JSON Diff Checker,json-diff-checker,https://www.mytulify.com/developer-tools/json-diff-checker,JSON Diff Checker,high,medium
free JSON Diff Checker,tool_variant,developer-tools,Developer Tools,JSON Diff Checker,json-diff-checker,https://www.mytulify.com/developer-tools/json-diff-checker,JSON Diff Checker,high,medium
free online JSON Diff Checker,tool_variant,developer-tools,Developer Tools,JSON Diff Checker,json-diff-checker,https://www.mytulify.com/developer-tools/json-diff-checker,JSON Diff Checker,high,medium
JSON Diff Checker online,tool_variant,developer-tools,Developer Tools,JSON Diff Checker,json-diff-checker,https://www.mytulify.com/developer-tools/json-diff-checker,JSON Diff Checker,high,medium
Developer Tools JSON Diff Checker,tool_variant,developer-tools,Developer Tools,JSON Diff Checker,json-diff-checker,https://www.mytulify.com/developer-tools/json-diff-checker,JSON Diff Checker,high,medium
"Compare two JSON documents with path-level added, removed, and changed highlights",tool_variant,developer-tools,Developer Tools,JSON Diff Checker,json-diff-checker,https://www.mytulify.com/developer-tools/json-diff-checker,JSON Diff Checker,high,medium
IP Subnet Calculator,tool,devops-tools,DevOps Tools,IP Subnet Calculator,ip-subnet-calculator,https://www.mytulify.com/devops-tools/ip-subnet-calculator,IP Subnet Calculator,high,medium
free IP Subnet Calculator,tool_variant,devops-tools,DevOps Tools,IP Subnet Calculator,ip-subnet-calculator,https://www.mytulify.com/devops-tools/ip-subnet-calculator,IP Subnet Calculator,high,medium
free online IP Subnet Calculator,tool_variant,devops-tools,DevOps Tools,IP Subnet Calculator,ip-subnet-calculator,https://www.mytulify.com/devops-tools/ip-subnet-calculator,IP Subnet Calculator,high,medium
IP Subnet Calculator online,tool_variant,devops-tools,DevOps Tools,IP Subnet Calculator,ip-subnet-calculator,https://www.mytulify.com/devops-tools/ip-subnet-calculator,IP Subnet Calculator,high,medium
DevOps Tools IP Subnet Calculator,tool_variant,devops-tools,DevOps Tools,IP Subnet Calculator,ip-subnet-calculator,https://www.mytulify.com/devops-tools/ip-subnet-calculator,IP Subnet Calculator,high,medium
"Calculate network, broadcast, host range and mask from a CIDR block, with a visual bit breakdown",tool_variant,devops-tools,DevOps Tools,IP Subnet Calculator,ip-subnet-calculator,https://www.mytulify.com/devops-tools/ip-subnet-calculator,IP Subnet Calculator,high,medium
curl Command Builder,tool,devops-tools,DevOps Tools,curl Command Builder,curl-command-builder,https://www.mytulify.com/devops-tools/curl-command-builder,curl Command Builder,high,low
free curl Command Builder,tool_variant,devops-tools,DevOps Tools,curl Command Builder,curl-command-builder,https://www.mytulify.com/devops-tools/curl-command-builder,curl Command Builder,high,low
free online curl Command Builder,tool_variant,devops-tools,DevOps Tools,curl Command Builder,curl-command-builder,https://www.mytulify.com/devops-tools/curl-command-builder,curl Command Builder,high,low
curl Command Builder online,tool_variant,devops-tools,DevOps Tools,curl Command Builder,curl-command-builder,https://www.mytulify.com/devops-tools/curl-command-builder,curl Command Builder,high,low
DevOps Tools curl Command Builder,tool_variant,devops-tools,DevOps Tools,curl Command Builder,curl-command-builder,https://www.mytulify.com/devops-tools/curl-command-builder,curl Command Builder,high,low
Build a curl command from a form and export the equivalent Python requests and JS fetch code,tool_variant,devops-tools,DevOps Tools,curl Command Builder,curl-command-builder,https://www.mytulify.com/devops-tools/curl-command-builder,curl Command Builder,high,low
Nginx Config Generator,tool,devops-tools,DevOps Tools,Nginx Config Generator,nginx-config-generator,https://www.mytulify.com/devops-tools/nginx-config-generator,Nginx Config Generator,high,medium
free Nginx Config Generator,tool_variant,devops-tools,DevOps Tools,Nginx Config Generator,nginx-config-generator,https://www.mytulify.com/devops-tools/nginx-config-generator,Nginx Config Generator,high,medium
free online Nginx Config Generator,tool_variant,devops-tools,DevOps Tools,Nginx Config Generator,nginx-config-generator,https://www.mytulify.com/devops-tools/nginx-config-generator,Nginx Config Generator,high,medium
Nginx Config Generator online,tool_variant,devops-tools,DevOps Tools,Nginx Config Generator,nginx-config-generator,https://www.mytulify.com/devops-tools/nginx-config-generator,Nginx Config Generator,high,medium
DevOps Tools Nginx Config Generator,tool_variant,devops-tools,DevOps Tools,Nginx Config Generator,nginx-config-generator,https://www.mytulify.com/devops-tools/nginx-config-generator,Nginx Config Generator,high,medium
"Generate Nginx configs for reverse proxy, SSL termination, static sites and load balancing",tool_variant,devops-tools,DevOps Tools,Nginx Config Generator,nginx-config-generator,https://www.mytulify.com/devops-tools/nginx-config-generator,Nginx Config Generator,high,medium
Kubernetes YAML Generator,tool,devops-tools,DevOps Tools,Kubernetes YAML Generator,kubernetes-yaml-generator,https://www.mytulify.com/devops-tools/kubernetes-yaml-generator,Kubernetes YAML Generator,high,medium
free Kubernetes YAML Generator,tool_variant,devops-tools,DevOps Tools,Kubernetes YAML Generator,kubernetes-yaml-generator,https://www.mytulify.com/devops-tools/kubernetes-yaml-generator,Kubernetes YAML Generator,high,medium
free online Kubernetes YAML Generator,tool_variant,devops-tools,DevOps Tools,Kubernetes YAML Generator,kubernetes-yaml-generator,https://www.mytulify.com/devops-tools/kubernetes-yaml-generator,Kubernetes YAML Generator,high,medium
Kubernetes YAML Generator online,tool_variant,devops-tools,DevOps Tools,Kubernetes YAML Generator,kubernetes-yaml-generator,https://www.mytulify.com/devops-tools/kubernetes-yaml-generator,Kubernetes YAML Generator,high,medium
DevOps Tools Kubernetes YAML Generator,tool_variant,devops-tools,DevOps Tools,Kubernetes YAML Generator,kubernetes-yaml-generator,https://www.mytulify.com/devops-tools/kubernetes-yaml-generator,Kubernetes YAML Generator,high,medium
"Generate a linked Deployment, Service and Ingress in one manifest from a simple form",tool_variant,devops-tools,DevOps Tools,Kubernetes YAML Generator,kubernetes-yaml-generator,https://www.mytulify.com/devops-tools/kubernetes-yaml-generator,Kubernetes YAML Generator,high,medium
GitHub Actions Generator,tool,devops-tools,DevOps Tools,GitHub Actions Generator,github-actions-generator,https://www.mytulify.com/devops-tools/github-actions-generator,GitHub Actions Generator,medium,low
free GitHub Actions Generator,tool_variant,devops-tools,DevOps Tools,GitHub Actions Generator,github-actions-generator,https://www.mytulify.com/devops-tools/github-actions-generator,GitHub Actions Generator,medium,low
free online GitHub Actions Generator,tool_variant,devops-tools,DevOps Tools,GitHub Actions Generator,github-actions-generator,https://www.mytulify.com/devops-tools/github-actions-generator,GitHub Actions Generator,medium,low
GitHub Actions Generator online,tool_variant,devops-tools,DevOps Tools,GitHub Actions Generator,github-actions-generator,https://www.mytulify.com/devops-tools/github-actions-generator,GitHub Actions Generator,medium,low
DevOps Tools GitHub Actions Generator,tool_variant,devops-tools,DevOps Tools,GitHub Actions Generator,github-actions-generator,https://www.mytulify.com/devops-tools/github-actions-generator,GitHub Actions Generator,medium,low
"Generate a CI workflow YAML from ready-made Node, Python and Docker templates",tool_variant,devops-tools,DevOps Tools,GitHub Actions Generator,github-actions-generator,https://www.mytulify.com/devops-tools/github-actions-generator,GitHub Actions Generator,medium,low
.env Validator,tool,devops-tools,DevOps Tools,.env Validator,env-validator,https://www.mytulify.com/devops-tools/env-validator,.env Validator,medium,low
free .env Validator,tool_variant,devops-tools,DevOps Tools,.env Validator,env-validator,https://www.mytulify.com/devops-tools/env-validator,.env Validator,medium,low
free online .env Validator,tool_variant,devops-tools,DevOps Tools,.env Validator,env-validator,https://www.mytulify.com/devops-tools/env-validator,.env Validator,medium,low
.env Validator online,tool_variant,devops-tools,DevOps Tools,.env Validator,env-validator,https://www.mytulify.com/devops-tools/env-validator,.env Validator,medium,low
env validator,tool_variant,devops-tools,DevOps Tools,.env Validator,env-validator,https://www.mytulify.com/devops-tools/env-validator,.env Validator,medium,low
DevOps Tools .env Validator,tool_variant,devops-tools,DevOps Tools,.env Validator,env-validator,https://www.mytulify.com/devops-tools/env-validator,.env Validator,medium,low
Crontab Builder,tool,devops-tools,DevOps Tools,Crontab Builder,crontab-builder,https://www.mytulify.com/devops-tools/crontab-builder,Crontab Builder,high,medium
free Crontab Builder,tool_variant,devops-tools,DevOps Tools,Crontab Builder,crontab-builder,https://www.mytulify.com/devops-tools/crontab-builder,Crontab Builder,high,medium
free online Crontab Builder,tool_variant,devops-tools,DevOps Tools,Crontab Builder,crontab-builder,https://www.mytulify.com/devops-tools/crontab-builder,Crontab Builder,high,medium
Crontab Builder online,tool_variant,devops-tools,DevOps Tools,Crontab Builder,crontab-builder,https://www.mytulify.com/devops-tools/crontab-builder,Crontab Builder,high,medium
DevOps Tools Crontab Builder,tool_variant,devops-tools,DevOps Tools,Crontab Builder,crontab-builder,https://www.mytulify.com/devops-tools/crontab-builder,Crontab Builder,high,medium
"Build a cron expression and validate it against a real parser, with the next 5 run times previewed",tool_variant,devops-tools,DevOps Tools,Crontab Builder,crontab-builder,https://www.mytulify.com/devops-tools/crontab-builder,Crontab Builder,high,medium
Backup Script Generator,tool,devops-tools,DevOps Tools,Backup Script Generator,backup-script-generator,https://www.mytulify.com/devops-tools/backup-script-generator,Backup Script Generator,medium,low
free Backup Script Generator,tool_variant,devops-tools,DevOps Tools,Backup Script Generator,backup-script-generator,https://www.mytulify.com/devops-tools/backup-script-generator,Backup Script Generator,medium,low
free online Backup Script Generator,tool_variant,devops-tools,DevOps Tools,Backup Script Generator,backup-script-generator,https://www.mytulify.com/devops-tools/backup-script-generator,Backup Script Generator,medium,low
Backup Script Generator online,tool_variant,devops-tools,DevOps Tools,Backup Script Generator,backup-script-generator,https://www.mytulify.com/devops-tools/backup-script-generator,Backup Script Generator,medium,low
DevOps Tools Backup Script Generator,tool_variant,devops-tools,DevOps Tools,Backup Script Generator,backup-script-generator,https://www.mytulify.com/devops-tools/backup-script-generator,Backup Script Generator,medium,low
"Generate a cron-ready database backup script for Postgres, MySQL or MongoDB, with an optional S3 upload",tool_variant,devops-tools,DevOps Tools,Backup Script Generator,backup-script-generator,https://www.mytulify.com/devops-tools/backup-script-generator,Backup Script Generator,medium,low
Health Check Config Generator,tool,devops-tools,DevOps Tools,Health Check Config Generator,health-check-generator,https://www.mytulify.com/devops-tools/health-check-generator,Health Check Config Generator,medium,low
free Health Check Config Generator,tool_variant,devops-tools,DevOps Tools,Health Check Config Generator,health-check-generator,https://www.mytulify.com/devops-tools/health-check-generator,Health Check Config Generator,medium,low
free online Health Check Config Generator,tool_variant,devops-tools,DevOps Tools,Health Check Config Generator,health-check-generator,https://www.mytulify.com/devops-tools/health-check-generator,Health Check Config Generator,medium,low
Health Check Config Generator online,tool_variant,devops-tools,DevOps Tools,Health Check Config Generator,health-check-generator,https://www.mytulify.com/devops-tools/health-check-generator,Health Check Config Generator,medium,low
health check generator,tool_variant,devops-tools,DevOps Tools,Health Check Config Generator,health-check-generator,https://www.mytulify.com/devops-tools/health-check-generator,Health Check Config Generator,medium,low
DevOps Tools Health Check Config Generator,tool_variant,devops-tools,DevOps Tools,Health Check Config Generator,health-check-generator,https://www.mytulify.com/devops-tools/health-check-generator,Health Check Config Generator,medium,low
Generate a ready-to-paste health-check script and JSON config for uptime monitors from an endpoint,tool_variant,devops-tools,DevOps Tools,Health Check Config Generator,health-check-generator,https://www.mytulify.com/devops-tools/health-check-generator,Health Check Config Generator,medium,low
Subnet Overlap Visualizer,tool,devops-tools,DevOps Tools,Subnet Overlap Visualizer,subnet-overlap-visualizer,https://www.mytulify.com/devops-tools/subnet-overlap-visualizer,Subnet Overlap Visualizer,medium,low
free Subnet Overlap Visualizer,tool_variant,devops-tools,DevOps Tools,Subnet Overlap Visualizer,subnet-overlap-visualizer,https://www.mytulify.com/devops-tools/subnet-overlap-visualizer,Subnet Overlap Visualizer,medium,low
free online Subnet Overlap Visualizer,tool_variant,devops-tools,DevOps Tools,Subnet Overlap Visualizer,subnet-overlap-visualizer,https://www.mytulify.com/devops-tools/subnet-overlap-visualizer,Subnet Overlap Visualizer,medium,low
Subnet Overlap Visualizer online,tool_variant,devops-tools,DevOps Tools,Subnet Overlap Visualizer,subnet-overlap-visualizer,https://www.mytulify.com/devops-tools/subnet-overlap-visualizer,Subnet Overlap Visualizer,medium,low
DevOps Tools Subnet Overlap Visualizer,tool_variant,devops-tools,DevOps Tools,Subnet Overlap Visualizer,subnet-overlap-visualizer,https://www.mytulify.com/devops-tools/subnet-overlap-visualizer,Subnet Overlap Visualizer,medium,low
Paste multiple CIDR blocks or IP ranges and see their coverage and overlaps on a visual map,tool_variant,devops-tools,DevOps Tools,Subnet Overlap Visualizer,subnet-overlap-visualizer,https://www.mytulify.com/devops-tools/subnet-overlap-visualizer,Subnet Overlap Visualizer,medium,low
IP Address Info & Classifier,tool,devops-tools,DevOps Tools,IP Address Info & Classifier,ip-address-info,https://www.mytulify.com/devops-tools/ip-address-info,IP Address Info & Classifier,high,medium
free IP Address Info & Classifier,tool_variant,devops-tools,DevOps Tools,IP Address Info & Classifier,ip-address-info,https://www.mytulify.com/devops-tools/ip-address-info,IP Address Info & Classifier,high,medium
free online IP Address Info & Classifier,tool_variant,devops-tools,DevOps Tools,IP Address Info & Classifier,ip-address-info,https://www.mytulify.com/devops-tools/ip-address-info,IP Address Info & Classifier,high,medium
IP Address Info & Classifier online,tool_variant,devops-tools,DevOps Tools,IP Address Info & Classifier,ip-address-info,https://www.mytulify.com/devops-tools/ip-address-info,IP Address Info & Classifier,high,medium
ip address info,tool_variant,devops-tools,DevOps Tools,IP Address Info & Classifier,ip-address-info,https://www.mytulify.com/devops-tools/ip-address-info,IP Address Info & Classifier,high,medium
DevOps Tools IP Address Info & Classifier,tool_variant,devops-tools,DevOps Tools,IP Address Info & Classifier,ip-address-info,https://www.mytulify.com/devops-tools/ip-address-info,IP Address Info & Classifier,high,medium
"Classify an IP as private, public, CGNAT, loopback or reserved with plain-language context and reverse-DNS",tool_variant,devops-tools,DevOps Tools,IP Address Info & Classifier,ip-address-info,https://www.mytulify.com/devops-tools/ip-address-info,IP Address Info & Classifier,high,medium
Systemd Timer Explainer,tool,devops-tools,DevOps Tools,Systemd Timer Explainer,systemd-timer-explainer,https://www.mytulify.com/devops-tools/systemd-timer-explainer,Systemd Timer Explainer,medium,low
free Systemd Timer Explainer,tool_variant,devops-tools,DevOps Tools,Systemd Timer Explainer,systemd-timer-explainer,https://www.mytulify.com/devops-tools/systemd-timer-explainer,Systemd Timer Explainer,medium,low
free online Systemd Timer Explainer,tool_variant,devops-tools,DevOps Tools,Systemd Timer Explainer,systemd-timer-explainer,https://www.mytulify.com/devops-tools/systemd-timer-explainer,Systemd Timer Explainer,medium,low
Systemd Timer Explainer online,tool_variant,devops-tools,DevOps Tools,Systemd Timer Explainer,systemd-timer-explainer,https://www.mytulify.com/devops-tools/systemd-timer-explainer,Systemd Timer Explainer,medium,low
DevOps Tools Systemd Timer Explainer,tool_variant,devops-tools,DevOps Tools,Systemd Timer Explainer,systemd-timer-explainer,https://www.mytulify.com/devops-tools/systemd-timer-explainer,Systemd Timer Explainer,medium,low
"Explain and build systemd OnCalendar expressions in plain English, with the next 5 run times",tool_variant,devops-tools,DevOps Tools,Systemd Timer Explainer,systemd-timer-explainer,https://www.mytulify.com/devops-tools/systemd-timer-explainer,Systemd Timer Explainer,medium,low
Freelance Contract Generator,tool,freelancer-tools,Freelancer Tools,Freelance Contract Generator,contract-generator,https://www.mytulify.com/freelancer-tools/contract-generator,Freelance Contract Generator,high,low
free Freelance Contract Generator,tool_variant,freelancer-tools,Freelancer Tools,Freelance Contract Generator,contract-generator,https://www.mytulify.com/freelancer-tools/contract-generator,Freelance Contract Generator,high,low
free online Freelance Contract Generator,tool_variant,freelancer-tools,Freelancer Tools,Freelance Contract Generator,contract-generator,https://www.mytulify.com/freelancer-tools/contract-generator,Freelance Contract Generator,high,low
Freelance Contract Generator online,tool_variant,freelancer-tools,Freelancer Tools,Freelance Contract Generator,contract-generator,https://www.mytulify.com/freelancer-tools/contract-generator,Freelance Contract Generator,high,low
contract generator,tool_variant,freelancer-tools,Freelancer Tools,Freelance Contract Generator,contract-generator,https://www.mytulify.com/freelancer-tools/contract-generator,Freelance Contract Generator,high,low
Freelancer Tools Freelance Contract Generator,tool_variant,freelancer-tools,Freelancer Tools,Freelance Contract Generator,contract-generator,https://www.mytulify.com/freelancer-tools/contract-generator,Freelance Contract Generator,high,low
"Free freelance contract template & independent contractor agreement — scope, payment, IP, confidentiality, PDF download",tool_variant,freelancer-tools,Freelancer Tools,Freelance Contract Generator,contract-generator,https://www.mytulify.com/freelancer-tools/contract-generator,Freelance Contract Generator,high,low
Freelance Proposal Generator,tool,freelancer-tools,Freelancer Tools,Freelance Proposal Generator,proposal-generator,https://www.mytulify.com/freelancer-tools/proposal-generator,Freelance Proposal Generator,high,low
free Freelance Proposal Generator,tool_variant,freelancer-tools,Freelancer Tools,Freelance Proposal Generator,proposal-generator,https://www.mytulify.com/freelancer-tools/proposal-generator,Freelance Proposal Generator,high,low
free online Freelance Proposal Generator,tool_variant,freelancer-tools,Freelancer Tools,Freelance Proposal Generator,proposal-generator,https://www.mytulify.com/freelancer-tools/proposal-generator,Freelance Proposal Generator,high,low
Freelance Proposal Generator online,tool_variant,freelancer-tools,Freelancer Tools,Freelance Proposal Generator,proposal-generator,https://www.mytulify.com/freelancer-tools/proposal-generator,Freelance Proposal Generator,high,low
proposal generator,tool_variant,freelancer-tools,Freelancer Tools,Freelance Proposal Generator,proposal-generator,https://www.mytulify.com/freelancer-tools/proposal-generator,Freelance Proposal Generator,high,low
Freelancer Tools Freelance Proposal Generator,tool_variant,freelancer-tools,Freelancer Tools,Freelance Proposal Generator,proposal-generator,https://www.mytulify.com/freelancer-tools/proposal-generator,Freelance Proposal Generator,high,low
"Build a client proposal with summary, scope, timeline, pricing, and about section — export PDF",tool_variant,freelancer-tools,Freelancer Tools,Freelance Proposal Generator,proposal-generator,https://www.mytulify.com/freelancer-tools/proposal-generator,Freelance Proposal Generator,high,low
NDA Generator,tool,freelancer-tools,Freelancer Tools,NDA Generator,nda-generator,https://www.mytulify.com/freelancer-tools/nda-generator,NDA Generator,high,low
free NDA Generator,tool_variant,freelancer-tools,Freelancer Tools,NDA Generator,nda-generator,https://www.mytulify.com/freelancer-tools/nda-generator,NDA Generator,high,low
free online NDA Generator,tool_variant,freelancer-tools,Freelancer Tools,NDA Generator,nda-generator,https://www.mytulify.com/freelancer-tools/nda-generator,NDA Generator,high,low
NDA Generator online,tool_variant,freelancer-tools,Freelancer Tools,NDA Generator,nda-generator,https://www.mytulify.com/freelancer-tools/nda-generator,NDA Generator,high,low
Freelancer Tools NDA Generator,tool_variant,freelancer-tools,Freelancer Tools,NDA Generator,nda-generator,https://www.mytulify.com/freelancer-tools/nda-generator,NDA Generator,high,low
Generate a one-way or mutual non-disclosure agreement and download it as a PDF,tool_variant,freelancer-tools,Freelancer Tools,NDA Generator,nda-generator,https://www.mytulify.com/freelancer-tools/nda-generator,NDA Generator,high,low
Freelance Rate Calculator,tool,freelancer-tools,Freelancer Tools,Freelance Rate Calculator,rate-calculator,https://www.mytulify.com/freelancer-tools/rate-calculator,Freelance Rate Calculator,high,low
free Freelance Rate Calculator,tool_variant,freelancer-tools,Freelancer Tools,Freelance Rate Calculator,rate-calculator,https://www.mytulify.com/freelancer-tools/rate-calculator,Freelance Rate Calculator,high,low
free online Freelance Rate Calculator,tool_variant,freelancer-tools,Freelancer Tools,Freelance Rate Calculator,rate-calculator,https://www.mytulify.com/freelancer-tools/rate-calculator,Freelance Rate Calculator,high,low
Freelance Rate Calculator online,tool_variant,freelancer-tools,Freelancer Tools,Freelance Rate Calculator,rate-calculator,https://www.mytulify.com/freelancer-tools/rate-calculator,Freelance Rate Calculator,high,low
rate calculator,tool_variant,freelancer-tools,Freelancer Tools,Freelance Rate Calculator,rate-calculator,https://www.mytulify.com/freelancer-tools/rate-calculator,Freelance Rate Calculator,high,low
Freelancer Tools Freelance Rate Calculator,tool_variant,freelancer-tools,Freelancer Tools,Freelance Rate Calculator,rate-calculator,https://www.mytulify.com/freelancer-tools/rate-calculator,Freelance Rate Calculator,high,low
"Calculate a sustainable hourly rate from income goals, expenses, billable hours, and profit margin",tool_variant,freelancer-tools,Freelancer Tools,Freelance Rate Calculator,rate-calculator,https://www.mytulify.com/freelancer-tools/rate-calculator,Freelance Rate Calculator,high,low
Project Quote Calculator,tool,freelancer-tools,Freelancer Tools,Project Quote Calculator,quote-calculator,https://www.mytulify.com/freelancer-tools/quote-calculator,Project Quote Calculator,high,low
free Project Quote Calculator,tool_variant,freelancer-tools,Freelancer Tools,Project Quote Calculator,quote-calculator,https://www.mytulify.com/freelancer-tools/quote-calculator,Project Quote Calculator,high,low
free online Project Quote Calculator,tool_variant,freelancer-tools,Freelancer Tools,Project Quote Calculator,quote-calculator,https://www.mytulify.com/freelancer-tools/quote-calculator,Project Quote Calculator,high,low
Project Quote Calculator online,tool_variant,freelancer-tools,Freelancer Tools,Project Quote Calculator,quote-calculator,https://www.mytulify.com/freelancer-tools/quote-calculator,Project Quote Calculator,high,low
quote calculator,tool_variant,freelancer-tools,Freelancer Tools,Project Quote Calculator,quote-calculator,https://www.mytulify.com/freelancer-tools/quote-calculator,Project Quote Calculator,high,low
Freelancer Tools Project Quote Calculator,tool_variant,freelancer-tools,Freelancer Tools,Project Quote Calculator,quote-calculator,https://www.mytulify.com/freelancer-tools/quote-calculator,Project Quote Calculator,high,low
"Turn hours, rate, expenses, and margin into a clear project quote with cost breakdown",tool_variant,freelancer-tools,Freelancer Tools,Project Quote Calculator,quote-calculator,https://www.mytulify.com/freelancer-tools/quote-calculator,Project Quote Calculator,high,low
Late Payment Fee Calculator,tool,freelancer-tools,Freelancer Tools,Late Payment Fee Calculator,late-fee-calculator,https://www.mytulify.com/freelancer-tools/late-fee-calculator,Late Payment Fee Calculator,medium,low
free Late Payment Fee Calculator,tool_variant,freelancer-tools,Freelancer Tools,Late Payment Fee Calculator,late-fee-calculator,https://www.mytulify.com/freelancer-tools/late-fee-calculator,Late Payment Fee Calculator,medium,low
free online Late Payment Fee Calculator,tool_variant,freelancer-tools,Freelancer Tools,Late Payment Fee Calculator,late-fee-calculator,https://www.mytulify.com/freelancer-tools/late-fee-calculator,Late Payment Fee Calculator,medium,low
Late Payment Fee Calculator online,tool_variant,freelancer-tools,Freelancer Tools,Late Payment Fee Calculator,late-fee-calculator,https://www.mytulify.com/freelancer-tools/late-fee-calculator,Late Payment Fee Calculator,medium,low
late fee calculator,tool_variant,freelancer-tools,Freelancer Tools,Late Payment Fee Calculator,late-fee-calculator,https://www.mytulify.com/freelancer-tools/late-fee-calculator,Late Payment Fee Calculator,medium,low
Freelancer Tools Late Payment Fee Calculator,tool_variant,freelancer-tools,Freelancer Tools,Late Payment Fee Calculator,late-fee-calculator,https://www.mytulify.com/freelancer-tools/late-fee-calculator,Late Payment Fee Calculator,medium,low
Calculate late fees on overdue invoices with flat or monthly percentage rates,tool_variant,freelancer-tools,Freelancer Tools,Late Payment Fee Calculator,late-fee-calculator,https://www.mytulify.com/freelancer-tools/late-fee-calculator,Late Payment Fee Calculator,medium,low
Break-Even Calculator,tool,freelancer-tools,Freelancer Tools,Break-Even Calculator,break-even-calculator,https://www.mytulify.com/freelancer-tools/break-even-calculator,Break-Even Calculator,high,low
free Break-Even Calculator,tool_variant,freelancer-tools,Freelancer Tools,Break-Even Calculator,break-even-calculator,https://www.mytulify.com/freelancer-tools/break-even-calculator,Break-Even Calculator,high,low
free online Break-Even Calculator,tool_variant,freelancer-tools,Freelancer Tools,Break-Even Calculator,break-even-calculator,https://www.mytulify.com/freelancer-tools/break-even-calculator,Break-Even Calculator,high,low
Break-Even Calculator online,tool_variant,freelancer-tools,Freelancer Tools,Break-Even Calculator,break-even-calculator,https://www.mytulify.com/freelancer-tools/break-even-calculator,Break-Even Calculator,high,low
break even calculator,tool_variant,freelancer-tools,Freelancer Tools,Break-Even Calculator,break-even-calculator,https://www.mytulify.com/freelancer-tools/break-even-calculator,Break-Even Calculator,high,low
Freelancer Tools Break-Even Calculator,tool_variant,freelancer-tools,Freelancer Tools,Break-Even Calculator,break-even-calculator,https://www.mytulify.com/freelancer-tools/break-even-calculator,Break-Even Calculator,high,low
Find how many projects or hours you need each month to cover fixed costs,tool_variant,freelancer-tools,Freelancer Tools,Break-Even Calculator,break-even-calculator,https://www.mytulify.com/freelancer-tools/break-even-calculator,Break-Even Calculator,high,low
Self-Employment Tax Calculator,tool,freelancer-tools,Freelancer Tools,Self-Employment Tax Calculator,self-employment-tax-calculator,https://www.mytulify.com/freelancer-tools/self-employment-tax-calculator,Self-Employment Tax Calculator,high,low
free Self-Employment Tax Calculator,tool_variant,freelancer-tools,Freelancer Tools,Self-Employment Tax Calculator,self-employment-tax-calculator,https://www.mytulify.com/freelancer-tools/self-employment-tax-calculator,Self-Employment Tax Calculator,high,low
free online Self-Employment Tax Calculator,tool_variant,freelancer-tools,Freelancer Tools,Self-Employment Tax Calculator,self-employment-tax-calculator,https://www.mytulify.com/freelancer-tools/self-employment-tax-calculator,Self-Employment Tax Calculator,high,low
Self-Employment Tax Calculator online,tool_variant,freelancer-tools,Freelancer Tools,Self-Employment Tax Calculator,self-employment-tax-calculator,https://www.mytulify.com/freelancer-tools/self-employment-tax-calculator,Self-Employment Tax Calculator,high,low
self employment tax calculator,tool_variant,freelancer-tools,Freelancer Tools,Self-Employment Tax Calculator,self-employment-tax-calculator,https://www.mytulify.com/freelancer-tools/self-employment-tax-calculator,Self-Employment Tax Calculator,high,low
Freelancer Tools Self-Employment Tax Calculator,tool_variant,freelancer-tools,Freelancer Tools,Self-Employment Tax Calculator,self-employment-tax-calculator,https://www.mytulify.com/freelancer-tools/self-employment-tax-calculator,Self-Employment Tax Calculator,high,low
Estimate US self-employment tax or Pakistan income tax on freelance net income — for planning only,tool_variant,freelancer-tools,Freelancer Tools,Self-Employment Tax Calculator,self-employment-tax-calculator,https://www.mytulify.com/freelancer-tools/self-employment-tax-calculator,Self-Employment Tax Calculator,high,low
Client Onboarding Form Generator,tool,freelancer-tools,Freelancer Tools,Client Onboarding Form Generator,client-onboarding-form,https://www.mytulify.com/freelancer-tools/client-onboarding-form,Client Onboarding Form Generator,medium,low
free Client Onboarding Form Generator,tool_variant,freelancer-tools,Freelancer Tools,Client Onboarding Form Generator,client-onboarding-form,https://www.mytulify.com/freelancer-tools/client-onboarding-form,Client Onboarding Form Generator,medium,low
free online Client Onboarding Form Generator,tool_variant,freelancer-tools,Freelancer Tools,Client Onboarding Form Generator,client-onboarding-form,https://www.mytulify.com/freelancer-tools/client-onboarding-form,Client Onboarding Form Generator,medium,low
Client Onboarding Form Generator online,tool_variant,freelancer-tools,Freelancer Tools,Client Onboarding Form Generator,client-onboarding-form,https://www.mytulify.com/freelancer-tools/client-onboarding-form,Client Onboarding Form Generator,medium,low
client onboarding form,tool_variant,freelancer-tools,Freelancer Tools,Client Onboarding Form Generator,client-onboarding-form,https://www.mytulify.com/freelancer-tools/client-onboarding-form,Client Onboarding Form Generator,medium,low
Freelancer Tools Client Onboarding Form Generator,tool_variant,freelancer-tools,Freelancer Tools,Client Onboarding Form Generator,client-onboarding-form,https://www.mytulify.com/freelancer-tools/client-onboarding-form,Client Onboarding Form Generator,medium,low
Generate a client intake questionnaire as a printable PDF or downloadable HTML form,tool_variant,freelancer-tools,Freelancer Tools,Client Onboarding Form Generator,client-onboarding-form,https://www.mytulify.com/freelancer-tools/client-onboarding-form,Client Onboarding Form Generator,medium,low
Scope Change Order Generator,tool,freelancer-tools,Freelancer Tools,Scope Change Order Generator,change-order-generator,https://www.mytulify.com/freelancer-tools/change-order-generator,Scope Change Order Generator,medium,low
free Scope Change Order Generator,tool_variant,freelancer-tools,Freelancer Tools,Scope Change Order Generator,change-order-generator,https://www.mytulify.com/freelancer-tools/change-order-generator,Scope Change Order Generator,medium,low
free online Scope Change Order Generator,tool_variant,freelancer-tools,Freelancer Tools,Scope Change Order Generator,change-order-generator,https://www.mytulify.com/freelancer-tools/change-order-generator,Scope Change Order Generator,medium,low
Scope Change Order Generator online,tool_variant,freelancer-tools,Freelancer Tools,Scope Change Order Generator,change-order-generator,https://www.mytulify.com/freelancer-tools/change-order-generator,Scope Change Order Generator,medium,low
change order generator,tool_variant,freelancer-tools,Freelancer Tools,Scope Change Order Generator,change-order-generator,https://www.mytulify.com/freelancer-tools/change-order-generator,Scope Change Order Generator,medium,low
Freelancer Tools Scope Change Order Generator,tool_variant,freelancer-tools,Freelancer Tools,Scope Change Order Generator,change-order-generator,https://www.mytulify.com/freelancer-tools/change-order-generator,Scope Change Order Generator,medium,low
Document out-of-scope work with added cost and time — protect yourself with a PDF change order,tool_variant,freelancer-tools,Freelancer Tools,Scope Change Order Generator,change-order-generator,https://www.mytulify.com/freelancer-tools/change-order-generator,Scope Change Order Generator,medium,low
Freelance Email Templates Generator,tool,freelancer-tools,Freelancer Tools,Freelance Email Templates Generator,email-templates-generator,https://www.mytulify.com/freelancer-tools/email-templates-generator,Freelance Email Templates Generator,high,low
free Freelance Email Templates Generator,tool_variant,freelancer-tools,Freelancer Tools,Freelance Email Templates Generator,email-templates-generator,https://www.mytulify.com/freelancer-tools/email-templates-generator,Freelance Email Templates Generator,high,low
free online Freelance Email Templates Generator,tool_variant,freelancer-tools,Freelancer Tools,Freelance Email Templates Generator,email-templates-generator,https://www.mytulify.com/freelancer-tools/email-templates-generator,Freelance Email Templates Generator,high,low
Freelance Email Templates Generator online,tool_variant,freelancer-tools,Freelancer Tools,Freelance Email Templates Generator,email-templates-generator,https://www.mytulify.com/freelancer-tools/email-templates-generator,Freelance Email Templates Generator,high,low
email templates generator,tool_variant,freelancer-tools,Freelancer Tools,Freelance Email Templates Generator,email-templates-generator,https://www.mytulify.com/freelancer-tools/email-templates-generator,Freelance Email Templates Generator,high,low
Freelancer Tools Freelance Email Templates Generator,tool_variant,freelancer-tools,Freelancer Tools,Freelance Email Templates Generator,email-templates-generator,https://www.mytulify.com/freelancer-tools/email-templates-generator,Freelance Email Templates Generator,high,low
Freelance Project Estimator,tool,freelancer-tools,Freelancer Tools,Freelance Project Estimator,project-estimator,https://www.mytulify.com/freelancer-tools/project-estimator,Freelance Project Estimator,high,low
free Freelance Project Estimator,tool_variant,freelancer-tools,Freelancer Tools,Freelance Project Estimator,project-estimator,https://www.mytulify.com/freelancer-tools/project-estimator,Freelance Project Estimator,high,low
free online Freelance Project Estimator,tool_variant,freelancer-tools,Freelancer Tools,Freelance Project Estimator,project-estimator,https://www.mytulify.com/freelancer-tools/project-estimator,Freelance Project Estimator,high,low
Freelance Project Estimator online,tool_variant,freelancer-tools,Freelancer Tools,Freelance Project Estimator,project-estimator,https://www.mytulify.com/freelancer-tools/project-estimator,Freelance Project Estimator,high,low
project estimator,tool_variant,freelancer-tools,Freelancer Tools,Freelance Project Estimator,project-estimator,https://www.mytulify.com/freelancer-tools/project-estimator,Freelance Project Estimator,high,low
Freelancer Tools Freelance Project Estimator,tool_variant,freelancer-tools,Freelancer Tools,Freelance Project Estimator,project-estimator,https://www.mytulify.com/freelancer-tools/project-estimator,Freelance Project Estimator,high,low
Water Intake Calculator,tool,health-tools,Health & Fitness,Water Intake Calculator,water-intake-calculator,https://www.mytulify.com/health-tools/water-intake-calculator,Water Intake Calculator,high,medium
free Water Intake Calculator,tool_variant,health-tools,Health & Fitness,Water Intake Calculator,water-intake-calculator,https://www.mytulify.com/health-tools/water-intake-calculator,Water Intake Calculator,high,medium
free online Water Intake Calculator,tool_variant,health-tools,Health & Fitness,Water Intake Calculator,water-intake-calculator,https://www.mytulify.com/health-tools/water-intake-calculator,Water Intake Calculator,high,medium
Water Intake Calculator online,tool_variant,health-tools,Health & Fitness,Water Intake Calculator,water-intake-calculator,https://www.mytulify.com/health-tools/water-intake-calculator,Water Intake Calculator,high,medium
Health & Fitness Water Intake Calculator,tool_variant,health-tools,Health & Fitness,Water Intake Calculator,water-intake-calculator,https://www.mytulify.com/health-tools/water-intake-calculator,Water Intake Calculator,high,medium
"Estimate your daily water needs based on weight, exercise and climate, shown in litres, cups and bottles",tool_variant,health-tools,Health & Fitness,Water Intake Calculator,water-intake-calculator,https://www.mytulify.com/health-tools/water-intake-calculator,Water Intake Calculator,high,medium
Macro Calculator,tool,health-tools,Health & Fitness,Macro Calculator,macro-calculator,https://www.mytulify.com/health-tools/macro-calculator,Macro Calculator,high,medium
free Macro Calculator,tool_variant,health-tools,Health & Fitness,Macro Calculator,macro-calculator,https://www.mytulify.com/health-tools/macro-calculator,Macro Calculator,high,medium
free online Macro Calculator,tool_variant,health-tools,Health & Fitness,Macro Calculator,macro-calculator,https://www.mytulify.com/health-tools/macro-calculator,Macro Calculator,high,medium
Macro Calculator online,tool_variant,health-tools,Health & Fitness,Macro Calculator,macro-calculator,https://www.mytulify.com/health-tools/macro-calculator,Macro Calculator,high,medium
Health & Fitness Macro Calculator,tool_variant,health-tools,Health & Fitness,Macro Calculator,macro-calculator,https://www.mytulify.com/health-tools/macro-calculator,Macro Calculator,high,medium
"Split your daily calories into protein, carbs and fat with diet-style presets and a per-meal breakdown",tool_variant,health-tools,Health & Fitness,Macro Calculator,macro-calculator,https://www.mytulify.com/health-tools/macro-calculator,Macro Calculator,high,medium
Heart Rate Zone Calculator,tool,health-tools,Health & Fitness,Heart Rate Zone Calculator,heart-rate-zone-calculator,https://www.mytulify.com/health-tools/heart-rate-zone-calculator,Heart Rate Zone Calculator,high,medium
free Heart Rate Zone Calculator,tool_variant,health-tools,Health & Fitness,Heart Rate Zone Calculator,heart-rate-zone-calculator,https://www.mytulify.com/health-tools/heart-rate-zone-calculator,Heart Rate Zone Calculator,high,medium
free online Heart Rate Zone Calculator,tool_variant,health-tools,Health & Fitness,Heart Rate Zone Calculator,heart-rate-zone-calculator,https://www.mytulify.com/health-tools/heart-rate-zone-calculator,Heart Rate Zone Calculator,high,medium
Heart Rate Zone Calculator online,tool_variant,health-tools,Health & Fitness,Heart Rate Zone Calculator,heart-rate-zone-calculator,https://www.mytulify.com/health-tools/heart-rate-zone-calculator,Heart Rate Zone Calculator,high,medium
Health & Fitness Heart Rate Zone Calculator,tool_variant,health-tools,Health & Fitness,Heart Rate Zone Calculator,heart-rate-zone-calculator,https://www.mytulify.com/health-tools/heart-rate-zone-calculator,Heart Rate Zone Calculator,high,medium
Calculate your 5 training heart-rate zones using the Karvonen method with your resting heart rate,tool_variant,health-tools,Health & Fitness,Heart Rate Zone Calculator,heart-rate-zone-calculator,https://www.mytulify.com/health-tools/heart-rate-zone-calculator,Heart Rate Zone Calculator,high,medium
Calories Burned Calculator,tool,health-tools,Health & Fitness,Calories Burned Calculator,calories-burned-calculator,https://www.mytulify.com/health-tools/calories-burned-calculator,Calories Burned Calculator,high,medium
free Calories Burned Calculator,tool_variant,health-tools,Health & Fitness,Calories Burned Calculator,calories-burned-calculator,https://www.mytulify.com/health-tools/calories-burned-calculator,Calories Burned Calculator,high,medium
free online Calories Burned Calculator,tool_variant,health-tools,Health & Fitness,Calories Burned Calculator,calories-burned-calculator,https://www.mytulify.com/health-tools/calories-burned-calculator,Calories Burned Calculator,high,medium
Calories Burned Calculator online,tool_variant,health-tools,Health & Fitness,Calories Burned Calculator,calories-burned-calculator,https://www.mytulify.com/health-tools/calories-burned-calculator,Calories Burned Calculator,high,medium
Health & Fitness Calories Burned Calculator,tool_variant,health-tools,Health & Fitness,Calories Burned Calculator,calories-burned-calculator,https://www.mytulify.com/health-tools/calories-burned-calculator,Calories Burned Calculator,high,medium
"Estimate calories burned for dozens of activities using MET values, your weight and duration",tool_variant,health-tools,Health & Fitness,Calories Burned Calculator,calories-burned-calculator,https://www.mytulify.com/health-tools/calories-burned-calculator,Calories Burned Calculator,high,medium
One Rep Max Calculator,tool,health-tools,Health & Fitness,One Rep Max Calculator,one-rep-max-calculator,https://www.mytulify.com/health-tools/one-rep-max-calculator,One Rep Max Calculator,high,medium
free One Rep Max Calculator,tool_variant,health-tools,Health & Fitness,One Rep Max Calculator,one-rep-max-calculator,https://www.mytulify.com/health-tools/one-rep-max-calculator,One Rep Max Calculator,high,medium
free online One Rep Max Calculator,tool_variant,health-tools,Health & Fitness,One Rep Max Calculator,one-rep-max-calculator,https://www.mytulify.com/health-tools/one-rep-max-calculator,One Rep Max Calculator,high,medium
One Rep Max Calculator online,tool_variant,health-tools,Health & Fitness,One Rep Max Calculator,one-rep-max-calculator,https://www.mytulify.com/health-tools/one-rep-max-calculator,One Rep Max Calculator,high,medium
Health & Fitness One Rep Max Calculator,tool_variant,health-tools,Health & Fitness,One Rep Max Calculator,one-rep-max-calculator,https://www.mytulify.com/health-tools/one-rep-max-calculator,One Rep Max Calculator,high,medium
"Estimate your 1RM from a lift and reps, with a full percentage-of-max training table",tool_variant,health-tools,Health & Fitness,One Rep Max Calculator,one-rep-max-calculator,https://www.mytulify.com/health-tools/one-rep-max-calculator,One Rep Max Calculator,high,medium
Running Pace Calculator,tool,health-tools,Health & Fitness,Running Pace Calculator,pace-calculator,https://www.mytulify.com/health-tools/pace-calculator,Running Pace Calculator,high,medium
free Running Pace Calculator,tool_variant,health-tools,Health & Fitness,Running Pace Calculator,pace-calculator,https://www.mytulify.com/health-tools/pace-calculator,Running Pace Calculator,high,medium
free online Running Pace Calculator,tool_variant,health-tools,Health & Fitness,Running Pace Calculator,pace-calculator,https://www.mytulify.com/health-tools/pace-calculator,Running Pace Calculator,high,medium
Running Pace Calculator online,tool_variant,health-tools,Health & Fitness,Running Pace Calculator,pace-calculator,https://www.mytulify.com/health-tools/pace-calculator,Running Pace Calculator,high,medium
pace calculator,tool_variant,health-tools,Health & Fitness,Running Pace Calculator,pace-calculator,https://www.mytulify.com/health-tools/pace-calculator,Running Pace Calculator,high,medium
Health & Fitness Running Pace Calculator,tool_variant,health-tools,Health & Fitness,Running Pace Calculator,pace-calculator,https://www.mytulify.com/health-tools/pace-calculator,Running Pace Calculator,high,medium
"Turn a distance and time into pace per km and per mile, plus projected 5K, 10K, half and marathon times",tool_variant,health-tools,Health & Fitness,Running Pace Calculator,pace-calculator,https://www.mytulify.com/health-tools/pace-calculator,Running Pace Calculator,high,medium
Blood Alcohol (BAC) Calculator,tool,health-tools,Health & Fitness,Blood Alcohol (BAC) Calculator,bac-calculator,https://www.mytulify.com/health-tools/bac-calculator,Blood Alcohol (BAC) Calculator,high,medium
free Blood Alcohol (BAC) Calculator,tool_variant,health-tools,Health & Fitness,Blood Alcohol (BAC) Calculator,bac-calculator,https://www.mytulify.com/health-tools/bac-calculator,Blood Alcohol (BAC) Calculator,high,medium
free online Blood Alcohol (BAC) Calculator,tool_variant,health-tools,Health & Fitness,Blood Alcohol (BAC) Calculator,bac-calculator,https://www.mytulify.com/health-tools/bac-calculator,Blood Alcohol (BAC) Calculator,high,medium
Blood Alcohol (BAC) Calculator online,tool_variant,health-tools,Health & Fitness,Blood Alcohol (BAC) Calculator,bac-calculator,https://www.mytulify.com/health-tools/bac-calculator,Blood Alcohol (BAC) Calculator,high,medium
bac calculator,tool_variant,health-tools,Health & Fitness,Blood Alcohol (BAC) Calculator,bac-calculator,https://www.mytulify.com/health-tools/bac-calculator,Blood Alcohol (BAC) Calculator,high,medium
Health & Fitness Blood Alcohol (BAC) Calculator,tool_variant,health-tools,Health & Fitness,Blood Alcohol (BAC) Calculator,bac-calculator,https://www.mytulify.com/health-tools/bac-calculator,Blood Alcohol (BAC) Calculator,high,medium
Estimate blood alcohol concentration with the Widmark formula and a time-to-sober estimate,tool_variant,health-tools,Health & Fitness,Blood Alcohol (BAC) Calculator,bac-calculator,https://www.mytulify.com/health-tools/bac-calculator,Blood Alcohol (BAC) Calculator,high,medium
Protein Intake Calculator,tool,health-tools,Health & Fitness,Protein Intake Calculator,protein-intake-calculator,https://www.mytulify.com/health-tools/protein-intake-calculator,Protein Intake Calculator,medium,low
free Protein Intake Calculator,tool_variant,health-tools,Health & Fitness,Protein Intake Calculator,protein-intake-calculator,https://www.mytulify.com/health-tools/protein-intake-calculator,Protein Intake Calculator,medium,low
free online Protein Intake Calculator,tool_variant,health-tools,Health & Fitness,Protein Intake Calculator,protein-intake-calculator,https://www.mytulify.com/health-tools/protein-intake-calculator,Protein Intake Calculator,medium,low
Protein Intake Calculator online,tool_variant,health-tools,Health & Fitness,Protein Intake Calculator,protein-intake-calculator,https://www.mytulify.com/health-tools/protein-intake-calculator,Protein Intake Calculator,medium,low
Health & Fitness Protein Intake Calculator,tool_variant,health-tools,Health & Fitness,Protein Intake Calculator,protein-intake-calculator,https://www.mytulify.com/health-tools/protein-intake-calculator,Protein Intake Calculator,medium,low
Find your daily protein target range based on body weight and your goal,tool_variant,health-tools,Health & Fitness,Protein Intake Calculator,protein-intake-calculator,https://www.mytulify.com/health-tools/protein-intake-calculator,Protein Intake Calculator,medium,low
Waist-to-Hip Ratio Calculator,tool,health-tools,Health & Fitness,Waist-to-Hip Ratio Calculator,waist-to-hip-ratio-calculator,https://www.mytulify.com/health-tools/waist-to-hip-ratio-calculator,Waist-to-Hip Ratio Calculator,medium,low
free Waist-to-Hip Ratio Calculator,tool_variant,health-tools,Health & Fitness,Waist-to-Hip Ratio Calculator,waist-to-hip-ratio-calculator,https://www.mytulify.com/health-tools/waist-to-hip-ratio-calculator,Waist-to-Hip Ratio Calculator,medium,low
free online Waist-to-Hip Ratio Calculator,tool_variant,health-tools,Health & Fitness,Waist-to-Hip Ratio Calculator,waist-to-hip-ratio-calculator,https://www.mytulify.com/health-tools/waist-to-hip-ratio-calculator,Waist-to-Hip Ratio Calculator,medium,low
Waist-to-Hip Ratio Calculator online,tool_variant,health-tools,Health & Fitness,Waist-to-Hip Ratio Calculator,waist-to-hip-ratio-calculator,https://www.mytulify.com/health-tools/waist-to-hip-ratio-calculator,Waist-to-Hip Ratio Calculator,medium,low
waist to hip ratio calculator,tool_variant,health-tools,Health & Fitness,Waist-to-Hip Ratio Calculator,waist-to-hip-ratio-calculator,https://www.mytulify.com/health-tools/waist-to-hip-ratio-calculator,Waist-to-Hip Ratio Calculator,medium,low
Health & Fitness Waist-to-Hip Ratio Calculator,tool_variant,health-tools,Health & Fitness,Waist-to-Hip Ratio Calculator,waist-to-hip-ratio-calculator,https://www.mytulify.com/health-tools/waist-to-hip-ratio-calculator,Waist-to-Hip Ratio Calculator,medium,low
Calculate your waist-to-hip ratio and see your health-risk category by sex,tool_variant,health-tools,Health & Fitness,Waist-to-Hip Ratio Calculator,waist-to-hip-ratio-calculator,https://www.mytulify.com/health-tools/waist-to-hip-ratio-calculator,Waist-to-Hip Ratio Calculator,medium,low
Body Surface Area Calculator,tool,health-tools,Health & Fitness,Body Surface Area Calculator,body-surface-area-calculator,https://www.mytulify.com/health-tools/body-surface-area-calculator,Body Surface Area Calculator,medium,low
free Body Surface Area Calculator,tool_variant,health-tools,Health & Fitness,Body Surface Area Calculator,body-surface-area-calculator,https://www.mytulify.com/health-tools/body-surface-area-calculator,Body Surface Area Calculator,medium,low
free online Body Surface Area Calculator,tool_variant,health-tools,Health & Fitness,Body Surface Area Calculator,body-surface-area-calculator,https://www.mytulify.com/health-tools/body-surface-area-calculator,Body Surface Area Calculator,medium,low
Body Surface Area Calculator online,tool_variant,health-tools,Health & Fitness,Body Surface Area Calculator,body-surface-area-calculator,https://www.mytulify.com/health-tools/body-surface-area-calculator,Body Surface Area Calculator,medium,low
Health & Fitness Body Surface Area Calculator,tool_variant,health-tools,Health & Fitness,Body Surface Area Calculator,body-surface-area-calculator,https://www.mytulify.com/health-tools/body-surface-area-calculator,Body Surface Area Calculator,medium,low
Compute body surface area with the Mosteller and Du Bois formulas side by side,tool_variant,health-tools,Health & Fitness,Body Surface Area Calculator,body-surface-area-calculator,https://www.mytulify.com/health-tools/body-surface-area-calculator,Body Surface Area Calculator,medium,low
BTU Calculator,tool,home-trade-calculators,Home & Trade Calculators,BTU Calculator,btu-calculator,https://www.mytulify.com/home-trade-calculators/btu-calculator,BTU Calculator,high,medium
free BTU Calculator,tool_variant,home-trade-calculators,Home & Trade Calculators,BTU Calculator,btu-calculator,https://www.mytulify.com/home-trade-calculators/btu-calculator,BTU Calculator,high,medium
free online BTU Calculator,tool_variant,home-trade-calculators,Home & Trade Calculators,BTU Calculator,btu-calculator,https://www.mytulify.com/home-trade-calculators/btu-calculator,BTU Calculator,high,medium
BTU Calculator online,tool_variant,home-trade-calculators,Home & Trade Calculators,BTU Calculator,btu-calculator,https://www.mytulify.com/home-trade-calculators/btu-calculator,BTU Calculator,high,medium
Home & Trade Calculators BTU Calculator,tool_variant,home-trade-calculators,Home & Trade Calculators,BTU Calculator,btu-calculator,https://www.mytulify.com/home-trade-calculators/btu-calculator,BTU Calculator,high,medium
"Estimate room cooling BTU from size, ceiling height, sun, people, windows, and a kitchen load, plus AC tons",tool_variant,home-trade-calculators,Home & Trade Calculators,BTU Calculator,btu-calculator,https://www.mytulify.com/home-trade-calculators/btu-calculator,BTU Calculator,high,medium
AC Tonnage Calculator,tool,home-trade-calculators,Home & Trade Calculators,AC Tonnage Calculator,ac-tonnage-calculator,https://www.mytulify.com/home-trade-calculators/ac-tonnage-calculator,AC Tonnage Calculator,high,medium
free AC Tonnage Calculator,tool_variant,home-trade-calculators,Home & Trade Calculators,AC Tonnage Calculator,ac-tonnage-calculator,https://www.mytulify.com/home-trade-calculators/ac-tonnage-calculator,AC Tonnage Calculator,high,medium
free online AC Tonnage Calculator,tool_variant,home-trade-calculators,Home & Trade Calculators,AC Tonnage Calculator,ac-tonnage-calculator,https://www.mytulify.com/home-trade-calculators/ac-tonnage-calculator,AC Tonnage Calculator,high,medium
AC Tonnage Calculator online,tool_variant,home-trade-calculators,Home & Trade Calculators,AC Tonnage Calculator,ac-tonnage-calculator,https://www.mytulify.com/home-trade-calculators/ac-tonnage-calculator,AC Tonnage Calculator,high,medium
Home & Trade Calculators AC Tonnage Calculator,tool_variant,home-trade-calculators,Home & Trade Calculators,AC Tonnage Calculator,ac-tonnage-calculator,https://www.mytulify.com/home-trade-calculators/ac-tonnage-calculator,AC Tonnage Calculator,high,medium
"Convert home square footage, insulation, and climate into cooling tons and BTU, rounded to the next half ton",tool_variant,home-trade-calculators,Home & Trade Calculators,AC Tonnage Calculator,ac-tonnage-calculator,https://www.mytulify.com/home-trade-calculators/ac-tonnage-calculator,AC Tonnage Calculator,high,medium
CFM Calculator,tool,home-trade-calculators,Home & Trade Calculators,CFM Calculator,cfm-calculator,https://www.mytulify.com/home-trade-calculators/cfm-calculator,CFM Calculator,high,low
free CFM Calculator,tool_variant,home-trade-calculators,Home & Trade Calculators,CFM Calculator,cfm-calculator,https://www.mytulify.com/home-trade-calculators/cfm-calculator,CFM Calculator,high,low
free online CFM Calculator,tool_variant,home-trade-calculators,Home & Trade Calculators,CFM Calculator,cfm-calculator,https://www.mytulify.com/home-trade-calculators/cfm-calculator,CFM Calculator,high,low
CFM Calculator online,tool_variant,home-trade-calculators,Home & Trade Calculators,CFM Calculator,cfm-calculator,https://www.mytulify.com/home-trade-calculators/cfm-calculator,CFM Calculator,high,low
Home & Trade Calculators CFM Calculator,tool_variant,home-trade-calculators,Home & Trade Calculators,CFM Calculator,cfm-calculator,https://www.mytulify.com/home-trade-calculators/cfm-calculator,CFM Calculator,high,low
"Calculate airflow CFM from room volume and air changes per hour for a fan, hood, or workshop",tool_variant,home-trade-calculators,Home & Trade Calculators,CFM Calculator,cfm-calculator,https://www.mytulify.com/home-trade-calculators/cfm-calculator,CFM Calculator,high,low
Air Changes Calculator,tool,home-trade-calculators,Home & Trade Calculators,Air Changes Calculator,air-changes-calculator,https://www.mytulify.com/home-trade-calculators/air-changes-calculator,Air Changes Calculator,medium,low
free Air Changes Calculator,tool_variant,home-trade-calculators,Home & Trade Calculators,Air Changes Calculator,air-changes-calculator,https://www.mytulify.com/home-trade-calculators/air-changes-calculator,Air Changes Calculator,medium,low
free online Air Changes Calculator,tool_variant,home-trade-calculators,Home & Trade Calculators,Air Changes Calculator,air-changes-calculator,https://www.mytulify.com/home-trade-calculators/air-changes-calculator,Air Changes Calculator,medium,low
Air Changes Calculator online,tool_variant,home-trade-calculators,Home & Trade Calculators,Air Changes Calculator,air-changes-calculator,https://www.mytulify.com/home-trade-calculators/air-changes-calculator,Air Changes Calculator,medium,low
Home & Trade Calculators Air Changes Calculator,tool_variant,home-trade-calculators,Home & Trade Calculators,Air Changes Calculator,air-changes-calculator,https://www.mytulify.com/home-trade-calculators/air-changes-calculator,Air Changes Calculator,medium,low
"Find air changes per hour from room cubic feet and fan CFM, plus minutes for one full air change",tool_variant,home-trade-calculators,Home & Trade Calculators,Air Changes Calculator,air-changes-calculator,https://www.mytulify.com/home-trade-calculators/air-changes-calculator,Air Changes Calculator,medium,low
Lumber Calculator,tool,home-trade-calculators,Home & Trade Calculators,Lumber Calculator,lumber-calculator,https://www.mytulify.com/home-trade-calculators/lumber-calculator,Lumber Calculator,high,medium
free Lumber Calculator,tool_variant,home-trade-calculators,Home & Trade Calculators,Lumber Calculator,lumber-calculator,https://www.mytulify.com/home-trade-calculators/lumber-calculator,Lumber Calculator,high,medium
free online Lumber Calculator,tool_variant,home-trade-calculators,Home & Trade Calculators,Lumber Calculator,lumber-calculator,https://www.mytulify.com/home-trade-calculators/lumber-calculator,Lumber Calculator,high,medium
Lumber Calculator online,tool_variant,home-trade-calculators,Home & Trade Calculators,Lumber Calculator,lumber-calculator,https://www.mytulify.com/home-trade-calculators/lumber-calculator,Lumber Calculator,high,medium
Home & Trade Calculators Lumber Calculator,tool_variant,home-trade-calculators,Home & Trade Calculators,Lumber Calculator,lumber-calculator,https://www.mytulify.com/home-trade-calculators/lumber-calculator,Lumber Calculator,high,medium
"Calculate board feet, linear feet, and lumber cost from thickness, width, length, and board count",tool_variant,home-trade-calculators,Home & Trade Calculators,Lumber Calculator,lumber-calculator,https://www.mytulify.com/home-trade-calculators/lumber-calculator,Lumber Calculator,high,medium
Deck Calculator,tool,home-trade-calculators,Home & Trade Calculators,Deck Calculator,deck-calculator,https://www.mytulify.com/home-trade-calculators/deck-calculator,Deck Calculator,high,medium
free Deck Calculator,tool_variant,home-trade-calculators,Home & Trade Calculators,Deck Calculator,deck-calculator,https://www.mytulify.com/home-trade-calculators/deck-calculator,Deck Calculator,high,medium
free online Deck Calculator,tool_variant,home-trade-calculators,Home & Trade Calculators,Deck Calculator,deck-calculator,https://www.mytulify.com/home-trade-calculators/deck-calculator,Deck Calculator,high,medium
Deck Calculator online,tool_variant,home-trade-calculators,Home & Trade Calculators,Deck Calculator,deck-calculator,https://www.mytulify.com/home-trade-calculators/deck-calculator,Deck Calculator,high,medium
Home & Trade Calculators Deck Calculator,tool_variant,home-trade-calculators,Home & Trade Calculators,Deck Calculator,deck-calculator,https://www.mytulify.com/home-trade-calculators/deck-calculator,Deck Calculator,high,medium
"Estimate deck boards, joists, and square footage from deck size, board width, gap, and joist spacing",tool_variant,home-trade-calculators,Home & Trade Calculators,Deck Calculator,deck-calculator,https://www.mytulify.com/home-trade-calculators/deck-calculator,Deck Calculator,high,medium
Spray Foam Calculator,tool,home-trade-calculators,Home & Trade Calculators,Spray Foam Calculator,spray-foam-calculator,https://www.mytulify.com/home-trade-calculators/spray-foam-calculator,Spray Foam Calculator,medium,low
free Spray Foam Calculator,tool_variant,home-trade-calculators,Home & Trade Calculators,Spray Foam Calculator,spray-foam-calculator,https://www.mytulify.com/home-trade-calculators/spray-foam-calculator,Spray Foam Calculator,medium,low
free online Spray Foam Calculator,tool_variant,home-trade-calculators,Home & Trade Calculators,Spray Foam Calculator,spray-foam-calculator,https://www.mytulify.com/home-trade-calculators/spray-foam-calculator,Spray Foam Calculator,medium,low
Spray Foam Calculator online,tool_variant,home-trade-calculators,Home & Trade Calculators,Spray Foam Calculator,spray-foam-calculator,https://www.mytulify.com/home-trade-calculators/spray-foam-calculator,Spray Foam Calculator,medium,low
Home & Trade Calculators Spray Foam Calculator,tool_variant,home-trade-calculators,Home & Trade Calculators,Spray Foam Calculator,spray-foam-calculator,https://www.mytulify.com/home-trade-calculators/spray-foam-calculator,Spray Foam Calculator,medium,low
"Convert wall area and foam thickness into board feet, spray foam kits, and material cost",tool_variant,home-trade-calculators,Home & Trade Calculators,Spray Foam Calculator,spray-foam-calculator,https://www.mytulify.com/home-trade-calculators/spray-foam-calculator,Spray Foam Calculator,medium,low
Miter Angle Calculator,tool,home-trade-calculators,Home & Trade Calculators,Miter Angle Calculator,miter-angle-calculator,https://www.mytulify.com/home-trade-calculators/miter-angle-calculator,Miter Angle Calculator,medium,low
free Miter Angle Calculator,tool_variant,home-trade-calculators,Home & Trade Calculators,Miter Angle Calculator,miter-angle-calculator,https://www.mytulify.com/home-trade-calculators/miter-angle-calculator,Miter Angle Calculator,medium,low
free online Miter Angle Calculator,tool_variant,home-trade-calculators,Home & Trade Calculators,Miter Angle Calculator,miter-angle-calculator,https://www.mytulify.com/home-trade-calculators/miter-angle-calculator,Miter Angle Calculator,medium,low
Miter Angle Calculator online,tool_variant,home-trade-calculators,Home & Trade Calculators,Miter Angle Calculator,miter-angle-calculator,https://www.mytulify.com/home-trade-calculators/miter-angle-calculator,Miter Angle Calculator,medium,low
Home & Trade Calculators Miter Angle Calculator,tool_variant,home-trade-calculators,Home & Trade Calculators,Miter Angle Calculator,miter-angle-calculator,https://www.mytulify.com/home-trade-calculators/miter-angle-calculator,Miter Angle Calculator,medium,low
"Find the miter saw angle and interior corner for a square, hexagon, octagon, or any equal-sided frame",tool_variant,home-trade-calculators,Home & Trade Calculators,Miter Angle Calculator,miter-angle-calculator,https://www.mytulify.com/home-trade-calculators/miter-angle-calculator,Miter Angle Calculator,medium,low
Kerf Calculator,tool,home-trade-calculators,Home & Trade Calculators,Kerf Calculator,kerf-calculator,https://www.mytulify.com/home-trade-calculators/kerf-calculator,Kerf Calculator,medium,low
free Kerf Calculator,tool_variant,home-trade-calculators,Home & Trade Calculators,Kerf Calculator,kerf-calculator,https://www.mytulify.com/home-trade-calculators/kerf-calculator,Kerf Calculator,medium,low
free online Kerf Calculator,tool_variant,home-trade-calculators,Home & Trade Calculators,Kerf Calculator,kerf-calculator,https://www.mytulify.com/home-trade-calculators/kerf-calculator,Kerf Calculator,medium,low
Kerf Calculator online,tool_variant,home-trade-calculators,Home & Trade Calculators,Kerf Calculator,kerf-calculator,https://www.mytulify.com/home-trade-calculators/kerf-calculator,Kerf Calculator,medium,low
Home & Trade Calculators Kerf Calculator,tool_variant,home-trade-calculators,Home & Trade Calculators,Kerf Calculator,kerf-calculator,https://www.mytulify.com/home-trade-calculators/kerf-calculator,Kerf Calculator,medium,low
"See how many pieces a board yields after saw kerf, and how many boards to buy",tool_variant,home-trade-calculators,Home & Trade Calculators,Kerf Calculator,kerf-calculator,https://www.mytulify.com/home-trade-calculators/kerf-calculator,Kerf Calculator,medium,low
Ohm's Law Calculator,tool,home-trade-calculators,Home & Trade Calculators,Ohm's Law Calculator,ohms-law-calculator,https://www.mytulify.com/home-trade-calculators/ohms-law-calculator,Ohm's Law Calculator,high,medium
free Ohm's Law Calculator,tool_variant,home-trade-calculators,Home & Trade Calculators,Ohm's Law Calculator,ohms-law-calculator,https://www.mytulify.com/home-trade-calculators/ohms-law-calculator,Ohm's Law Calculator,high,medium
free online Ohm's Law Calculator,tool_variant,home-trade-calculators,Home & Trade Calculators,Ohm's Law Calculator,ohms-law-calculator,https://www.mytulify.com/home-trade-calculators/ohms-law-calculator,Ohm's Law Calculator,high,medium
Ohm's Law Calculator online,tool_variant,home-trade-calculators,Home & Trade Calculators,Ohm's Law Calculator,ohms-law-calculator,https://www.mytulify.com/home-trade-calculators/ohms-law-calculator,Ohm's Law Calculator,high,medium
ohms law calculator,tool_variant,home-trade-calculators,Home & Trade Calculators,Ohm's Law Calculator,ohms-law-calculator,https://www.mytulify.com/home-trade-calculators/ohms-law-calculator,Ohm's Law Calculator,high,medium
Home & Trade Calculators Ohm's Law Calculator,tool_variant,home-trade-calculators,Home & Trade Calculators,Ohm's Law Calculator,ohms-law-calculator,https://www.mytulify.com/home-trade-calculators/ohms-law-calculator,Ohm's Law Calculator,high,medium
"Solve voltage, current, resistance, and watts with Ohm's law from any two electrical values",tool_variant,home-trade-calculators,Home & Trade Calculators,Ohm's Law Calculator,ohms-law-calculator,https://www.mytulify.com/home-trade-calculators/ohms-law-calculator,Ohm's Law Calculator,high,medium
Voltage Drop Calculator,tool,home-trade-calculators,Home & Trade Calculators,Voltage Drop Calculator,voltage-drop-calculator,https://www.mytulify.com/home-trade-calculators/voltage-drop-calculator,Voltage Drop Calculator,high,medium
free Voltage Drop Calculator,tool_variant,home-trade-calculators,Home & Trade Calculators,Voltage Drop Calculator,voltage-drop-calculator,https://www.mytulify.com/home-trade-calculators/voltage-drop-calculator,Voltage Drop Calculator,high,medium
free online Voltage Drop Calculator,tool_variant,home-trade-calculators,Home & Trade Calculators,Voltage Drop Calculator,voltage-drop-calculator,https://www.mytulify.com/home-trade-calculators/voltage-drop-calculator,Voltage Drop Calculator,high,medium
Voltage Drop Calculator online,tool_variant,home-trade-calculators,Home & Trade Calculators,Voltage Drop Calculator,voltage-drop-calculator,https://www.mytulify.com/home-trade-calculators/voltage-drop-calculator,Voltage Drop Calculator,high,medium
Home & Trade Calculators Voltage Drop Calculator,tool_variant,home-trade-calculators,Home & Trade Calculators,Voltage Drop Calculator,voltage-drop-calculator,https://www.mytulify.com/home-trade-calculators/voltage-drop-calculator,Voltage Drop Calculator,high,medium
"Calculate voltage drop and percent drop for copper or aluminum wire by AWG, amps, distance, and phase",tool_variant,home-trade-calculators,Home & Trade Calculators,Voltage Drop Calculator,voltage-drop-calculator,https://www.mytulify.com/home-trade-calculators/voltage-drop-calculator,Voltage Drop Calculator,high,medium
Wire Size Calculator,tool,home-trade-calculators,Home & Trade Calculators,Wire Size Calculator,wire-size-calculator,https://www.mytulify.com/home-trade-calculators/wire-size-calculator,Wire Size Calculator,high,medium
free Wire Size Calculator,tool_variant,home-trade-calculators,Home & Trade Calculators,Wire Size Calculator,wire-size-calculator,https://www.mytulify.com/home-trade-calculators/wire-size-calculator,Wire Size Calculator,high,medium
free online Wire Size Calculator,tool_variant,home-trade-calculators,Home & Trade Calculators,Wire Size Calculator,wire-size-calculator,https://www.mytulify.com/home-trade-calculators/wire-size-calculator,Wire Size Calculator,high,medium
Wire Size Calculator online,tool_variant,home-trade-calculators,Home & Trade Calculators,Wire Size Calculator,wire-size-calculator,https://www.mytulify.com/home-trade-calculators/wire-size-calculator,Wire Size Calculator,high,medium
Home & Trade Calculators Wire Size Calculator,tool_variant,home-trade-calculators,Home & Trade Calculators,Wire Size Calculator,wire-size-calculator,https://www.mytulify.com/home-trade-calculators/wire-size-calculator,Wire Size Calculator,high,medium
"Pick a wire gauge from load amps, run length, voltage, and a maximum voltage-drop percent",tool_variant,home-trade-calculators,Home & Trade Calculators,Wire Size Calculator,wire-size-calculator,https://www.mytulify.com/home-trade-calculators/wire-size-calculator,Wire Size Calculator,high,medium
kW to kVA Calculator,tool,home-trade-calculators,Home & Trade Calculators,kW to kVA Calculator,kw-to-kva-calculator,https://www.mytulify.com/home-trade-calculators/kw-to-kva-calculator,kW to kVA Calculator,high,low
free kW to kVA Calculator,tool_variant,home-trade-calculators,Home & Trade Calculators,kW to kVA Calculator,kw-to-kva-calculator,https://www.mytulify.com/home-trade-calculators/kw-to-kva-calculator,kW to kVA Calculator,high,low
free online kW to kVA Calculator,tool_variant,home-trade-calculators,Home & Trade Calculators,kW to kVA Calculator,kw-to-kva-calculator,https://www.mytulify.com/home-trade-calculators/kw-to-kva-calculator,kW to kVA Calculator,high,low
kW to kVA Calculator online,tool_variant,home-trade-calculators,Home & Trade Calculators,kW to kVA Calculator,kw-to-kva-calculator,https://www.mytulify.com/home-trade-calculators/kw-to-kva-calculator,kW to kVA Calculator,high,low
Home & Trade Calculators kW to kVA Calculator,tool_variant,home-trade-calculators,Home & Trade Calculators,kW to kVA Calculator,kw-to-kva-calculator,https://www.mytulify.com/home-trade-calculators/kw-to-kva-calculator,kW to kVA Calculator,high,low
"Convert kilowatts to kVA with power factor, and estimate single-phase or three-phase amps",tool_variant,home-trade-calculators,Home & Trade Calculators,kW to kVA Calculator,kw-to-kva-calculator,https://www.mytulify.com/home-trade-calculators/kw-to-kva-calculator,kW to kVA Calculator,high,low
Electricity Cost Calculator,tool,home-trade-calculators,Home & Trade Calculators,Electricity Cost Calculator,electricity-cost-calculator,https://www.mytulify.com/home-trade-calculators/electricity-cost-calculator,Electricity Cost Calculator,high,medium
free Electricity Cost Calculator,tool_variant,home-trade-calculators,Home & Trade Calculators,Electricity Cost Calculator,electricity-cost-calculator,https://www.mytulify.com/home-trade-calculators/electricity-cost-calculator,Electricity Cost Calculator,high,medium
free online Electricity Cost Calculator,tool_variant,home-trade-calculators,Home & Trade Calculators,Electricity Cost Calculator,electricity-cost-calculator,https://www.mytulify.com/home-trade-calculators/electricity-cost-calculator,Electricity Cost Calculator,high,medium
Electricity Cost Calculator online,tool_variant,home-trade-calculators,Home & Trade Calculators,Electricity Cost Calculator,electricity-cost-calculator,https://www.mytulify.com/home-trade-calculators/electricity-cost-calculator,Electricity Cost Calculator,high,medium
Home & Trade Calculators Electricity Cost Calculator,tool_variant,home-trade-calculators,Home & Trade Calculators,Electricity Cost Calculator,electricity-cost-calculator,https://www.mytulify.com/home-trade-calculators/electricity-cost-calculator,Electricity Cost Calculator,high,medium
"Estimate appliance electricity cost from watts, hours per day, and your price per kWh",tool_variant,home-trade-calculators,Home & Trade Calculators,Electricity Cost Calculator,electricity-cost-calculator,https://www.mytulify.com/home-trade-calculators/electricity-cost-calculator,Electricity Cost Calculator,high,medium
EV Charging Cost Calculator,tool,home-trade-calculators,Home & Trade Calculators,EV Charging Cost Calculator,ev-charging-cost-calculator,https://www.mytulify.com/home-trade-calculators/ev-charging-cost-calculator,EV Charging Cost Calculator,high,medium
free EV Charging Cost Calculator,tool_variant,home-trade-calculators,Home & Trade Calculators,EV Charging Cost Calculator,ev-charging-cost-calculator,https://www.mytulify.com/home-trade-calculators/ev-charging-cost-calculator,EV Charging Cost Calculator,high,medium
free online EV Charging Cost Calculator,tool_variant,home-trade-calculators,Home & Trade Calculators,EV Charging Cost Calculator,ev-charging-cost-calculator,https://www.mytulify.com/home-trade-calculators/ev-charging-cost-calculator,EV Charging Cost Calculator,high,medium
EV Charging Cost Calculator online,tool_variant,home-trade-calculators,Home & Trade Calculators,EV Charging Cost Calculator,ev-charging-cost-calculator,https://www.mytulify.com/home-trade-calculators/ev-charging-cost-calculator,EV Charging Cost Calculator,high,medium
Home & Trade Calculators EV Charging Cost Calculator,tool_variant,home-trade-calculators,Home & Trade Calculators,EV Charging Cost Calculator,ev-charging-cost-calculator,https://www.mytulify.com/home-trade-calculators/ev-charging-cost-calculator,EV Charging Cost Calculator,high,medium
"Calculate electric vehicle charging cost, kWh, and hours from miles, efficiency, and charger kW",tool_variant,home-trade-calculators,Home & Trade Calculators,EV Charging Cost Calculator,ev-charging-cost-calculator,https://www.mytulify.com/home-trade-calculators/ev-charging-cost-calculator,EV Charging Cost Calculator,high,medium
Closing Cost Calculator,tool,home-trade-calculators,Home & Trade Calculators,Closing Cost Calculator,closing-cost-calculator,https://www.mytulify.com/home-trade-calculators/closing-cost-calculator,Closing Cost Calculator,high,medium
free Closing Cost Calculator,tool_variant,home-trade-calculators,Home & Trade Calculators,Closing Cost Calculator,closing-cost-calculator,https://www.mytulify.com/home-trade-calculators/closing-cost-calculator,Closing Cost Calculator,high,medium
free online Closing Cost Calculator,tool_variant,home-trade-calculators,Home & Trade Calculators,Closing Cost Calculator,closing-cost-calculator,https://www.mytulify.com/home-trade-calculators/closing-cost-calculator,Closing Cost Calculator,high,medium
Closing Cost Calculator online,tool_variant,home-trade-calculators,Home & Trade Calculators,Closing Cost Calculator,closing-cost-calculator,https://www.mytulify.com/home-trade-calculators/closing-cost-calculator,Closing Cost Calculator,high,medium
Home & Trade Calculators Closing Cost Calculator,tool_variant,home-trade-calculators,Home & Trade Calculators,Closing Cost Calculator,closing-cost-calculator,https://www.mytulify.com/home-trade-calculators/closing-cost-calculator,Closing Cost Calculator,high,medium
"Estimate buyer closing costs from lender fees, title, inspection, appraisal, and prepaid tax and insurance",tool_variant,home-trade-calculators,Home & Trade Calculators,Closing Cost Calculator,closing-cost-calculator,https://www.mytulify.com/home-trade-calculators/closing-cost-calculator,Closing Cost Calculator,high,medium
Down Payment Calculator,tool,home-trade-calculators,Home & Trade Calculators,Down Payment Calculator,down-payment-calculator,https://www.mytulify.com/home-trade-calculators/down-payment-calculator,Down Payment Calculator,high,medium
free Down Payment Calculator,tool_variant,home-trade-calculators,Home & Trade Calculators,Down Payment Calculator,down-payment-calculator,https://www.mytulify.com/home-trade-calculators/down-payment-calculator,Down Payment Calculator,high,medium
free online Down Payment Calculator,tool_variant,home-trade-calculators,Home & Trade Calculators,Down Payment Calculator,down-payment-calculator,https://www.mytulify.com/home-trade-calculators/down-payment-calculator,Down Payment Calculator,high,medium
Down Payment Calculator online,tool_variant,home-trade-calculators,Home & Trade Calculators,Down Payment Calculator,down-payment-calculator,https://www.mytulify.com/home-trade-calculators/down-payment-calculator,Down Payment Calculator,high,medium
Home & Trade Calculators Down Payment Calculator,tool_variant,home-trade-calculators,Home & Trade Calculators,Down Payment Calculator,down-payment-calculator,https://www.mytulify.com/home-trade-calculators/down-payment-calculator,Down Payment Calculator,high,medium
"Compare 3%, 5%, 10%, 20%, and a custom down payment, with loan amount and whether PMI is likely",tool_variant,home-trade-calculators,Home & Trade Calculators,Down Payment Calculator,down-payment-calculator,https://www.mytulify.com/home-trade-calculators/down-payment-calculator,Down Payment Calculator,high,medium
Refinance Calculator,tool,home-trade-calculators,Home & Trade Calculators,Refinance Calculator,refinance-calculator,https://www.mytulify.com/home-trade-calculators/refinance-calculator,Refinance Calculator,high,medium
free Refinance Calculator,tool_variant,home-trade-calculators,Home & Trade Calculators,Refinance Calculator,refinance-calculator,https://www.mytulify.com/home-trade-calculators/refinance-calculator,Refinance Calculator,high,medium
free online Refinance Calculator,tool_variant,home-trade-calculators,Home & Trade Calculators,Refinance Calculator,refinance-calculator,https://www.mytulify.com/home-trade-calculators/refinance-calculator,Refinance Calculator,high,medium
Refinance Calculator online,tool_variant,home-trade-calculators,Home & Trade Calculators,Refinance Calculator,refinance-calculator,https://www.mytulify.com/home-trade-calculators/refinance-calculator,Refinance Calculator,high,medium
Home & Trade Calculators Refinance Calculator,tool_variant,home-trade-calculators,Home & Trade Calculators,Refinance Calculator,refinance-calculator,https://www.mytulify.com/home-trade-calculators/refinance-calculator,Refinance Calculator,high,medium
"Compare your current mortgage payment with a refinance, including break-even months and total interest",tool_variant,home-trade-calculators,Home & Trade Calculators,Refinance Calculator,refinance-calculator,https://www.mytulify.com/home-trade-calculators/refinance-calculator,Refinance Calculator,high,medium
Rental Property Calculator,tool,home-trade-calculators,Home & Trade Calculators,Rental Property Calculator,rental-property-calculator,https://www.mytulify.com/home-trade-calculators/rental-property-calculator,Rental Property Calculator,high,medium
free Rental Property Calculator,tool_variant,home-trade-calculators,Home & Trade Calculators,Rental Property Calculator,rental-property-calculator,https://www.mytulify.com/home-trade-calculators/rental-property-calculator,Rental Property Calculator,high,medium
free online Rental Property Calculator,tool_variant,home-trade-calculators,Home & Trade Calculators,Rental Property Calculator,rental-property-calculator,https://www.mytulify.com/home-trade-calculators/rental-property-calculator,Rental Property Calculator,high,medium
Rental Property Calculator online,tool_variant,home-trade-calculators,Home & Trade Calculators,Rental Property Calculator,rental-property-calculator,https://www.mytulify.com/home-trade-calculators/rental-property-calculator,Rental Property Calculator,high,medium
Home & Trade Calculators Rental Property Calculator,tool_variant,home-trade-calculators,Home & Trade Calculators,Rental Property Calculator,rental-property-calculator,https://www.mytulify.com/home-trade-calculators/rental-property-calculator,Rental Property Calculator,high,medium
"Estimate cap rate, monthly cash flow, cash-on-cash return, and mortgage payment for a rental property",tool_variant,home-trade-calculators,Home & Trade Calculators,Rental Property Calculator,rental-property-calculator,https://www.mytulify.com/home-trade-calculators/rental-property-calculator,Rental Property Calculator,high,medium
Seller Net Calculator,tool,home-trade-calculators,Home & Trade Calculators,Seller Net Calculator,seller-net-calculator,https://www.mytulify.com/home-trade-calculators/seller-net-calculator,Seller Net Calculator,high,medium
free Seller Net Calculator,tool_variant,home-trade-calculators,Home & Trade Calculators,Seller Net Calculator,seller-net-calculator,https://www.mytulify.com/home-trade-calculators/seller-net-calculator,Seller Net Calculator,high,medium
free online Seller Net Calculator,tool_variant,home-trade-calculators,Home & Trade Calculators,Seller Net Calculator,seller-net-calculator,https://www.mytulify.com/home-trade-calculators/seller-net-calculator,Seller Net Calculator,high,medium
Seller Net Calculator online,tool_variant,home-trade-calculators,Home & Trade Calculators,Seller Net Calculator,seller-net-calculator,https://www.mytulify.com/home-trade-calculators/seller-net-calculator,Seller Net Calculator,high,medium
Home & Trade Calculators Seller Net Calculator,tool_variant,home-trade-calculators,Home & Trade Calculators,Seller Net Calculator,seller-net-calculator,https://www.mytulify.com/home-trade-calculators/seller-net-calculator,Seller Net Calculator,high,medium
"Estimate seller net proceeds after commission, mortgage payoff, closing costs, and repairs",tool_variant,home-trade-calculators,Home & Trade Calculators,Seller Net Calculator,seller-net-calculator,https://www.mytulify.com/home-trade-calculators/seller-net-calculator,Seller Net Calculator,high,medium
Loan Comparison Calculator,tool,home-trade-calculators,Home & Trade Calculators,Loan Comparison Calculator,loan-comparison-calculator,https://www.mytulify.com/home-trade-calculators/loan-comparison-calculator,Loan Comparison Calculator,high,medium
free Loan Comparison Calculator,tool_variant,home-trade-calculators,Home & Trade Calculators,Loan Comparison Calculator,loan-comparison-calculator,https://www.mytulify.com/home-trade-calculators/loan-comparison-calculator,Loan Comparison Calculator,high,medium
free online Loan Comparison Calculator,tool_variant,home-trade-calculators,Home & Trade Calculators,Loan Comparison Calculator,loan-comparison-calculator,https://www.mytulify.com/home-trade-calculators/loan-comparison-calculator,Loan Comparison Calculator,high,medium
Loan Comparison Calculator online,tool_variant,home-trade-calculators,Home & Trade Calculators,Loan Comparison Calculator,loan-comparison-calculator,https://www.mytulify.com/home-trade-calculators/loan-comparison-calculator,Loan Comparison Calculator,high,medium
Home & Trade Calculators Loan Comparison Calculator,tool_variant,home-trade-calculators,Home & Trade Calculators,Loan Comparison Calculator,loan-comparison-calculator,https://www.mytulify.com/home-trade-calculators/loan-comparison-calculator,Loan Comparison Calculator,high,medium
"Compare two loans side by side on monthly payment, total interest, and total amount paid",tool_variant,home-trade-calculators,Home & Trade Calculators,Loan Comparison Calculator,loan-comparison-calculator,https://www.mytulify.com/home-trade-calculators/loan-comparison-calculator,Loan Comparison Calculator,high,medium
Budget Calculator,tool,home-trade-calculators,Home & Trade Calculators,Budget Calculator,budget-calculator,https://www.mytulify.com/home-trade-calculators/budget-calculator,Budget Calculator,high,medium
free Budget Calculator,tool_variant,home-trade-calculators,Home & Trade Calculators,Budget Calculator,budget-calculator,https://www.mytulify.com/home-trade-calculators/budget-calculator,Budget Calculator,high,medium
free online Budget Calculator,tool_variant,home-trade-calculators,Home & Trade Calculators,Budget Calculator,budget-calculator,https://www.mytulify.com/home-trade-calculators/budget-calculator,Budget Calculator,high,medium
Budget Calculator online,tool_variant,home-trade-calculators,Home & Trade Calculators,Budget Calculator,budget-calculator,https://www.mytulify.com/home-trade-calculators/budget-calculator,Budget Calculator,high,medium
Home & Trade Calculators Budget Calculator,tool_variant,home-trade-calculators,Home & Trade Calculators,Budget Calculator,budget-calculator,https://www.mytulify.com/home-trade-calculators/budget-calculator,Budget Calculator,high,medium
"Split monthly income across housing, food, transport, and debt, then see what is left and the savings rate",tool_variant,home-trade-calculators,Home & Trade Calculators,Budget Calculator,budget-calculator,https://www.mytulify.com/home-trade-calculators/budget-calculator,Budget Calculator,high,medium
Vehicle Depreciation Calculator,tool,home-trade-calculators,Home & Trade Calculators,Vehicle Depreciation Calculator,vehicle-depreciation-calculator,https://www.mytulify.com/home-trade-calculators/vehicle-depreciation-calculator,Vehicle Depreciation Calculator,medium,low
free Vehicle Depreciation Calculator,tool_variant,home-trade-calculators,Home & Trade Calculators,Vehicle Depreciation Calculator,vehicle-depreciation-calculator,https://www.mytulify.com/home-trade-calculators/vehicle-depreciation-calculator,Vehicle Depreciation Calculator,medium,low
free online Vehicle Depreciation Calculator,tool_variant,home-trade-calculators,Home & Trade Calculators,Vehicle Depreciation Calculator,vehicle-depreciation-calculator,https://www.mytulify.com/home-trade-calculators/vehicle-depreciation-calculator,Vehicle Depreciation Calculator,medium,low
Vehicle Depreciation Calculator online,tool_variant,home-trade-calculators,Home & Trade Calculators,Vehicle Depreciation Calculator,vehicle-depreciation-calculator,https://www.mytulify.com/home-trade-calculators/vehicle-depreciation-calculator,Vehicle Depreciation Calculator,medium,low
Home & Trade Calculators Vehicle Depreciation Calculator,tool_variant,home-trade-calculators,Home & Trade Calculators,Vehicle Depreciation Calculator,vehicle-depreciation-calculator,https://www.mytulify.com/home-trade-calculators/vehicle-depreciation-calculator,Vehicle Depreciation Calculator,medium,low
Project car value year by year with a declining-balance depreciation rate,tool_variant,home-trade-calculators,Home & Trade Calculators,Vehicle Depreciation Calculator,vehicle-depreciation-calculator,https://www.mytulify.com/home-trade-calculators/vehicle-depreciation-calculator,Vehicle Depreciation Calculator,medium,low
Marketplace Fee Calculator,tool,home-trade-calculators,Home & Trade Calculators,Marketplace Fee Calculator,marketplace-fee-calculator,https://www.mytulify.com/home-trade-calculators/marketplace-fee-calculator,Marketplace Fee Calculator,medium,low
free Marketplace Fee Calculator,tool_variant,home-trade-calculators,Home & Trade Calculators,Marketplace Fee Calculator,marketplace-fee-calculator,https://www.mytulify.com/home-trade-calculators/marketplace-fee-calculator,Marketplace Fee Calculator,medium,low
free online Marketplace Fee Calculator,tool_variant,home-trade-calculators,Home & Trade Calculators,Marketplace Fee Calculator,marketplace-fee-calculator,https://www.mytulify.com/home-trade-calculators/marketplace-fee-calculator,Marketplace Fee Calculator,medium,low
Marketplace Fee Calculator online,tool_variant,home-trade-calculators,Home & Trade Calculators,Marketplace Fee Calculator,marketplace-fee-calculator,https://www.mytulify.com/home-trade-calculators/marketplace-fee-calculator,Marketplace Fee Calculator,medium,low
Home & Trade Calculators Marketplace Fee Calculator,tool_variant,home-trade-calculators,Home & Trade Calculators,Marketplace Fee Calculator,marketplace-fee-calculator,https://www.mytulify.com/home-trade-calculators/marketplace-fee-calculator,Marketplace Fee Calculator,medium,low
"Calculate seller fees, shipping, product cost, net profit, and margin for an online marketplace listing",tool_variant,home-trade-calculators,Home & Trade Calculators,Marketplace Fee Calculator,marketplace-fee-calculator,https://www.mytulify.com/home-trade-calculators/marketplace-fee-calculator,Marketplace Fee Calculator,medium,low
Tithing Calculator,tool,home-trade-calculators,Home & Trade Calculators,Tithing Calculator,tithing-calculator,https://www.mytulify.com/home-trade-calculators/tithing-calculator,Tithing Calculator,medium,low
free Tithing Calculator,tool_variant,home-trade-calculators,Home & Trade Calculators,Tithing Calculator,tithing-calculator,https://www.mytulify.com/home-trade-calculators/tithing-calculator,Tithing Calculator,medium,low
free online Tithing Calculator,tool_variant,home-trade-calculators,Home & Trade Calculators,Tithing Calculator,tithing-calculator,https://www.mytulify.com/home-trade-calculators/tithing-calculator,Tithing Calculator,medium,low
Tithing Calculator online,tool_variant,home-trade-calculators,Home & Trade Calculators,Tithing Calculator,tithing-calculator,https://www.mytulify.com/home-trade-calculators/tithing-calculator,Tithing Calculator,medium,low
Home & Trade Calculators Tithing Calculator,tool_variant,home-trade-calculators,Home & Trade Calculators,Tithing Calculator,tithing-calculator,https://www.mytulify.com/home-trade-calculators/tithing-calculator,Tithing Calculator,medium,low
"Calculate a tithe or any percent of weekly, monthly, or yearly income",tool_variant,home-trade-calculators,Home & Trade Calculators,Tithing Calculator,tithing-calculator,https://www.mytulify.com/home-trade-calculators/tithing-calculator,Tithing Calculator,medium,low
Retirement Calculator,tool,home-trade-calculators,Home & Trade Calculators,Retirement Calculator,retirement-calculator,https://www.mytulify.com/home-trade-calculators/retirement-calculator,Retirement Calculator,high,medium
free Retirement Calculator,tool_variant,home-trade-calculators,Home & Trade Calculators,Retirement Calculator,retirement-calculator,https://www.mytulify.com/home-trade-calculators/retirement-calculator,Retirement Calculator,high,medium
free online Retirement Calculator,tool_variant,home-trade-calculators,Home & Trade Calculators,Retirement Calculator,retirement-calculator,https://www.mytulify.com/home-trade-calculators/retirement-calculator,Retirement Calculator,high,medium
Retirement Calculator online,tool_variant,home-trade-calculators,Home & Trade Calculators,Retirement Calculator,retirement-calculator,https://www.mytulify.com/home-trade-calculators/retirement-calculator,Retirement Calculator,high,medium
Home & Trade Calculators Retirement Calculator,tool_variant,home-trade-calculators,Home & Trade Calculators,Retirement Calculator,retirement-calculator,https://www.mytulify.com/home-trade-calculators/retirement-calculator,Retirement Calculator,high,medium
"Project retirement savings from a current balance, monthly contribution, return, and years",tool_variant,home-trade-calculators,Home & Trade Calculators,Retirement Calculator,retirement-calculator,https://www.mytulify.com/home-trade-calculators/retirement-calculator,Retirement Calculator,high,medium
Employee Cost Calculator,tool,home-trade-calculators,Home & Trade Calculators,Employee Cost Calculator,employee-cost-calculator,https://www.mytulify.com/home-trade-calculators/employee-cost-calculator,Employee Cost Calculator,medium,low
free Employee Cost Calculator,tool_variant,home-trade-calculators,Home & Trade Calculators,Employee Cost Calculator,employee-cost-calculator,https://www.mytulify.com/home-trade-calculators/employee-cost-calculator,Employee Cost Calculator,medium,low
free online Employee Cost Calculator,tool_variant,home-trade-calculators,Home & Trade Calculators,Employee Cost Calculator,employee-cost-calculator,https://www.mytulify.com/home-trade-calculators/employee-cost-calculator,Employee Cost Calculator,medium,low
Employee Cost Calculator online,tool_variant,home-trade-calculators,Home & Trade Calculators,Employee Cost Calculator,employee-cost-calculator,https://www.mytulify.com/home-trade-calculators/employee-cost-calculator,Employee Cost Calculator,medium,low
Home & Trade Calculators Employee Cost Calculator,tool_variant,home-trade-calculators,Home & Trade Calculators,Employee Cost Calculator,employee-cost-calculator,https://www.mytulify.com/home-trade-calculators/employee-cost-calculator,Employee Cost Calculator,medium,low
"Estimate fully loaded employee cost from salary, benefits percent, and employer payroll tax",tool_variant,home-trade-calculators,Home & Trade Calculators,Employee Cost Calculator,employee-cost-calculator,https://www.mytulify.com/home-trade-calculators/employee-cost-calculator,Employee Cost Calculator,medium,low
Absorption Rate Calculator,tool,home-trade-calculators,Home & Trade Calculators,Absorption Rate Calculator,absorption-rate-calculator,https://www.mytulify.com/home-trade-calculators/absorption-rate-calculator,Absorption Rate Calculator,medium,low
free Absorption Rate Calculator,tool_variant,home-trade-calculators,Home & Trade Calculators,Absorption Rate Calculator,absorption-rate-calculator,https://www.mytulify.com/home-trade-calculators/absorption-rate-calculator,Absorption Rate Calculator,medium,low
free online Absorption Rate Calculator,tool_variant,home-trade-calculators,Home & Trade Calculators,Absorption Rate Calculator,absorption-rate-calculator,https://www.mytulify.com/home-trade-calculators/absorption-rate-calculator,Absorption Rate Calculator,medium,low
Absorption Rate Calculator online,tool_variant,home-trade-calculators,Home & Trade Calculators,Absorption Rate Calculator,absorption-rate-calculator,https://www.mytulify.com/home-trade-calculators/absorption-rate-calculator,Absorption Rate Calculator,medium,low
Home & Trade Calculators Absorption Rate Calculator,tool_variant,home-trade-calculators,Home & Trade Calculators,Absorption Rate Calculator,absorption-rate-calculator,https://www.mytulify.com/home-trade-calculators/absorption-rate-calculator,Absorption Rate Calculator,medium,low
Calculate real estate absorption rate and months of housing supply from sales and active listings,tool_variant,home-trade-calculators,Home & Trade Calculators,Absorption Rate Calculator,absorption-rate-calculator,https://www.mytulify.com/home-trade-calculators/absorption-rate-calculator,Absorption Rate Calculator,medium,low
Car Trade-In Calculator,tool,home-trade-calculators,Home & Trade Calculators,Car Trade-In Calculator,car-trade-equity-calculator,https://www.mytulify.com/home-trade-calculators/car-trade-equity-calculator,Car Trade-In Calculator,medium,low
free Car Trade-In Calculator,tool_variant,home-trade-calculators,Home & Trade Calculators,Car Trade-In Calculator,car-trade-equity-calculator,https://www.mytulify.com/home-trade-calculators/car-trade-equity-calculator,Car Trade-In Calculator,medium,low
free online Car Trade-In Calculator,tool_variant,home-trade-calculators,Home & Trade Calculators,Car Trade-In Calculator,car-trade-equity-calculator,https://www.mytulify.com/home-trade-calculators/car-trade-equity-calculator,Car Trade-In Calculator,medium,low
Car Trade-In Calculator online,tool_variant,home-trade-calculators,Home & Trade Calculators,Car Trade-In Calculator,car-trade-equity-calculator,https://www.mytulify.com/home-trade-calculators/car-trade-equity-calculator,Car Trade-In Calculator,medium,low
car trade equity calculator,tool_variant,home-trade-calculators,Home & Trade Calculators,Car Trade-In Calculator,car-trade-equity-calculator,https://www.mytulify.com/home-trade-calculators/car-trade-equity-calculator,Car Trade-In Calculator,medium,low
Home & Trade Calculators Car Trade-In Calculator,tool_variant,home-trade-calculators,Home & Trade Calculators,Car Trade-In Calculator,car-trade-equity-calculator,https://www.mytulify.com/home-trade-calculators/car-trade-equity-calculator,Car Trade-In Calculator,medium,low
Business Valuation Calculator,tool,home-trade-calculators,Home & Trade Calculators,Business Valuation Calculator,business-valuation-calculator,https://www.mytulify.com/home-trade-calculators/business-valuation-calculator,Business Valuation Calculator,medium,medium
free Business Valuation Calculator,tool_variant,home-trade-calculators,Home & Trade Calculators,Business Valuation Calculator,business-valuation-calculator,https://www.mytulify.com/home-trade-calculators/business-valuation-calculator,Business Valuation Calculator,medium,medium
free online Business Valuation Calculator,tool_variant,home-trade-calculators,Home & Trade Calculators,Business Valuation Calculator,business-valuation-calculator,https://www.mytulify.com/home-trade-calculators/business-valuation-calculator,Business Valuation Calculator,medium,medium
Business Valuation Calculator online,tool_variant,home-trade-calculators,Home & Trade Calculators,Business Valuation Calculator,business-valuation-calculator,https://www.mytulify.com/home-trade-calculators/business-valuation-calculator,Business Valuation Calculator,medium,medium
Home & Trade Calculators Business Valuation Calculator,tool_variant,home-trade-calculators,Home & Trade Calculators,Business Valuation Calculator,business-valuation-calculator,https://www.mytulify.com/home-trade-calculators/business-valuation-calculator,Business Valuation Calculator,medium,medium
Estimate a small-business value from seller earnings and revenue using multiples you choose,tool_variant,home-trade-calculators,Home & Trade Calculators,Business Valuation Calculator,business-valuation-calculator,https://www.mytulify.com/home-trade-calculators/business-valuation-calculator,Business Valuation Calculator,medium,medium
Aquarium Calculator,tool,home-trade-calculators,Home & Trade Calculators,Aquarium Calculator,aquarium-calculator,https://www.mytulify.com/home-trade-calculators/aquarium-calculator,Aquarium Calculator,high,low
free Aquarium Calculator,tool_variant,home-trade-calculators,Home & Trade Calculators,Aquarium Calculator,aquarium-calculator,https://www.mytulify.com/home-trade-calculators/aquarium-calculator,Aquarium Calculator,high,low
free online Aquarium Calculator,tool_variant,home-trade-calculators,Home & Trade Calculators,Aquarium Calculator,aquarium-calculator,https://www.mytulify.com/home-trade-calculators/aquarium-calculator,Aquarium Calculator,high,low
Aquarium Calculator online,tool_variant,home-trade-calculators,Home & Trade Calculators,Aquarium Calculator,aquarium-calculator,https://www.mytulify.com/home-trade-calculators/aquarium-calculator,Aquarium Calculator,high,low
Home & Trade Calculators Aquarium Calculator,tool_variant,home-trade-calculators,Home & Trade Calculators,Aquarium Calculator,aquarium-calculator,https://www.mytulify.com/home-trade-calculators/aquarium-calculator,Aquarium Calculator,high,low
"Convert tank dimensions to gallons and liters, plus heater watts, water-change volume, and salt dose",tool_variant,home-trade-calculators,Home & Trade Calculators,Aquarium Calculator,aquarium-calculator,https://www.mytulify.com/home-trade-calculators/aquarium-calculator,Aquarium Calculator,high,low
Coffee Ratio Calculator,tool,home-trade-calculators,Home & Trade Calculators,Coffee Ratio Calculator,coffee-ratio-calculator,https://www.mytulify.com/home-trade-calculators/coffee-ratio-calculator,Coffee Ratio Calculator,medium,low
free Coffee Ratio Calculator,tool_variant,home-trade-calculators,Home & Trade Calculators,Coffee Ratio Calculator,coffee-ratio-calculator,https://www.mytulify.com/home-trade-calculators/coffee-ratio-calculator,Coffee Ratio Calculator,medium,low
free online Coffee Ratio Calculator,tool_variant,home-trade-calculators,Home & Trade Calculators,Coffee Ratio Calculator,coffee-ratio-calculator,https://www.mytulify.com/home-trade-calculators/coffee-ratio-calculator,Coffee Ratio Calculator,medium,low
Coffee Ratio Calculator online,tool_variant,home-trade-calculators,Home & Trade Calculators,Coffee Ratio Calculator,coffee-ratio-calculator,https://www.mytulify.com/home-trade-calculators/coffee-ratio-calculator,Coffee Ratio Calculator,medium,low
Home & Trade Calculators Coffee Ratio Calculator,tool_variant,home-trade-calculators,Home & Trade Calculators,Coffee Ratio Calculator,coffee-ratio-calculator,https://www.mytulify.com/home-trade-calculators/coffee-ratio-calculator,Coffee Ratio Calculator,medium,low
"Calculate pour-over, French press, drip, cold brew, and espresso water from a coffee dose and brew ratio",tool_variant,home-trade-calculators,Home & Trade Calculators,Coffee Ratio Calculator,coffee-ratio-calculator,https://www.mytulify.com/home-trade-calculators/coffee-ratio-calculator,Coffee Ratio Calculator,medium,low
3D Print Cost Calculator,tool,home-trade-calculators,Home & Trade Calculators,3D Print Cost Calculator,3d-print-cost-calculator,https://www.mytulify.com/home-trade-calculators/3d-print-cost-calculator,3D Print Cost Calculator,medium,low
free 3D Print Cost Calculator,tool_variant,home-trade-calculators,Home & Trade Calculators,3D Print Cost Calculator,3d-print-cost-calculator,https://www.mytulify.com/home-trade-calculators/3d-print-cost-calculator,3D Print Cost Calculator,medium,low
free online 3D Print Cost Calculator,tool_variant,home-trade-calculators,Home & Trade Calculators,3D Print Cost Calculator,3d-print-cost-calculator,https://www.mytulify.com/home-trade-calculators/3d-print-cost-calculator,3D Print Cost Calculator,medium,low
3D Print Cost Calculator online,tool_variant,home-trade-calculators,Home & Trade Calculators,3D Print Cost Calculator,3d-print-cost-calculator,https://www.mytulify.com/home-trade-calculators/3d-print-cost-calculator,3D Print Cost Calculator,medium,low
Home & Trade Calculators 3D Print Cost Calculator,tool_variant,home-trade-calculators,Home & Trade Calculators,3D Print Cost Calculator,3d-print-cost-calculator,https://www.mytulify.com/home-trade-calculators/3d-print-cost-calculator,3D Print Cost Calculator,medium,low
"Estimate 3D print cost from filament grams, spool price, print hours, printer watts, and electricity rate",tool_variant,home-trade-calculators,Home & Trade Calculators,3D Print Cost Calculator,3d-print-cost-calculator,https://www.mytulify.com/home-trade-calculators/3d-print-cost-calculator,3D Print Cost Calculator,medium,low
Cat Age Calculator,tool,home-trade-calculators,Home & Trade Calculators,Cat Age Calculator,cat-age-calculator,https://www.mytulify.com/home-trade-calculators/cat-age-calculator,Cat Age Calculator,high,medium
free Cat Age Calculator,tool_variant,home-trade-calculators,Home & Trade Calculators,Cat Age Calculator,cat-age-calculator,https://www.mytulify.com/home-trade-calculators/cat-age-calculator,Cat Age Calculator,high,medium
free online Cat Age Calculator,tool_variant,home-trade-calculators,Home & Trade Calculators,Cat Age Calculator,cat-age-calculator,https://www.mytulify.com/home-trade-calculators/cat-age-calculator,Cat Age Calculator,high,medium
Cat Age Calculator online,tool_variant,home-trade-calculators,Home & Trade Calculators,Cat Age Calculator,cat-age-calculator,https://www.mytulify.com/home-trade-calculators/cat-age-calculator,Cat Age Calculator,high,medium
Home & Trade Calculators Cat Age Calculator,tool_variant,home-trade-calculators,Home & Trade Calculators,Cat Age Calculator,cat-age-calculator,https://www.mytulify.com/home-trade-calculators/cat-age-calculator,Cat Age Calculator,high,medium
Convert cat years and months into an approximate human-equivalent age,tool_variant,home-trade-calculators,Home & Trade Calculators,Cat Age Calculator,cat-age-calculator,https://www.mytulify.com/home-trade-calculators/cat-age-calculator,Cat Age Calculator,high,medium
Plant Spacing Calculator,tool,home-trade-calculators,Home & Trade Calculators,Plant Spacing Calculator,plant-spacing-calculator,https://www.mytulify.com/home-trade-calculators/plant-spacing-calculator,Plant Spacing Calculator,medium,low
free Plant Spacing Calculator,tool_variant,home-trade-calculators,Home & Trade Calculators,Plant Spacing Calculator,plant-spacing-calculator,https://www.mytulify.com/home-trade-calculators/plant-spacing-calculator,Plant Spacing Calculator,medium,low
free online Plant Spacing Calculator,tool_variant,home-trade-calculators,Home & Trade Calculators,Plant Spacing Calculator,plant-spacing-calculator,https://www.mytulify.com/home-trade-calculators/plant-spacing-calculator,Plant Spacing Calculator,medium,low
Plant Spacing Calculator online,tool_variant,home-trade-calculators,Home & Trade Calculators,Plant Spacing Calculator,plant-spacing-calculator,https://www.mytulify.com/home-trade-calculators/plant-spacing-calculator,Plant Spacing Calculator,medium,low
Home & Trade Calculators Plant Spacing Calculator,tool_variant,home-trade-calculators,Home & Trade Calculators,Plant Spacing Calculator,plant-spacing-calculator,https://www.mytulify.com/home-trade-calculators/plant-spacing-calculator,Plant Spacing Calculator,medium,low
Count how many plants fit in a garden bed with square or triangular spacing,tool_variant,home-trade-calculators,Home & Trade Calculators,Plant Spacing Calculator,plant-spacing-calculator,https://www.mytulify.com/home-trade-calculators/plant-spacing-calculator,Plant Spacing Calculator,medium,low
Compost Calculator,tool,home-trade-calculators,Home & Trade Calculators,Compost Calculator,compost-calculator,https://www.mytulify.com/home-trade-calculators/compost-calculator,Compost Calculator,medium,low
free Compost Calculator,tool_variant,home-trade-calculators,Home & Trade Calculators,Compost Calculator,compost-calculator,https://www.mytulify.com/home-trade-calculators/compost-calculator,Compost Calculator,medium,low
free online Compost Calculator,tool_variant,home-trade-calculators,Home & Trade Calculators,Compost Calculator,compost-calculator,https://www.mytulify.com/home-trade-calculators/compost-calculator,Compost Calculator,medium,low
Compost Calculator online,tool_variant,home-trade-calculators,Home & Trade Calculators,Compost Calculator,compost-calculator,https://www.mytulify.com/home-trade-calculators/compost-calculator,Compost Calculator,medium,low
Home & Trade Calculators Compost Calculator,tool_variant,home-trade-calculators,Home & Trade Calculators,Compost Calculator,compost-calculator,https://www.mytulify.com/home-trade-calculators/compost-calculator,Compost Calculator,medium,low
Balance browns and greens by volume and see how much to add for a target compost ratio,tool_variant,home-trade-calculators,Home & Trade Calculators,Compost Calculator,compost-calculator,https://www.mytulify.com/home-trade-calculators/compost-calculator,Compost Calculator,medium,low
Hull Speed Calculator,tool,home-trade-calculators,Home & Trade Calculators,Hull Speed Calculator,hull-speed-calculator,https://www.mytulify.com/home-trade-calculators/hull-speed-calculator,Hull Speed Calculator,medium,low
free Hull Speed Calculator,tool_variant,home-trade-calculators,Home & Trade Calculators,Hull Speed Calculator,hull-speed-calculator,https://www.mytulify.com/home-trade-calculators/hull-speed-calculator,Hull Speed Calculator,medium,low
free online Hull Speed Calculator,tool_variant,home-trade-calculators,Home & Trade Calculators,Hull Speed Calculator,hull-speed-calculator,https://www.mytulify.com/home-trade-calculators/hull-speed-calculator,Hull Speed Calculator,medium,low
Hull Speed Calculator online,tool_variant,home-trade-calculators,Home & Trade Calculators,Hull Speed Calculator,hull-speed-calculator,https://www.mytulify.com/home-trade-calculators/hull-speed-calculator,Hull Speed Calculator,medium,low
Home & Trade Calculators Hull Speed Calculator,tool_variant,home-trade-calculators,Home & Trade Calculators,Hull Speed Calculator,hull-speed-calculator,https://www.mytulify.com/home-trade-calculators/hull-speed-calculator,Hull Speed Calculator,medium,low
"Calculate displacement hull speed in knots, mph, and km/h from waterline length",tool_variant,home-trade-calculators,Home & Trade Calculators,Hull Speed Calculator,hull-speed-calculator,https://www.mytulify.com/home-trade-calculators/hull-speed-calculator,Hull Speed Calculator,medium,low
Fuel Mix Calculator,tool,home-trade-calculators,Home & Trade Calculators,Fuel Mix Calculator,fuel-mix-calculator,https://www.mytulify.com/home-trade-calculators/fuel-mix-calculator,Fuel Mix Calculator,high,low
free Fuel Mix Calculator,tool_variant,home-trade-calculators,Home & Trade Calculators,Fuel Mix Calculator,fuel-mix-calculator,https://www.mytulify.com/home-trade-calculators/fuel-mix-calculator,Fuel Mix Calculator,high,low
free online Fuel Mix Calculator,tool_variant,home-trade-calculators,Home & Trade Calculators,Fuel Mix Calculator,fuel-mix-calculator,https://www.mytulify.com/home-trade-calculators/fuel-mix-calculator,Fuel Mix Calculator,high,low
Fuel Mix Calculator online,tool_variant,home-trade-calculators,Home & Trade Calculators,Fuel Mix Calculator,fuel-mix-calculator,https://www.mytulify.com/home-trade-calculators/fuel-mix-calculator,Fuel Mix Calculator,high,low
Home & Trade Calculators Fuel Mix Calculator,tool_variant,home-trade-calculators,Home & Trade Calculators,Fuel Mix Calculator,fuel-mix-calculator,https://www.mytulify.com/home-trade-calculators/fuel-mix-calculator,Fuel Mix Calculator,high,low
"Calculate 2-stroke oil for a 50:1, 40:1, 32:1, or 25:1 gas mix in ounces and milliliters",tool_variant,home-trade-calculators,Home & Trade Calculators,Fuel Mix Calculator,fuel-mix-calculator,https://www.mytulify.com/home-trade-calculators/fuel-mix-calculator,Fuel Mix Calculator,high,low
Molarity Calculator,tool,home-trade-calculators,Home & Trade Calculators,Molarity Calculator,molarity-calculator,https://www.mytulify.com/home-trade-calculators/molarity-calculator,Molarity Calculator,high,medium
free Molarity Calculator,tool_variant,home-trade-calculators,Home & Trade Calculators,Molarity Calculator,molarity-calculator,https://www.mytulify.com/home-trade-calculators/molarity-calculator,Molarity Calculator,high,medium
free online Molarity Calculator,tool_variant,home-trade-calculators,Home & Trade Calculators,Molarity Calculator,molarity-calculator,https://www.mytulify.com/home-trade-calculators/molarity-calculator,Molarity Calculator,high,medium
Molarity Calculator online,tool_variant,home-trade-calculators,Home & Trade Calculators,Molarity Calculator,molarity-calculator,https://www.mytulify.com/home-trade-calculators/molarity-calculator,Molarity Calculator,high,medium
Home & Trade Calculators Molarity Calculator,tool_variant,home-trade-calculators,Home & Trade Calculators,Molarity Calculator,molarity-calculator,https://www.mytulify.com/home-trade-calculators/molarity-calculator,Molarity Calculator,high,medium
"Calculate solution molarity from grams and molar mass, or the grams to weigh for a target molarity",tool_variant,home-trade-calculators,Home & Trade Calculators,Molarity Calculator,molarity-calculator,https://www.mytulify.com/home-trade-calculators/molarity-calculator,Molarity Calculator,high,medium
Hexagon Quilt Calculator,tool,home-trade-calculators,Home & Trade Calculators,Hexagon Quilt Calculator,hexagon-quilt-calculator,https://www.mytulify.com/home-trade-calculators/hexagon-quilt-calculator,Hexagon Quilt Calculator,low,low
free Hexagon Quilt Calculator,tool_variant,home-trade-calculators,Home & Trade Calculators,Hexagon Quilt Calculator,hexagon-quilt-calculator,https://www.mytulify.com/home-trade-calculators/hexagon-quilt-calculator,Hexagon Quilt Calculator,low,low
free online Hexagon Quilt Calculator,tool_variant,home-trade-calculators,Home & Trade Calculators,Hexagon Quilt Calculator,hexagon-quilt-calculator,https://www.mytulify.com/home-trade-calculators/hexagon-quilt-calculator,Hexagon Quilt Calculator,low,low
Hexagon Quilt Calculator online,tool_variant,home-trade-calculators,Home & Trade Calculators,Hexagon Quilt Calculator,hexagon-quilt-calculator,https://www.mytulify.com/home-trade-calculators/hexagon-quilt-calculator,Hexagon Quilt Calculator,low,low
Home & Trade Calculators Hexagon Quilt Calculator,tool_variant,home-trade-calculators,Home & Trade Calculators,Hexagon Quilt Calculator,hexagon-quilt-calculator,https://www.mytulify.com/home-trade-calculators/hexagon-quilt-calculator,Hexagon Quilt Calculator,low,low
"Estimate fabric area for hexagon quilt pieces from side length, seam allowance, and how many hexes you need",tool_variant,home-trade-calculators,Home & Trade Calculators,Hexagon Quilt Calculator,hexagon-quilt-calculator,https://www.mytulify.com/home-trade-calculators/hexagon-quilt-calculator,Hexagon Quilt Calculator,low,low
Resize Image,tool,image-tools,Image Tools,Resize Image,resize-image,https://www.mytulify.com/image-tools/resize-image,Resize Image,high,medium
free Resize Image,tool_variant,image-tools,Image Tools,Resize Image,resize-image,https://www.mytulify.com/image-tools/resize-image,Resize Image,high,medium
free online Resize Image,tool_variant,image-tools,Image Tools,Resize Image,resize-image,https://www.mytulify.com/image-tools/resize-image,Resize Image,high,medium
Resize Image online,tool_variant,image-tools,Image Tools,Resize Image,resize-image,https://www.mytulify.com/image-tools/resize-image,Resize Image,high,medium
Image Tools Resize Image,tool_variant,image-tools,Image Tools,Resize Image,resize-image,https://www.mytulify.com/image-tools/resize-image,Resize Image,high,medium
Change image dimensions by pixels or percentage,tool_variant,image-tools,Image Tools,Resize Image,resize-image,https://www.mytulify.com/image-tools/resize-image,Resize Image,high,medium
Compress Image,tool,image-tools,Image Tools,Compress Image,compress-image,https://www.mytulify.com/image-tools/compress-image,Compress Image,high,medium
free Compress Image,tool_variant,image-tools,Image Tools,Compress Image,compress-image,https://www.mytulify.com/image-tools/compress-image,Compress Image,high,medium
free online Compress Image,tool_variant,image-tools,Image Tools,Compress Image,compress-image,https://www.mytulify.com/image-tools/compress-image,Compress Image,high,medium
Compress Image online,tool_variant,image-tools,Image Tools,Compress Image,compress-image,https://www.mytulify.com/image-tools/compress-image,Compress Image,high,medium
Image Tools Compress Image,tool_variant,image-tools,Image Tools,Compress Image,compress-image,https://www.mytulify.com/image-tools/compress-image,Compress Image,high,medium
Shrink JPG/PNG/WebP file size with quality control,tool_variant,image-tools,Image Tools,Compress Image,compress-image,https://www.mytulify.com/image-tools/compress-image,Compress Image,high,medium
Crop Image,tool,image-tools,Image Tools,Crop Image,crop-image,https://www.mytulify.com/image-tools/crop-image,Crop Image,high,medium
free Crop Image,tool_variant,image-tools,Image Tools,Crop Image,crop-image,https://www.mytulify.com/image-tools/crop-image,Crop Image,high,medium
free online Crop Image,tool_variant,image-tools,Image Tools,Crop Image,crop-image,https://www.mytulify.com/image-tools/crop-image,Crop Image,high,medium
Crop Image online,tool_variant,image-tools,Image Tools,Crop Image,crop-image,https://www.mytulify.com/image-tools/crop-image,Crop Image,high,medium
Image Tools Crop Image,tool_variant,image-tools,Image Tools,Crop Image,crop-image,https://www.mytulify.com/image-tools/crop-image,Crop Image,high,medium
Crop images freely or to fixed aspect ratios,tool_variant,image-tools,Image Tools,Crop Image,crop-image,https://www.mytulify.com/image-tools/crop-image,Crop Image,high,medium
Rotate Image,tool,image-tools,Image Tools,Rotate Image,rotate-image,https://www.mytulify.com/image-tools/rotate-image,Rotate Image,medium,low
free Rotate Image,tool_variant,image-tools,Image Tools,Rotate Image,rotate-image,https://www.mytulify.com/image-tools/rotate-image,Rotate Image,medium,low
free online Rotate Image,tool_variant,image-tools,Image Tools,Rotate Image,rotate-image,https://www.mytulify.com/image-tools/rotate-image,Rotate Image,medium,low
Rotate Image online,tool_variant,image-tools,Image Tools,Rotate Image,rotate-image,https://www.mytulify.com/image-tools/rotate-image,Rotate Image,medium,low
Image Tools Rotate Image,tool_variant,image-tools,Image Tools,Rotate Image,rotate-image,https://www.mytulify.com/image-tools/rotate-image,Rotate Image,medium,low
Rotate an image by 90 degrees or any angle,tool_variant,image-tools,Image Tools,Rotate Image,rotate-image,https://www.mytulify.com/image-tools/rotate-image,Rotate Image,medium,low
Flip Image,tool,image-tools,Image Tools,Flip Image,flip-image,https://www.mytulify.com/image-tools/flip-image,Flip Image,medium,low
free Flip Image,tool_variant,image-tools,Image Tools,Flip Image,flip-image,https://www.mytulify.com/image-tools/flip-image,Flip Image,medium,low
free online Flip Image,tool_variant,image-tools,Image Tools,Flip Image,flip-image,https://www.mytulify.com/image-tools/flip-image,Flip Image,medium,low
Flip Image online,tool_variant,image-tools,Image Tools,Flip Image,flip-image,https://www.mytulify.com/image-tools/flip-image,Flip Image,medium,low
Image Tools Flip Image,tool_variant,image-tools,Image Tools,Flip Image,flip-image,https://www.mytulify.com/image-tools/flip-image,Flip Image,medium,low
Mirror an image horizontally or vertically,tool_variant,image-tools,Image Tools,Flip Image,flip-image,https://www.mytulify.com/image-tools/flip-image,Flip Image,medium,low
WebP to PNG,tool,image-tools,Image Tools,WebP to PNG,webp-to-png,https://www.mytulify.com/image-tools/webp-to-png,WebP to PNG,high,low
free WebP to PNG,tool_variant,image-tools,Image Tools,WebP to PNG,webp-to-png,https://www.mytulify.com/image-tools/webp-to-png,WebP to PNG,high,low
free online WebP to PNG,tool_variant,image-tools,Image Tools,WebP to PNG,webp-to-png,https://www.mytulify.com/image-tools/webp-to-png,WebP to PNG,high,low
WebP to PNG online,tool_variant,image-tools,Image Tools,WebP to PNG,webp-to-png,https://www.mytulify.com/image-tools/webp-to-png,WebP to PNG,high,low
Image Tools WebP to PNG,tool_variant,image-tools,Image Tools,WebP to PNG,webp-to-png,https://www.mytulify.com/image-tools/webp-to-png,WebP to PNG,high,low
Convert WebP images to lossless PNG format,tool_variant,image-tools,Image Tools,WebP to PNG,webp-to-png,https://www.mytulify.com/image-tools/webp-to-png,WebP to PNG,high,low
WebP to JPG,tool,image-tools,Image Tools,WebP to JPG,webp-to-jpg,https://www.mytulify.com/image-tools/webp-to-jpg,WebP to JPG,high,low
free WebP to JPG,tool_variant,image-tools,Image Tools,WebP to JPG,webp-to-jpg,https://www.mytulify.com/image-tools/webp-to-jpg,WebP to JPG,high,low
free online WebP to JPG,tool_variant,image-tools,Image Tools,WebP to JPG,webp-to-jpg,https://www.mytulify.com/image-tools/webp-to-jpg,WebP to JPG,high,low
WebP to JPG online,tool_variant,image-tools,Image Tools,WebP to JPG,webp-to-jpg,https://www.mytulify.com/image-tools/webp-to-jpg,WebP to JPG,high,low
Image Tools WebP to JPG,tool_variant,image-tools,Image Tools,WebP to JPG,webp-to-jpg,https://www.mytulify.com/image-tools/webp-to-jpg,WebP to JPG,high,low
Convert WebP images to widely supported JPG,tool_variant,image-tools,Image Tools,WebP to JPG,webp-to-jpg,https://www.mytulify.com/image-tools/webp-to-jpg,WebP to JPG,high,low
PNG to JPG,tool,image-tools,Image Tools,PNG to JPG,png-to-jpg,https://www.mytulify.com/image-tools/png-to-jpg,PNG to JPG,high,medium
free PNG to JPG,tool_variant,image-tools,Image Tools,PNG to JPG,png-to-jpg,https://www.mytulify.com/image-tools/png-to-jpg,PNG to JPG,high,medium
free online PNG to JPG,tool_variant,image-tools,Image Tools,PNG to JPG,png-to-jpg,https://www.mytulify.com/image-tools/png-to-jpg,PNG to JPG,high,medium
PNG to JPG online,tool_variant,image-tools,Image Tools,PNG to JPG,png-to-jpg,https://www.mytulify.com/image-tools/png-to-jpg,PNG to JPG,high,medium
Image Tools PNG to JPG,tool_variant,image-tools,Image Tools,PNG to JPG,png-to-jpg,https://www.mytulify.com/image-tools/png-to-jpg,PNG to JPG,high,medium
Convert PNG images to compressed JPG files,tool_variant,image-tools,Image Tools,PNG to JPG,png-to-jpg,https://www.mytulify.com/image-tools/png-to-jpg,PNG to JPG,high,medium
JPG to PNG,tool,image-tools,Image Tools,JPG to PNG,jpg-to-png,https://www.mytulify.com/image-tools/jpg-to-png,JPG to PNG,high,low
free JPG to PNG,tool_variant,image-tools,Image Tools,JPG to PNG,jpg-to-png,https://www.mytulify.com/image-tools/jpg-to-png,JPG to PNG,high,low
free online JPG to PNG,tool_variant,image-tools,Image Tools,JPG to PNG,jpg-to-png,https://www.mytulify.com/image-tools/jpg-to-png,JPG to PNG,high,low
JPG to PNG online,tool_variant,image-tools,Image Tools,JPG to PNG,jpg-to-png,https://www.mytulify.com/image-tools/jpg-to-png,JPG to PNG,high,low
Image Tools JPG to PNG,tool_variant,image-tools,Image Tools,JPG to PNG,jpg-to-png,https://www.mytulify.com/image-tools/jpg-to-png,JPG to PNG,high,low
Convert JPG images to lossless PNG format,tool_variant,image-tools,Image Tools,JPG to PNG,jpg-to-png,https://www.mytulify.com/image-tools/jpg-to-png,JPG to PNG,high,low
PNG to WebP,tool,image-tools,Image Tools,PNG to WebP,png-to-webp,https://www.mytulify.com/image-tools/png-to-webp,PNG to WebP,medium,low
free PNG to WebP,tool_variant,image-tools,Image Tools,PNG to WebP,png-to-webp,https://www.mytulify.com/image-tools/png-to-webp,PNG to WebP,medium,low
free online PNG to WebP,tool_variant,image-tools,Image Tools,PNG to WebP,png-to-webp,https://www.mytulify.com/image-tools/png-to-webp,PNG to WebP,medium,low
PNG to WebP online,tool_variant,image-tools,Image Tools,PNG to WebP,png-to-webp,https://www.mytulify.com/image-tools/png-to-webp,PNG to WebP,medium,low
Image Tools PNG to WebP,tool_variant,image-tools,Image Tools,PNG to WebP,png-to-webp,https://www.mytulify.com/image-tools/png-to-webp,PNG to WebP,medium,low
Convert PNG images to smaller WebP files,tool_variant,image-tools,Image Tools,PNG to WebP,png-to-webp,https://www.mytulify.com/image-tools/png-to-webp,PNG to WebP,medium,low
JPG to WebP,tool,image-tools,Image Tools,JPG to WebP,jpg-to-webp,https://www.mytulify.com/image-tools/jpg-to-webp,JPG to WebP,medium,low
free JPG to WebP,tool_variant,image-tools,Image Tools,JPG to WebP,jpg-to-webp,https://www.mytulify.com/image-tools/jpg-to-webp,JPG to WebP,medium,low
free online JPG to WebP,tool_variant,image-tools,Image Tools,JPG to WebP,jpg-to-webp,https://www.mytulify.com/image-tools/jpg-to-webp,JPG to WebP,medium,low
JPG to WebP online,tool_variant,image-tools,Image Tools,JPG to WebP,jpg-to-webp,https://www.mytulify.com/image-tools/jpg-to-webp,JPG to WebP,medium,low
Image Tools JPG to WebP,tool_variant,image-tools,Image Tools,JPG to WebP,jpg-to-webp,https://www.mytulify.com/image-tools/jpg-to-webp,JPG to WebP,medium,low
Convert JPG images to modern WebP format,tool_variant,image-tools,Image Tools,JPG to WebP,jpg-to-webp,https://www.mytulify.com/image-tools/jpg-to-webp,JPG to WebP,medium,low
HEIC to JPG,tool,image-tools,Image Tools,HEIC to JPG,heic-to-jpg,https://www.mytulify.com/image-tools/heic-to-jpg,HEIC to JPG,high,low
free HEIC to JPG,tool_variant,image-tools,Image Tools,HEIC to JPG,heic-to-jpg,https://www.mytulify.com/image-tools/heic-to-jpg,HEIC to JPG,high,low
free online HEIC to JPG,tool_variant,image-tools,Image Tools,HEIC to JPG,heic-to-jpg,https://www.mytulify.com/image-tools/heic-to-jpg,HEIC to JPG,high,low
HEIC to JPG online,tool_variant,image-tools,Image Tools,HEIC to JPG,heic-to-jpg,https://www.mytulify.com/image-tools/heic-to-jpg,HEIC to JPG,high,low
Image Tools HEIC to JPG,tool_variant,image-tools,Image Tools,HEIC to JPG,heic-to-jpg,https://www.mytulify.com/image-tools/heic-to-jpg,HEIC to JPG,high,low
Convert iPhone HEIC photos to JPG images,tool_variant,image-tools,Image Tools,HEIC to JPG,heic-to-jpg,https://www.mytulify.com/image-tools/heic-to-jpg,HEIC to JPG,high,low
SVG to PNG,tool,image-tools,Image Tools,SVG to PNG,svg-to-png,https://www.mytulify.com/image-tools/svg-to-png,SVG to PNG,medium,low
free SVG to PNG,tool_variant,image-tools,Image Tools,SVG to PNG,svg-to-png,https://www.mytulify.com/image-tools/svg-to-png,SVG to PNG,medium,low
free online SVG to PNG,tool_variant,image-tools,Image Tools,SVG to PNG,svg-to-png,https://www.mytulify.com/image-tools/svg-to-png,SVG to PNG,medium,low
SVG to PNG online,tool_variant,image-tools,Image Tools,SVG to PNG,svg-to-png,https://www.mytulify.com/image-tools/svg-to-png,SVG to PNG,medium,low
Image Tools SVG to PNG,tool_variant,image-tools,Image Tools,SVG to PNG,svg-to-png,https://www.mytulify.com/image-tools/svg-to-png,SVG to PNG,medium,low
Rasterize SVG vector files to PNG at any size,tool_variant,image-tools,Image Tools,SVG to PNG,svg-to-png,https://www.mytulify.com/image-tools/svg-to-png,SVG to PNG,medium,low
PNG to SVG,tool,image-tools,Image Tools,PNG to SVG,png-to-svg,https://www.mytulify.com/image-tools/png-to-svg,PNG to SVG,medium,low
free PNG to SVG,tool_variant,image-tools,Image Tools,PNG to SVG,png-to-svg,https://www.mytulify.com/image-tools/png-to-svg,PNG to SVG,medium,low
free online PNG to SVG,tool_variant,image-tools,Image Tools,PNG to SVG,png-to-svg,https://www.mytulify.com/image-tools/png-to-svg,PNG to SVG,medium,low
PNG to SVG online,tool_variant,image-tools,Image Tools,PNG to SVG,png-to-svg,https://www.mytulify.com/image-tools/png-to-svg,PNG to SVG,medium,low
Image Tools PNG to SVG,tool_variant,image-tools,Image Tools,PNG to SVG,png-to-svg,https://www.mytulify.com/image-tools/png-to-svg,PNG to SVG,medium,low
Trace a raster PNG into a scalable SVG vector,tool_variant,image-tools,Image Tools,PNG to SVG,png-to-svg,https://www.mytulify.com/image-tools/png-to-svg,PNG to SVG,medium,low
Image to Base64,tool,image-tools,Image Tools,Image to Base64,image-to-base64,https://www.mytulify.com/image-tools/image-to-base64,Image to Base64,medium,low
free Image to Base64,tool_variant,image-tools,Image Tools,Image to Base64,image-to-base64,https://www.mytulify.com/image-tools/image-to-base64,Image to Base64,medium,low
free online Image to Base64,tool_variant,image-tools,Image Tools,Image to Base64,image-to-base64,https://www.mytulify.com/image-tools/image-to-base64,Image to Base64,medium,low
Image to Base64 online,tool_variant,image-tools,Image Tools,Image to Base64,image-to-base64,https://www.mytulify.com/image-tools/image-to-base64,Image to Base64,medium,low
Image Tools Image to Base64,tool_variant,image-tools,Image Tools,Image to Base64,image-to-base64,https://www.mytulify.com/image-tools/image-to-base64,Image to Base64,medium,low
Encode an image into a Base64 data URI string,tool_variant,image-tools,Image Tools,Image to Base64,image-to-base64,https://www.mytulify.com/image-tools/image-to-base64,Image to Base64,medium,low
Base64 to Image,tool,image-tools,Image Tools,Base64 to Image,base64-to-image,https://www.mytulify.com/image-tools/base64-to-image,Base64 to Image,medium,low
free Base64 to Image,tool_variant,image-tools,Image Tools,Base64 to Image,base64-to-image,https://www.mytulify.com/image-tools/base64-to-image,Base64 to Image,medium,low
free online Base64 to Image,tool_variant,image-tools,Image Tools,Base64 to Image,base64-to-image,https://www.mytulify.com/image-tools/base64-to-image,Base64 to Image,medium,low
Base64 to Image online,tool_variant,image-tools,Image Tools,Base64 to Image,base64-to-image,https://www.mytulify.com/image-tools/base64-to-image,Base64 to Image,medium,low
Image Tools Base64 to Image,tool_variant,image-tools,Image Tools,Base64 to Image,base64-to-image,https://www.mytulify.com/image-tools/base64-to-image,Base64 to Image,medium,low
Decode a Base64 string back into a downloadable image,tool_variant,image-tools,Image Tools,Base64 to Image,base64-to-image,https://www.mytulify.com/image-tools/base64-to-image,Base64 to Image,medium,low
Favicon Generator,tool,image-tools,Image Tools,Favicon Generator,favicon-generator,https://www.mytulify.com/image-tools/favicon-generator,Favicon Generator,high,low
free Favicon Generator,tool_variant,image-tools,Image Tools,Favicon Generator,favicon-generator,https://www.mytulify.com/image-tools/favicon-generator,Favicon Generator,high,low
free online Favicon Generator,tool_variant,image-tools,Image Tools,Favicon Generator,favicon-generator,https://www.mytulify.com/image-tools/favicon-generator,Favicon Generator,high,low
Favicon Generator online,tool_variant,image-tools,Image Tools,Favicon Generator,favicon-generator,https://www.mytulify.com/image-tools/favicon-generator,Favicon Generator,high,low
Image Tools Favicon Generator,tool_variant,image-tools,Image Tools,Favicon Generator,favicon-generator,https://www.mytulify.com/image-tools/favicon-generator,Favicon Generator,high,low
Create multi-size favicons and ICO files from an image,tool_variant,image-tools,Image Tools,Favicon Generator,favicon-generator,https://www.mytulify.com/image-tools/favicon-generator,Favicon Generator,high,low
Image to ICO,tool,image-tools,Image Tools,Image to ICO,image-to-ico,https://www.mytulify.com/image-tools/image-to-ico,Image to ICO,medium,low
free Image to ICO,tool_variant,image-tools,Image Tools,Image to ICO,image-to-ico,https://www.mytulify.com/image-tools/image-to-ico,Image to ICO,medium,low
free online Image to ICO,tool_variant,image-tools,Image Tools,Image to ICO,image-to-ico,https://www.mytulify.com/image-tools/image-to-ico,Image to ICO,medium,low
Image to ICO online,tool_variant,image-tools,Image Tools,Image to ICO,image-to-ico,https://www.mytulify.com/image-tools/image-to-ico,Image to ICO,medium,low
Image Tools Image to ICO,tool_variant,image-tools,Image Tools,Image to ICO,image-to-ico,https://www.mytulify.com/image-tools/image-to-ico,Image to ICO,medium,low
Convert PNG/JPG images into Windows ICO icons,tool_variant,image-tools,Image Tools,Image to ICO,image-to-ico,https://www.mytulify.com/image-tools/image-to-ico,Image to ICO,medium,low
Meme Generator,tool,image-tools,Image Tools,Meme Generator,meme-generator,https://www.mytulify.com/image-tools/meme-generator,Meme Generator,high,medium
free Meme Generator,tool_variant,image-tools,Image Tools,Meme Generator,meme-generator,https://www.mytulify.com/image-tools/meme-generator,Meme Generator,high,medium
free online Meme Generator,tool_variant,image-tools,Image Tools,Meme Generator,meme-generator,https://www.mytulify.com/image-tools/meme-generator,Meme Generator,high,medium
Meme Generator online,tool_variant,image-tools,Image Tools,Meme Generator,meme-generator,https://www.mytulify.com/image-tools/meme-generator,Meme Generator,high,medium
Image Tools Meme Generator,tool_variant,image-tools,Image Tools,Meme Generator,meme-generator,https://www.mytulify.com/image-tools/meme-generator,Meme Generator,high,medium
Add top and bottom text captions to an image,tool_variant,image-tools,Image Tools,Meme Generator,meme-generator,https://www.mytulify.com/image-tools/meme-generator,Meme Generator,high,medium
Add Watermark to Image,tool,image-tools,Image Tools,Add Watermark to Image,add-watermark-to-image,https://www.mytulify.com/image-tools/add-watermark-to-image,Add Watermark to Image,medium,low
free Add Watermark to Image,tool_variant,image-tools,Image Tools,Add Watermark to Image,add-watermark-to-image,https://www.mytulify.com/image-tools/add-watermark-to-image,Add Watermark to Image,medium,low
free online Add Watermark to Image,tool_variant,image-tools,Image Tools,Add Watermark to Image,add-watermark-to-image,https://www.mytulify.com/image-tools/add-watermark-to-image,Add Watermark to Image,medium,low
Add Watermark to Image online,tool_variant,image-tools,Image Tools,Add Watermark to Image,add-watermark-to-image,https://www.mytulify.com/image-tools/add-watermark-to-image,Add Watermark to Image,medium,low
Image Tools Add Watermark to Image,tool_variant,image-tools,Image Tools,Add Watermark to Image,add-watermark-to-image,https://www.mytulify.com/image-tools/add-watermark-to-image,Add Watermark to Image,medium,low
Overlay text or logo watermarks onto images,tool_variant,image-tools,Image Tools,Add Watermark to Image,add-watermark-to-image,https://www.mytulify.com/image-tools/add-watermark-to-image,Add Watermark to Image,medium,low
Image Color Picker,tool,image-tools,Image Tools,Image Color Picker,image-color-picker,https://www.mytulify.com/image-tools/image-color-picker,Image Color Picker,medium,low
free Image Color Picker,tool_variant,image-tools,Image Tools,Image Color Picker,image-color-picker,https://www.mytulify.com/image-tools/image-color-picker,Image Color Picker,medium,low
free online Image Color Picker,tool_variant,image-tools,Image Tools,Image Color Picker,image-color-picker,https://www.mytulify.com/image-tools/image-color-picker,Image Color Picker,medium,low
Image Color Picker online,tool_variant,image-tools,Image Tools,Image Color Picker,image-color-picker,https://www.mytulify.com/image-tools/image-color-picker,Image Color Picker,medium,low
Image Tools Image Color Picker,tool_variant,image-tools,Image Tools,Image Color Picker,image-color-picker,https://www.mytulify.com/image-tools/image-color-picker,Image Color Picker,medium,low
Pick HEX/RGB colors from any pixel of an image,tool_variant,image-tools,Image Tools,Image Color Picker,image-color-picker,https://www.mytulify.com/image-tools/image-color-picker,Image Color Picker,medium,low
Color Extractor from Image,tool,image-tools,Image Tools,Color Extractor from Image,color-extractor-from-image,https://www.mytulify.com/image-tools/color-extractor-from-image,Color Extractor from Image,medium,low
free Color Extractor from Image,tool_variant,image-tools,Image Tools,Color Extractor from Image,color-extractor-from-image,https://www.mytulify.com/image-tools/color-extractor-from-image,Color Extractor from Image,medium,low
free online Color Extractor from Image,tool_variant,image-tools,Image Tools,Color Extractor from Image,color-extractor-from-image,https://www.mytulify.com/image-tools/color-extractor-from-image,Color Extractor from Image,medium,low
Color Extractor from Image online,tool_variant,image-tools,Image Tools,Color Extractor from Image,color-extractor-from-image,https://www.mytulify.com/image-tools/color-extractor-from-image,Color Extractor from Image,medium,low
Image Tools Color Extractor from Image,tool_variant,image-tools,Image Tools,Color Extractor from Image,color-extractor-from-image,https://www.mytulify.com/image-tools/color-extractor-from-image,Color Extractor from Image,medium,low
Extract a dominant color palette from a photo,tool_variant,image-tools,Image Tools,Color Extractor from Image,color-extractor-from-image,https://www.mytulify.com/image-tools/color-extractor-from-image,Color Extractor from Image,medium,low
Collage Maker,tool,image-tools,Image Tools,Collage Maker,collage-maker,https://www.mytulify.com/image-tools/collage-maker,Collage Maker,high,medium
free Collage Maker,tool_variant,image-tools,Image Tools,Collage Maker,collage-maker,https://www.mytulify.com/image-tools/collage-maker,Collage Maker,high,medium
free online Collage Maker,tool_variant,image-tools,Image Tools,Collage Maker,collage-maker,https://www.mytulify.com/image-tools/collage-maker,Collage Maker,high,medium
Collage Maker online,tool_variant,image-tools,Image Tools,Collage Maker,collage-maker,https://www.mytulify.com/image-tools/collage-maker,Collage Maker,high,medium
Image Tools Collage Maker,tool_variant,image-tools,Image Tools,Collage Maker,collage-maker,https://www.mytulify.com/image-tools/collage-maker,Collage Maker,high,medium
Combine multiple photos into a grid collage,tool_variant,image-tools,Image Tools,Collage Maker,collage-maker,https://www.mytulify.com/image-tools/collage-maker,Collage Maker,high,medium
Combine Images,tool,image-tools,Image Tools,Combine Images,combine-images,https://www.mytulify.com/image-tools/combine-images,Combine Images,medium,low
free Combine Images,tool_variant,image-tools,Image Tools,Combine Images,combine-images,https://www.mytulify.com/image-tools/combine-images,Combine Images,medium,low
free online Combine Images,tool_variant,image-tools,Image Tools,Combine Images,combine-images,https://www.mytulify.com/image-tools/combine-images,Combine Images,medium,low
Combine Images online,tool_variant,image-tools,Image Tools,Combine Images,combine-images,https://www.mytulify.com/image-tools/combine-images,Combine Images,medium,low
Image Tools Combine Images,tool_variant,image-tools,Image Tools,Combine Images,combine-images,https://www.mytulify.com/image-tools/combine-images,Combine Images,medium,low
Stitch images together horizontally or vertically,tool_variant,image-tools,Image Tools,Combine Images,combine-images,https://www.mytulify.com/image-tools/combine-images,Combine Images,medium,low
Passport Photo Maker,tool,image-tools,Image Tools,Passport Photo Maker,passport-photo-maker,https://www.mytulify.com/image-tools/passport-photo-maker,Passport Photo Maker,high,medium
free Passport Photo Maker,tool_variant,image-tools,Image Tools,Passport Photo Maker,passport-photo-maker,https://www.mytulify.com/image-tools/passport-photo-maker,Passport Photo Maker,high,medium
free online Passport Photo Maker,tool_variant,image-tools,Image Tools,Passport Photo Maker,passport-photo-maker,https://www.mytulify.com/image-tools/passport-photo-maker,Passport Photo Maker,high,medium
Passport Photo Maker online,tool_variant,image-tools,Image Tools,Passport Photo Maker,passport-photo-maker,https://www.mytulify.com/image-tools/passport-photo-maker,Passport Photo Maker,high,medium
Image Tools Passport Photo Maker,tool_variant,image-tools,Image Tools,Passport Photo Maker,passport-photo-maker,https://www.mytulify.com/image-tools/passport-photo-maker,Passport Photo Maker,high,medium
Crop and size photos to passport/visa requirements,tool_variant,image-tools,Image Tools,Passport Photo Maker,passport-photo-maker,https://www.mytulify.com/image-tools/passport-photo-maker,Passport Photo Maker,high,medium
Grayscale Image,tool,image-tools,Image Tools,Grayscale Image,grayscale-image,https://www.mytulify.com/image-tools/grayscale-image,Grayscale Image,low,low
free Grayscale Image,tool_variant,image-tools,Image Tools,Grayscale Image,grayscale-image,https://www.mytulify.com/image-tools/grayscale-image,Grayscale Image,low,low
free online Grayscale Image,tool_variant,image-tools,Image Tools,Grayscale Image,grayscale-image,https://www.mytulify.com/image-tools/grayscale-image,Grayscale Image,low,low
Grayscale Image online,tool_variant,image-tools,Image Tools,Grayscale Image,grayscale-image,https://www.mytulify.com/image-tools/grayscale-image,Grayscale Image,low,low
Image Tools Grayscale Image,tool_variant,image-tools,Image Tools,Grayscale Image,grayscale-image,https://www.mytulify.com/image-tools/grayscale-image,Grayscale Image,low,low
Convert a color image to black and white,tool_variant,image-tools,Image Tools,Grayscale Image,grayscale-image,https://www.mytulify.com/image-tools/grayscale-image,Grayscale Image,low,low
Blur Image,tool,image-tools,Image Tools,Blur Image,blur-image,https://www.mytulify.com/image-tools/blur-image,Blur Image,medium,low
free Blur Image,tool_variant,image-tools,Image Tools,Blur Image,blur-image,https://www.mytulify.com/image-tools/blur-image,Blur Image,medium,low
free online Blur Image,tool_variant,image-tools,Image Tools,Blur Image,blur-image,https://www.mytulify.com/image-tools/blur-image,Blur Image,medium,low
Blur Image online,tool_variant,image-tools,Image Tools,Blur Image,blur-image,https://www.mytulify.com/image-tools/blur-image,Blur Image,medium,low
Image Tools Blur Image,tool_variant,image-tools,Image Tools,Blur Image,blur-image,https://www.mytulify.com/image-tools/blur-image,Blur Image,medium,low
Apply adjustable blur to all or part of an image,tool_variant,image-tools,Image Tools,Blur Image,blur-image,https://www.mytulify.com/image-tools/blur-image,Blur Image,medium,low
Pixelate Image,tool,image-tools,Image Tools,Pixelate Image,pixelate-image,https://www.mytulify.com/image-tools/pixelate-image,Pixelate Image,medium,low
free Pixelate Image,tool_variant,image-tools,Image Tools,Pixelate Image,pixelate-image,https://www.mytulify.com/image-tools/pixelate-image,Pixelate Image,medium,low
free online Pixelate Image,tool_variant,image-tools,Image Tools,Pixelate Image,pixelate-image,https://www.mytulify.com/image-tools/pixelate-image,Pixelate Image,medium,low
Pixelate Image online,tool_variant,image-tools,Image Tools,Pixelate Image,pixelate-image,https://www.mytulify.com/image-tools/pixelate-image,Pixelate Image,medium,low
Image Tools Pixelate Image,tool_variant,image-tools,Image Tools,Pixelate Image,pixelate-image,https://www.mytulify.com/image-tools/pixelate-image,Pixelate Image,medium,low
Pixelate or censor regions of an image,tool_variant,image-tools,Image Tools,Pixelate Image,pixelate-image,https://www.mytulify.com/image-tools/pixelate-image,Pixelate Image,medium,low
Image to PDF,tool,image-tools,Image Tools,Image to PDF,image-to-pdf,https://www.mytulify.com/image-tools/image-to-pdf,Image to PDF,high,medium
free Image to PDF,tool_variant,image-tools,Image Tools,Image to PDF,image-to-pdf,https://www.mytulify.com/image-tools/image-to-pdf,Image to PDF,high,medium
free online Image to PDF,tool_variant,image-tools,Image Tools,Image to PDF,image-to-pdf,https://www.mytulify.com/image-tools/image-to-pdf,Image to PDF,high,medium
Image to PDF online,tool_variant,image-tools,Image Tools,Image to PDF,image-to-pdf,https://www.mytulify.com/image-tools/image-to-pdf,Image to PDF,high,medium
Image Tools Image to PDF,tool_variant,image-tools,Image Tools,Image to PDF,image-to-pdf,https://www.mytulify.com/image-tools/image-to-pdf,Image to PDF,high,medium
Convert images into a single downloadable PDF,tool_variant,image-tools,Image Tools,Image to PDF,image-to-pdf,https://www.mytulify.com/image-tools/image-to-pdf,Image to PDF,high,medium
Circle Crop Image,tool,image-tools,Image Tools,Circle Crop Image,circle-crop-image,https://www.mytulify.com/image-tools/circle-crop-image,Circle Crop Image,medium,low
free Circle Crop Image,tool_variant,image-tools,Image Tools,Circle Crop Image,circle-crop-image,https://www.mytulify.com/image-tools/circle-crop-image,Circle Crop Image,medium,low
free online Circle Crop Image,tool_variant,image-tools,Image Tools,Circle Crop Image,circle-crop-image,https://www.mytulify.com/image-tools/circle-crop-image,Circle Crop Image,medium,low
Circle Crop Image online,tool_variant,image-tools,Image Tools,Circle Crop Image,circle-crop-image,https://www.mytulify.com/image-tools/circle-crop-image,Circle Crop Image,medium,low
Image Tools Circle Crop Image,tool_variant,image-tools,Image Tools,Circle Crop Image,circle-crop-image,https://www.mytulify.com/image-tools/circle-crop-image,Circle Crop Image,medium,low
Crop an image into a transparent circle,tool_variant,image-tools,Image Tools,Circle Crop Image,circle-crop-image,https://www.mytulify.com/image-tools/circle-crop-image,Circle Crop Image,medium,low
JFIF to JPG,tool,image-tools,Image Tools,JFIF to JPG,jfif-to-jpg,https://www.mytulify.com/image-tools/jfif-to-jpg,JFIF to JPG,medium,low
free JFIF to JPG,tool_variant,image-tools,Image Tools,JFIF to JPG,jfif-to-jpg,https://www.mytulify.com/image-tools/jfif-to-jpg,JFIF to JPG,medium,low
free online JFIF to JPG,tool_variant,image-tools,Image Tools,JFIF to JPG,jfif-to-jpg,https://www.mytulify.com/image-tools/jfif-to-jpg,JFIF to JPG,medium,low
JFIF to JPG online,tool_variant,image-tools,Image Tools,JFIF to JPG,jfif-to-jpg,https://www.mytulify.com/image-tools/jfif-to-jpg,JFIF to JPG,medium,low
Image Tools JFIF to JPG,tool_variant,image-tools,Image Tools,JFIF to JPG,jfif-to-jpg,https://www.mytulify.com/image-tools/jfif-to-jpg,JFIF to JPG,medium,low
Convert JFIF images to standard JPG format in your browser,tool_variant,image-tools,Image Tools,JFIF to JPG,jfif-to-jpg,https://www.mytulify.com/image-tools/jfif-to-jpg,JFIF to JPG,medium,low
JFIF to PNG,tool,image-tools,Image Tools,JFIF to PNG,jfif-to-png,https://www.mytulify.com/image-tools/jfif-to-png,JFIF to PNG,medium,low
free JFIF to PNG,tool_variant,image-tools,Image Tools,JFIF to PNG,jfif-to-png,https://www.mytulify.com/image-tools/jfif-to-png,JFIF to PNG,medium,low
free online JFIF to PNG,tool_variant,image-tools,Image Tools,JFIF to PNG,jfif-to-png,https://www.mytulify.com/image-tools/jfif-to-png,JFIF to PNG,medium,low
JFIF to PNG online,tool_variant,image-tools,Image Tools,JFIF to PNG,jfif-to-png,https://www.mytulify.com/image-tools/jfif-to-png,JFIF to PNG,medium,low
Image Tools JFIF to PNG,tool_variant,image-tools,Image Tools,JFIF to PNG,jfif-to-png,https://www.mytulify.com/image-tools/jfif-to-png,JFIF to PNG,medium,low
Convert JFIF images to lossless PNG format,tool_variant,image-tools,Image Tools,JFIF to PNG,jfif-to-png,https://www.mytulify.com/image-tools/jfif-to-png,JFIF to PNG,medium,low
BMP to JPG,tool,image-tools,Image Tools,BMP to JPG,bmp-to-jpg,https://www.mytulify.com/image-tools/bmp-to-jpg,BMP to JPG,medium,low
free BMP to JPG,tool_variant,image-tools,Image Tools,BMP to JPG,bmp-to-jpg,https://www.mytulify.com/image-tools/bmp-to-jpg,BMP to JPG,medium,low
free online BMP to JPG,tool_variant,image-tools,Image Tools,BMP to JPG,bmp-to-jpg,https://www.mytulify.com/image-tools/bmp-to-jpg,BMP to JPG,medium,low
BMP to JPG online,tool_variant,image-tools,Image Tools,BMP to JPG,bmp-to-jpg,https://www.mytulify.com/image-tools/bmp-to-jpg,BMP to JPG,medium,low
Image Tools BMP to JPG,tool_variant,image-tools,Image Tools,BMP to JPG,bmp-to-jpg,https://www.mytulify.com/image-tools/bmp-to-jpg,BMP to JPG,medium,low
Convert BMP bitmap images to compressed JPG files,tool_variant,image-tools,Image Tools,BMP to JPG,bmp-to-jpg,https://www.mytulify.com/image-tools/bmp-to-jpg,BMP to JPG,medium,low
BMP to PDF,tool,image-tools,Image Tools,BMP to PDF,bmp-to-pdf,https://www.mytulify.com/image-tools/bmp-to-pdf,BMP to PDF,medium,low
free BMP to PDF,tool_variant,image-tools,Image Tools,BMP to PDF,bmp-to-pdf,https://www.mytulify.com/image-tools/bmp-to-pdf,BMP to PDF,medium,low
free online BMP to PDF,tool_variant,image-tools,Image Tools,BMP to PDF,bmp-to-pdf,https://www.mytulify.com/image-tools/bmp-to-pdf,BMP to PDF,medium,low
BMP to PDF online,tool_variant,image-tools,Image Tools,BMP to PDF,bmp-to-pdf,https://www.mytulify.com/image-tools/bmp-to-pdf,BMP to PDF,medium,low
Image Tools BMP to PDF,tool_variant,image-tools,Image Tools,BMP to PDF,bmp-to-pdf,https://www.mytulify.com/image-tools/bmp-to-pdf,BMP to PDF,medium,low
Merge BMP images into a single PDF document,tool_variant,image-tools,Image Tools,BMP to PDF,bmp-to-pdf,https://www.mytulify.com/image-tools/bmp-to-pdf,BMP to PDF,medium,low
AVIF to JPG,tool,image-tools,Image Tools,AVIF to JPG,avif-to-jpg,https://www.mytulify.com/image-tools/avif-to-jpg,AVIF to JPG,medium,low
free AVIF to JPG,tool_variant,image-tools,Image Tools,AVIF to JPG,avif-to-jpg,https://www.mytulify.com/image-tools/avif-to-jpg,AVIF to JPG,medium,low
free online AVIF to JPG,tool_variant,image-tools,Image Tools,AVIF to JPG,avif-to-jpg,https://www.mytulify.com/image-tools/avif-to-jpg,AVIF to JPG,medium,low
AVIF to JPG online,tool_variant,image-tools,Image Tools,AVIF to JPG,avif-to-jpg,https://www.mytulify.com/image-tools/avif-to-jpg,AVIF to JPG,medium,low
Image Tools AVIF to JPG,tool_variant,image-tools,Image Tools,AVIF to JPG,avif-to-jpg,https://www.mytulify.com/image-tools/avif-to-jpg,AVIF to JPG,medium,low
Convert modern AVIF images to widely supported JPG,tool_variant,image-tools,Image Tools,AVIF to JPG,avif-to-jpg,https://www.mytulify.com/image-tools/avif-to-jpg,AVIF to JPG,medium,low
AVIF to WebP,tool,image-tools,Image Tools,AVIF to WebP,avif-to-webp,https://www.mytulify.com/image-tools/avif-to-webp,AVIF to WebP,low,low
free AVIF to WebP,tool_variant,image-tools,Image Tools,AVIF to WebP,avif-to-webp,https://www.mytulify.com/image-tools/avif-to-webp,AVIF to WebP,low,low
free online AVIF to WebP,tool_variant,image-tools,Image Tools,AVIF to WebP,avif-to-webp,https://www.mytulify.com/image-tools/avif-to-webp,AVIF to WebP,low,low
AVIF to WebP online,tool_variant,image-tools,Image Tools,AVIF to WebP,avif-to-webp,https://www.mytulify.com/image-tools/avif-to-webp,AVIF to WebP,low,low
Image Tools AVIF to WebP,tool_variant,image-tools,Image Tools,AVIF to WebP,avif-to-webp,https://www.mytulify.com/image-tools/avif-to-webp,AVIF to WebP,low,low
Convert AVIF images to efficient WebP format,tool_variant,image-tools,Image Tools,AVIF to WebP,avif-to-webp,https://www.mytulify.com/image-tools/avif-to-webp,AVIF to WebP,low,low
GIF Maker,tool,image-tools,Image Tools,GIF Maker,gif-maker,https://www.mytulify.com/image-tools/gif-maker,GIF Maker,high,medium
free GIF Maker,tool_variant,image-tools,Image Tools,GIF Maker,gif-maker,https://www.mytulify.com/image-tools/gif-maker,GIF Maker,high,medium
free online GIF Maker,tool_variant,image-tools,Image Tools,GIF Maker,gif-maker,https://www.mytulify.com/image-tools/gif-maker,GIF Maker,high,medium
GIF Maker online,tool_variant,image-tools,Image Tools,GIF Maker,gif-maker,https://www.mytulify.com/image-tools/gif-maker,GIF Maker,high,medium
Image Tools GIF Maker,tool_variant,image-tools,Image Tools,GIF Maker,gif-maker,https://www.mytulify.com/image-tools/gif-maker,GIF Maker,high,medium
Create animated GIFs from multiple images in your browser,tool_variant,image-tools,Image Tools,GIF Maker,gif-maker,https://www.mytulify.com/image-tools/gif-maker,GIF Maker,high,medium
GIF Resizer,tool,image-tools,Image Tools,GIF Resizer,gif-resizer,https://www.mytulify.com/image-tools/gif-resizer,GIF Resizer,medium,low
free GIF Resizer,tool_variant,image-tools,Image Tools,GIF Resizer,gif-resizer,https://www.mytulify.com/image-tools/gif-resizer,GIF Resizer,medium,low
free online GIF Resizer,tool_variant,image-tools,Image Tools,GIF Resizer,gif-resizer,https://www.mytulify.com/image-tools/gif-resizer,GIF Resizer,medium,low
GIF Resizer online,tool_variant,image-tools,Image Tools,GIF Resizer,gif-resizer,https://www.mytulify.com/image-tools/gif-resizer,GIF Resizer,medium,low
Image Tools GIF Resizer,tool_variant,image-tools,Image Tools,GIF Resizer,gif-resizer,https://www.mytulify.com/image-tools/gif-resizer,GIF Resizer,medium,low
Resize animated GIFs with presets or custom dimensions,tool_variant,image-tools,Image Tools,GIF Resizer,gif-resizer,https://www.mytulify.com/image-tools/gif-resizer,GIF Resizer,medium,low
GIF Rotator,tool,image-tools,Image Tools,GIF Rotator,gif-rotator,https://www.mytulify.com/image-tools/gif-rotator,GIF Rotator,low,low
free GIF Rotator,tool_variant,image-tools,Image Tools,GIF Rotator,gif-rotator,https://www.mytulify.com/image-tools/gif-rotator,GIF Rotator,low,low
free online GIF Rotator,tool_variant,image-tools,Image Tools,GIF Rotator,gif-rotator,https://www.mytulify.com/image-tools/gif-rotator,GIF Rotator,low,low
GIF Rotator online,tool_variant,image-tools,Image Tools,GIF Rotator,gif-rotator,https://www.mytulify.com/image-tools/gif-rotator,GIF Rotator,low,low
Image Tools GIF Rotator,tool_variant,image-tools,Image Tools,GIF Rotator,gif-rotator,https://www.mytulify.com/image-tools/gif-rotator,GIF Rotator,low,low
Rotate or flip animated GIFs on every frame,tool_variant,image-tools,Image Tools,GIF Rotator,gif-rotator,https://www.mytulify.com/image-tools/gif-rotator,GIF Rotator,low,low
GIF Trimmer,tool,image-tools,Image Tools,GIF Trimmer,gif-trimmer,https://www.mytulify.com/image-tools/gif-trimmer,GIF Trimmer,medium,low
free GIF Trimmer,tool_variant,image-tools,Image Tools,GIF Trimmer,gif-trimmer,https://www.mytulify.com/image-tools/gif-trimmer,GIF Trimmer,medium,low
free online GIF Trimmer,tool_variant,image-tools,Image Tools,GIF Trimmer,gif-trimmer,https://www.mytulify.com/image-tools/gif-trimmer,GIF Trimmer,medium,low
GIF Trimmer online,tool_variant,image-tools,Image Tools,GIF Trimmer,gif-trimmer,https://www.mytulify.com/image-tools/gif-trimmer,GIF Trimmer,medium,low
Image Tools GIF Trimmer,tool_variant,image-tools,Image Tools,GIF Trimmer,gif-trimmer,https://www.mytulify.com/image-tools/gif-trimmer,GIF Trimmer,medium,low
Trim GIF animations to a specific frame range,tool_variant,image-tools,Image Tools,GIF Trimmer,gif-trimmer,https://www.mytulify.com/image-tools/gif-trimmer,GIF Trimmer,medium,low
GIF Optimizer,tool,image-tools,Image Tools,GIF Optimizer,gif-optimizer,https://www.mytulify.com/image-tools/gif-optimizer,GIF Optimizer,medium,low
free GIF Optimizer,tool_variant,image-tools,Image Tools,GIF Optimizer,gif-optimizer,https://www.mytulify.com/image-tools/gif-optimizer,GIF Optimizer,medium,low
free online GIF Optimizer,tool_variant,image-tools,Image Tools,GIF Optimizer,gif-optimizer,https://www.mytulify.com/image-tools/gif-optimizer,GIF Optimizer,medium,low
GIF Optimizer online,tool_variant,image-tools,Image Tools,GIF Optimizer,gif-optimizer,https://www.mytulify.com/image-tools/gif-optimizer,GIF Optimizer,medium,low
Image Tools GIF Optimizer,tool_variant,image-tools,Image Tools,GIF Optimizer,gif-optimizer,https://www.mytulify.com/image-tools/gif-optimizer,GIF Optimizer,medium,low
Compress and optimize GIF file size in your browser,tool_variant,image-tools,Image Tools,GIF Optimizer,gif-optimizer,https://www.mytulify.com/image-tools/gif-optimizer,GIF Optimizer,medium,low
GIF to Video,tool,image-tools,Image Tools,GIF to Video,gif-to-video,https://www.mytulify.com/image-tools/gif-to-video,GIF to Video,medium,low
free GIF to Video,tool_variant,image-tools,Image Tools,GIF to Video,gif-to-video,https://www.mytulify.com/image-tools/gif-to-video,GIF to Video,medium,low
free online GIF to Video,tool_variant,image-tools,Image Tools,GIF to Video,gif-to-video,https://www.mytulify.com/image-tools/gif-to-video,GIF to Video,medium,low
GIF to Video online,tool_variant,image-tools,Image Tools,GIF to Video,gif-to-video,https://www.mytulify.com/image-tools/gif-to-video,GIF to Video,medium,low
Image Tools GIF to Video,tool_variant,image-tools,Image Tools,GIF to Video,gif-to-video,https://www.mytulify.com/image-tools/gif-to-video,GIF to Video,medium,low
Convert animated GIFs to WebM video,tool_variant,image-tools,Image Tools,GIF to Video,gif-to-video,https://www.mytulify.com/image-tools/gif-to-video,GIF to Video,medium,low
GIF to PNG,tool,image-tools,Image Tools,GIF to PNG,gif-to-png,https://www.mytulify.com/image-tools/gif-to-png,GIF to PNG,medium,low
free GIF to PNG,tool_variant,image-tools,Image Tools,GIF to PNG,gif-to-png,https://www.mytulify.com/image-tools/gif-to-png,GIF to PNG,medium,low
free online GIF to PNG,tool_variant,image-tools,Image Tools,GIF to PNG,gif-to-png,https://www.mytulify.com/image-tools/gif-to-png,GIF to PNG,medium,low
GIF to PNG online,tool_variant,image-tools,Image Tools,GIF to PNG,gif-to-png,https://www.mytulify.com/image-tools/gif-to-png,GIF to PNG,medium,low
Image Tools GIF to PNG,tool_variant,image-tools,Image Tools,GIF to PNG,gif-to-png,https://www.mytulify.com/image-tools/gif-to-png,GIF to PNG,medium,low
Extract all GIF frames as PNG images in a ZIP,tool_variant,image-tools,Image Tools,GIF to PNG,gif-to-png,https://www.mytulify.com/image-tools/gif-to-png,GIF to PNG,medium,low
GIF to JPG,tool,image-tools,Image Tools,GIF to JPG,gif-to-jpg,https://www.mytulify.com/image-tools/gif-to-jpg,GIF to JPG,low,low
free GIF to JPG,tool_variant,image-tools,Image Tools,GIF to JPG,gif-to-jpg,https://www.mytulify.com/image-tools/gif-to-jpg,GIF to JPG,low,low
free online GIF to JPG,tool_variant,image-tools,Image Tools,GIF to JPG,gif-to-jpg,https://www.mytulify.com/image-tools/gif-to-jpg,GIF to JPG,low,low
GIF to JPG online,tool_variant,image-tools,Image Tools,GIF to JPG,gif-to-jpg,https://www.mytulify.com/image-tools/gif-to-jpg,GIF to JPG,low,low
Image Tools GIF to JPG,tool_variant,image-tools,Image Tools,GIF to JPG,gif-to-jpg,https://www.mytulify.com/image-tools/gif-to-jpg,GIF to JPG,low,low
Extract all GIF frames as JPG images in a ZIP,tool_variant,image-tools,Image Tools,GIF to JPG,gif-to-jpg,https://www.mytulify.com/image-tools/gif-to-jpg,GIF to JPG,low,low
GIF to WebP,tool,image-tools,Image Tools,GIF to WebP,gif-to-webp,https://www.mytulify.com/image-tools/gif-to-webp,GIF to WebP,low,low
free GIF to WebP,tool_variant,image-tools,Image Tools,GIF to WebP,gif-to-webp,https://www.mytulify.com/image-tools/gif-to-webp,GIF to WebP,low,low
free online GIF to WebP,tool_variant,image-tools,Image Tools,GIF to WebP,gif-to-webp,https://www.mytulify.com/image-tools/gif-to-webp,GIF to WebP,low,low
GIF to WebP online,tool_variant,image-tools,Image Tools,GIF to WebP,gif-to-webp,https://www.mytulify.com/image-tools/gif-to-webp,GIF to WebP,low,low
Image Tools GIF to WebP,tool_variant,image-tools,Image Tools,GIF to WebP,gif-to-webp,https://www.mytulify.com/image-tools/gif-to-webp,GIF to WebP,low,low
Convert GIF animation frames to WebP images,tool_variant,image-tools,Image Tools,GIF to WebP,gif-to-webp,https://www.mytulify.com/image-tools/gif-to-webp,GIF to WebP,low,low
Aspect Ratio Calculator,tool,image-tools,Image Tools,Aspect Ratio Calculator,aspect-ratio-calculator,https://www.mytulify.com/image-tools/aspect-ratio-calculator,Aspect Ratio Calculator,high,low
free Aspect Ratio Calculator,tool_variant,image-tools,Image Tools,Aspect Ratio Calculator,aspect-ratio-calculator,https://www.mytulify.com/image-tools/aspect-ratio-calculator,Aspect Ratio Calculator,high,low
free online Aspect Ratio Calculator,tool_variant,image-tools,Image Tools,Aspect Ratio Calculator,aspect-ratio-calculator,https://www.mytulify.com/image-tools/aspect-ratio-calculator,Aspect Ratio Calculator,high,low
Aspect Ratio Calculator online,tool_variant,image-tools,Image Tools,Aspect Ratio Calculator,aspect-ratio-calculator,https://www.mytulify.com/image-tools/aspect-ratio-calculator,Aspect Ratio Calculator,high,low
Image Tools Aspect Ratio Calculator,tool_variant,image-tools,Image Tools,Aspect Ratio Calculator,aspect-ratio-calculator,https://www.mytulify.com/image-tools/aspect-ratio-calculator,Aspect Ratio Calculator,high,low
"Find aspect ratios from dimensions or scale width and height to 16:9, 9:16, 1:1 and more",tool_variant,image-tools,Image Tools,Aspect Ratio Calculator,aspect-ratio-calculator,https://www.mytulify.com/image-tools/aspect-ratio-calculator,Aspect Ratio Calculator,high,low
Duplicate Photo Finder,tool,image-tools,Image Tools,Duplicate Photo Finder,duplicate-photo-finder,https://www.mytulify.com/image-tools/duplicate-photo-finder,Duplicate Photo Finder,high,medium
free Duplicate Photo Finder,tool_variant,image-tools,Image Tools,Duplicate Photo Finder,duplicate-photo-finder,https://www.mytulify.com/image-tools/duplicate-photo-finder,Duplicate Photo Finder,high,medium
free online Duplicate Photo Finder,tool_variant,image-tools,Image Tools,Duplicate Photo Finder,duplicate-photo-finder,https://www.mytulify.com/image-tools/duplicate-photo-finder,Duplicate Photo Finder,high,medium
Duplicate Photo Finder online,tool_variant,image-tools,Image Tools,Duplicate Photo Finder,duplicate-photo-finder,https://www.mytulify.com/image-tools/duplicate-photo-finder,Duplicate Photo Finder,high,medium
Image Tools Duplicate Photo Finder,tool_variant,image-tools,Image Tools,Duplicate Photo Finder,duplicate-photo-finder,https://www.mytulify.com/image-tools/duplicate-photo-finder,Duplicate Photo Finder,high,medium
Home Color Visualizer,tool,image-tools,Image Tools,Home Color Visualizer,home-color-visualizer,https://www.mytulify.com/image-tools/home-color-visualizer,Home Color Visualizer,high,medium
free Home Color Visualizer,tool_variant,image-tools,Image Tools,Home Color Visualizer,home-color-visualizer,https://www.mytulify.com/image-tools/home-color-visualizer,Home Color Visualizer,high,medium
free online Home Color Visualizer,tool_variant,image-tools,Image Tools,Home Color Visualizer,home-color-visualizer,https://www.mytulify.com/image-tools/home-color-visualizer,Home Color Visualizer,high,medium
Home Color Visualizer online,tool_variant,image-tools,Image Tools,Home Color Visualizer,home-color-visualizer,https://www.mytulify.com/image-tools/home-color-visualizer,Home Color Visualizer,high,medium
Image Tools Home Color Visualizer,tool_variant,image-tools,Image Tools,Home Color Visualizer,home-color-visualizer,https://www.mytulify.com/image-tools/home-color-visualizer,Home Color Visualizer,high,medium
"Upload a photo of your home or room, try wall/door/furniture colors, and preview what looks best",tool_variant,image-tools,Image Tools,Home Color Visualizer,home-color-visualizer,https://www.mytulify.com/image-tools/home-color-visualizer,Home Color Visualizer,high,medium
Screenshot Auto-Anonymizer,tool,image-tools,Image Tools,Screenshot Auto-Anonymizer,screenshot-auto-anonymizer,https://www.mytulify.com/image-tools/screenshot-auto-anonymizer,Screenshot Auto-Anonymizer,high,medium
free Screenshot Auto-Anonymizer,tool_variant,image-tools,Image Tools,Screenshot Auto-Anonymizer,screenshot-auto-anonymizer,https://www.mytulify.com/image-tools/screenshot-auto-anonymizer,Screenshot Auto-Anonymizer,high,medium
free online Screenshot Auto-Anonymizer,tool_variant,image-tools,Image Tools,Screenshot Auto-Anonymizer,screenshot-auto-anonymizer,https://www.mytulify.com/image-tools/screenshot-auto-anonymizer,Screenshot Auto-Anonymizer,high,medium
Screenshot Auto-Anonymizer online,tool_variant,image-tools,Image Tools,Screenshot Auto-Anonymizer,screenshot-auto-anonymizer,https://www.mytulify.com/image-tools/screenshot-auto-anonymizer,Screenshot Auto-Anonymizer,high,medium
screenshot auto anonymizer,tool_variant,image-tools,Image Tools,Screenshot Auto-Anonymizer,screenshot-auto-anonymizer,https://www.mytulify.com/image-tools/screenshot-auto-anonymizer,Screenshot Auto-Anonymizer,high,medium
Image Tools Screenshot Auto-Anonymizer,tool_variant,image-tools,Image Tools,Screenshot Auto-Anonymizer,screenshot-auto-anonymizer,https://www.mytulify.com/image-tools/screenshot-auto-anonymizer,Screenshot Auto-Anonymizer,high,medium
"Blur or blackout faces, text, credit cards, and sensitive objects in screenshots — 100% private in your browser",tool_variant,image-tools,Image Tools,Screenshot Auto-Anonymizer,screenshot-auto-anonymizer,https://www.mytulify.com/image-tools/screenshot-auto-anonymizer,Screenshot Auto-Anonymizer,high,medium
Merge PDF,tool,pdf-tools,PDF Tools,Merge PDF,merge-pdf,https://www.mytulify.com/pdf-tools/merge-pdf,Merge PDF,high,medium
free Merge PDF,tool_variant,pdf-tools,PDF Tools,Merge PDF,merge-pdf,https://www.mytulify.com/pdf-tools/merge-pdf,Merge PDF,high,medium
free online Merge PDF,tool_variant,pdf-tools,PDF Tools,Merge PDF,merge-pdf,https://www.mytulify.com/pdf-tools/merge-pdf,Merge PDF,high,medium
Merge PDF online,tool_variant,pdf-tools,PDF Tools,Merge PDF,merge-pdf,https://www.mytulify.com/pdf-tools/merge-pdf,Merge PDF,high,medium
PDF Tools Merge PDF,tool_variant,pdf-tools,PDF Tools,Merge PDF,merge-pdf,https://www.mytulify.com/pdf-tools/merge-pdf,Merge PDF,high,medium
Combine multiple PDF files into one document in any order,tool_variant,pdf-tools,PDF Tools,Merge PDF,merge-pdf,https://www.mytulify.com/pdf-tools/merge-pdf,Merge PDF,high,medium
Split PDF,tool,pdf-tools,PDF Tools,Split PDF,split-pdf,https://www.mytulify.com/pdf-tools/split-pdf,Split PDF,high,medium
free Split PDF,tool_variant,pdf-tools,PDF Tools,Split PDF,split-pdf,https://www.mytulify.com/pdf-tools/split-pdf,Split PDF,high,medium
free online Split PDF,tool_variant,pdf-tools,PDF Tools,Split PDF,split-pdf,https://www.mytulify.com/pdf-tools/split-pdf,Split PDF,high,medium
Split PDF online,tool_variant,pdf-tools,PDF Tools,Split PDF,split-pdf,https://www.mytulify.com/pdf-tools/split-pdf,Split PDF,high,medium
PDF Tools Split PDF,tool_variant,pdf-tools,PDF Tools,Split PDF,split-pdf,https://www.mytulify.com/pdf-tools/split-pdf,Split PDF,high,medium
Separate a PDF into multiple files by page ranges,tool_variant,pdf-tools,PDF Tools,Split PDF,split-pdf,https://www.mytulify.com/pdf-tools/split-pdf,Split PDF,high,medium
Compress PDF,tool,pdf-tools,PDF Tools,Compress PDF,compress-pdf,https://www.mytulify.com/pdf-tools/compress-pdf,Compress PDF,high,medium
free Compress PDF,tool_variant,pdf-tools,PDF Tools,Compress PDF,compress-pdf,https://www.mytulify.com/pdf-tools/compress-pdf,Compress PDF,high,medium
free online Compress PDF,tool_variant,pdf-tools,PDF Tools,Compress PDF,compress-pdf,https://www.mytulify.com/pdf-tools/compress-pdf,Compress PDF,high,medium
Compress PDF online,tool_variant,pdf-tools,PDF Tools,Compress PDF,compress-pdf,https://www.mytulify.com/pdf-tools/compress-pdf,Compress PDF,high,medium
PDF Tools Compress PDF,tool_variant,pdf-tools,PDF Tools,Compress PDF,compress-pdf,https://www.mytulify.com/pdf-tools/compress-pdf,Compress PDF,high,medium
Reduce PDF file size while preserving readable quality,tool_variant,pdf-tools,PDF Tools,Compress PDF,compress-pdf,https://www.mytulify.com/pdf-tools/compress-pdf,Compress PDF,high,medium
Rotate PDF,tool,pdf-tools,PDF Tools,Rotate PDF,rotate-pdf,https://www.mytulify.com/pdf-tools/rotate-pdf,Rotate PDF,high,low
free Rotate PDF,tool_variant,pdf-tools,PDF Tools,Rotate PDF,rotate-pdf,https://www.mytulify.com/pdf-tools/rotate-pdf,Rotate PDF,high,low
free online Rotate PDF,tool_variant,pdf-tools,PDF Tools,Rotate PDF,rotate-pdf,https://www.mytulify.com/pdf-tools/rotate-pdf,Rotate PDF,high,low
Rotate PDF online,tool_variant,pdf-tools,PDF Tools,Rotate PDF,rotate-pdf,https://www.mytulify.com/pdf-tools/rotate-pdf,Rotate PDF,high,low
PDF Tools Rotate PDF,tool_variant,pdf-tools,PDF Tools,Rotate PDF,rotate-pdf,https://www.mytulify.com/pdf-tools/rotate-pdf,Rotate PDF,high,low
Rotate one or all pages of a PDF and save permanently,tool_variant,pdf-tools,PDF Tools,Rotate PDF,rotate-pdf,https://www.mytulify.com/pdf-tools/rotate-pdf,Rotate PDF,high,low
Delete PDF Pages,tool,pdf-tools,PDF Tools,Delete PDF Pages,delete-pdf-pages,https://www.mytulify.com/pdf-tools/delete-pdf-pages,Delete PDF Pages,high,low
free Delete PDF Pages,tool_variant,pdf-tools,PDF Tools,Delete PDF Pages,delete-pdf-pages,https://www.mytulify.com/pdf-tools/delete-pdf-pages,Delete PDF Pages,high,low
free online Delete PDF Pages,tool_variant,pdf-tools,PDF Tools,Delete PDF Pages,delete-pdf-pages,https://www.mytulify.com/pdf-tools/delete-pdf-pages,Delete PDF Pages,high,low
Delete PDF Pages online,tool_variant,pdf-tools,PDF Tools,Delete PDF Pages,delete-pdf-pages,https://www.mytulify.com/pdf-tools/delete-pdf-pages,Delete PDF Pages,high,low
PDF Tools Delete PDF Pages,tool_variant,pdf-tools,PDF Tools,Delete PDF Pages,delete-pdf-pages,https://www.mytulify.com/pdf-tools/delete-pdf-pages,Delete PDF Pages,high,low
Remove selected pages from a PDF document,tool_variant,pdf-tools,PDF Tools,Delete PDF Pages,delete-pdf-pages,https://www.mytulify.com/pdf-tools/delete-pdf-pages,Delete PDF Pages,high,low
Extract PDF Pages,tool,pdf-tools,PDF Tools,Extract PDF Pages,extract-pdf-pages,https://www.mytulify.com/pdf-tools/extract-pdf-pages,Extract PDF Pages,medium,low
free Extract PDF Pages,tool_variant,pdf-tools,PDF Tools,Extract PDF Pages,extract-pdf-pages,https://www.mytulify.com/pdf-tools/extract-pdf-pages,Extract PDF Pages,medium,low
free online Extract PDF Pages,tool_variant,pdf-tools,PDF Tools,Extract PDF Pages,extract-pdf-pages,https://www.mytulify.com/pdf-tools/extract-pdf-pages,Extract PDF Pages,medium,low
Extract PDF Pages online,tool_variant,pdf-tools,PDF Tools,Extract PDF Pages,extract-pdf-pages,https://www.mytulify.com/pdf-tools/extract-pdf-pages,Extract PDF Pages,medium,low
PDF Tools Extract PDF Pages,tool_variant,pdf-tools,PDF Tools,Extract PDF Pages,extract-pdf-pages,https://www.mytulify.com/pdf-tools/extract-pdf-pages,Extract PDF Pages,medium,low
Pull selected pages out into a new PDF file,tool_variant,pdf-tools,PDF Tools,Extract PDF Pages,extract-pdf-pages,https://www.mytulify.com/pdf-tools/extract-pdf-pages,Extract PDF Pages,medium,low
Organize PDF,tool,pdf-tools,PDF Tools,Organize PDF,organize-pdf,https://www.mytulify.com/pdf-tools/organize-pdf,Organize PDF,medium,low
free Organize PDF,tool_variant,pdf-tools,PDF Tools,Organize PDF,organize-pdf,https://www.mytulify.com/pdf-tools/organize-pdf,Organize PDF,medium,low
free online Organize PDF,tool_variant,pdf-tools,PDF Tools,Organize PDF,organize-pdf,https://www.mytulify.com/pdf-tools/organize-pdf,Organize PDF,medium,low
Organize PDF online,tool_variant,pdf-tools,PDF Tools,Organize PDF,organize-pdf,https://www.mytulify.com/pdf-tools/organize-pdf,Organize PDF,medium,low
PDF Tools Organize PDF,tool_variant,pdf-tools,PDF Tools,Organize PDF,organize-pdf,https://www.mytulify.com/pdf-tools/organize-pdf,Organize PDF,medium,low
"Reorder, rearrange, and sort PDF pages by drag and drop",tool_variant,pdf-tools,PDF Tools,Organize PDF,organize-pdf,https://www.mytulify.com/pdf-tools/organize-pdf,Organize PDF,medium,low
JPG to PDF,tool,pdf-tools,PDF Tools,JPG to PDF,jpg-to-pdf,https://www.mytulify.com/pdf-tools/jpg-to-pdf,JPG to PDF,high,medium
free JPG to PDF,tool_variant,pdf-tools,PDF Tools,JPG to PDF,jpg-to-pdf,https://www.mytulify.com/pdf-tools/jpg-to-pdf,JPG to PDF,high,medium
free online JPG to PDF,tool_variant,pdf-tools,PDF Tools,JPG to PDF,jpg-to-pdf,https://www.mytulify.com/pdf-tools/jpg-to-pdf,JPG to PDF,high,medium
JPG to PDF online,tool_variant,pdf-tools,PDF Tools,JPG to PDF,jpg-to-pdf,https://www.mytulify.com/pdf-tools/jpg-to-pdf,JPG to PDF,high,medium
PDF Tools JPG to PDF,tool_variant,pdf-tools,PDF Tools,JPG to PDF,jpg-to-pdf,https://www.mytulify.com/pdf-tools/jpg-to-pdf,JPG to PDF,high,medium
Convert JPG and other images into a single PDF,tool_variant,pdf-tools,PDF Tools,JPG to PDF,jpg-to-pdf,https://www.mytulify.com/pdf-tools/jpg-to-pdf,JPG to PDF,high,medium
PNG to PDF,tool,pdf-tools,PDF Tools,PNG to PDF,png-to-pdf,https://www.mytulify.com/pdf-tools/png-to-pdf,PNG to PDF,high,low
free PNG to PDF,tool_variant,pdf-tools,PDF Tools,PNG to PDF,png-to-pdf,https://www.mytulify.com/pdf-tools/png-to-pdf,PNG to PDF,high,low
free online PNG to PDF,tool_variant,pdf-tools,PDF Tools,PNG to PDF,png-to-pdf,https://www.mytulify.com/pdf-tools/png-to-pdf,PNG to PDF,high,low
PNG to PDF online,tool_variant,pdf-tools,PDF Tools,PNG to PDF,png-to-pdf,https://www.mytulify.com/pdf-tools/png-to-pdf,PNG to PDF,high,low
PDF Tools PNG to PDF,tool_variant,pdf-tools,PDF Tools,PNG to PDF,png-to-pdf,https://www.mytulify.com/pdf-tools/png-to-pdf,PNG to PDF,high,low
Turn one or more PNG images into a PDF document,tool_variant,pdf-tools,PDF Tools,PNG to PDF,png-to-pdf,https://www.mytulify.com/pdf-tools/png-to-pdf,PNG to PDF,high,low
PDF to JPG,tool,pdf-tools,PDF Tools,PDF to JPG,pdf-to-jpg,https://www.mytulify.com/pdf-tools/pdf-to-jpg,PDF to JPG,high,medium
free PDF to JPG,tool_variant,pdf-tools,PDF Tools,PDF to JPG,pdf-to-jpg,https://www.mytulify.com/pdf-tools/pdf-to-jpg,PDF to JPG,high,medium
free online PDF to JPG,tool_variant,pdf-tools,PDF Tools,PDF to JPG,pdf-to-jpg,https://www.mytulify.com/pdf-tools/pdf-to-jpg,PDF to JPG,high,medium
PDF to JPG online,tool_variant,pdf-tools,PDF Tools,PDF to JPG,pdf-to-jpg,https://www.mytulify.com/pdf-tools/pdf-to-jpg,PDF to JPG,high,medium
PDF Tools PDF to JPG,tool_variant,pdf-tools,PDF Tools,PDF to JPG,pdf-to-jpg,https://www.mytulify.com/pdf-tools/pdf-to-jpg,PDF to JPG,high,medium
Convert each PDF page into a downloadable JPG image,tool_variant,pdf-tools,PDF Tools,PDF to JPG,pdf-to-jpg,https://www.mytulify.com/pdf-tools/pdf-to-jpg,PDF to JPG,high,medium
PDF to PNG,tool,pdf-tools,PDF Tools,PDF to PNG,pdf-to-png,https://www.mytulify.com/pdf-tools/pdf-to-png,PDF to PNG,high,low
free PDF to PNG,tool_variant,pdf-tools,PDF Tools,PDF to PNG,pdf-to-png,https://www.mytulify.com/pdf-tools/pdf-to-png,PDF to PNG,high,low
free online PDF to PNG,tool_variant,pdf-tools,PDF Tools,PDF to PNG,pdf-to-png,https://www.mytulify.com/pdf-tools/pdf-to-png,PDF to PNG,high,low
PDF to PNG online,tool_variant,pdf-tools,PDF Tools,PDF to PNG,pdf-to-png,https://www.mytulify.com/pdf-tools/pdf-to-png,PDF to PNG,high,low
PDF Tools PDF to PNG,tool_variant,pdf-tools,PDF Tools,PDF to PNG,pdf-to-png,https://www.mytulify.com/pdf-tools/pdf-to-png,PDF to PNG,high,low
Render PDF pages as high-quality PNG images,tool_variant,pdf-tools,PDF Tools,PDF to PNG,pdf-to-png,https://www.mytulify.com/pdf-tools/pdf-to-png,PDF to PNG,high,low
Images to PDF,tool,pdf-tools,PDF Tools,Images to PDF,images-to-pdf,https://www.mytulify.com/pdf-tools/images-to-pdf,Images to PDF,medium,low
free Images to PDF,tool_variant,pdf-tools,PDF Tools,Images to PDF,images-to-pdf,https://www.mytulify.com/pdf-tools/images-to-pdf,Images to PDF,medium,low
free online Images to PDF,tool_variant,pdf-tools,PDF Tools,Images to PDF,images-to-pdf,https://www.mytulify.com/pdf-tools/images-to-pdf,Images to PDF,medium,low
Images to PDF online,tool_variant,pdf-tools,PDF Tools,Images to PDF,images-to-pdf,https://www.mytulify.com/pdf-tools/images-to-pdf,Images to PDF,medium,low
PDF Tools Images to PDF,tool_variant,pdf-tools,PDF Tools,Images to PDF,images-to-pdf,https://www.mytulify.com/pdf-tools/images-to-pdf,Images to PDF,medium,low
Batch combine multiple images into one ordered PDF,tool_variant,pdf-tools,PDF Tools,Images to PDF,images-to-pdf,https://www.mytulify.com/pdf-tools/images-to-pdf,Images to PDF,medium,low
Extract Images from PDF,tool,pdf-tools,PDF Tools,Extract Images from PDF,extract-images-from-pdf,https://www.mytulify.com/pdf-tools/extract-images-from-pdf,Extract Images from PDF,medium,low
free Extract Images from PDF,tool_variant,pdf-tools,PDF Tools,Extract Images from PDF,extract-images-from-pdf,https://www.mytulify.com/pdf-tools/extract-images-from-pdf,Extract Images from PDF,medium,low
free online Extract Images from PDF,tool_variant,pdf-tools,PDF Tools,Extract Images from PDF,extract-images-from-pdf,https://www.mytulify.com/pdf-tools/extract-images-from-pdf,Extract Images from PDF,medium,low
Extract Images from PDF online,tool_variant,pdf-tools,PDF Tools,Extract Images from PDF,extract-images-from-pdf,https://www.mytulify.com/pdf-tools/extract-images-from-pdf,Extract Images from PDF,medium,low
PDF Tools Extract Images from PDF,tool_variant,pdf-tools,PDF Tools,Extract Images from PDF,extract-images-from-pdf,https://www.mytulify.com/pdf-tools/extract-images-from-pdf,Extract Images from PDF,medium,low
Pull all embedded images out of a PDF file,tool_variant,pdf-tools,PDF Tools,Extract Images from PDF,extract-images-from-pdf,https://www.mytulify.com/pdf-tools/extract-images-from-pdf,Extract Images from PDF,medium,low
Add Page Numbers to PDF,tool,pdf-tools,PDF Tools,Add Page Numbers to PDF,add-page-numbers-to-pdf,https://www.mytulify.com/pdf-tools/add-page-numbers-to-pdf,Add Page Numbers to PDF,medium,low
free Add Page Numbers to PDF,tool_variant,pdf-tools,PDF Tools,Add Page Numbers to PDF,add-page-numbers-to-pdf,https://www.mytulify.com/pdf-tools/add-page-numbers-to-pdf,Add Page Numbers to PDF,medium,low
free online Add Page Numbers to PDF,tool_variant,pdf-tools,PDF Tools,Add Page Numbers to PDF,add-page-numbers-to-pdf,https://www.mytulify.com/pdf-tools/add-page-numbers-to-pdf,Add Page Numbers to PDF,medium,low
Add Page Numbers to PDF online,tool_variant,pdf-tools,PDF Tools,Add Page Numbers to PDF,add-page-numbers-to-pdf,https://www.mytulify.com/pdf-tools/add-page-numbers-to-pdf,Add Page Numbers to PDF,medium,low
PDF Tools Add Page Numbers to PDF,tool_variant,pdf-tools,PDF Tools,Add Page Numbers to PDF,add-page-numbers-to-pdf,https://www.mytulify.com/pdf-tools/add-page-numbers-to-pdf,Add Page Numbers to PDF,medium,low
Insert customizable page numbers into a PDF,tool_variant,pdf-tools,PDF Tools,Add Page Numbers to PDF,add-page-numbers-to-pdf,https://www.mytulify.com/pdf-tools/add-page-numbers-to-pdf,Add Page Numbers to PDF,medium,low
Add Watermark to PDF,tool,pdf-tools,PDF Tools,Add Watermark to PDF,add-watermark-to-pdf,https://www.mytulify.com/pdf-tools/add-watermark-to-pdf,Add Watermark to PDF,medium,low
free Add Watermark to PDF,tool_variant,pdf-tools,PDF Tools,Add Watermark to PDF,add-watermark-to-pdf,https://www.mytulify.com/pdf-tools/add-watermark-to-pdf,Add Watermark to PDF,medium,low
free online Add Watermark to PDF,tool_variant,pdf-tools,PDF Tools,Add Watermark to PDF,add-watermark-to-pdf,https://www.mytulify.com/pdf-tools/add-watermark-to-pdf,Add Watermark to PDF,medium,low
Add Watermark to PDF online,tool_variant,pdf-tools,PDF Tools,Add Watermark to PDF,add-watermark-to-pdf,https://www.mytulify.com/pdf-tools/add-watermark-to-pdf,Add Watermark to PDF,medium,low
PDF Tools Add Watermark to PDF,tool_variant,pdf-tools,PDF Tools,Add Watermark to PDF,add-watermark-to-pdf,https://www.mytulify.com/pdf-tools/add-watermark-to-pdf,Add Watermark to PDF,medium,low
Stamp text or image watermarks across PDF pages,tool_variant,pdf-tools,PDF Tools,Add Watermark to PDF,add-watermark-to-pdf,https://www.mytulify.com/pdf-tools/add-watermark-to-pdf,Add Watermark to PDF,medium,low
Crop PDF,tool,pdf-tools,PDF Tools,Crop PDF,crop-pdf,https://www.mytulify.com/pdf-tools/crop-pdf,Crop PDF,medium,low
free Crop PDF,tool_variant,pdf-tools,PDF Tools,Crop PDF,crop-pdf,https://www.mytulify.com/pdf-tools/crop-pdf,Crop PDF,medium,low
free online Crop PDF,tool_variant,pdf-tools,PDF Tools,Crop PDF,crop-pdf,https://www.mytulify.com/pdf-tools/crop-pdf,Crop PDF,medium,low
Crop PDF online,tool_variant,pdf-tools,PDF Tools,Crop PDF,crop-pdf,https://www.mytulify.com/pdf-tools/crop-pdf,Crop PDF,medium,low
PDF Tools Crop PDF,tool_variant,pdf-tools,PDF Tools,Crop PDF,crop-pdf,https://www.mytulify.com/pdf-tools/crop-pdf,Crop PDF,medium,low
Trim margins and crop the visible area of PDF pages,tool_variant,pdf-tools,PDF Tools,Crop PDF,crop-pdf,https://www.mytulify.com/pdf-tools/crop-pdf,Crop PDF,medium,low
Protect PDF,tool,pdf-tools,PDF Tools,Protect PDF,protect-pdf,https://www.mytulify.com/pdf-tools/protect-pdf,Protect PDF,high,low
free Protect PDF,tool_variant,pdf-tools,PDF Tools,Protect PDF,protect-pdf,https://www.mytulify.com/pdf-tools/protect-pdf,Protect PDF,high,low
free online Protect PDF,tool_variant,pdf-tools,PDF Tools,Protect PDF,protect-pdf,https://www.mytulify.com/pdf-tools/protect-pdf,Protect PDF,high,low
Protect PDF online,tool_variant,pdf-tools,PDF Tools,Protect PDF,protect-pdf,https://www.mytulify.com/pdf-tools/protect-pdf,Protect PDF,high,low
PDF Tools Protect PDF,tool_variant,pdf-tools,PDF Tools,Protect PDF,protect-pdf,https://www.mytulify.com/pdf-tools/protect-pdf,Protect PDF,high,low
Add a password and encryption to lock a PDF,tool_variant,pdf-tools,PDF Tools,Protect PDF,protect-pdf,https://www.mytulify.com/pdf-tools/protect-pdf,Protect PDF,high,low
Unlock PDF,tool,pdf-tools,PDF Tools,Unlock PDF,unlock-pdf,https://www.mytulify.com/pdf-tools/unlock-pdf,Unlock PDF,high,low
free Unlock PDF,tool_variant,pdf-tools,PDF Tools,Unlock PDF,unlock-pdf,https://www.mytulify.com/pdf-tools/unlock-pdf,Unlock PDF,high,low
free online Unlock PDF,tool_variant,pdf-tools,PDF Tools,Unlock PDF,unlock-pdf,https://www.mytulify.com/pdf-tools/unlock-pdf,Unlock PDF,high,low
Unlock PDF online,tool_variant,pdf-tools,PDF Tools,Unlock PDF,unlock-pdf,https://www.mytulify.com/pdf-tools/unlock-pdf,Unlock PDF,high,low
PDF Tools Unlock PDF,tool_variant,pdf-tools,PDF Tools,Unlock PDF,unlock-pdf,https://www.mytulify.com/pdf-tools/unlock-pdf,Unlock PDF,high,low
Remove a known password from a PDF file,tool_variant,pdf-tools,PDF Tools,Unlock PDF,unlock-pdf,https://www.mytulify.com/pdf-tools/unlock-pdf,Unlock PDF,high,low
Sign PDF,tool,pdf-tools,PDF Tools,Sign PDF,sign-pdf,https://www.mytulify.com/pdf-tools/sign-pdf,Sign PDF,high,medium
free Sign PDF,tool_variant,pdf-tools,PDF Tools,Sign PDF,sign-pdf,https://www.mytulify.com/pdf-tools/sign-pdf,Sign PDF,high,medium
free online Sign PDF,tool_variant,pdf-tools,PDF Tools,Sign PDF,sign-pdf,https://www.mytulify.com/pdf-tools/sign-pdf,Sign PDF,high,medium
Sign PDF online,tool_variant,pdf-tools,PDF Tools,Sign PDF,sign-pdf,https://www.mytulify.com/pdf-tools/sign-pdf,Sign PDF,high,medium
PDF Tools Sign PDF,tool_variant,pdf-tools,PDF Tools,Sign PDF,sign-pdf,https://www.mytulify.com/pdf-tools/sign-pdf,Sign PDF,high,medium
"Preview PDF pages, draw/type/upload signatures, drag & resize placement, multi-page signing — free in browser",tool_variant,pdf-tools,PDF Tools,Sign PDF,sign-pdf,https://www.mytulify.com/pdf-tools/sign-pdf,Sign PDF,high,medium
Edit PDF,tool,pdf-tools,PDF Tools,Edit PDF,edit-pdf,https://www.mytulify.com/pdf-tools/edit-pdf,Edit PDF,high,medium
free Edit PDF,tool_variant,pdf-tools,PDF Tools,Edit PDF,edit-pdf,https://www.mytulify.com/pdf-tools/edit-pdf,Edit PDF,high,medium
free online Edit PDF,tool_variant,pdf-tools,PDF Tools,Edit PDF,edit-pdf,https://www.mytulify.com/pdf-tools/edit-pdf,Edit PDF,high,medium
Edit PDF online,tool_variant,pdf-tools,PDF Tools,Edit PDF,edit-pdf,https://www.mytulify.com/pdf-tools/edit-pdf,Edit PDF,high,medium
PDF Tools Edit PDF,tool_variant,pdf-tools,PDF Tools,Edit PDF,edit-pdf,https://www.mytulify.com/pdf-tools/edit-pdf,Edit PDF,high,medium
"Add text, images, shapes, and annotations to a PDF",tool_variant,pdf-tools,PDF Tools,Edit PDF,edit-pdf,https://www.mytulify.com/pdf-tools/edit-pdf,Edit PDF,high,medium
Fill PDF Form,tool,pdf-tools,PDF Tools,Fill PDF Form,fill-pdf-form,https://www.mytulify.com/pdf-tools/fill-pdf-form,Fill PDF Form,medium,low
free Fill PDF Form,tool_variant,pdf-tools,PDF Tools,Fill PDF Form,fill-pdf-form,https://www.mytulify.com/pdf-tools/fill-pdf-form,Fill PDF Form,medium,low
free online Fill PDF Form,tool_variant,pdf-tools,PDF Tools,Fill PDF Form,fill-pdf-form,https://www.mytulify.com/pdf-tools/fill-pdf-form,Fill PDF Form,medium,low
Fill PDF Form online,tool_variant,pdf-tools,PDF Tools,Fill PDF Form,fill-pdf-form,https://www.mytulify.com/pdf-tools/fill-pdf-form,Fill PDF Form,medium,low
PDF Tools Fill PDF Form,tool_variant,pdf-tools,PDF Tools,Fill PDF Form,fill-pdf-form,https://www.mytulify.com/pdf-tools/fill-pdf-form,Fill PDF Form,medium,low
Fill in and flatten interactive PDF form fields,tool_variant,pdf-tools,PDF Tools,Fill PDF Form,fill-pdf-form,https://www.mytulify.com/pdf-tools/fill-pdf-form,Fill PDF Form,medium,low
Flatten PDF,tool,pdf-tools,PDF Tools,Flatten PDF,flatten-pdf,https://www.mytulify.com/pdf-tools/flatten-pdf,Flatten PDF,medium,low
free Flatten PDF,tool_variant,pdf-tools,PDF Tools,Flatten PDF,flatten-pdf,https://www.mytulify.com/pdf-tools/flatten-pdf,Flatten PDF,medium,low
free online Flatten PDF,tool_variant,pdf-tools,PDF Tools,Flatten PDF,flatten-pdf,https://www.mytulify.com/pdf-tools/flatten-pdf,Flatten PDF,medium,low
Flatten PDF online,tool_variant,pdf-tools,PDF Tools,Flatten PDF,flatten-pdf,https://www.mytulify.com/pdf-tools/flatten-pdf,Flatten PDF,medium,low
PDF Tools Flatten PDF,tool_variant,pdf-tools,PDF Tools,Flatten PDF,flatten-pdf,https://www.mytulify.com/pdf-tools/flatten-pdf,Flatten PDF,medium,low
Merge annotations and form fields into static content,tool_variant,pdf-tools,PDF Tools,Flatten PDF,flatten-pdf,https://www.mytulify.com/pdf-tools/flatten-pdf,Flatten PDF,medium,low
Resize PDF,tool,pdf-tools,PDF Tools,Resize PDF,resize-pdf,https://www.mytulify.com/pdf-tools/resize-pdf,Resize PDF,medium,low
free Resize PDF,tool_variant,pdf-tools,PDF Tools,Resize PDF,resize-pdf,https://www.mytulify.com/pdf-tools/resize-pdf,Resize PDF,medium,low
free online Resize PDF,tool_variant,pdf-tools,PDF Tools,Resize PDF,resize-pdf,https://www.mytulify.com/pdf-tools/resize-pdf,Resize PDF,medium,low
Resize PDF online,tool_variant,pdf-tools,PDF Tools,Resize PDF,resize-pdf,https://www.mytulify.com/pdf-tools/resize-pdf,Resize PDF,medium,low
PDF Tools Resize PDF,tool_variant,pdf-tools,PDF Tools,Resize PDF,resize-pdf,https://www.mytulify.com/pdf-tools/resize-pdf,Resize PDF,medium,low
"Scale PDF pages to A4, Letter, or custom dimensions",tool_variant,pdf-tools,PDF Tools,Resize PDF,resize-pdf,https://www.mytulify.com/pdf-tools/resize-pdf,Resize PDF,medium,low
Reverse PDF Pages,tool,pdf-tools,PDF Tools,Reverse PDF Pages,reverse-pdf-pages,https://www.mytulify.com/pdf-tools/reverse-pdf-pages,Reverse PDF Pages,low,low
free Reverse PDF Pages,tool_variant,pdf-tools,PDF Tools,Reverse PDF Pages,reverse-pdf-pages,https://www.mytulify.com/pdf-tools/reverse-pdf-pages,Reverse PDF Pages,low,low
free online Reverse PDF Pages,tool_variant,pdf-tools,PDF Tools,Reverse PDF Pages,reverse-pdf-pages,https://www.mytulify.com/pdf-tools/reverse-pdf-pages,Reverse PDF Pages,low,low
Reverse PDF Pages online,tool_variant,pdf-tools,PDF Tools,Reverse PDF Pages,reverse-pdf-pages,https://www.mytulify.com/pdf-tools/reverse-pdf-pages,Reverse PDF Pages,low,low
PDF Tools Reverse PDF Pages,tool_variant,pdf-tools,PDF Tools,Reverse PDF Pages,reverse-pdf-pages,https://www.mytulify.com/pdf-tools/reverse-pdf-pages,Reverse PDF Pages,low,low
Flip the page order of a PDF document,tool_variant,pdf-tools,PDF Tools,Reverse PDF Pages,reverse-pdf-pages,https://www.mytulify.com/pdf-tools/reverse-pdf-pages,Reverse PDF Pages,low,low
Split PDF in Half,tool,pdf-tools,PDF Tools,Split PDF in Half,split-pdf-in-half,https://www.mytulify.com/pdf-tools/split-pdf-in-half,Split PDF in Half,medium,low
free Split PDF in Half,tool_variant,pdf-tools,PDF Tools,Split PDF in Half,split-pdf-in-half,https://www.mytulify.com/pdf-tools/split-pdf-in-half,Split PDF in Half,medium,low
free online Split PDF in Half,tool_variant,pdf-tools,PDF Tools,Split PDF in Half,split-pdf-in-half,https://www.mytulify.com/pdf-tools/split-pdf-in-half,Split PDF in Half,medium,low
Split PDF in Half online,tool_variant,pdf-tools,PDF Tools,Split PDF in Half,split-pdf-in-half,https://www.mytulify.com/pdf-tools/split-pdf-in-half,Split PDF in Half,medium,low
PDF Tools Split PDF in Half,tool_variant,pdf-tools,PDF Tools,Split PDF in Half,split-pdf-in-half,https://www.mytulify.com/pdf-tools/split-pdf-in-half,Split PDF in Half,medium,low
Cut each PDF page vertically or horizontally into two,tool_variant,pdf-tools,PDF Tools,Split PDF in Half,split-pdf-in-half,https://www.mytulify.com/pdf-tools/split-pdf-in-half,Split PDF in Half,medium,low
Extract Text from PDF,tool,pdf-tools,PDF Tools,Extract Text from PDF,extract-text-from-pdf,https://www.mytulify.com/pdf-tools/extract-text-from-pdf,Extract Text from PDF,medium,low
free Extract Text from PDF,tool_variant,pdf-tools,PDF Tools,Extract Text from PDF,extract-text-from-pdf,https://www.mytulify.com/pdf-tools/extract-text-from-pdf,Extract Text from PDF,medium,low
free online Extract Text from PDF,tool_variant,pdf-tools,PDF Tools,Extract Text from PDF,extract-text-from-pdf,https://www.mytulify.com/pdf-tools/extract-text-from-pdf,Extract Text from PDF,medium,low
Extract Text from PDF online,tool_variant,pdf-tools,PDF Tools,Extract Text from PDF,extract-text-from-pdf,https://www.mytulify.com/pdf-tools/extract-text-from-pdf,Extract Text from PDF,medium,low
PDF Tools Extract Text from PDF,tool_variant,pdf-tools,PDF Tools,Extract Text from PDF,extract-text-from-pdf,https://www.mytulify.com/pdf-tools/extract-text-from-pdf,Extract Text from PDF,medium,low
Copy all selectable text out of a PDF as plain text,tool_variant,pdf-tools,PDF Tools,Extract Text from PDF,extract-text-from-pdf,https://www.mytulify.com/pdf-tools/extract-text-from-pdf,Extract Text from PDF,medium,low
PDF Page Counter,tool,pdf-tools,PDF Tools,PDF Page Counter,pdf-page-counter,https://www.mytulify.com/pdf-tools/pdf-page-counter,PDF Page Counter,low,low
free PDF Page Counter,tool_variant,pdf-tools,PDF Tools,PDF Page Counter,pdf-page-counter,https://www.mytulify.com/pdf-tools/pdf-page-counter,PDF Page Counter,low,low
free online PDF Page Counter,tool_variant,pdf-tools,PDF Tools,PDF Page Counter,pdf-page-counter,https://www.mytulify.com/pdf-tools/pdf-page-counter,PDF Page Counter,low,low
PDF Page Counter online,tool_variant,pdf-tools,PDF Tools,PDF Page Counter,pdf-page-counter,https://www.mytulify.com/pdf-tools/pdf-page-counter,PDF Page Counter,low,low
PDF Tools PDF Page Counter,tool_variant,pdf-tools,PDF Tools,PDF Page Counter,pdf-page-counter,https://www.mytulify.com/pdf-tools/pdf-page-counter,PDF Page Counter,low,low
Instantly count the number of pages in a PDF,tool_variant,pdf-tools,PDF Tools,PDF Page Counter,pdf-page-counter,https://www.mytulify.com/pdf-tools/pdf-page-counter,PDF Page Counter,low,low
Duplicate PDF Pages,tool,pdf-tools,PDF Tools,Duplicate PDF Pages,duplicate-pdf-pages,https://www.mytulify.com/pdf-tools/duplicate-pdf-pages,Duplicate PDF Pages,low,low
free Duplicate PDF Pages,tool_variant,pdf-tools,PDF Tools,Duplicate PDF Pages,duplicate-pdf-pages,https://www.mytulify.com/pdf-tools/duplicate-pdf-pages,Duplicate PDF Pages,low,low
free online Duplicate PDF Pages,tool_variant,pdf-tools,PDF Tools,Duplicate PDF Pages,duplicate-pdf-pages,https://www.mytulify.com/pdf-tools/duplicate-pdf-pages,Duplicate PDF Pages,low,low
Duplicate PDF Pages online,tool_variant,pdf-tools,PDF Tools,Duplicate PDF Pages,duplicate-pdf-pages,https://www.mytulify.com/pdf-tools/duplicate-pdf-pages,Duplicate PDF Pages,low,low
PDF Tools Duplicate PDF Pages,tool_variant,pdf-tools,PDF Tools,Duplicate PDF Pages,duplicate-pdf-pages,https://www.mytulify.com/pdf-tools/duplicate-pdf-pages,Duplicate PDF Pages,low,low
Copy and repeat selected pages within a PDF,tool_variant,pdf-tools,PDF Tools,Duplicate PDF Pages,duplicate-pdf-pages,https://www.mytulify.com/pdf-tools/duplicate-pdf-pages,Duplicate PDF Pages,low,low
PDF to Word,tool,pdf-tools,PDF Tools,PDF to Word,pdf-to-word,https://www.mytulify.com/pdf-tools/pdf-to-word,PDF to Word,high,medium
free PDF to Word,tool_variant,pdf-tools,PDF Tools,PDF to Word,pdf-to-word,https://www.mytulify.com/pdf-tools/pdf-to-word,PDF to Word,high,medium
free online PDF to Word,tool_variant,pdf-tools,PDF Tools,PDF to Word,pdf-to-word,https://www.mytulify.com/pdf-tools/pdf-to-word,PDF to Word,high,medium
PDF to Word online,tool_variant,pdf-tools,PDF Tools,PDF to Word,pdf-to-word,https://www.mytulify.com/pdf-tools/pdf-to-word,PDF to Word,high,medium
PDF Tools PDF to Word,tool_variant,pdf-tools,PDF Tools,PDF to Word,pdf-to-word,https://www.mytulify.com/pdf-tools/pdf-to-word,PDF to Word,high,medium
Convert a PDF into an editable DOC/DOCX document,tool_variant,pdf-tools,PDF Tools,PDF to Word,pdf-to-word,https://www.mytulify.com/pdf-tools/pdf-to-word,PDF to Word,high,medium
Word to PDF,tool,pdf-tools,PDF Tools,Word to PDF,word-to-pdf,https://www.mytulify.com/pdf-tools/word-to-pdf,Word to PDF,high,medium
free Word to PDF,tool_variant,pdf-tools,PDF Tools,Word to PDF,word-to-pdf,https://www.mytulify.com/pdf-tools/word-to-pdf,Word to PDF,high,medium
free online Word to PDF,tool_variant,pdf-tools,PDF Tools,Word to PDF,word-to-pdf,https://www.mytulify.com/pdf-tools/word-to-pdf,Word to PDF,high,medium
Word to PDF online,tool_variant,pdf-tools,PDF Tools,Word to PDF,word-to-pdf,https://www.mytulify.com/pdf-tools/word-to-pdf,Word to PDF,high,medium
PDF Tools Word to PDF,tool_variant,pdf-tools,PDF Tools,Word to PDF,word-to-pdf,https://www.mytulify.com/pdf-tools/word-to-pdf,Word to PDF,high,medium
Convert DOC/DOCX documents into PDF files,tool_variant,pdf-tools,PDF Tools,Word to PDF,word-to-pdf,https://www.mytulify.com/pdf-tools/word-to-pdf,Word to PDF,high,medium
TXT to PDF,tool,pdf-tools,PDF Tools,TXT to PDF,txt-to-pdf,https://www.mytulify.com/pdf-tools/txt-to-pdf,TXT to PDF,medium,low
free TXT to PDF,tool_variant,pdf-tools,PDF Tools,TXT to PDF,txt-to-pdf,https://www.mytulify.com/pdf-tools/txt-to-pdf,TXT to PDF,medium,low
free online TXT to PDF,tool_variant,pdf-tools,PDF Tools,TXT to PDF,txt-to-pdf,https://www.mytulify.com/pdf-tools/txt-to-pdf,TXT to PDF,medium,low
TXT to PDF online,tool_variant,pdf-tools,PDF Tools,TXT to PDF,txt-to-pdf,https://www.mytulify.com/pdf-tools/txt-to-pdf,TXT to PDF,medium,low
PDF Tools TXT to PDF,tool_variant,pdf-tools,PDF Tools,TXT to PDF,txt-to-pdf,https://www.mytulify.com/pdf-tools/txt-to-pdf,TXT to PDF,medium,low
Convert plain text files into a formatted PDF document,tool_variant,pdf-tools,PDF Tools,TXT to PDF,txt-to-pdf,https://www.mytulify.com/pdf-tools/txt-to-pdf,TXT to PDF,medium,low
CSV to PDF,tool,pdf-tools,PDF Tools,CSV to PDF,csv-to-pdf,https://www.mytulify.com/pdf-tools/csv-to-pdf,CSV to PDF,medium,low
free CSV to PDF,tool_variant,pdf-tools,PDF Tools,CSV to PDF,csv-to-pdf,https://www.mytulify.com/pdf-tools/csv-to-pdf,CSV to PDF,medium,low
free online CSV to PDF,tool_variant,pdf-tools,PDF Tools,CSV to PDF,csv-to-pdf,https://www.mytulify.com/pdf-tools/csv-to-pdf,CSV to PDF,medium,low
CSV to PDF online,tool_variant,pdf-tools,PDF Tools,CSV to PDF,csv-to-pdf,https://www.mytulify.com/pdf-tools/csv-to-pdf,CSV to PDF,medium,low
PDF Tools CSV to PDF,tool_variant,pdf-tools,PDF Tools,CSV to PDF,csv-to-pdf,https://www.mytulify.com/pdf-tools/csv-to-pdf,CSV to PDF,medium,low
Turn CSV spreadsheet data into a readable PDF,tool_variant,pdf-tools,PDF Tools,CSV to PDF,csv-to-pdf,https://www.mytulify.com/pdf-tools/csv-to-pdf,CSV to PDF,medium,low
Excel to PDF,tool,pdf-tools,PDF Tools,Excel to PDF,excel-to-pdf,https://www.mytulify.com/pdf-tools/excel-to-pdf,Excel to PDF,high,medium
free Excel to PDF,tool_variant,pdf-tools,PDF Tools,Excel to PDF,excel-to-pdf,https://www.mytulify.com/pdf-tools/excel-to-pdf,Excel to PDF,high,medium
free online Excel to PDF,tool_variant,pdf-tools,PDF Tools,Excel to PDF,excel-to-pdf,https://www.mytulify.com/pdf-tools/excel-to-pdf,Excel to PDF,high,medium
Excel to PDF online,tool_variant,pdf-tools,PDF Tools,Excel to PDF,excel-to-pdf,https://www.mytulify.com/pdf-tools/excel-to-pdf,Excel to PDF,high,medium
PDF Tools Excel to PDF,tool_variant,pdf-tools,PDF Tools,Excel to PDF,excel-to-pdf,https://www.mytulify.com/pdf-tools/excel-to-pdf,Excel to PDF,high,medium
Convert CSV exports from Excel into PDF files,tool_variant,pdf-tools,PDF Tools,Excel to PDF,excel-to-pdf,https://www.mytulify.com/pdf-tools/excel-to-pdf,Excel to PDF,high,medium
PDF to Excel,tool,pdf-tools,PDF Tools,PDF to Excel,pdf-to-excel,https://www.mytulify.com/pdf-tools/pdf-to-excel,PDF to Excel,high,medium
free PDF to Excel,tool_variant,pdf-tools,PDF Tools,PDF to Excel,pdf-to-excel,https://www.mytulify.com/pdf-tools/pdf-to-excel,PDF to Excel,high,medium
free online PDF to Excel,tool_variant,pdf-tools,PDF Tools,PDF to Excel,pdf-to-excel,https://www.mytulify.com/pdf-tools/pdf-to-excel,PDF to Excel,high,medium
PDF to Excel online,tool_variant,pdf-tools,PDF Tools,PDF to Excel,pdf-to-excel,https://www.mytulify.com/pdf-tools/pdf-to-excel,PDF to Excel,high,medium
PDF Tools PDF to Excel,tool_variant,pdf-tools,PDF Tools,PDF to Excel,pdf-to-excel,https://www.mytulify.com/pdf-tools/pdf-to-excel,PDF to Excel,high,medium
Extract PDF table data and download as CSV for Excel,tool_variant,pdf-tools,PDF Tools,PDF to Excel,pdf-to-excel,https://www.mytulify.com/pdf-tools/pdf-to-excel,PDF to Excel,high,medium
EPUB to PDF,tool,pdf-tools,PDF Tools,EPUB to PDF,epub-to-pdf,https://www.mytulify.com/pdf-tools/epub-to-pdf,EPUB to PDF,medium,low
free EPUB to PDF,tool_variant,pdf-tools,PDF Tools,EPUB to PDF,epub-to-pdf,https://www.mytulify.com/pdf-tools/epub-to-pdf,EPUB to PDF,medium,low
free online EPUB to PDF,tool_variant,pdf-tools,PDF Tools,EPUB to PDF,epub-to-pdf,https://www.mytulify.com/pdf-tools/epub-to-pdf,EPUB to PDF,medium,low
EPUB to PDF online,tool_variant,pdf-tools,PDF Tools,EPUB to PDF,epub-to-pdf,https://www.mytulify.com/pdf-tools/epub-to-pdf,EPUB to PDF,medium,low
PDF Tools EPUB to PDF,tool_variant,pdf-tools,PDF Tools,EPUB to PDF,epub-to-pdf,https://www.mytulify.com/pdf-tools/epub-to-pdf,EPUB to PDF,medium,low
Convert EPUB ebooks to PDF for printing or sharing,tool_variant,pdf-tools,PDF Tools,EPUB to PDF,epub-to-pdf,https://www.mytulify.com/pdf-tools/epub-to-pdf,EPUB to PDF,medium,low
CBZ to PDF,tool,pdf-tools,PDF Tools,CBZ to PDF,cbz-to-pdf,https://www.mytulify.com/pdf-tools/cbz-to-pdf,CBZ to PDF,medium,low
free CBZ to PDF,tool_variant,pdf-tools,PDF Tools,CBZ to PDF,cbz-to-pdf,https://www.mytulify.com/pdf-tools/cbz-to-pdf,CBZ to PDF,medium,low
free online CBZ to PDF,tool_variant,pdf-tools,PDF Tools,CBZ to PDF,cbz-to-pdf,https://www.mytulify.com/pdf-tools/cbz-to-pdf,CBZ to PDF,medium,low
CBZ to PDF online,tool_variant,pdf-tools,PDF Tools,CBZ to PDF,cbz-to-pdf,https://www.mytulify.com/pdf-tools/cbz-to-pdf,CBZ to PDF,medium,low
PDF Tools CBZ to PDF,tool_variant,pdf-tools,PDF Tools,CBZ to PDF,cbz-to-pdf,https://www.mytulify.com/pdf-tools/cbz-to-pdf,CBZ to PDF,medium,low
Convert CBZ comic archives to a single PDF,tool_variant,pdf-tools,PDF Tools,CBZ to PDF,cbz-to-pdf,https://www.mytulify.com/pdf-tools/cbz-to-pdf,CBZ to PDF,medium,low
PDF to CBZ,tool,pdf-tools,PDF Tools,PDF to CBZ,pdf-to-cbz,https://www.mytulify.com/pdf-tools/pdf-to-cbz,PDF to CBZ,low,low
free PDF to CBZ,tool_variant,pdf-tools,PDF Tools,PDF to CBZ,pdf-to-cbz,https://www.mytulify.com/pdf-tools/pdf-to-cbz,PDF to CBZ,low,low
free online PDF to CBZ,tool_variant,pdf-tools,PDF Tools,PDF to CBZ,pdf-to-cbz,https://www.mytulify.com/pdf-tools/pdf-to-cbz,PDF to CBZ,low,low
PDF to CBZ online,tool_variant,pdf-tools,PDF Tools,PDF to CBZ,pdf-to-cbz,https://www.mytulify.com/pdf-tools/pdf-to-cbz,PDF to CBZ,low,low
PDF Tools PDF to CBZ,tool_variant,pdf-tools,PDF Tools,PDF to CBZ,pdf-to-cbz,https://www.mytulify.com/pdf-tools/pdf-to-cbz,PDF to CBZ,low,low
Convert PDF pages into a CBZ comic archive,tool_variant,pdf-tools,PDF Tools,PDF to CBZ,pdf-to-cbz,https://www.mytulify.com/pdf-tools/pdf-to-cbz,PDF to CBZ,low,low
PDF to PDF/A,tool,pdf-tools,PDF Tools,PDF to PDF/A,pdf-to-pdf-a,https://www.mytulify.com/pdf-tools/pdf-to-pdf-a,PDF to PDF/A,medium,low
free PDF to PDF/A,tool_variant,pdf-tools,PDF Tools,PDF to PDF/A,pdf-to-pdf-a,https://www.mytulify.com/pdf-tools/pdf-to-pdf-a,PDF to PDF/A,medium,low
free online PDF to PDF/A,tool_variant,pdf-tools,PDF Tools,PDF to PDF/A,pdf-to-pdf-a,https://www.mytulify.com/pdf-tools/pdf-to-pdf-a,PDF to PDF/A,medium,low
PDF to PDF/A online,tool_variant,pdf-tools,PDF Tools,PDF to PDF/A,pdf-to-pdf-a,https://www.mytulify.com/pdf-tools/pdf-to-pdf-a,PDF to PDF/A,medium,low
pdf to pdf a,tool_variant,pdf-tools,PDF Tools,PDF to PDF/A,pdf-to-pdf-a,https://www.mytulify.com/pdf-tools/pdf-to-pdf-a,PDF to PDF/A,medium,low
PDF Tools PDF to PDF/A,tool_variant,pdf-tools,PDF Tools,PDF to PDF/A,pdf-to-pdf-a,https://www.mytulify.com/pdf-tools/pdf-to-pdf-a,PDF to PDF/A,medium,low
Prepare PDFs for long-term archival (PDF/A style export),tool_variant,pdf-tools,PDF Tools,PDF to PDF/A,pdf-to-pdf-a,https://www.mytulify.com/pdf-tools/pdf-to-pdf-a,PDF to PDF/A,medium,low
Bank Statement to Excel,tool,pdf-tools,PDF Tools,Bank Statement to Excel,bank-statement-to-excel,https://www.mytulify.com/pdf-tools/bank-statement-to-excel,Bank Statement to Excel,high,medium
free Bank Statement to Excel,tool_variant,pdf-tools,PDF Tools,Bank Statement to Excel,bank-statement-to-excel,https://www.mytulify.com/pdf-tools/bank-statement-to-excel,Bank Statement to Excel,high,medium
free online Bank Statement to Excel,tool_variant,pdf-tools,PDF Tools,Bank Statement to Excel,bank-statement-to-excel,https://www.mytulify.com/pdf-tools/bank-statement-to-excel,Bank Statement to Excel,high,medium
Bank Statement to Excel online,tool_variant,pdf-tools,PDF Tools,Bank Statement to Excel,bank-statement-to-excel,https://www.mytulify.com/pdf-tools/bank-statement-to-excel,Bank Statement to Excel,high,medium
PDF Tools Bank Statement to Excel,tool_variant,pdf-tools,PDF Tools,Bank Statement to Excel,bank-statement-to-excel,https://www.mytulify.com/pdf-tools/bank-statement-to-excel,Bank Statement to Excel,high,medium
Extract bank statement PDF data to CSV for Excel,tool_variant,pdf-tools,PDF Tools,Bank Statement to Excel,bank-statement-to-excel,https://www.mytulify.com/pdf-tools/bank-statement-to-excel,Bank Statement to Excel,high,medium
Password Generator,tool,security-password-tools,Security & Password Tools,Password Generator,password-generator,https://www.mytulify.com/security-password-tools/password-generator,Password Generator,high,medium
free Password Generator,tool_variant,security-password-tools,Security & Password Tools,Password Generator,password-generator,https://www.mytulify.com/security-password-tools/password-generator,Password Generator,high,medium
free online Password Generator,tool_variant,security-password-tools,Security & Password Tools,Password Generator,password-generator,https://www.mytulify.com/security-password-tools/password-generator,Password Generator,high,medium
Password Generator online,tool_variant,security-password-tools,Security & Password Tools,Password Generator,password-generator,https://www.mytulify.com/security-password-tools/password-generator,Password Generator,high,medium
Security & Password Tools Password Generator,tool_variant,security-password-tools,Security & Password Tools,Password Generator,password-generator,https://www.mytulify.com/security-password-tools/password-generator,Password Generator,high,medium
Generate strong random passwords with adjustable length and character sets,tool_variant,security-password-tools,Security & Password Tools,Password Generator,password-generator,https://www.mytulify.com/security-password-tools/password-generator,Password Generator,high,medium
Password Strength Checker,tool,security-password-tools,Security & Password Tools,Password Strength Checker,password-strength-checker,https://www.mytulify.com/security-password-tools/password-strength-checker,Password Strength Checker,high,medium
free Password Strength Checker,tool_variant,security-password-tools,Security & Password Tools,Password Strength Checker,password-strength-checker,https://www.mytulify.com/security-password-tools/password-strength-checker,Password Strength Checker,high,medium
free online Password Strength Checker,tool_variant,security-password-tools,Security & Password Tools,Password Strength Checker,password-strength-checker,https://www.mytulify.com/security-password-tools/password-strength-checker,Password Strength Checker,high,medium
Password Strength Checker online,tool_variant,security-password-tools,Security & Password Tools,Password Strength Checker,password-strength-checker,https://www.mytulify.com/security-password-tools/password-strength-checker,Password Strength Checker,high,medium
Security & Password Tools Password Strength Checker,tool_variant,security-password-tools,Security & Password Tools,Password Strength Checker,password-strength-checker,https://www.mytulify.com/security-password-tools/password-strength-checker,Password Strength Checker,high,medium
Estimate password strength and crack time in the browser,tool_variant,security-password-tools,Security & Password Tools,Password Strength Checker,password-strength-checker,https://www.mytulify.com/security-password-tools/password-strength-checker,Password Strength Checker,high,medium
MD5 Hash Generator,tool,security-password-tools,Security & Password Tools,MD5 Hash Generator,md5-hash-generator,https://www.mytulify.com/security-password-tools/md5-hash-generator,MD5 Hash Generator,high,low
free MD5 Hash Generator,tool_variant,security-password-tools,Security & Password Tools,MD5 Hash Generator,md5-hash-generator,https://www.mytulify.com/security-password-tools/md5-hash-generator,MD5 Hash Generator,high,low
free online MD5 Hash Generator,tool_variant,security-password-tools,Security & Password Tools,MD5 Hash Generator,md5-hash-generator,https://www.mytulify.com/security-password-tools/md5-hash-generator,MD5 Hash Generator,high,low
MD5 Hash Generator online,tool_variant,security-password-tools,Security & Password Tools,MD5 Hash Generator,md5-hash-generator,https://www.mytulify.com/security-password-tools/md5-hash-generator,MD5 Hash Generator,high,low
Security & Password Tools MD5 Hash Generator,tool_variant,security-password-tools,Security & Password Tools,MD5 Hash Generator,md5-hash-generator,https://www.mytulify.com/security-password-tools/md5-hash-generator,MD5 Hash Generator,high,low
Compute the MD5 hash of any input text,tool_variant,security-password-tools,Security & Password Tools,MD5 Hash Generator,md5-hash-generator,https://www.mytulify.com/security-password-tools/md5-hash-generator,MD5 Hash Generator,high,low
SHA-256 Hash Generator,tool,security-password-tools,Security & Password Tools,SHA-256 Hash Generator,sha256-hash-generator,https://www.mytulify.com/security-password-tools/sha256-hash-generator,SHA-256 Hash Generator,high,low
free SHA-256 Hash Generator,tool_variant,security-password-tools,Security & Password Tools,SHA-256 Hash Generator,sha256-hash-generator,https://www.mytulify.com/security-password-tools/sha256-hash-generator,SHA-256 Hash Generator,high,low
free online SHA-256 Hash Generator,tool_variant,security-password-tools,Security & Password Tools,SHA-256 Hash Generator,sha256-hash-generator,https://www.mytulify.com/security-password-tools/sha256-hash-generator,SHA-256 Hash Generator,high,low
SHA-256 Hash Generator online,tool_variant,security-password-tools,Security & Password Tools,SHA-256 Hash Generator,sha256-hash-generator,https://www.mytulify.com/security-password-tools/sha256-hash-generator,SHA-256 Hash Generator,high,low
sha256 hash generator,tool_variant,security-password-tools,Security & Password Tools,SHA-256 Hash Generator,sha256-hash-generator,https://www.mytulify.com/security-password-tools/sha256-hash-generator,SHA-256 Hash Generator,high,low
Security & Password Tools SHA-256 Hash Generator,tool_variant,security-password-tools,Security & Password Tools,SHA-256 Hash Generator,sha256-hash-generator,https://www.mytulify.com/security-password-tools/sha256-hash-generator,SHA-256 Hash Generator,high,low
Generate SHA-256 hashes via the Web Crypto API,tool_variant,security-password-tools,Security & Password Tools,SHA-256 Hash Generator,sha256-hash-generator,https://www.mytulify.com/security-password-tools/sha256-hash-generator,SHA-256 Hash Generator,high,low
SHA-1 Hash Generator,tool,security-password-tools,Security & Password Tools,SHA-1 Hash Generator,sha1-hash-generator,https://www.mytulify.com/security-password-tools/sha1-hash-generator,SHA-1 Hash Generator,medium,low
free SHA-1 Hash Generator,tool_variant,security-password-tools,Security & Password Tools,SHA-1 Hash Generator,sha1-hash-generator,https://www.mytulify.com/security-password-tools/sha1-hash-generator,SHA-1 Hash Generator,medium,low
free online SHA-1 Hash Generator,tool_variant,security-password-tools,Security & Password Tools,SHA-1 Hash Generator,sha1-hash-generator,https://www.mytulify.com/security-password-tools/sha1-hash-generator,SHA-1 Hash Generator,medium,low
SHA-1 Hash Generator online,tool_variant,security-password-tools,Security & Password Tools,SHA-1 Hash Generator,sha1-hash-generator,https://www.mytulify.com/security-password-tools/sha1-hash-generator,SHA-1 Hash Generator,medium,low
sha1 hash generator,tool_variant,security-password-tools,Security & Password Tools,SHA-1 Hash Generator,sha1-hash-generator,https://www.mytulify.com/security-password-tools/sha1-hash-generator,SHA-1 Hash Generator,medium,low
Security & Password Tools SHA-1 Hash Generator,tool_variant,security-password-tools,Security & Password Tools,SHA-1 Hash Generator,sha1-hash-generator,https://www.mytulify.com/security-password-tools/sha1-hash-generator,SHA-1 Hash Generator,medium,low
Compute SHA-1 hashes for text input,tool_variant,security-password-tools,Security & Password Tools,SHA-1 Hash Generator,sha1-hash-generator,https://www.mytulify.com/security-password-tools/sha1-hash-generator,SHA-1 Hash Generator,medium,low
SHA-512 Hash Generator,tool,security-password-tools,Security & Password Tools,SHA-512 Hash Generator,sha512-hash-generator,https://www.mytulify.com/security-password-tools/sha512-hash-generator,SHA-512 Hash Generator,medium,low
free SHA-512 Hash Generator,tool_variant,security-password-tools,Security & Password Tools,SHA-512 Hash Generator,sha512-hash-generator,https://www.mytulify.com/security-password-tools/sha512-hash-generator,SHA-512 Hash Generator,medium,low
free online SHA-512 Hash Generator,tool_variant,security-password-tools,Security & Password Tools,SHA-512 Hash Generator,sha512-hash-generator,https://www.mytulify.com/security-password-tools/sha512-hash-generator,SHA-512 Hash Generator,medium,low
SHA-512 Hash Generator online,tool_variant,security-password-tools,Security & Password Tools,SHA-512 Hash Generator,sha512-hash-generator,https://www.mytulify.com/security-password-tools/sha512-hash-generator,SHA-512 Hash Generator,medium,low
sha512 hash generator,tool_variant,security-password-tools,Security & Password Tools,SHA-512 Hash Generator,sha512-hash-generator,https://www.mytulify.com/security-password-tools/sha512-hash-generator,SHA-512 Hash Generator,medium,low
Security & Password Tools SHA-512 Hash Generator,tool_variant,security-password-tools,Security & Password Tools,SHA-512 Hash Generator,sha512-hash-generator,https://www.mytulify.com/security-password-tools/sha512-hash-generator,SHA-512 Hash Generator,medium,low
Generate SHA-512 hashes for text,tool_variant,security-password-tools,Security & Password Tools,SHA-512 Hash Generator,sha512-hash-generator,https://www.mytulify.com/security-password-tools/sha512-hash-generator,SHA-512 Hash Generator,medium,low
Bcrypt Generator,tool,security-password-tools,Security & Password Tools,Bcrypt Generator,bcrypt-generator,https://www.mytulify.com/security-password-tools/bcrypt-generator,Bcrypt Generator,high,medium
free Bcrypt Generator,tool_variant,security-password-tools,Security & Password Tools,Bcrypt Generator,bcrypt-generator,https://www.mytulify.com/security-password-tools/bcrypt-generator,Bcrypt Generator,high,medium
free online Bcrypt Generator,tool_variant,security-password-tools,Security & Password Tools,Bcrypt Generator,bcrypt-generator,https://www.mytulify.com/security-password-tools/bcrypt-generator,Bcrypt Generator,high,medium
Bcrypt Generator online,tool_variant,security-password-tools,Security & Password Tools,Bcrypt Generator,bcrypt-generator,https://www.mytulify.com/security-password-tools/bcrypt-generator,Bcrypt Generator,high,medium
Security & Password Tools Bcrypt Generator,tool_variant,security-password-tools,Security & Password Tools,Bcrypt Generator,bcrypt-generator,https://www.mytulify.com/security-password-tools/bcrypt-generator,Bcrypt Generator,high,medium
"Hash passwords with bcrypt and verify them, with adjustable rounds",tool_variant,security-password-tools,Security & Password Tools,Bcrypt Generator,bcrypt-generator,https://www.mytulify.com/security-password-tools/bcrypt-generator,Bcrypt Generator,high,medium
Bulk Password Generator,tool,security-password-tools,Security & Password Tools,Bulk Password Generator,bulk-password-generator,https://www.mytulify.com/security-password-tools/bulk-password-generator,Bulk Password Generator,medium,low
free Bulk Password Generator,tool_variant,security-password-tools,Security & Password Tools,Bulk Password Generator,bulk-password-generator,https://www.mytulify.com/security-password-tools/bulk-password-generator,Bulk Password Generator,medium,low
free online Bulk Password Generator,tool_variant,security-password-tools,Security & Password Tools,Bulk Password Generator,bulk-password-generator,https://www.mytulify.com/security-password-tools/bulk-password-generator,Bulk Password Generator,medium,low
Bulk Password Generator online,tool_variant,security-password-tools,Security & Password Tools,Bulk Password Generator,bulk-password-generator,https://www.mytulify.com/security-password-tools/bulk-password-generator,Bulk Password Generator,medium,low
Security & Password Tools Bulk Password Generator,tool_variant,security-password-tools,Security & Password Tools,Bulk Password Generator,bulk-password-generator,https://www.mytulify.com/security-password-tools/bulk-password-generator,Bulk Password Generator,medium,low
Generate many strong passwords at once for export,tool_variant,security-password-tools,Security & Password Tools,Bulk Password Generator,bulk-password-generator,https://www.mytulify.com/security-password-tools/bulk-password-generator,Bulk Password Generator,medium,low
Passphrase Generator,tool,security-password-tools,Security & Password Tools,Passphrase Generator,passphrase-generator,https://www.mytulify.com/security-password-tools/passphrase-generator,Passphrase Generator,medium,low
free Passphrase Generator,tool_variant,security-password-tools,Security & Password Tools,Passphrase Generator,passphrase-generator,https://www.mytulify.com/security-password-tools/passphrase-generator,Passphrase Generator,medium,low
free online Passphrase Generator,tool_variant,security-password-tools,Security & Password Tools,Passphrase Generator,passphrase-generator,https://www.mytulify.com/security-password-tools/passphrase-generator,Passphrase Generator,medium,low
Passphrase Generator online,tool_variant,security-password-tools,Security & Password Tools,Passphrase Generator,passphrase-generator,https://www.mytulify.com/security-password-tools/passphrase-generator,Passphrase Generator,medium,low
Security & Password Tools Passphrase Generator,tool_variant,security-password-tools,Security & Password Tools,Passphrase Generator,passphrase-generator,https://www.mytulify.com/security-password-tools/passphrase-generator,Passphrase Generator,medium,low
Build memorable Diceware-style word passphrases,tool_variant,security-password-tools,Security & Password Tools,Passphrase Generator,passphrase-generator,https://www.mytulify.com/security-password-tools/passphrase-generator,Passphrase Generator,medium,low
AES Text Encrypt/Decrypt,tool,security-password-tools,Security & Password Tools,AES Text Encrypt/Decrypt,aes-encrypt-decrypt,https://www.mytulify.com/security-password-tools/aes-encrypt-decrypt,AES Text Encrypt/Decrypt,medium,low
free AES Text Encrypt/Decrypt,tool_variant,security-password-tools,Security & Password Tools,AES Text Encrypt/Decrypt,aes-encrypt-decrypt,https://www.mytulify.com/security-password-tools/aes-encrypt-decrypt,AES Text Encrypt/Decrypt,medium,low
free online AES Text Encrypt/Decrypt,tool_variant,security-password-tools,Security & Password Tools,AES Text Encrypt/Decrypt,aes-encrypt-decrypt,https://www.mytulify.com/security-password-tools/aes-encrypt-decrypt,AES Text Encrypt/Decrypt,medium,low
AES Text Encrypt/Decrypt online,tool_variant,security-password-tools,Security & Password Tools,AES Text Encrypt/Decrypt,aes-encrypt-decrypt,https://www.mytulify.com/security-password-tools/aes-encrypt-decrypt,AES Text Encrypt/Decrypt,medium,low
aes encrypt decrypt,tool_variant,security-password-tools,Security & Password Tools,AES Text Encrypt/Decrypt,aes-encrypt-decrypt,https://www.mytulify.com/security-password-tools/aes-encrypt-decrypt,AES Text Encrypt/Decrypt,medium,low
Security & Password Tools AES Text Encrypt/Decrypt,tool_variant,security-password-tools,Security & Password Tools,AES Text Encrypt/Decrypt,aes-encrypt-decrypt,https://www.mytulify.com/security-password-tools/aes-encrypt-decrypt,AES Text Encrypt/Decrypt,medium,low
"Encrypt and decrypt text with AES-GCM and a passphrase, fully client-side",tool_variant,security-password-tools,Security & Password Tools,AES Text Encrypt/Decrypt,aes-encrypt-decrypt,https://www.mytulify.com/security-password-tools/aes-encrypt-decrypt,AES Text Encrypt/Decrypt,medium,low
HMAC Generator,tool,security-password-tools,Security & Password Tools,HMAC Generator,hmac-generator,https://www.mytulify.com/security-password-tools/hmac-generator,HMAC Generator,medium,low
free HMAC Generator,tool_variant,security-password-tools,Security & Password Tools,HMAC Generator,hmac-generator,https://www.mytulify.com/security-password-tools/hmac-generator,HMAC Generator,medium,low
free online HMAC Generator,tool_variant,security-password-tools,Security & Password Tools,HMAC Generator,hmac-generator,https://www.mytulify.com/security-password-tools/hmac-generator,HMAC Generator,medium,low
HMAC Generator online,tool_variant,security-password-tools,Security & Password Tools,HMAC Generator,hmac-generator,https://www.mytulify.com/security-password-tools/hmac-generator,HMAC Generator,medium,low
Security & Password Tools HMAC Generator,tool_variant,security-password-tools,Security & Password Tools,HMAC Generator,hmac-generator,https://www.mytulify.com/security-password-tools/hmac-generator,HMAC Generator,medium,low
Compute HMAC signatures with a chosen hash and secret key,tool_variant,security-password-tools,Security & Password Tools,HMAC Generator,hmac-generator,https://www.mytulify.com/security-password-tools/hmac-generator,HMAC Generator,medium,low
htpasswd Generator,tool,security-password-tools,Security & Password Tools,htpasswd Generator,htpasswd-generator,https://www.mytulify.com/security-password-tools/htpasswd-generator,htpasswd Generator,medium,low
free htpasswd Generator,tool_variant,security-password-tools,Security & Password Tools,htpasswd Generator,htpasswd-generator,https://www.mytulify.com/security-password-tools/htpasswd-generator,htpasswd Generator,medium,low
free online htpasswd Generator,tool_variant,security-password-tools,Security & Password Tools,htpasswd Generator,htpasswd-generator,https://www.mytulify.com/security-password-tools/htpasswd-generator,htpasswd Generator,medium,low
htpasswd Generator online,tool_variant,security-password-tools,Security & Password Tools,htpasswd Generator,htpasswd-generator,https://www.mytulify.com/security-password-tools/htpasswd-generator,htpasswd Generator,medium,low
Security & Password Tools htpasswd Generator,tool_variant,security-password-tools,Security & Password Tools,htpasswd Generator,htpasswd-generator,https://www.mytulify.com/security-password-tools/htpasswd-generator,htpasswd Generator,medium,low
Create Apache/Nginx htpasswd entries with bcrypt or APR1,tool_variant,security-password-tools,Security & Password Tools,htpasswd Generator,htpasswd-generator,https://www.mytulify.com/security-password-tools/htpasswd-generator,htpasswd Generator,medium,low
Secure UUID Generator,tool,security-password-tools,Security & Password Tools,Secure UUID Generator,secure-uuid-generator,https://www.mytulify.com/security-password-tools/secure-uuid-generator,Secure UUID Generator,high,low
free Secure UUID Generator,tool_variant,security-password-tools,Security & Password Tools,Secure UUID Generator,secure-uuid-generator,https://www.mytulify.com/security-password-tools/secure-uuid-generator,Secure UUID Generator,high,low
free online Secure UUID Generator,tool_variant,security-password-tools,Security & Password Tools,Secure UUID Generator,secure-uuid-generator,https://www.mytulify.com/security-password-tools/secure-uuid-generator,Secure UUID Generator,high,low
Secure UUID Generator online,tool_variant,security-password-tools,Security & Password Tools,Secure UUID Generator,secure-uuid-generator,https://www.mytulify.com/security-password-tools/secure-uuid-generator,Secure UUID Generator,high,low
Security & Password Tools Secure UUID Generator,tool_variant,security-password-tools,Security & Password Tools,Secure UUID Generator,secure-uuid-generator,https://www.mytulify.com/security-password-tools/secure-uuid-generator,Secure UUID Generator,high,low
Generate cryptographically secure v4 UUIDs,tool_variant,security-password-tools,Security & Password Tools,Secure UUID Generator,secure-uuid-generator,https://www.mytulify.com/security-password-tools/secure-uuid-generator,Secure UUID Generator,high,low
API Key Generator,tool,security-password-tools,Security & Password Tools,API Key Generator,api-key-generator,https://www.mytulify.com/security-password-tools/api-key-generator,API Key Generator,medium,low
free API Key Generator,tool_variant,security-password-tools,Security & Password Tools,API Key Generator,api-key-generator,https://www.mytulify.com/security-password-tools/api-key-generator,API Key Generator,medium,low
free online API Key Generator,tool_variant,security-password-tools,Security & Password Tools,API Key Generator,api-key-generator,https://www.mytulify.com/security-password-tools/api-key-generator,API Key Generator,medium,low
API Key Generator online,tool_variant,security-password-tools,Security & Password Tools,API Key Generator,api-key-generator,https://www.mytulify.com/security-password-tools/api-key-generator,API Key Generator,medium,low
Security & Password Tools API Key Generator,tool_variant,security-password-tools,Security & Password Tools,API Key Generator,api-key-generator,https://www.mytulify.com/security-password-tools/api-key-generator,API Key Generator,medium,low
Generate random API keys and secret tokens,tool_variant,security-password-tools,Security & Password Tools,API Key Generator,api-key-generator,https://www.mytulify.com/security-password-tools/api-key-generator,API Key Generator,medium,low
Random Token Generator,tool,security-password-tools,Security & Password Tools,Random Token Generator,random-token-generator,https://www.mytulify.com/security-password-tools/random-token-generator,Random Token Generator,medium,low
free Random Token Generator,tool_variant,security-password-tools,Security & Password Tools,Random Token Generator,random-token-generator,https://www.mytulify.com/security-password-tools/random-token-generator,Random Token Generator,medium,low
free online Random Token Generator,tool_variant,security-password-tools,Security & Password Tools,Random Token Generator,random-token-generator,https://www.mytulify.com/security-password-tools/random-token-generator,Random Token Generator,medium,low
Random Token Generator online,tool_variant,security-password-tools,Security & Password Tools,Random Token Generator,random-token-generator,https://www.mytulify.com/security-password-tools/random-token-generator,Random Token Generator,medium,low
Security & Password Tools Random Token Generator,tool_variant,security-password-tools,Security & Password Tools,Random Token Generator,random-token-generator,https://www.mytulify.com/security-password-tools/random-token-generator,Random Token Generator,medium,low
Produce secure random tokens of configurable length and charset,tool_variant,security-password-tools,Security & Password Tools,Random Token Generator,random-token-generator,https://www.mytulify.com/security-password-tools/random-token-generator,Random Token Generator,medium,low
TOTP / 2FA Code Generator,tool,security-password-tools,Security & Password Tools,TOTP / 2FA Code Generator,totp-generator,https://www.mytulify.com/security-password-tools/totp-generator,TOTP / 2FA Code Generator,medium,low
free TOTP / 2FA Code Generator,tool_variant,security-password-tools,Security & Password Tools,TOTP / 2FA Code Generator,totp-generator,https://www.mytulify.com/security-password-tools/totp-generator,TOTP / 2FA Code Generator,medium,low
free online TOTP / 2FA Code Generator,tool_variant,security-password-tools,Security & Password Tools,TOTP / 2FA Code Generator,totp-generator,https://www.mytulify.com/security-password-tools/totp-generator,TOTP / 2FA Code Generator,medium,low
TOTP / 2FA Code Generator online,tool_variant,security-password-tools,Security & Password Tools,TOTP / 2FA Code Generator,totp-generator,https://www.mytulify.com/security-password-tools/totp-generator,TOTP / 2FA Code Generator,medium,low
totp generator,tool_variant,security-password-tools,Security & Password Tools,TOTP / 2FA Code Generator,totp-generator,https://www.mytulify.com/security-password-tools/totp-generator,TOTP / 2FA Code Generator,medium,low
Security & Password Tools TOTP / 2FA Code Generator,tool_variant,security-password-tools,Security & Password Tools,TOTP / 2FA Code Generator,totp-generator,https://www.mytulify.com/security-password-tools/totp-generator,TOTP / 2FA Code Generator,medium,low
Generate time-based OTP codes from a secret for 2FA testing,tool_variant,security-password-tools,Security & Password Tools,TOTP / 2FA Code Generator,totp-generator,https://www.mytulify.com/security-password-tools/totp-generator,TOTP / 2FA Code Generator,medium,low
Hash Identifier,tool,security-password-tools,Security & Password Tools,Hash Identifier,hash-identifier,https://www.mytulify.com/security-password-tools/hash-identifier,Hash Identifier,medium,low
free Hash Identifier,tool_variant,security-password-tools,Security & Password Tools,Hash Identifier,hash-identifier,https://www.mytulify.com/security-password-tools/hash-identifier,Hash Identifier,medium,low
free online Hash Identifier,tool_variant,security-password-tools,Security & Password Tools,Hash Identifier,hash-identifier,https://www.mytulify.com/security-password-tools/hash-identifier,Hash Identifier,medium,low
Hash Identifier online,tool_variant,security-password-tools,Security & Password Tools,Hash Identifier,hash-identifier,https://www.mytulify.com/security-password-tools/hash-identifier,Hash Identifier,medium,low
Security & Password Tools Hash Identifier,tool_variant,security-password-tools,Security & Password Tools,Hash Identifier,hash-identifier,https://www.mytulify.com/security-password-tools/hash-identifier,Hash Identifier,medium,low
Detect the likely hash algorithm from a given hash string,tool_variant,security-password-tools,Security & Password Tools,Hash Identifier,hash-identifier,https://www.mytulify.com/security-password-tools/hash-identifier,Hash Identifier,medium,low
CRC32 Checksum Generator,tool,security-password-tools,Security & Password Tools,CRC32 Checksum Generator,crc32-generator,https://www.mytulify.com/security-password-tools/crc32-generator,CRC32 Checksum Generator,low,low
free CRC32 Checksum Generator,tool_variant,security-password-tools,Security & Password Tools,CRC32 Checksum Generator,crc32-generator,https://www.mytulify.com/security-password-tools/crc32-generator,CRC32 Checksum Generator,low,low
free online CRC32 Checksum Generator,tool_variant,security-password-tools,Security & Password Tools,CRC32 Checksum Generator,crc32-generator,https://www.mytulify.com/security-password-tools/crc32-generator,CRC32 Checksum Generator,low,low
CRC32 Checksum Generator online,tool_variant,security-password-tools,Security & Password Tools,CRC32 Checksum Generator,crc32-generator,https://www.mytulify.com/security-password-tools/crc32-generator,CRC32 Checksum Generator,low,low
crc32 generator,tool_variant,security-password-tools,Security & Password Tools,CRC32 Checksum Generator,crc32-generator,https://www.mytulify.com/security-password-tools/crc32-generator,CRC32 Checksum Generator,low,low
Security & Password Tools CRC32 Checksum Generator,tool_variant,security-password-tools,Security & Password Tools,CRC32 Checksum Generator,crc32-generator,https://www.mytulify.com/security-password-tools/crc32-generator,CRC32 Checksum Generator,low,low
Compute CRC32 checksums for text or data,tool_variant,security-password-tools,Security & Password Tools,CRC32 Checksum Generator,crc32-generator,https://www.mytulify.com/security-password-tools/crc32-generator,CRC32 Checksum Generator,low,low
Base64 Hash Generator,tool,security-password-tools,Security & Password Tools,Base64 Hash Generator,base64-hash-generator,https://www.mytulify.com/security-password-tools/base64-hash-generator,Base64 Hash Generator,low,low
free Base64 Hash Generator,tool_variant,security-password-tools,Security & Password Tools,Base64 Hash Generator,base64-hash-generator,https://www.mytulify.com/security-password-tools/base64-hash-generator,Base64 Hash Generator,low,low
free online Base64 Hash Generator,tool_variant,security-password-tools,Security & Password Tools,Base64 Hash Generator,base64-hash-generator,https://www.mytulify.com/security-password-tools/base64-hash-generator,Base64 Hash Generator,low,low
Base64 Hash Generator online,tool_variant,security-password-tools,Security & Password Tools,Base64 Hash Generator,base64-hash-generator,https://www.mytulify.com/security-password-tools/base64-hash-generator,Base64 Hash Generator,low,low
Security & Password Tools Base64 Hash Generator,tool_variant,security-password-tools,Security & Password Tools,Base64 Hash Generator,base64-hash-generator,https://www.mytulify.com/security-password-tools/base64-hash-generator,Base64 Hash Generator,low,low
Hash input and output the digest in Base64 form,tool_variant,security-password-tools,Security & Password Tools,Base64 Hash Generator,base64-hash-generator,https://www.mytulify.com/security-password-tools/base64-hash-generator,Base64 Hash Generator,low,low
PIN Generator,tool,security-password-tools,Security & Password Tools,PIN Generator,pin-generator,https://www.mytulify.com/security-password-tools/pin-generator,PIN Generator,medium,low
free PIN Generator,tool_variant,security-password-tools,Security & Password Tools,PIN Generator,pin-generator,https://www.mytulify.com/security-password-tools/pin-generator,PIN Generator,medium,low
free online PIN Generator,tool_variant,security-password-tools,Security & Password Tools,PIN Generator,pin-generator,https://www.mytulify.com/security-password-tools/pin-generator,PIN Generator,medium,low
PIN Generator online,tool_variant,security-password-tools,Security & Password Tools,PIN Generator,pin-generator,https://www.mytulify.com/security-password-tools/pin-generator,PIN Generator,medium,low
Security & Password Tools PIN Generator,tool_variant,security-password-tools,Security & Password Tools,PIN Generator,pin-generator,https://www.mytulify.com/security-password-tools/pin-generator,PIN Generator,medium,low
Generate random numeric PIN codes of chosen length,tool_variant,security-password-tools,Security & Password Tools,PIN Generator,pin-generator,https://www.mytulify.com/security-password-tools/pin-generator,PIN Generator,medium,low
WiFi QR Code Generator,tool,security-password-tools,Security & Password Tools,WiFi QR Code Generator,wifi-qr-code-generator,https://www.mytulify.com/security-password-tools/wifi-qr-code-generator,WiFi QR Code Generator,medium,low
free WiFi QR Code Generator,tool_variant,security-password-tools,Security & Password Tools,WiFi QR Code Generator,wifi-qr-code-generator,https://www.mytulify.com/security-password-tools/wifi-qr-code-generator,WiFi QR Code Generator,medium,low
free online WiFi QR Code Generator,tool_variant,security-password-tools,Security & Password Tools,WiFi QR Code Generator,wifi-qr-code-generator,https://www.mytulify.com/security-password-tools/wifi-qr-code-generator,WiFi QR Code Generator,medium,low
WiFi QR Code Generator online,tool_variant,security-password-tools,Security & Password Tools,WiFi QR Code Generator,wifi-qr-code-generator,https://www.mytulify.com/security-password-tools/wifi-qr-code-generator,WiFi QR Code Generator,medium,low
Security & Password Tools WiFi QR Code Generator,tool_variant,security-password-tools,Security & Password Tools,WiFi QR Code Generator,wifi-qr-code-generator,https://www.mytulify.com/security-password-tools/wifi-qr-code-generator,WiFi QR Code Generator,medium,low
Create a QR code that shares WiFi credentials for easy connection,tool_variant,security-password-tools,Security & Password Tools,WiFi QR Code Generator,wifi-qr-code-generator,https://www.mytulify.com/security-password-tools/wifi-qr-code-generator,WiFi QR Code Generator,medium,low
CSRF Token Generator,tool,security-password-tools,Security & Password Tools,CSRF Token Generator,csrf-token-generator,https://www.mytulify.com/security-password-tools/csrf-token-generator,CSRF Token Generator,low,low
free CSRF Token Generator,tool_variant,security-password-tools,Security & Password Tools,CSRF Token Generator,csrf-token-generator,https://www.mytulify.com/security-password-tools/csrf-token-generator,CSRF Token Generator,low,low
free online CSRF Token Generator,tool_variant,security-password-tools,Security & Password Tools,CSRF Token Generator,csrf-token-generator,https://www.mytulify.com/security-password-tools/csrf-token-generator,CSRF Token Generator,low,low
CSRF Token Generator online,tool_variant,security-password-tools,Security & Password Tools,CSRF Token Generator,csrf-token-generator,https://www.mytulify.com/security-password-tools/csrf-token-generator,CSRF Token Generator,low,low
Security & Password Tools CSRF Token Generator,tool_variant,security-password-tools,Security & Password Tools,CSRF Token Generator,csrf-token-generator,https://www.mytulify.com/security-password-tools/csrf-token-generator,CSRF Token Generator,low,low
Generate random anti-CSRF tokens for forms,tool_variant,security-password-tools,Security & Password Tools,CSRF Token Generator,csrf-token-generator,https://www.mytulify.com/security-password-tools/csrf-token-generator,CSRF Token Generator,low,low
NTLM Hash Generator,tool,security-password-tools,Security & Password Tools,NTLM Hash Generator,ntlm-hash-generator,https://www.mytulify.com/security-password-tools/ntlm-hash-generator,NTLM Hash Generator,low,low
free NTLM Hash Generator,tool_variant,security-password-tools,Security & Password Tools,NTLM Hash Generator,ntlm-hash-generator,https://www.mytulify.com/security-password-tools/ntlm-hash-generator,NTLM Hash Generator,low,low
free online NTLM Hash Generator,tool_variant,security-password-tools,Security & Password Tools,NTLM Hash Generator,ntlm-hash-generator,https://www.mytulify.com/security-password-tools/ntlm-hash-generator,NTLM Hash Generator,low,low
NTLM Hash Generator online,tool_variant,security-password-tools,Security & Password Tools,NTLM Hash Generator,ntlm-hash-generator,https://www.mytulify.com/security-password-tools/ntlm-hash-generator,NTLM Hash Generator,low,low
Security & Password Tools NTLM Hash Generator,tool_variant,security-password-tools,Security & Password Tools,NTLM Hash Generator,ntlm-hash-generator,https://www.mytulify.com/security-password-tools/ntlm-hash-generator,NTLM Hash Generator,low,low
Compute NTLM hashes from password input,tool_variant,security-password-tools,Security & Password Tools,NTLM Hash Generator,ntlm-hash-generator,https://www.mytulify.com/security-password-tools/ntlm-hash-generator,NTLM Hash Generator,low,low
Encryption Key Generator,tool,security-password-tools,Security & Password Tools,Encryption Key Generator,encryption-key-generator,https://www.mytulify.com/security-password-tools/encryption-key-generator,Encryption Key Generator,medium,low
free Encryption Key Generator,tool_variant,security-password-tools,Security & Password Tools,Encryption Key Generator,encryption-key-generator,https://www.mytulify.com/security-password-tools/encryption-key-generator,Encryption Key Generator,medium,low
free online Encryption Key Generator,tool_variant,security-password-tools,Security & Password Tools,Encryption Key Generator,encryption-key-generator,https://www.mytulify.com/security-password-tools/encryption-key-generator,Encryption Key Generator,medium,low
Encryption Key Generator online,tool_variant,security-password-tools,Security & Password Tools,Encryption Key Generator,encryption-key-generator,https://www.mytulify.com/security-password-tools/encryption-key-generator,Encryption Key Generator,medium,low
Security & Password Tools Encryption Key Generator,tool_variant,security-password-tools,Security & Password Tools,Encryption Key Generator,encryption-key-generator,https://www.mytulify.com/security-password-tools/encryption-key-generator,Encryption Key Generator,medium,low
Generate random AES keys in 128/192/256-bit lengths,tool_variant,security-password-tools,Security & Password Tools,Encryption Key Generator,encryption-key-generator,https://www.mytulify.com/security-password-tools/encryption-key-generator,Encryption Key Generator,medium,low
Caesar Cipher Tool,tool,security-password-tools,Security & Password Tools,Caesar Cipher Tool,caesar-cipher,https://www.mytulify.com/security-password-tools/caesar-cipher,Caesar Cipher Tool,medium,low
free Caesar Cipher Tool,tool_variant,security-password-tools,Security & Password Tools,Caesar Cipher Tool,caesar-cipher,https://www.mytulify.com/security-password-tools/caesar-cipher,Caesar Cipher Tool,medium,low
free online Caesar Cipher Tool,tool_variant,security-password-tools,Security & Password Tools,Caesar Cipher Tool,caesar-cipher,https://www.mytulify.com/security-password-tools/caesar-cipher,Caesar Cipher Tool,medium,low
Caesar Cipher Tool online,tool_variant,security-password-tools,Security & Password Tools,Caesar Cipher Tool,caesar-cipher,https://www.mytulify.com/security-password-tools/caesar-cipher,Caesar Cipher Tool,medium,low
caesar cipher,tool_variant,security-password-tools,Security & Password Tools,Caesar Cipher Tool,caesar-cipher,https://www.mytulify.com/security-password-tools/caesar-cipher,Caesar Cipher Tool,medium,low
Security & Password Tools Caesar Cipher Tool,tool_variant,security-password-tools,Security & Password Tools,Caesar Cipher Tool,caesar-cipher,https://www.mytulify.com/security-password-tools/caesar-cipher,Caesar Cipher Tool,medium,low
Encrypt and decrypt text using a shift-based Caesar cipher,tool_variant,security-password-tools,Security & Password Tools,Caesar Cipher Tool,caesar-cipher,https://www.mytulify.com/security-password-tools/caesar-cipher,Caesar Cipher Tool,medium,low
ROT47 Encoder/Decoder,tool,security-password-tools,Security & Password Tools,ROT47 Encoder/Decoder,rot47-encoder-decoder,https://www.mytulify.com/security-password-tools/rot47-encoder-decoder,ROT47 Encoder/Decoder,low,low
free ROT47 Encoder/Decoder,tool_variant,security-password-tools,Security & Password Tools,ROT47 Encoder/Decoder,rot47-encoder-decoder,https://www.mytulify.com/security-password-tools/rot47-encoder-decoder,ROT47 Encoder/Decoder,low,low
free online ROT47 Encoder/Decoder,tool_variant,security-password-tools,Security & Password Tools,ROT47 Encoder/Decoder,rot47-encoder-decoder,https://www.mytulify.com/security-password-tools/rot47-encoder-decoder,ROT47 Encoder/Decoder,low,low
ROT47 Encoder/Decoder online,tool_variant,security-password-tools,Security & Password Tools,ROT47 Encoder/Decoder,rot47-encoder-decoder,https://www.mytulify.com/security-password-tools/rot47-encoder-decoder,ROT47 Encoder/Decoder,low,low
rot47 encoder decoder,tool_variant,security-password-tools,Security & Password Tools,ROT47 Encoder/Decoder,rot47-encoder-decoder,https://www.mytulify.com/security-password-tools/rot47-encoder-decoder,ROT47 Encoder/Decoder,low,low
Security & Password Tools ROT47 Encoder/Decoder,tool_variant,security-password-tools,Security & Password Tools,ROT47 Encoder/Decoder,rot47-encoder-decoder,https://www.mytulify.com/security-password-tools/rot47-encoder-decoder,ROT47 Encoder/Decoder,low,low
Apply the ROT47 substitution cipher to text,tool_variant,security-password-tools,Security & Password Tools,ROT47 Encoder/Decoder,rot47-encoder-decoder,https://www.mytulify.com/security-password-tools/rot47-encoder-decoder,ROT47 Encoder/Decoder,low,low
Password Entropy Calculator,tool,security-password-tools,Security & Password Tools,Password Entropy Calculator,password-entropy-calculator,https://www.mytulify.com/security-password-tools/password-entropy-calculator,Password Entropy Calculator,low,low
free Password Entropy Calculator,tool_variant,security-password-tools,Security & Password Tools,Password Entropy Calculator,password-entropy-calculator,https://www.mytulify.com/security-password-tools/password-entropy-calculator,Password Entropy Calculator,low,low
free online Password Entropy Calculator,tool_variant,security-password-tools,Security & Password Tools,Password Entropy Calculator,password-entropy-calculator,https://www.mytulify.com/security-password-tools/password-entropy-calculator,Password Entropy Calculator,low,low
Password Entropy Calculator online,tool_variant,security-password-tools,Security & Password Tools,Password Entropy Calculator,password-entropy-calculator,https://www.mytulify.com/security-password-tools/password-entropy-calculator,Password Entropy Calculator,low,low
Security & Password Tools Password Entropy Calculator,tool_variant,security-password-tools,Security & Password Tools,Password Entropy Calculator,password-entropy-calculator,https://www.mytulify.com/security-password-tools/password-entropy-calculator,Password Entropy Calculator,low,low
Calculate the bits of entropy in a password,tool_variant,security-password-tools,Security & Password Tools,Password Entropy Calculator,password-entropy-calculator,https://www.mytulify.com/security-password-tools/password-entropy-calculator,Password Entropy Calculator,low,low
Salt Generator,tool,security-password-tools,Security & Password Tools,Salt Generator,salt-generator,https://www.mytulify.com/security-password-tools/salt-generator,Salt Generator,low,low
free Salt Generator,tool_variant,security-password-tools,Security & Password Tools,Salt Generator,salt-generator,https://www.mytulify.com/security-password-tools/salt-generator,Salt Generator,low,low
free online Salt Generator,tool_variant,security-password-tools,Security & Password Tools,Salt Generator,salt-generator,https://www.mytulify.com/security-password-tools/salt-generator,Salt Generator,low,low
Salt Generator online,tool_variant,security-password-tools,Security & Password Tools,Salt Generator,salt-generator,https://www.mytulify.com/security-password-tools/salt-generator,Salt Generator,low,low
Security & Password Tools Salt Generator,tool_variant,security-password-tools,Security & Password Tools,Salt Generator,salt-generator,https://www.mytulify.com/security-password-tools/salt-generator,Salt Generator,low,low
Generate random cryptographic salts in hex or Base64,tool_variant,security-password-tools,Security & Password Tools,Salt Generator,salt-generator,https://www.mytulify.com/security-password-tools/salt-generator,Salt Generator,low,low
Argon2 Hash Generator,tool,security-password-tools,Security & Password Tools,Argon2 Hash Generator,argon2-hash-generator,https://www.mytulify.com/security-password-tools/argon2-hash-generator,Argon2 Hash Generator,medium,low
free Argon2 Hash Generator,tool_variant,security-password-tools,Security & Password Tools,Argon2 Hash Generator,argon2-hash-generator,https://www.mytulify.com/security-password-tools/argon2-hash-generator,Argon2 Hash Generator,medium,low
free online Argon2 Hash Generator,tool_variant,security-password-tools,Security & Password Tools,Argon2 Hash Generator,argon2-hash-generator,https://www.mytulify.com/security-password-tools/argon2-hash-generator,Argon2 Hash Generator,medium,low
Argon2 Hash Generator online,tool_variant,security-password-tools,Security & Password Tools,Argon2 Hash Generator,argon2-hash-generator,https://www.mytulify.com/security-password-tools/argon2-hash-generator,Argon2 Hash Generator,medium,low
Security & Password Tools Argon2 Hash Generator,tool_variant,security-password-tools,Security & Password Tools,Argon2 Hash Generator,argon2-hash-generator,https://www.mytulify.com/security-password-tools/argon2-hash-generator,Argon2 Hash Generator,medium,low
"Hash passwords with Argon2id, with tunable parameters",tool_variant,security-password-tools,Security & Password Tools,Argon2 Hash Generator,argon2-hash-generator,https://www.mytulify.com/security-password-tools/argon2-hash-generator,Argon2 Hash Generator,medium,low
JWT Signature Verifier,tool,security-password-tools,Security & Password Tools,JWT Signature Verifier,jwt-verifier,https://www.mytulify.com/security-password-tools/jwt-verifier,JWT Signature Verifier,medium,medium
free JWT Signature Verifier,tool_variant,security-password-tools,Security & Password Tools,JWT Signature Verifier,jwt-verifier,https://www.mytulify.com/security-password-tools/jwt-verifier,JWT Signature Verifier,medium,medium
free online JWT Signature Verifier,tool_variant,security-password-tools,Security & Password Tools,JWT Signature Verifier,jwt-verifier,https://www.mytulify.com/security-password-tools/jwt-verifier,JWT Signature Verifier,medium,medium
JWT Signature Verifier online,tool_variant,security-password-tools,Security & Password Tools,JWT Signature Verifier,jwt-verifier,https://www.mytulify.com/security-password-tools/jwt-verifier,JWT Signature Verifier,medium,medium
jwt verifier,tool_variant,security-password-tools,Security & Password Tools,JWT Signature Verifier,jwt-verifier,https://www.mytulify.com/security-password-tools/jwt-verifier,JWT Signature Verifier,medium,medium
Security & Password Tools JWT Signature Verifier,tool_variant,security-password-tools,Security & Password Tools,JWT Signature Verifier,jwt-verifier,https://www.mytulify.com/security-password-tools/jwt-verifier,JWT Signature Verifier,medium,medium
Verify a JWT signature against a provided secret or key,tool_variant,security-password-tools,Security & Password Tools,JWT Signature Verifier,jwt-verifier,https://www.mytulify.com/security-password-tools/jwt-verifier,JWT Signature Verifier,medium,medium
Meta Tag Generator,tool,seo-web-tools,SEO & Web Tools,Meta Tag Generator,meta-tag-generator,https://www.mytulify.com/seo-web-tools/meta-tag-generator,Meta Tag Generator,high,medium
free Meta Tag Generator,tool_variant,seo-web-tools,SEO & Web Tools,Meta Tag Generator,meta-tag-generator,https://www.mytulify.com/seo-web-tools/meta-tag-generator,Meta Tag Generator,high,medium
free online Meta Tag Generator,tool_variant,seo-web-tools,SEO & Web Tools,Meta Tag Generator,meta-tag-generator,https://www.mytulify.com/seo-web-tools/meta-tag-generator,Meta Tag Generator,high,medium
Meta Tag Generator online,tool_variant,seo-web-tools,SEO & Web Tools,Meta Tag Generator,meta-tag-generator,https://www.mytulify.com/seo-web-tools/meta-tag-generator,Meta Tag Generator,high,medium
SEO & Web Tools Meta Tag Generator,tool_variant,seo-web-tools,SEO & Web Tools,Meta Tag Generator,meta-tag-generator,https://www.mytulify.com/seo-web-tools/meta-tag-generator,Meta Tag Generator,high,medium
"Generate title, description, and meta tags HTML from form inputs",tool_variant,seo-web-tools,SEO & Web Tools,Meta Tag Generator,meta-tag-generator,https://www.mytulify.com/seo-web-tools/meta-tag-generator,Meta Tag Generator,high,medium
Meta Tags Analyzer,tool,seo-web-tools,SEO & Web Tools,Meta Tags Analyzer,meta-tags-analyzer,https://www.mytulify.com/seo-web-tools/meta-tags-analyzer,Meta Tags Analyzer,high,medium
free Meta Tags Analyzer,tool_variant,seo-web-tools,SEO & Web Tools,Meta Tags Analyzer,meta-tags-analyzer,https://www.mytulify.com/seo-web-tools/meta-tags-analyzer,Meta Tags Analyzer,high,medium
free online Meta Tags Analyzer,tool_variant,seo-web-tools,SEO & Web Tools,Meta Tags Analyzer,meta-tags-analyzer,https://www.mytulify.com/seo-web-tools/meta-tags-analyzer,Meta Tags Analyzer,high,medium
Meta Tags Analyzer online,tool_variant,seo-web-tools,SEO & Web Tools,Meta Tags Analyzer,meta-tags-analyzer,https://www.mytulify.com/seo-web-tools/meta-tags-analyzer,Meta Tags Analyzer,high,medium
SEO & Web Tools Meta Tags Analyzer,tool_variant,seo-web-tools,SEO & Web Tools,Meta Tags Analyzer,meta-tags-analyzer,https://www.mytulify.com/seo-web-tools/meta-tags-analyzer,Meta Tags Analyzer,high,medium
Parse pasted HTML to extract and audit meta tags for SEO issues,tool_variant,seo-web-tools,SEO & Web Tools,Meta Tags Analyzer,meta-tags-analyzer,https://www.mytulify.com/seo-web-tools/meta-tags-analyzer,Meta Tags Analyzer,high,medium
Keyword Density Checker,tool,seo-web-tools,SEO & Web Tools,Keyword Density Checker,keyword-density-checker,https://www.mytulify.com/seo-web-tools/keyword-density-checker,Keyword Density Checker,high,low
free Keyword Density Checker,tool_variant,seo-web-tools,SEO & Web Tools,Keyword Density Checker,keyword-density-checker,https://www.mytulify.com/seo-web-tools/keyword-density-checker,Keyword Density Checker,high,low
free online Keyword Density Checker,tool_variant,seo-web-tools,SEO & Web Tools,Keyword Density Checker,keyword-density-checker,https://www.mytulify.com/seo-web-tools/keyword-density-checker,Keyword Density Checker,high,low
Keyword Density Checker online,tool_variant,seo-web-tools,SEO & Web Tools,Keyword Density Checker,keyword-density-checker,https://www.mytulify.com/seo-web-tools/keyword-density-checker,Keyword Density Checker,high,low
SEO & Web Tools Keyword Density Checker,tool_variant,seo-web-tools,SEO & Web Tools,Keyword Density Checker,keyword-density-checker,https://www.mytulify.com/seo-web-tools/keyword-density-checker,Keyword Density Checker,high,low
Count word frequency and density percentages in pasted text or HTML,tool_variant,seo-web-tools,SEO & Web Tools,Keyword Density Checker,keyword-density-checker,https://www.mytulify.com/seo-web-tools/keyword-density-checker,Keyword Density Checker,high,low
Robots.txt Generator,tool,seo-web-tools,SEO & Web Tools,Robots.txt Generator,robots-txt-generator,https://www.mytulify.com/seo-web-tools/robots-txt-generator,Robots.txt Generator,high,low
free Robots.txt Generator,tool_variant,seo-web-tools,SEO & Web Tools,Robots.txt Generator,robots-txt-generator,https://www.mytulify.com/seo-web-tools/robots-txt-generator,Robots.txt Generator,high,low
free online Robots.txt Generator,tool_variant,seo-web-tools,SEO & Web Tools,Robots.txt Generator,robots-txt-generator,https://www.mytulify.com/seo-web-tools/robots-txt-generator,Robots.txt Generator,high,low
Robots.txt Generator online,tool_variant,seo-web-tools,SEO & Web Tools,Robots.txt Generator,robots-txt-generator,https://www.mytulify.com/seo-web-tools/robots-txt-generator,Robots.txt Generator,high,low
robots txt generator,tool_variant,seo-web-tools,SEO & Web Tools,Robots.txt Generator,robots-txt-generator,https://www.mytulify.com/seo-web-tools/robots-txt-generator,Robots.txt Generator,high,low
SEO & Web Tools Robots.txt Generator,tool_variant,seo-web-tools,SEO & Web Tools,Robots.txt Generator,robots-txt-generator,https://www.mytulify.com/seo-web-tools/robots-txt-generator,Robots.txt Generator,high,low
XML Sitemap Generator,tool,seo-web-tools,SEO & Web Tools,XML Sitemap Generator,xml-sitemap-generator,https://www.mytulify.com/seo-web-tools/xml-sitemap-generator,XML Sitemap Generator,high,medium
free XML Sitemap Generator,tool_variant,seo-web-tools,SEO & Web Tools,XML Sitemap Generator,xml-sitemap-generator,https://www.mytulify.com/seo-web-tools/xml-sitemap-generator,XML Sitemap Generator,high,medium
free online XML Sitemap Generator,tool_variant,seo-web-tools,SEO & Web Tools,XML Sitemap Generator,xml-sitemap-generator,https://www.mytulify.com/seo-web-tools/xml-sitemap-generator,XML Sitemap Generator,high,medium
XML Sitemap Generator online,tool_variant,seo-web-tools,SEO & Web Tools,XML Sitemap Generator,xml-sitemap-generator,https://www.mytulify.com/seo-web-tools/xml-sitemap-generator,XML Sitemap Generator,high,medium
SEO & Web Tools XML Sitemap Generator,tool_variant,seo-web-tools,SEO & Web Tools,XML Sitemap Generator,xml-sitemap-generator,https://www.mytulify.com/seo-web-tools/xml-sitemap-generator,XML Sitemap Generator,high,medium
Create an XML sitemap from a list of URLs with priority and frequency,tool_variant,seo-web-tools,SEO & Web Tools,XML Sitemap Generator,xml-sitemap-generator,https://www.mytulify.com/seo-web-tools/xml-sitemap-generator,XML Sitemap Generator,high,medium
Schema Markup Generator,tool,seo-web-tools,SEO & Web Tools,Schema Markup Generator,schema-markup-generator,https://www.mytulify.com/seo-web-tools/schema-markup-generator,Schema Markup Generator,high,medium
free Schema Markup Generator,tool_variant,seo-web-tools,SEO & Web Tools,Schema Markup Generator,schema-markup-generator,https://www.mytulify.com/seo-web-tools/schema-markup-generator,Schema Markup Generator,high,medium
free online Schema Markup Generator,tool_variant,seo-web-tools,SEO & Web Tools,Schema Markup Generator,schema-markup-generator,https://www.mytulify.com/seo-web-tools/schema-markup-generator,Schema Markup Generator,high,medium
Schema Markup Generator online,tool_variant,seo-web-tools,SEO & Web Tools,Schema Markup Generator,schema-markup-generator,https://www.mytulify.com/seo-web-tools/schema-markup-generator,Schema Markup Generator,high,medium
SEO & Web Tools Schema Markup Generator,tool_variant,seo-web-tools,SEO & Web Tools,Schema Markup Generator,schema-markup-generator,https://www.mytulify.com/seo-web-tools/schema-markup-generator,Schema Markup Generator,high,medium
"Generate JSON-LD structured data for articles, products, FAQs, and more",tool_variant,seo-web-tools,SEO & Web Tools,Schema Markup Generator,schema-markup-generator,https://www.mytulify.com/seo-web-tools/schema-markup-generator,Schema Markup Generator,high,medium
Open Graph Generator,tool,seo-web-tools,SEO & Web Tools,Open Graph Generator,open-graph-generator,https://www.mytulify.com/seo-web-tools/open-graph-generator,Open Graph Generator,medium,low
free Open Graph Generator,tool_variant,seo-web-tools,SEO & Web Tools,Open Graph Generator,open-graph-generator,https://www.mytulify.com/seo-web-tools/open-graph-generator,Open Graph Generator,medium,low
free online Open Graph Generator,tool_variant,seo-web-tools,SEO & Web Tools,Open Graph Generator,open-graph-generator,https://www.mytulify.com/seo-web-tools/open-graph-generator,Open Graph Generator,medium,low
Open Graph Generator online,tool_variant,seo-web-tools,SEO & Web Tools,Open Graph Generator,open-graph-generator,https://www.mytulify.com/seo-web-tools/open-graph-generator,Open Graph Generator,medium,low
SEO & Web Tools Open Graph Generator,tool_variant,seo-web-tools,SEO & Web Tools,Open Graph Generator,open-graph-generator,https://www.mytulify.com/seo-web-tools/open-graph-generator,Open Graph Generator,medium,low
Produce Open Graph (og:) meta tags for social link previews,tool_variant,seo-web-tools,SEO & Web Tools,Open Graph Generator,open-graph-generator,https://www.mytulify.com/seo-web-tools/open-graph-generator,Open Graph Generator,medium,low
Twitter Card Generator,tool,seo-web-tools,SEO & Web Tools,Twitter Card Generator,twitter-card-generator,https://www.mytulify.com/seo-web-tools/twitter-card-generator,Twitter Card Generator,medium,low
free Twitter Card Generator,tool_variant,seo-web-tools,SEO & Web Tools,Twitter Card Generator,twitter-card-generator,https://www.mytulify.com/seo-web-tools/twitter-card-generator,Twitter Card Generator,medium,low
free online Twitter Card Generator,tool_variant,seo-web-tools,SEO & Web Tools,Twitter Card Generator,twitter-card-generator,https://www.mytulify.com/seo-web-tools/twitter-card-generator,Twitter Card Generator,medium,low
Twitter Card Generator online,tool_variant,seo-web-tools,SEO & Web Tools,Twitter Card Generator,twitter-card-generator,https://www.mytulify.com/seo-web-tools/twitter-card-generator,Twitter Card Generator,medium,low
SEO & Web Tools Twitter Card Generator,tool_variant,seo-web-tools,SEO & Web Tools,Twitter Card Generator,twitter-card-generator,https://www.mytulify.com/seo-web-tools/twitter-card-generator,Twitter Card Generator,medium,low
Build Twitter/X card meta tags and preview the card,tool_variant,seo-web-tools,SEO & Web Tools,Twitter Card Generator,twitter-card-generator,https://www.mytulify.com/seo-web-tools/twitter-card-generator,Twitter Card Generator,medium,low
SERP Snippet Preview,tool,seo-web-tools,SEO & Web Tools,SERP Snippet Preview,serp-snippet-preview,https://www.mytulify.com/seo-web-tools/serp-snippet-preview,SERP Snippet Preview,medium,low
free SERP Snippet Preview,tool_variant,seo-web-tools,SEO & Web Tools,SERP Snippet Preview,serp-snippet-preview,https://www.mytulify.com/seo-web-tools/serp-snippet-preview,SERP Snippet Preview,medium,low
free online SERP Snippet Preview,tool_variant,seo-web-tools,SEO & Web Tools,SERP Snippet Preview,serp-snippet-preview,https://www.mytulify.com/seo-web-tools/serp-snippet-preview,SERP Snippet Preview,medium,low
SERP Snippet Preview online,tool_variant,seo-web-tools,SEO & Web Tools,SERP Snippet Preview,serp-snippet-preview,https://www.mytulify.com/seo-web-tools/serp-snippet-preview,SERP Snippet Preview,medium,low
SEO & Web Tools SERP Snippet Preview,tool_variant,seo-web-tools,SEO & Web Tools,SERP Snippet Preview,serp-snippet-preview,https://www.mytulify.com/seo-web-tools/serp-snippet-preview,SERP Snippet Preview,medium,low
Preview how a page appears in Google results with pixel-width checks,tool_variant,seo-web-tools,SEO & Web Tools,SERP Snippet Preview,serp-snippet-preview,https://www.mytulify.com/seo-web-tools/serp-snippet-preview,SERP Snippet Preview,medium,low
.htaccess Generator,tool,seo-web-tools,SEO & Web Tools,.htaccess Generator,htaccess-generator,https://www.mytulify.com/seo-web-tools/htaccess-generator,.htaccess Generator,medium,low
free .htaccess Generator,tool_variant,seo-web-tools,SEO & Web Tools,.htaccess Generator,htaccess-generator,https://www.mytulify.com/seo-web-tools/htaccess-generator,.htaccess Generator,medium,low
free online .htaccess Generator,tool_variant,seo-web-tools,SEO & Web Tools,.htaccess Generator,htaccess-generator,https://www.mytulify.com/seo-web-tools/htaccess-generator,.htaccess Generator,medium,low
.htaccess Generator online,tool_variant,seo-web-tools,SEO & Web Tools,.htaccess Generator,htaccess-generator,https://www.mytulify.com/seo-web-tools/htaccess-generator,.htaccess Generator,medium,low
htaccess generator,tool_variant,seo-web-tools,SEO & Web Tools,.htaccess Generator,htaccess-generator,https://www.mytulify.com/seo-web-tools/htaccess-generator,.htaccess Generator,medium,low
SEO & Web Tools .htaccess Generator,tool_variant,seo-web-tools,SEO & Web Tools,.htaccess Generator,htaccess-generator,https://www.mytulify.com/seo-web-tools/htaccess-generator,.htaccess Generator,medium,low
URL Slug Generator,tool,seo-web-tools,SEO & Web Tools,URL Slug Generator,url-slug-generator,https://www.mytulify.com/seo-web-tools/url-slug-generator,URL Slug Generator,medium,low
free URL Slug Generator,tool_variant,seo-web-tools,SEO & Web Tools,URL Slug Generator,url-slug-generator,https://www.mytulify.com/seo-web-tools/url-slug-generator,URL Slug Generator,medium,low
free online URL Slug Generator,tool_variant,seo-web-tools,SEO & Web Tools,URL Slug Generator,url-slug-generator,https://www.mytulify.com/seo-web-tools/url-slug-generator,URL Slug Generator,medium,low
URL Slug Generator online,tool_variant,seo-web-tools,SEO & Web Tools,URL Slug Generator,url-slug-generator,https://www.mytulify.com/seo-web-tools/url-slug-generator,URL Slug Generator,medium,low
SEO & Web Tools URL Slug Generator,tool_variant,seo-web-tools,SEO & Web Tools,URL Slug Generator,url-slug-generator,https://www.mytulify.com/seo-web-tools/url-slug-generator,URL Slug Generator,medium,low
Convert titles into clean SEO-friendly slugs with stop-word removal,tool_variant,seo-web-tools,SEO & Web Tools,URL Slug Generator,url-slug-generator,https://www.mytulify.com/seo-web-tools/url-slug-generator,URL Slug Generator,medium,low
Code to Text Ratio Checker,tool,seo-web-tools,SEO & Web Tools,Code to Text Ratio Checker,code-to-text-ratio-checker,https://www.mytulify.com/seo-web-tools/code-to-text-ratio-checker,Code to Text Ratio Checker,medium,low
free Code to Text Ratio Checker,tool_variant,seo-web-tools,SEO & Web Tools,Code to Text Ratio Checker,code-to-text-ratio-checker,https://www.mytulify.com/seo-web-tools/code-to-text-ratio-checker,Code to Text Ratio Checker,medium,low
free online Code to Text Ratio Checker,tool_variant,seo-web-tools,SEO & Web Tools,Code to Text Ratio Checker,code-to-text-ratio-checker,https://www.mytulify.com/seo-web-tools/code-to-text-ratio-checker,Code to Text Ratio Checker,medium,low
Code to Text Ratio Checker online,tool_variant,seo-web-tools,SEO & Web Tools,Code to Text Ratio Checker,code-to-text-ratio-checker,https://www.mytulify.com/seo-web-tools/code-to-text-ratio-checker,Code to Text Ratio Checker,medium,low
SEO & Web Tools Code to Text Ratio Checker,tool_variant,seo-web-tools,SEO & Web Tools,Code to Text Ratio Checker,code-to-text-ratio-checker,https://www.mytulify.com/seo-web-tools/code-to-text-ratio-checker,Code to Text Ratio Checker,medium,low
Calculate the ratio of visible text to HTML code from pasted markup,tool_variant,seo-web-tools,SEO & Web Tools,Code to Text Ratio Checker,code-to-text-ratio-checker,https://www.mytulify.com/seo-web-tools/code-to-text-ratio-checker,Code to Text Ratio Checker,medium,low
Robots Meta Tag Generator,tool,seo-web-tools,SEO & Web Tools,Robots Meta Tag Generator,robots-meta-tag-generator,https://www.mytulify.com/seo-web-tools/robots-meta-tag-generator,Robots Meta Tag Generator,medium,low
free Robots Meta Tag Generator,tool_variant,seo-web-tools,SEO & Web Tools,Robots Meta Tag Generator,robots-meta-tag-generator,https://www.mytulify.com/seo-web-tools/robots-meta-tag-generator,Robots Meta Tag Generator,medium,low
free online Robots Meta Tag Generator,tool_variant,seo-web-tools,SEO & Web Tools,Robots Meta Tag Generator,robots-meta-tag-generator,https://www.mytulify.com/seo-web-tools/robots-meta-tag-generator,Robots Meta Tag Generator,medium,low
Robots Meta Tag Generator online,tool_variant,seo-web-tools,SEO & Web Tools,Robots Meta Tag Generator,robots-meta-tag-generator,https://www.mytulify.com/seo-web-tools/robots-meta-tag-generator,Robots Meta Tag Generator,medium,low
SEO & Web Tools Robots Meta Tag Generator,tool_variant,seo-web-tools,SEO & Web Tools,Robots Meta Tag Generator,robots-meta-tag-generator,https://www.mytulify.com/seo-web-tools/robots-meta-tag-generator,Robots Meta Tag Generator,medium,low
Generate index/noindex/follow robots meta directives,tool_variant,seo-web-tools,SEO & Web Tools,Robots Meta Tag Generator,robots-meta-tag-generator,https://www.mytulify.com/seo-web-tools/robots-meta-tag-generator,Robots Meta Tag Generator,medium,low
Canonical Tag Generator,tool,seo-web-tools,SEO & Web Tools,Canonical Tag Generator,canonical-tag-generator,https://www.mytulify.com/seo-web-tools/canonical-tag-generator,Canonical Tag Generator,medium,low
free Canonical Tag Generator,tool_variant,seo-web-tools,SEO & Web Tools,Canonical Tag Generator,canonical-tag-generator,https://www.mytulify.com/seo-web-tools/canonical-tag-generator,Canonical Tag Generator,medium,low
free online Canonical Tag Generator,tool_variant,seo-web-tools,SEO & Web Tools,Canonical Tag Generator,canonical-tag-generator,https://www.mytulify.com/seo-web-tools/canonical-tag-generator,Canonical Tag Generator,medium,low
Canonical Tag Generator online,tool_variant,seo-web-tools,SEO & Web Tools,Canonical Tag Generator,canonical-tag-generator,https://www.mytulify.com/seo-web-tools/canonical-tag-generator,Canonical Tag Generator,medium,low
SEO & Web Tools Canonical Tag Generator,tool_variant,seo-web-tools,SEO & Web Tools,Canonical Tag Generator,canonical-tag-generator,https://www.mytulify.com/seo-web-tools/canonical-tag-generator,Canonical Tag Generator,medium,low
Create rel=canonical link tags to prevent duplicate content,tool_variant,seo-web-tools,SEO & Web Tools,Canonical Tag Generator,canonical-tag-generator,https://www.mytulify.com/seo-web-tools/canonical-tag-generator,Canonical Tag Generator,medium,low
Hreflang Tag Generator,tool,seo-web-tools,SEO & Web Tools,Hreflang Tag Generator,hreflang-tag-generator,https://www.mytulify.com/seo-web-tools/hreflang-tag-generator,Hreflang Tag Generator,medium,low
free Hreflang Tag Generator,tool_variant,seo-web-tools,SEO & Web Tools,Hreflang Tag Generator,hreflang-tag-generator,https://www.mytulify.com/seo-web-tools/hreflang-tag-generator,Hreflang Tag Generator,medium,low
free online Hreflang Tag Generator,tool_variant,seo-web-tools,SEO & Web Tools,Hreflang Tag Generator,hreflang-tag-generator,https://www.mytulify.com/seo-web-tools/hreflang-tag-generator,Hreflang Tag Generator,medium,low
Hreflang Tag Generator online,tool_variant,seo-web-tools,SEO & Web Tools,Hreflang Tag Generator,hreflang-tag-generator,https://www.mytulify.com/seo-web-tools/hreflang-tag-generator,Hreflang Tag Generator,medium,low
SEO & Web Tools Hreflang Tag Generator,tool_variant,seo-web-tools,SEO & Web Tools,Hreflang Tag Generator,hreflang-tag-generator,https://www.mytulify.com/seo-web-tools/hreflang-tag-generator,Hreflang Tag Generator,medium,low
Generate hreflang tags for multilingual and regional targeting,tool_variant,seo-web-tools,SEO & Web Tools,Hreflang Tag Generator,hreflang-tag-generator,https://www.mytulify.com/seo-web-tools/hreflang-tag-generator,Hreflang Tag Generator,medium,low
Keyword Combiner,tool,seo-web-tools,SEO & Web Tools,Keyword Combiner,keyword-combiner,https://www.mytulify.com/seo-web-tools/keyword-combiner,Keyword Combiner,medium,low
free Keyword Combiner,tool_variant,seo-web-tools,SEO & Web Tools,Keyword Combiner,keyword-combiner,https://www.mytulify.com/seo-web-tools/keyword-combiner,Keyword Combiner,medium,low
free online Keyword Combiner,tool_variant,seo-web-tools,SEO & Web Tools,Keyword Combiner,keyword-combiner,https://www.mytulify.com/seo-web-tools/keyword-combiner,Keyword Combiner,medium,low
Keyword Combiner online,tool_variant,seo-web-tools,SEO & Web Tools,Keyword Combiner,keyword-combiner,https://www.mytulify.com/seo-web-tools/keyword-combiner,Keyword Combiner,medium,low
SEO & Web Tools Keyword Combiner,tool_variant,seo-web-tools,SEO & Web Tools,Keyword Combiner,keyword-combiner,https://www.mytulify.com/seo-web-tools/keyword-combiner,Keyword Combiner,medium,low
Combine and permute keyword lists into broad/phrase/exact match,tool_variant,seo-web-tools,SEO & Web Tools,Keyword Combiner,keyword-combiner,https://www.mytulify.com/seo-web-tools/keyword-combiner,Keyword Combiner,medium,low
UTM Builder,tool,seo-web-tools,SEO & Web Tools,UTM Builder,utm-builder,https://www.mytulify.com/seo-web-tools/utm-builder,UTM Builder,high,low
free UTM Builder,tool_variant,seo-web-tools,SEO & Web Tools,UTM Builder,utm-builder,https://www.mytulify.com/seo-web-tools/utm-builder,UTM Builder,high,low
free online UTM Builder,tool_variant,seo-web-tools,SEO & Web Tools,UTM Builder,utm-builder,https://www.mytulify.com/seo-web-tools/utm-builder,UTM Builder,high,low
UTM Builder online,tool_variant,seo-web-tools,SEO & Web Tools,UTM Builder,utm-builder,https://www.mytulify.com/seo-web-tools/utm-builder,UTM Builder,high,low
SEO & Web Tools UTM Builder,tool_variant,seo-web-tools,SEO & Web Tools,UTM Builder,utm-builder,https://www.mytulify.com/seo-web-tools/utm-builder,UTM Builder,high,low
"Generate trackable campaign URLs with UTM source, medium, and name parameters",tool_variant,seo-web-tools,SEO & Web Tools,UTM Builder,utm-builder,https://www.mytulify.com/seo-web-tools/utm-builder,UTM Builder,high,low
HTML Tag Stripper,tool,seo-web-tools,SEO & Web Tools,HTML Tag Stripper,html-tag-stripper,https://www.mytulify.com/seo-web-tools/html-tag-stripper,HTML Tag Stripper,medium,low
free HTML Tag Stripper,tool_variant,seo-web-tools,SEO & Web Tools,HTML Tag Stripper,html-tag-stripper,https://www.mytulify.com/seo-web-tools/html-tag-stripper,HTML Tag Stripper,medium,low
free online HTML Tag Stripper,tool_variant,seo-web-tools,SEO & Web Tools,HTML Tag Stripper,html-tag-stripper,https://www.mytulify.com/seo-web-tools/html-tag-stripper,HTML Tag Stripper,medium,low
HTML Tag Stripper online,tool_variant,seo-web-tools,SEO & Web Tools,HTML Tag Stripper,html-tag-stripper,https://www.mytulify.com/seo-web-tools/html-tag-stripper,HTML Tag Stripper,medium,low
SEO & Web Tools HTML Tag Stripper,tool_variant,seo-web-tools,SEO & Web Tools,HTML Tag Stripper,html-tag-stripper,https://www.mytulify.com/seo-web-tools/html-tag-stripper,HTML Tag Stripper,medium,low
Remove HTML tags to extract plain text from markup,tool_variant,seo-web-tools,SEO & Web Tools,HTML Tag Stripper,html-tag-stripper,https://www.mytulify.com/seo-web-tools/html-tag-stripper,HTML Tag Stripper,medium,low
Meta Description Length Checker,tool,seo-web-tools,SEO & Web Tools,Meta Description Length Checker,meta-description-length-checker,https://www.mytulify.com/seo-web-tools/meta-description-length-checker,Meta Description Length Checker,medium,low
free Meta Description Length Checker,tool_variant,seo-web-tools,SEO & Web Tools,Meta Description Length Checker,meta-description-length-checker,https://www.mytulify.com/seo-web-tools/meta-description-length-checker,Meta Description Length Checker,medium,low
free online Meta Description Length Checker,tool_variant,seo-web-tools,SEO & Web Tools,Meta Description Length Checker,meta-description-length-checker,https://www.mytulify.com/seo-web-tools/meta-description-length-checker,Meta Description Length Checker,medium,low
Meta Description Length Checker online,tool_variant,seo-web-tools,SEO & Web Tools,Meta Description Length Checker,meta-description-length-checker,https://www.mytulify.com/seo-web-tools/meta-description-length-checker,Meta Description Length Checker,medium,low
SEO & Web Tools Meta Description Length Checker,tool_variant,seo-web-tools,SEO & Web Tools,Meta Description Length Checker,meta-description-length-checker,https://www.mytulify.com/seo-web-tools/meta-description-length-checker,Meta Description Length Checker,medium,low
Check meta description length with a live Google search preview,tool_variant,seo-web-tools,SEO & Web Tools,Meta Description Length Checker,meta-description-length-checker,https://www.mytulify.com/seo-web-tools/meta-description-length-checker,Meta Description Length Checker,medium,low
Meta Title Length Checker,tool,seo-web-tools,SEO & Web Tools,Meta Title Length Checker,meta-title-length-checker,https://www.mytulify.com/seo-web-tools/meta-title-length-checker,Meta Title Length Checker,medium,low
free Meta Title Length Checker,tool_variant,seo-web-tools,SEO & Web Tools,Meta Title Length Checker,meta-title-length-checker,https://www.mytulify.com/seo-web-tools/meta-title-length-checker,Meta Title Length Checker,medium,low
free online Meta Title Length Checker,tool_variant,seo-web-tools,SEO & Web Tools,Meta Title Length Checker,meta-title-length-checker,https://www.mytulify.com/seo-web-tools/meta-title-length-checker,Meta Title Length Checker,medium,low
Meta Title Length Checker online,tool_variant,seo-web-tools,SEO & Web Tools,Meta Title Length Checker,meta-title-length-checker,https://www.mytulify.com/seo-web-tools/meta-title-length-checker,Meta Title Length Checker,medium,low
SEO & Web Tools Meta Title Length Checker,tool_variant,seo-web-tools,SEO & Web Tools,Meta Title Length Checker,meta-title-length-checker,https://www.mytulify.com/seo-web-tools/meta-title-length-checker,Meta Title Length Checker,medium,low
Check if your page title is the right length for Google search results,tool_variant,seo-web-tools,SEO & Web Tools,Meta Title Length Checker,meta-title-length-checker,https://www.mytulify.com/seo-web-tools/meta-title-length-checker,Meta Title Length Checker,medium,low
Robots.txt Validator,tool,seo-web-tools,SEO & Web Tools,Robots.txt Validator,robots-txt-validator,https://www.mytulify.com/seo-web-tools/robots-txt-validator,Robots.txt Validator,medium,low
free Robots.txt Validator,tool_variant,seo-web-tools,SEO & Web Tools,Robots.txt Validator,robots-txt-validator,https://www.mytulify.com/seo-web-tools/robots-txt-validator,Robots.txt Validator,medium,low
free online Robots.txt Validator,tool_variant,seo-web-tools,SEO & Web Tools,Robots.txt Validator,robots-txt-validator,https://www.mytulify.com/seo-web-tools/robots-txt-validator,Robots.txt Validator,medium,low
Robots.txt Validator online,tool_variant,seo-web-tools,SEO & Web Tools,Robots.txt Validator,robots-txt-validator,https://www.mytulify.com/seo-web-tools/robots-txt-validator,Robots.txt Validator,medium,low
robots txt validator,tool_variant,seo-web-tools,SEO & Web Tools,Robots.txt Validator,robots-txt-validator,https://www.mytulify.com/seo-web-tools/robots-txt-validator,Robots.txt Validator,medium,low
SEO & Web Tools Robots.txt Validator,tool_variant,seo-web-tools,SEO & Web Tools,Robots.txt Validator,robots-txt-validator,https://www.mytulify.com/seo-web-tools/robots-txt-validator,Robots.txt Validator,medium,low
FAQ Schema Generator,tool,seo-web-tools,SEO & Web Tools,FAQ Schema Generator,faq-schema-generator,https://www.mytulify.com/seo-web-tools/faq-schema-generator,FAQ Schema Generator,medium,low
free FAQ Schema Generator,tool_variant,seo-web-tools,SEO & Web Tools,FAQ Schema Generator,faq-schema-generator,https://www.mytulify.com/seo-web-tools/faq-schema-generator,FAQ Schema Generator,medium,low
free online FAQ Schema Generator,tool_variant,seo-web-tools,SEO & Web Tools,FAQ Schema Generator,faq-schema-generator,https://www.mytulify.com/seo-web-tools/faq-schema-generator,FAQ Schema Generator,medium,low
FAQ Schema Generator online,tool_variant,seo-web-tools,SEO & Web Tools,FAQ Schema Generator,faq-schema-generator,https://www.mytulify.com/seo-web-tools/faq-schema-generator,FAQ Schema Generator,medium,low
SEO & Web Tools FAQ Schema Generator,tool_variant,seo-web-tools,SEO & Web Tools,FAQ Schema Generator,faq-schema-generator,https://www.mytulify.com/seo-web-tools/faq-schema-generator,FAQ Schema Generator,medium,low
Generate FAQPage JSON-LD from question/answer pairs,tool_variant,seo-web-tools,SEO & Web Tools,FAQ Schema Generator,faq-schema-generator,https://www.mytulify.com/seo-web-tools/faq-schema-generator,FAQ Schema Generator,medium,low
Breadcrumb Schema Generator,tool,seo-web-tools,SEO & Web Tools,Breadcrumb Schema Generator,breadcrumb-schema-generator,https://www.mytulify.com/seo-web-tools/breadcrumb-schema-generator,Breadcrumb Schema Generator,low,low
free Breadcrumb Schema Generator,tool_variant,seo-web-tools,SEO & Web Tools,Breadcrumb Schema Generator,breadcrumb-schema-generator,https://www.mytulify.com/seo-web-tools/breadcrumb-schema-generator,Breadcrumb Schema Generator,low,low
free online Breadcrumb Schema Generator,tool_variant,seo-web-tools,SEO & Web Tools,Breadcrumb Schema Generator,breadcrumb-schema-generator,https://www.mytulify.com/seo-web-tools/breadcrumb-schema-generator,Breadcrumb Schema Generator,low,low
Breadcrumb Schema Generator online,tool_variant,seo-web-tools,SEO & Web Tools,Breadcrumb Schema Generator,breadcrumb-schema-generator,https://www.mytulify.com/seo-web-tools/breadcrumb-schema-generator,Breadcrumb Schema Generator,low,low
SEO & Web Tools Breadcrumb Schema Generator,tool_variant,seo-web-tools,SEO & Web Tools,Breadcrumb Schema Generator,breadcrumb-schema-generator,https://www.mytulify.com/seo-web-tools/breadcrumb-schema-generator,Breadcrumb Schema Generator,low,low
Create BreadcrumbList structured data from a page path,tool_variant,seo-web-tools,SEO & Web Tools,Breadcrumb Schema Generator,breadcrumb-schema-generator,https://www.mytulify.com/seo-web-tools/breadcrumb-schema-generator,Breadcrumb Schema Generator,low,low
Redirect Checker,tool,seo-web-tools,SEO & Web Tools,Redirect Checker,redirect-checker,https://www.mytulify.com/seo-web-tools/redirect-checker,Redirect Checker,medium,low
free Redirect Checker,tool_variant,seo-web-tools,SEO & Web Tools,Redirect Checker,redirect-checker,https://www.mytulify.com/seo-web-tools/redirect-checker,Redirect Checker,medium,low
free online Redirect Checker,tool_variant,seo-web-tools,SEO & Web Tools,Redirect Checker,redirect-checker,https://www.mytulify.com/seo-web-tools/redirect-checker,Redirect Checker,medium,low
Redirect Checker online,tool_variant,seo-web-tools,SEO & Web Tools,Redirect Checker,redirect-checker,https://www.mytulify.com/seo-web-tools/redirect-checker,Redirect Checker,medium,low
SEO & Web Tools Redirect Checker,tool_variant,seo-web-tools,SEO & Web Tools,Redirect Checker,redirect-checker,https://www.mytulify.com/seo-web-tools/redirect-checker,Redirect Checker,medium,low
"Follow a live URL and list every redirect hop, status code, and final destination",tool_variant,seo-web-tools,SEO & Web Tools,Redirect Checker,redirect-checker,https://www.mytulify.com/seo-web-tools/redirect-checker,Redirect Checker,medium,low
Email Extractor,tool,seo-web-tools,SEO & Web Tools,Email Extractor,email-extractor,https://www.mytulify.com/seo-web-tools/email-extractor,Email Extractor,medium,low
free Email Extractor,tool_variant,seo-web-tools,SEO & Web Tools,Email Extractor,email-extractor,https://www.mytulify.com/seo-web-tools/email-extractor,Email Extractor,medium,low
free online Email Extractor,tool_variant,seo-web-tools,SEO & Web Tools,Email Extractor,email-extractor,https://www.mytulify.com/seo-web-tools/email-extractor,Email Extractor,medium,low
Email Extractor online,tool_variant,seo-web-tools,SEO & Web Tools,Email Extractor,email-extractor,https://www.mytulify.com/seo-web-tools/email-extractor,Email Extractor,medium,low
SEO & Web Tools Email Extractor,tool_variant,seo-web-tools,SEO & Web Tools,Email Extractor,email-extractor,https://www.mytulify.com/seo-web-tools/email-extractor,Email Extractor,medium,low
Extract or scan pasted text/HTML for exposed email addresses,tool_variant,seo-web-tools,SEO & Web Tools,Email Extractor,email-extractor,https://www.mytulify.com/seo-web-tools/email-extractor,Email Extractor,medium,low
Readability Score Checker,tool,seo-web-tools,SEO & Web Tools,Readability Score Checker,readability-checker,https://www.mytulify.com/seo-web-tools/readability-checker,Readability Score Checker,medium,low
free Readability Score Checker,tool_variant,seo-web-tools,SEO & Web Tools,Readability Score Checker,readability-checker,https://www.mytulify.com/seo-web-tools/readability-checker,Readability Score Checker,medium,low
free online Readability Score Checker,tool_variant,seo-web-tools,SEO & Web Tools,Readability Score Checker,readability-checker,https://www.mytulify.com/seo-web-tools/readability-checker,Readability Score Checker,medium,low
Readability Score Checker online,tool_variant,seo-web-tools,SEO & Web Tools,Readability Score Checker,readability-checker,https://www.mytulify.com/seo-web-tools/readability-checker,Readability Score Checker,medium,low
readability checker,tool_variant,seo-web-tools,SEO & Web Tools,Readability Score Checker,readability-checker,https://www.mytulify.com/seo-web-tools/readability-checker,Readability Score Checker,medium,low
SEO & Web Tools Readability Score Checker,tool_variant,seo-web-tools,SEO & Web Tools,Readability Score Checker,readability-checker,https://www.mytulify.com/seo-web-tools/readability-checker,Readability Score Checker,medium,low
Compute Flesch reading ease and grade-level scores for text,tool_variant,seo-web-tools,SEO & Web Tools,Readability Score Checker,readability-checker,https://www.mytulify.com/seo-web-tools/readability-checker,Readability Score Checker,medium,low
Domain Name Finder,tool,seo-web-tools,SEO & Web Tools,Domain Name Finder,domain-name-finder,https://www.mytulify.com/seo-web-tools/domain-name-finder,Domain Name Finder,high,medium
free Domain Name Finder,tool_variant,seo-web-tools,SEO & Web Tools,Domain Name Finder,domain-name-finder,https://www.mytulify.com/seo-web-tools/domain-name-finder,Domain Name Finder,high,medium
free online Domain Name Finder,tool_variant,seo-web-tools,SEO & Web Tools,Domain Name Finder,domain-name-finder,https://www.mytulify.com/seo-web-tools/domain-name-finder,Domain Name Finder,high,medium
Domain Name Finder online,tool_variant,seo-web-tools,SEO & Web Tools,Domain Name Finder,domain-name-finder,https://www.mytulify.com/seo-web-tools/domain-name-finder,Domain Name Finder,high,medium
SEO & Web Tools Domain Name Finder,tool_variant,seo-web-tools,SEO & Web Tools,Domain Name Finder,domain-name-finder,https://www.mytulify.com/seo-web-tools/domain-name-finder,Domain Name Finder,high,medium
Suggest available domain names from your project description — only shows domains that look free to register,tool_variant,seo-web-tools,SEO & Web Tools,Domain Name Finder,domain-name-finder,https://www.mytulify.com/seo-web-tools/domain-name-finder,Domain Name Finder,high,medium
LLMs.txt Generator,tool,seo-web-tools,SEO & Web Tools,LLMs.txt Generator,llms-txt-generator,https://www.mytulify.com/seo-web-tools/llms-txt-generator,LLMs.txt Generator,high,low
free LLMs.txt Generator,tool_variant,seo-web-tools,SEO & Web Tools,LLMs.txt Generator,llms-txt-generator,https://www.mytulify.com/seo-web-tools/llms-txt-generator,LLMs.txt Generator,high,low
free online LLMs.txt Generator,tool_variant,seo-web-tools,SEO & Web Tools,LLMs.txt Generator,llms-txt-generator,https://www.mytulify.com/seo-web-tools/llms-txt-generator,LLMs.txt Generator,high,low
LLMs.txt Generator online,tool_variant,seo-web-tools,SEO & Web Tools,LLMs.txt Generator,llms-txt-generator,https://www.mytulify.com/seo-web-tools/llms-txt-generator,LLMs.txt Generator,high,low
llms txt generator,tool_variant,seo-web-tools,SEO & Web Tools,LLMs.txt Generator,llms-txt-generator,https://www.mytulify.com/seo-web-tools/llms-txt-generator,LLMs.txt Generator,high,low
SEO & Web Tools LLMs.txt Generator,tool_variant,seo-web-tools,SEO & Web Tools,LLMs.txt Generator,llms-txt-generator,https://www.mytulify.com/seo-web-tools/llms-txt-generator,LLMs.txt Generator,high,low
Security Headers Generator,tool,seo-web-tools,SEO & Web Tools,Security Headers Generator,security-headers-generator,https://www.mytulify.com/seo-web-tools/security-headers-generator,Security Headers Generator,high,medium
free Security Headers Generator,tool_variant,seo-web-tools,SEO & Web Tools,Security Headers Generator,security-headers-generator,https://www.mytulify.com/seo-web-tools/security-headers-generator,Security Headers Generator,high,medium
free online Security Headers Generator,tool_variant,seo-web-tools,SEO & Web Tools,Security Headers Generator,security-headers-generator,https://www.mytulify.com/seo-web-tools/security-headers-generator,Security Headers Generator,high,medium
Security Headers Generator online,tool_variant,seo-web-tools,SEO & Web Tools,Security Headers Generator,security-headers-generator,https://www.mytulify.com/seo-web-tools/security-headers-generator,Security Headers Generator,high,medium
SEO & Web Tools Security Headers Generator,tool_variant,seo-web-tools,SEO & Web Tools,Security Headers Generator,security-headers-generator,https://www.mytulify.com/seo-web-tools/security-headers-generator,Security Headers Generator,high,medium
"Generate HSTS, CSP, X-Frame-Options and other OWASP headers for Nginx, Apache, or Cloudflare",tool_variant,seo-web-tools,SEO & Web Tools,Security Headers Generator,security-headers-generator,https://www.mytulify.com/seo-web-tools/security-headers-generator,Security Headers Generator,high,medium
ads.txt Generator,tool,seo-web-tools,SEO & Web Tools,ads.txt Generator,ads-txt-generator,https://www.mytulify.com/seo-web-tools/ads-txt-generator,ads.txt Generator,high,low
free ads.txt Generator,tool_variant,seo-web-tools,SEO & Web Tools,ads.txt Generator,ads-txt-generator,https://www.mytulify.com/seo-web-tools/ads-txt-generator,ads.txt Generator,high,low
free online ads.txt Generator,tool_variant,seo-web-tools,SEO & Web Tools,ads.txt Generator,ads-txt-generator,https://www.mytulify.com/seo-web-tools/ads-txt-generator,ads.txt Generator,high,low
ads.txt Generator online,tool_variant,seo-web-tools,SEO & Web Tools,ads.txt Generator,ads-txt-generator,https://www.mytulify.com/seo-web-tools/ads-txt-generator,ads.txt Generator,high,low
ads txt generator,tool_variant,seo-web-tools,SEO & Web Tools,ads.txt Generator,ads-txt-generator,https://www.mytulify.com/seo-web-tools/ads-txt-generator,ads.txt Generator,high,low
SEO & Web Tools ads.txt Generator,tool_variant,seo-web-tools,SEO & Web Tools,ads.txt Generator,ads-txt-generator,https://www.mytulify.com/seo-web-tools/ads-txt-generator,ads.txt Generator,high,low
URL Page SEO Analyzer,tool,seo-web-tools,SEO & Web Tools,URL Page SEO Analyzer,url-page-seo-analyzer,https://www.mytulify.com/seo-web-tools/url-page-seo-analyzer,URL Page SEO Analyzer,high,medium
free URL Page SEO Analyzer,tool_variant,seo-web-tools,SEO & Web Tools,URL Page SEO Analyzer,url-page-seo-analyzer,https://www.mytulify.com/seo-web-tools/url-page-seo-analyzer,URL Page SEO Analyzer,high,medium
free online URL Page SEO Analyzer,tool_variant,seo-web-tools,SEO & Web Tools,URL Page SEO Analyzer,url-page-seo-analyzer,https://www.mytulify.com/seo-web-tools/url-page-seo-analyzer,URL Page SEO Analyzer,high,medium
URL Page SEO Analyzer online,tool_variant,seo-web-tools,SEO & Web Tools,URL Page SEO Analyzer,url-page-seo-analyzer,https://www.mytulify.com/seo-web-tools/url-page-seo-analyzer,URL Page SEO Analyzer,high,medium
SEO & Web Tools URL Page SEO Analyzer,tool_variant,seo-web-tools,SEO & Web Tools,URL Page SEO Analyzer,url-page-seo-analyzer,https://www.mytulify.com/seo-web-tools/url-page-seo-analyzer,URL Page SEO Analyzer,high,medium
"Paste a page URL to fetch live HTML and audit title, meta, headings, schema, images, and links",tool_variant,seo-web-tools,SEO & Web Tools,URL Page SEO Analyzer,url-page-seo-analyzer,https://www.mytulify.com/seo-web-tools/url-page-seo-analyzer,URL Page SEO Analyzer,high,medium
Related Keywords Generator,tool,seo-web-tools,SEO & Web Tools,Related Keywords Generator,related-keywords-generator,https://www.mytulify.com/seo-web-tools/related-keywords-generator,Related Keywords Generator,high,medium
free Related Keywords Generator,tool_variant,seo-web-tools,SEO & Web Tools,Related Keywords Generator,related-keywords-generator,https://www.mytulify.com/seo-web-tools/related-keywords-generator,Related Keywords Generator,high,medium
free online Related Keywords Generator,tool_variant,seo-web-tools,SEO & Web Tools,Related Keywords Generator,related-keywords-generator,https://www.mytulify.com/seo-web-tools/related-keywords-generator,Related Keywords Generator,high,medium
Related Keywords Generator online,tool_variant,seo-web-tools,SEO & Web Tools,Related Keywords Generator,related-keywords-generator,https://www.mytulify.com/seo-web-tools/related-keywords-generator,Related Keywords Generator,high,medium
SEO & Web Tools Related Keywords Generator,tool_variant,seo-web-tools,SEO & Web Tools,Related Keywords Generator,related-keywords-generator,https://www.mytulify.com/seo-web-tools/related-keywords-generator,Related Keywords Generator,high,medium
"Expand seed keywords into questions, commercial modifiers, long-tail phrases, and combinations for research",tool_variant,seo-web-tools,SEO & Web Tools,Related Keywords Generator,related-keywords-generator,https://www.mytulify.com/seo-web-tools/related-keywords-generator,Related Keywords Generator,high,medium
Keyword Difficulty Estimator,tool,seo-web-tools,SEO & Web Tools,Keyword Difficulty Estimator,keyword-difficulty-estimator,https://www.mytulify.com/seo-web-tools/keyword-difficulty-estimator,Keyword Difficulty Estimator,high,medium
free Keyword Difficulty Estimator,tool_variant,seo-web-tools,SEO & Web Tools,Keyword Difficulty Estimator,keyword-difficulty-estimator,https://www.mytulify.com/seo-web-tools/keyword-difficulty-estimator,Keyword Difficulty Estimator,high,medium
free online Keyword Difficulty Estimator,tool_variant,seo-web-tools,SEO & Web Tools,Keyword Difficulty Estimator,keyword-difficulty-estimator,https://www.mytulify.com/seo-web-tools/keyword-difficulty-estimator,Keyword Difficulty Estimator,high,medium
Keyword Difficulty Estimator online,tool_variant,seo-web-tools,SEO & Web Tools,Keyword Difficulty Estimator,keyword-difficulty-estimator,https://www.mytulify.com/seo-web-tools/keyword-difficulty-estimator,Keyword Difficulty Estimator,high,medium
SEO & Web Tools Keyword Difficulty Estimator,tool_variant,seo-web-tools,SEO & Web Tools,Keyword Difficulty Estimator,keyword-difficulty-estimator,https://www.mytulify.com/seo-web-tools/keyword-difficulty-estimator,Keyword Difficulty Estimator,high,medium
"Estimate keyword competitiveness from SERP signals like brands, content length, and authority",tool_variant,seo-web-tools,SEO & Web Tools,Keyword Difficulty Estimator,keyword-difficulty-estimator,https://www.mytulify.com/seo-web-tools/keyword-difficulty-estimator,Keyword Difficulty Estimator,high,medium
Search Intent Classifier,tool,seo-web-tools,SEO & Web Tools,Search Intent Classifier,search-intent-classifier,https://www.mytulify.com/seo-web-tools/search-intent-classifier,Search Intent Classifier,high,low
free Search Intent Classifier,tool_variant,seo-web-tools,SEO & Web Tools,Search Intent Classifier,search-intent-classifier,https://www.mytulify.com/seo-web-tools/search-intent-classifier,Search Intent Classifier,high,low
free online Search Intent Classifier,tool_variant,seo-web-tools,SEO & Web Tools,Search Intent Classifier,search-intent-classifier,https://www.mytulify.com/seo-web-tools/search-intent-classifier,Search Intent Classifier,high,low
Search Intent Classifier online,tool_variant,seo-web-tools,SEO & Web Tools,Search Intent Classifier,search-intent-classifier,https://www.mytulify.com/seo-web-tools/search-intent-classifier,Search Intent Classifier,high,low
SEO & Web Tools Search Intent Classifier,tool_variant,seo-web-tools,SEO & Web Tools,Search Intent Classifier,search-intent-classifier,https://www.mytulify.com/seo-web-tools/search-intent-classifier,Search Intent Classifier,high,low
"Classify keywords as informational, commercial, transactional, or navigational with page-type suggestions",tool_variant,seo-web-tools,SEO & Web Tools,Search Intent Classifier,search-intent-classifier,https://www.mytulify.com/seo-web-tools/search-intent-classifier,Search Intent Classifier,high,low
XML Sitemap Validator,tool,seo-web-tools,SEO & Web Tools,XML Sitemap Validator,xml-sitemap-validator,https://www.mytulify.com/seo-web-tools/xml-sitemap-validator,XML Sitemap Validator,medium,low
free XML Sitemap Validator,tool_variant,seo-web-tools,SEO & Web Tools,XML Sitemap Validator,xml-sitemap-validator,https://www.mytulify.com/seo-web-tools/xml-sitemap-validator,XML Sitemap Validator,medium,low
free online XML Sitemap Validator,tool_variant,seo-web-tools,SEO & Web Tools,XML Sitemap Validator,xml-sitemap-validator,https://www.mytulify.com/seo-web-tools/xml-sitemap-validator,XML Sitemap Validator,medium,low
XML Sitemap Validator online,tool_variant,seo-web-tools,SEO & Web Tools,XML Sitemap Validator,xml-sitemap-validator,https://www.mytulify.com/seo-web-tools/xml-sitemap-validator,XML Sitemap Validator,medium,low
SEO & Web Tools XML Sitemap Validator,tool_variant,seo-web-tools,SEO & Web Tools,XML Sitemap Validator,xml-sitemap-validator,https://www.mytulify.com/seo-web-tools/xml-sitemap-validator,XML Sitemap Validator,medium,low
"Validate sitemap XML for parse errors, bad URLs, duplicates, lastmod dates, and the 50k limit",tool_variant,seo-web-tools,SEO & Web Tools,XML Sitemap Validator,xml-sitemap-validator,https://www.mytulify.com/seo-web-tools/xml-sitemap-validator,XML Sitemap Validator,medium,low
Heading Structure Analyzer,tool,seo-web-tools,SEO & Web Tools,Heading Structure Analyzer,heading-structure-analyzer,https://www.mytulify.com/seo-web-tools/heading-structure-analyzer,Heading Structure Analyzer,medium,low
free Heading Structure Analyzer,tool_variant,seo-web-tools,SEO & Web Tools,Heading Structure Analyzer,heading-structure-analyzer,https://www.mytulify.com/seo-web-tools/heading-structure-analyzer,Heading Structure Analyzer,medium,low
free online Heading Structure Analyzer,tool_variant,seo-web-tools,SEO & Web Tools,Heading Structure Analyzer,heading-structure-analyzer,https://www.mytulify.com/seo-web-tools/heading-structure-analyzer,Heading Structure Analyzer,medium,low
Heading Structure Analyzer online,tool_variant,seo-web-tools,SEO & Web Tools,Heading Structure Analyzer,heading-structure-analyzer,https://www.mytulify.com/seo-web-tools/heading-structure-analyzer,Heading Structure Analyzer,medium,low
SEO & Web Tools Heading Structure Analyzer,tool_variant,seo-web-tools,SEO & Web Tools,Heading Structure Analyzer,heading-structure-analyzer,https://www.mytulify.com/seo-web-tools/heading-structure-analyzer,Heading Structure Analyzer,medium,low
"Audit H1–H6 outlines in page HTML for multiple H1s, skipped levels, and empty headings",tool_variant,seo-web-tools,SEO & Web Tools,Heading Structure Analyzer,heading-structure-analyzer,https://www.mytulify.com/seo-web-tools/heading-structure-analyzer,Heading Structure Analyzer,medium,low
SEO Audit Checklist,tool,seo-web-tools,SEO & Web Tools,SEO Audit Checklist,seo-audit-checklist,https://www.mytulify.com/seo-web-tools/seo-audit-checklist,SEO Audit Checklist,high,medium
free SEO Audit Checklist,tool_variant,seo-web-tools,SEO & Web Tools,SEO Audit Checklist,seo-audit-checklist,https://www.mytulify.com/seo-web-tools/seo-audit-checklist,SEO Audit Checklist,high,medium
free online SEO Audit Checklist,tool_variant,seo-web-tools,SEO & Web Tools,SEO Audit Checklist,seo-audit-checklist,https://www.mytulify.com/seo-web-tools/seo-audit-checklist,SEO Audit Checklist,high,medium
SEO Audit Checklist online,tool_variant,seo-web-tools,SEO & Web Tools,SEO Audit Checklist,seo-audit-checklist,https://www.mytulify.com/seo-web-tools/seo-audit-checklist,SEO Audit Checklist,high,medium
SEO & Web Tools SEO Audit Checklist,tool_variant,seo-web-tools,SEO & Web Tools,SEO Audit Checklist,seo-audit-checklist,https://www.mytulify.com/seo-web-tools/seo-audit-checklist,SEO Audit Checklist,high,medium
"Interactive technical, on-page, E-E-A-T, and link audit checklist with progress saved in your browser",tool_variant,seo-web-tools,SEO & Web Tools,SEO Audit Checklist,seo-audit-checklist,https://www.mytulify.com/seo-web-tools/seo-audit-checklist,SEO Audit Checklist,high,medium
SEO Content Score,tool,seo-web-tools,SEO & Web Tools,SEO Content Score,seo-content-score,https://www.mytulify.com/seo-web-tools/seo-content-score,SEO Content Score,high,medium
free SEO Content Score,tool_variant,seo-web-tools,SEO & Web Tools,SEO Content Score,seo-content-score,https://www.mytulify.com/seo-web-tools/seo-content-score,SEO Content Score,high,medium
free online SEO Content Score,tool_variant,seo-web-tools,SEO & Web Tools,SEO Content Score,seo-content-score,https://www.mytulify.com/seo-web-tools/seo-content-score,SEO Content Score,high,medium
SEO Content Score online,tool_variant,seo-web-tools,SEO & Web Tools,SEO Content Score,seo-content-score,https://www.mytulify.com/seo-web-tools/seo-content-score,SEO Content Score,high,medium
SEO & Web Tools SEO Content Score,tool_variant,seo-web-tools,SEO & Web Tools,SEO Content Score,seo-content-score,https://www.mytulify.com/seo-web-tools/seo-content-score,SEO Content Score,high,medium
"Score on-page SEO for a draft — keyword placement, density, title/meta length, and scannability",tool_variant,seo-web-tools,SEO & Web Tools,SEO Content Score,seo-content-score,https://www.mytulify.com/seo-web-tools/seo-content-score,SEO Content Score,high,medium
Keyword Rank Tracker,tool,seo-web-tools,SEO & Web Tools,Keyword Rank Tracker,keyword-rank-tracker,https://www.mytulify.com/seo-web-tools/keyword-rank-tracker,Keyword Rank Tracker,high,high
free Keyword Rank Tracker,tool_variant,seo-web-tools,SEO & Web Tools,Keyword Rank Tracker,keyword-rank-tracker,https://www.mytulify.com/seo-web-tools/keyword-rank-tracker,Keyword Rank Tracker,high,high
free online Keyword Rank Tracker,tool_variant,seo-web-tools,SEO & Web Tools,Keyword Rank Tracker,keyword-rank-tracker,https://www.mytulify.com/seo-web-tools/keyword-rank-tracker,Keyword Rank Tracker,high,high
Keyword Rank Tracker online,tool_variant,seo-web-tools,SEO & Web Tools,Keyword Rank Tracker,keyword-rank-tracker,https://www.mytulify.com/seo-web-tools/keyword-rank-tracker,Keyword Rank Tracker,high,high
SEO & Web Tools Keyword Rank Tracker,tool_variant,seo-web-tools,SEO & Web Tools,Keyword Rank Tracker,keyword-rank-tracker,https://www.mytulify.com/seo-web-tools/keyword-rank-tracker,Keyword Rank Tracker,high,high
Log keyword rankings over time in your browser and export CSV reports — no API key required,tool_variant,seo-web-tools,SEO & Web Tools,Keyword Rank Tracker,keyword-rank-tracker,https://www.mytulify.com/seo-web-tools/keyword-rank-tracker,Keyword Rank Tracker,high,high
Backlink Profile Analyzer,tool,seo-web-tools,SEO & Web Tools,Backlink Profile Analyzer,backlink-profile-analyzer,https://www.mytulify.com/seo-web-tools/backlink-profile-analyzer,Backlink Profile Analyzer,high,medium
free Backlink Profile Analyzer,tool_variant,seo-web-tools,SEO & Web Tools,Backlink Profile Analyzer,backlink-profile-analyzer,https://www.mytulify.com/seo-web-tools/backlink-profile-analyzer,Backlink Profile Analyzer,high,medium
free online Backlink Profile Analyzer,tool_variant,seo-web-tools,SEO & Web Tools,Backlink Profile Analyzer,backlink-profile-analyzer,https://www.mytulify.com/seo-web-tools/backlink-profile-analyzer,Backlink Profile Analyzer,high,medium
Backlink Profile Analyzer online,tool_variant,seo-web-tools,SEO & Web Tools,Backlink Profile Analyzer,backlink-profile-analyzer,https://www.mytulify.com/seo-web-tools/backlink-profile-analyzer,Backlink Profile Analyzer,high,medium
SEO & Web Tools Backlink Profile Analyzer,tool_variant,seo-web-tools,SEO & Web Tools,Backlink Profile Analyzer,backlink-profile-analyzer,https://www.mytulify.com/seo-web-tools/backlink-profile-analyzer,Backlink Profile Analyzer,high,medium
"Analyze Ahrefs/Semrush/Moz backlink CSV exports for anchors, referring hosts, and follow mix",tool_variant,seo-web-tools,SEO & Web Tools,Backlink Profile Analyzer,backlink-profile-analyzer,https://www.mytulify.com/seo-web-tools/backlink-profile-analyzer,Backlink Profile Analyzer,high,medium
Disavow File Generator,tool,seo-web-tools,SEO & Web Tools,Disavow File Generator,disavow-file-generator,https://www.mytulify.com/seo-web-tools/disavow-file-generator,Disavow File Generator,medium,low
free Disavow File Generator,tool_variant,seo-web-tools,SEO & Web Tools,Disavow File Generator,disavow-file-generator,https://www.mytulify.com/seo-web-tools/disavow-file-generator,Disavow File Generator,medium,low
free online Disavow File Generator,tool_variant,seo-web-tools,SEO & Web Tools,Disavow File Generator,disavow-file-generator,https://www.mytulify.com/seo-web-tools/disavow-file-generator,Disavow File Generator,medium,low
Disavow File Generator online,tool_variant,seo-web-tools,SEO & Web Tools,Disavow File Generator,disavow-file-generator,https://www.mytulify.com/seo-web-tools/disavow-file-generator,Disavow File Generator,medium,low
SEO & Web Tools Disavow File Generator,tool_variant,seo-web-tools,SEO & Web Tools,Disavow File Generator,disavow-file-generator,https://www.mytulify.com/seo-web-tools/disavow-file-generator,Disavow File Generator,medium,low
Build a Google Search Console disavow,tool_variant,seo-web-tools,SEO & Web Tools,Disavow File Generator,disavow-file-generator,https://www.mytulify.com/seo-web-tools/disavow-file-generator,Disavow File Generator,medium,low
Internal Link Suggester,tool,seo-web-tools,SEO & Web Tools,Internal Link Suggester,internal-link-suggester,https://www.mytulify.com/seo-web-tools/internal-link-suggester,Internal Link Suggester,high,medium
free Internal Link Suggester,tool_variant,seo-web-tools,SEO & Web Tools,Internal Link Suggester,internal-link-suggester,https://www.mytulify.com/seo-web-tools/internal-link-suggester,Internal Link Suggester,high,medium
free online Internal Link Suggester,tool_variant,seo-web-tools,SEO & Web Tools,Internal Link Suggester,internal-link-suggester,https://www.mytulify.com/seo-web-tools/internal-link-suggester,Internal Link Suggester,high,medium
Internal Link Suggester online,tool_variant,seo-web-tools,SEO & Web Tools,Internal Link Suggester,internal-link-suggester,https://www.mytulify.com/seo-web-tools/internal-link-suggester,Internal Link Suggester,high,medium
SEO & Web Tools Internal Link Suggester,tool_variant,seo-web-tools,SEO & Web Tools,Internal Link Suggester,internal-link-suggester,https://www.mytulify.com/seo-web-tools/internal-link-suggester,Internal Link Suggester,high,medium
Suggest internal links from your page list into a draft using keyword overlap scoring,tool_variant,seo-web-tools,SEO & Web Tools,Internal Link Suggester,internal-link-suggester,https://www.mytulify.com/seo-web-tools/internal-link-suggester,Internal Link Suggester,high,medium
Orphan Page Finder,tool,seo-web-tools,SEO & Web Tools,Orphan Page Finder,orphan-page-finder,https://www.mytulify.com/seo-web-tools/orphan-page-finder,Orphan Page Finder,medium,low
free Orphan Page Finder,tool_variant,seo-web-tools,SEO & Web Tools,Orphan Page Finder,orphan-page-finder,https://www.mytulify.com/seo-web-tools/orphan-page-finder,Orphan Page Finder,medium,low
free online Orphan Page Finder,tool_variant,seo-web-tools,SEO & Web Tools,Orphan Page Finder,orphan-page-finder,https://www.mytulify.com/seo-web-tools/orphan-page-finder,Orphan Page Finder,medium,low
Orphan Page Finder online,tool_variant,seo-web-tools,SEO & Web Tools,Orphan Page Finder,orphan-page-finder,https://www.mytulify.com/seo-web-tools/orphan-page-finder,Orphan Page Finder,medium,low
SEO & Web Tools Orphan Page Finder,tool_variant,seo-web-tools,SEO & Web Tools,Orphan Page Finder,orphan-page-finder,https://www.mytulify.com/seo-web-tools/orphan-page-finder,Orphan Page Finder,medium,low
Find sitemap URLs with no internal links and linked URLs missing from the sitemap,tool_variant,seo-web-tools,SEO & Web Tools,Orphan Page Finder,orphan-page-finder,https://www.mytulify.com/seo-web-tools/orphan-page-finder,Orphan Page Finder,medium,low
Schema Markup Validator,tool,seo-web-tools,SEO & Web Tools,Schema Markup Validator,schema-markup-validator,https://www.mytulify.com/seo-web-tools/schema-markup-validator,Schema Markup Validator,high,medium
free Schema Markup Validator,tool_variant,seo-web-tools,SEO & Web Tools,Schema Markup Validator,schema-markup-validator,https://www.mytulify.com/seo-web-tools/schema-markup-validator,Schema Markup Validator,high,medium
free online Schema Markup Validator,tool_variant,seo-web-tools,SEO & Web Tools,Schema Markup Validator,schema-markup-validator,https://www.mytulify.com/seo-web-tools/schema-markup-validator,Schema Markup Validator,high,medium
Schema Markup Validator online,tool_variant,seo-web-tools,SEO & Web Tools,Schema Markup Validator,schema-markup-validator,https://www.mytulify.com/seo-web-tools/schema-markup-validator,Schema Markup Validator,high,medium
SEO & Web Tools Schema Markup Validator,tool_variant,seo-web-tools,SEO & Web Tools,Schema Markup Validator,schema-markup-validator,https://www.mytulify.com/seo-web-tools/schema-markup-validator,Schema Markup Validator,high,medium
"Validate JSON-LD structure for FAQ, HowTo, Product, LocalBusiness, and common schema errors",tool_variant,seo-web-tools,SEO & Web Tools,Schema Markup Validator,schema-markup-validator,https://www.mytulify.com/seo-web-tools/schema-markup-validator,Schema Markup Validator,high,medium
HowTo Schema Generator,tool,seo-web-tools,SEO & Web Tools,HowTo Schema Generator,howto-schema-generator,https://www.mytulify.com/seo-web-tools/howto-schema-generator,HowTo Schema Generator,medium,low
free HowTo Schema Generator,tool_variant,seo-web-tools,SEO & Web Tools,HowTo Schema Generator,howto-schema-generator,https://www.mytulify.com/seo-web-tools/howto-schema-generator,HowTo Schema Generator,medium,low
free online HowTo Schema Generator,tool_variant,seo-web-tools,SEO & Web Tools,HowTo Schema Generator,howto-schema-generator,https://www.mytulify.com/seo-web-tools/howto-schema-generator,HowTo Schema Generator,medium,low
HowTo Schema Generator online,tool_variant,seo-web-tools,SEO & Web Tools,HowTo Schema Generator,howto-schema-generator,https://www.mytulify.com/seo-web-tools/howto-schema-generator,HowTo Schema Generator,medium,low
SEO & Web Tools HowTo Schema Generator,tool_variant,seo-web-tools,SEO & Web Tools,HowTo Schema Generator,howto-schema-generator,https://www.mytulify.com/seo-web-tools/howto-schema-generator,HowTo Schema Generator,medium,low
Generate HowTo JSON-LD structured data from a title and step-by-step list,tool_variant,seo-web-tools,SEO & Web Tools,HowTo Schema Generator,howto-schema-generator,https://www.mytulify.com/seo-web-tools/howto-schema-generator,HowTo Schema Generator,medium,low
Local Business Schema Generator,tool,seo-web-tools,SEO & Web Tools,Local Business Schema Generator,local-business-schema-generator,https://www.mytulify.com/seo-web-tools/local-business-schema-generator,Local Business Schema Generator,high,medium
free Local Business Schema Generator,tool_variant,seo-web-tools,SEO & Web Tools,Local Business Schema Generator,local-business-schema-generator,https://www.mytulify.com/seo-web-tools/local-business-schema-generator,Local Business Schema Generator,high,medium
free online Local Business Schema Generator,tool_variant,seo-web-tools,SEO & Web Tools,Local Business Schema Generator,local-business-schema-generator,https://www.mytulify.com/seo-web-tools/local-business-schema-generator,Local Business Schema Generator,high,medium
Local Business Schema Generator online,tool_variant,seo-web-tools,SEO & Web Tools,Local Business Schema Generator,local-business-schema-generator,https://www.mytulify.com/seo-web-tools/local-business-schema-generator,Local Business Schema Generator,high,medium
SEO & Web Tools Local Business Schema Generator,tool_variant,seo-web-tools,SEO & Web Tools,Local Business Schema Generator,local-business-schema-generator,https://www.mytulify.com/seo-web-tools/local-business-schema-generator,Local Business Schema Generator,high,medium
"Create LocalBusiness JSON-LD with NAP, geo coordinates, and business type",tool_variant,seo-web-tools,SEO & Web Tools,Local Business Schema Generator,local-business-schema-generator,https://www.mytulify.com/seo-web-tools/local-business-schema-generator,Local Business Schema Generator,high,medium
NAP Consistency Checker,tool,seo-web-tools,SEO & Web Tools,NAP Consistency Checker,nap-consistency-checker,https://www.mytulify.com/seo-web-tools/nap-consistency-checker,NAP Consistency Checker,medium,low
free NAP Consistency Checker,tool_variant,seo-web-tools,SEO & Web Tools,NAP Consistency Checker,nap-consistency-checker,https://www.mytulify.com/seo-web-tools/nap-consistency-checker,NAP Consistency Checker,medium,low
free online NAP Consistency Checker,tool_variant,seo-web-tools,SEO & Web Tools,NAP Consistency Checker,nap-consistency-checker,https://www.mytulify.com/seo-web-tools/nap-consistency-checker,NAP Consistency Checker,medium,low
NAP Consistency Checker online,tool_variant,seo-web-tools,SEO & Web Tools,NAP Consistency Checker,nap-consistency-checker,https://www.mytulify.com/seo-web-tools/nap-consistency-checker,NAP Consistency Checker,medium,low
SEO & Web Tools NAP Consistency Checker,tool_variant,seo-web-tools,SEO & Web Tools,NAP Consistency Checker,nap-consistency-checker,https://www.mytulify.com/seo-web-tools/nap-consistency-checker,NAP Consistency Checker,medium,low
"Compare Name, Address, Phone across local citations to catch local SEO inconsistencies",tool_variant,seo-web-tools,SEO & Web Tools,NAP Consistency Checker,nap-consistency-checker,https://www.mytulify.com/seo-web-tools/nap-consistency-checker,NAP Consistency Checker,medium,low
Content Brief Generator,tool,seo-web-tools,SEO & Web Tools,Content Brief Generator,content-brief-generator,https://www.mytulify.com/seo-web-tools/content-brief-generator,Content Brief Generator,high,medium
free Content Brief Generator,tool_variant,seo-web-tools,SEO & Web Tools,Content Brief Generator,content-brief-generator,https://www.mytulify.com/seo-web-tools/content-brief-generator,Content Brief Generator,high,medium
free online Content Brief Generator,tool_variant,seo-web-tools,SEO & Web Tools,Content Brief Generator,content-brief-generator,https://www.mytulify.com/seo-web-tools/content-brief-generator,Content Brief Generator,high,medium
Content Brief Generator online,tool_variant,seo-web-tools,SEO & Web Tools,Content Brief Generator,content-brief-generator,https://www.mytulify.com/seo-web-tools/content-brief-generator,Content Brief Generator,high,medium
SEO & Web Tools Content Brief Generator,tool_variant,seo-web-tools,SEO & Web Tools,Content Brief Generator,content-brief-generator,https://www.mytulify.com/seo-web-tools/content-brief-generator,Content Brief Generator,high,medium
"AI SEO content brief with outline, PAA questions, keywords, and on-page checklist",tool_variant,seo-web-tools,SEO & Web Tools,Content Brief Generator,content-brief-generator,https://www.mytulify.com/seo-web-tools/content-brief-generator,Content Brief Generator,high,medium
AI Meta Tag Writer,tool,seo-web-tools,SEO & Web Tools,AI Meta Tag Writer,ai-meta-tag-writer,https://www.mytulify.com/seo-web-tools/ai-meta-tag-writer,AI Meta Tag Writer,high,medium
free AI Meta Tag Writer,tool_variant,seo-web-tools,SEO & Web Tools,AI Meta Tag Writer,ai-meta-tag-writer,https://www.mytulify.com/seo-web-tools/ai-meta-tag-writer,AI Meta Tag Writer,high,medium
free online AI Meta Tag Writer,tool_variant,seo-web-tools,SEO & Web Tools,AI Meta Tag Writer,ai-meta-tag-writer,https://www.mytulify.com/seo-web-tools/ai-meta-tag-writer,AI Meta Tag Writer,high,medium
AI Meta Tag Writer online,tool_variant,seo-web-tools,SEO & Web Tools,AI Meta Tag Writer,ai-meta-tag-writer,https://www.mytulify.com/seo-web-tools/ai-meta-tag-writer,AI Meta Tag Writer,high,medium
SEO & Web Tools AI Meta Tag Writer,tool_variant,seo-web-tools,SEO & Web Tools,AI Meta Tag Writer,ai-meta-tag-writer,https://www.mytulify.com/seo-web-tools/ai-meta-tag-writer,AI Meta Tag Writer,high,medium
AI-written title tags and meta descriptions optimized for CTR and character limits,tool_variant,seo-web-tools,SEO & Web Tools,AI Meta Tag Writer,ai-meta-tag-writer,https://www.mytulify.com/seo-web-tools/ai-meta-tag-writer,AI Meta Tag Writer,high,medium
AI SEO Outline Generator,tool,seo-web-tools,SEO & Web Tools,AI SEO Outline Generator,ai-seo-outline-generator,https://www.mytulify.com/seo-web-tools/ai-seo-outline-generator,AI SEO Outline Generator,high,medium
free AI SEO Outline Generator,tool_variant,seo-web-tools,SEO & Web Tools,AI SEO Outline Generator,ai-seo-outline-generator,https://www.mytulify.com/seo-web-tools/ai-seo-outline-generator,AI SEO Outline Generator,high,medium
free online AI SEO Outline Generator,tool_variant,seo-web-tools,SEO & Web Tools,AI SEO Outline Generator,ai-seo-outline-generator,https://www.mytulify.com/seo-web-tools/ai-seo-outline-generator,AI SEO Outline Generator,high,medium
AI SEO Outline Generator online,tool_variant,seo-web-tools,SEO & Web Tools,AI SEO Outline Generator,ai-seo-outline-generator,https://www.mytulify.com/seo-web-tools/ai-seo-outline-generator,AI SEO Outline Generator,high,medium
SEO & Web Tools AI SEO Outline Generator,tool_variant,seo-web-tools,SEO & Web Tools,AI SEO Outline Generator,ai-seo-outline-generator,https://www.mytulify.com/seo-web-tools/ai-seo-outline-generator,AI SEO Outline Generator,high,medium
AI article outline with H2/H3 structure tuned for featured snippets and search intent,tool_variant,seo-web-tools,SEO & Web Tools,AI SEO Outline Generator,ai-seo-outline-generator,https://www.mytulify.com/seo-web-tools/ai-seo-outline-generator,AI SEO Outline Generator,high,medium
URL Indexing Toolkit,tool,seo-web-tools,SEO & Web Tools,URL Indexing Toolkit,url-indexing-toolkit,https://www.mytulify.com/seo-web-tools/url-indexing-toolkit,URL Indexing Toolkit,high,medium
free URL Indexing Toolkit,tool_variant,seo-web-tools,SEO & Web Tools,URL Indexing Toolkit,url-indexing-toolkit,https://www.mytulify.com/seo-web-tools/url-indexing-toolkit,URL Indexing Toolkit,high,medium
free online URL Indexing Toolkit,tool_variant,seo-web-tools,SEO & Web Tools,URL Indexing Toolkit,url-indexing-toolkit,https://www.mytulify.com/seo-web-tools/url-indexing-toolkit,URL Indexing Toolkit,high,medium
URL Indexing Toolkit online,tool_variant,seo-web-tools,SEO & Web Tools,URL Indexing Toolkit,url-indexing-toolkit,https://www.mytulify.com/seo-web-tools/url-indexing-toolkit,URL Indexing Toolkit,high,medium
SEO & Web Tools URL Indexing Toolkit,tool_variant,seo-web-tools,SEO & Web Tools,URL Indexing Toolkit,url-indexing-toolkit,https://www.mytulify.com/seo-web-tools/url-indexing-toolkit,URL Indexing Toolkit,high,medium
IndexNow URL Submitter,tool,seo-web-tools,SEO & Web Tools,IndexNow URL Submitter,indexnow-url-submitter,https://www.mytulify.com/seo-web-tools/indexnow-url-submitter,IndexNow URL Submitter,high,low
free IndexNow URL Submitter,tool_variant,seo-web-tools,SEO & Web Tools,IndexNow URL Submitter,indexnow-url-submitter,https://www.mytulify.com/seo-web-tools/indexnow-url-submitter,IndexNow URL Submitter,high,low
free online IndexNow URL Submitter,tool_variant,seo-web-tools,SEO & Web Tools,IndexNow URL Submitter,indexnow-url-submitter,https://www.mytulify.com/seo-web-tools/indexnow-url-submitter,IndexNow URL Submitter,high,low
IndexNow URL Submitter online,tool_variant,seo-web-tools,SEO & Web Tools,IndexNow URL Submitter,indexnow-url-submitter,https://www.mytulify.com/seo-web-tools/indexnow-url-submitter,IndexNow URL Submitter,high,low
SEO & Web Tools IndexNow URL Submitter,tool_variant,seo-web-tools,SEO & Web Tools,IndexNow URL Submitter,indexnow-url-submitter,https://www.mytulify.com/seo-web-tools/indexnow-url-submitter,IndexNow URL Submitter,high,low
"Generate an IndexNow key and notify Bing, Yandex, and other engines when your URLs change",tool_variant,seo-web-tools,SEO & Web Tools,IndexNow URL Submitter,indexnow-url-submitter,https://www.mytulify.com/seo-web-tools/indexnow-url-submitter,IndexNow URL Submitter,high,low
Indexing Readiness Checker,tool,seo-web-tools,SEO & Web Tools,Indexing Readiness Checker,indexing-readiness-checker,https://www.mytulify.com/seo-web-tools/indexing-readiness-checker,Indexing Readiness Checker,high,medium
free Indexing Readiness Checker,tool_variant,seo-web-tools,SEO & Web Tools,Indexing Readiness Checker,indexing-readiness-checker,https://www.mytulify.com/seo-web-tools/indexing-readiness-checker,Indexing Readiness Checker,high,medium
free online Indexing Readiness Checker,tool_variant,seo-web-tools,SEO & Web Tools,Indexing Readiness Checker,indexing-readiness-checker,https://www.mytulify.com/seo-web-tools/indexing-readiness-checker,Indexing Readiness Checker,high,medium
Indexing Readiness Checker online,tool_variant,seo-web-tools,SEO & Web Tools,Indexing Readiness Checker,indexing-readiness-checker,https://www.mytulify.com/seo-web-tools/indexing-readiness-checker,Indexing Readiness Checker,high,medium
SEO & Web Tools Indexing Readiness Checker,tool_variant,seo-web-tools,SEO & Web Tools,Indexing Readiness Checker,indexing-readiness-checker,https://www.mytulify.com/seo-web-tools/indexing-readiness-checker,Indexing Readiness Checker,high,medium
"Audit a live URL for noindex, robots",tool_variant,seo-web-tools,SEO & Web Tools,Indexing Readiness Checker,indexing-readiness-checker,https://www.mytulify.com/seo-web-tools/indexing-readiness-checker,Indexing Readiness Checker,high,medium
URL Index Status Checker,tool,seo-web-tools,SEO & Web Tools,URL Index Status Checker,url-index-status-checker,https://www.mytulify.com/seo-web-tools/url-index-status-checker,URL Index Status Checker,high,medium
free URL Index Status Checker,tool_variant,seo-web-tools,SEO & Web Tools,URL Index Status Checker,url-index-status-checker,https://www.mytulify.com/seo-web-tools/url-index-status-checker,URL Index Status Checker,high,medium
free online URL Index Status Checker,tool_variant,seo-web-tools,SEO & Web Tools,URL Index Status Checker,url-index-status-checker,https://www.mytulify.com/seo-web-tools/url-index-status-checker,URL Index Status Checker,high,medium
URL Index Status Checker online,tool_variant,seo-web-tools,SEO & Web Tools,URL Index Status Checker,url-index-status-checker,https://www.mytulify.com/seo-web-tools/url-index-status-checker,URL Index Status Checker,high,medium
SEO & Web Tools URL Index Status Checker,tool_variant,seo-web-tools,SEO & Web Tools,URL Index Status Checker,url-index-status-checker,https://www.mytulify.com/seo-web-tools/url-index-status-checker,URL Index Status Checker,high,medium
Soft-check whether a URL appears indexed and open Google/Bing site: verification links,tool_variant,seo-web-tools,SEO & Web Tools,URL Index Status Checker,url-index-status-checker,https://www.mytulify.com/seo-web-tools/url-index-status-checker,URL Index Status Checker,high,medium
AI SEO Page Audit,tool,seo-web-tools,SEO & Web Tools,AI SEO Page Audit,ai-seo-page-audit,https://www.mytulify.com/seo-web-tools/ai-seo-page-audit,AI SEO Page Audit,high,medium
free AI SEO Page Audit,tool_variant,seo-web-tools,SEO & Web Tools,AI SEO Page Audit,ai-seo-page-audit,https://www.mytulify.com/seo-web-tools/ai-seo-page-audit,AI SEO Page Audit,high,medium
free online AI SEO Page Audit,tool_variant,seo-web-tools,SEO & Web Tools,AI SEO Page Audit,ai-seo-page-audit,https://www.mytulify.com/seo-web-tools/ai-seo-page-audit,AI SEO Page Audit,high,medium
AI SEO Page Audit online,tool_variant,seo-web-tools,SEO & Web Tools,AI SEO Page Audit,ai-seo-page-audit,https://www.mytulify.com/seo-web-tools/ai-seo-page-audit,AI SEO Page Audit,high,medium
SEO & Web Tools AI SEO Page Audit,tool_variant,seo-web-tools,SEO & Web Tools,AI SEO Page Audit,ai-seo-page-audit,https://www.mytulify.com/seo-web-tools/ai-seo-page-audit,AI SEO Page Audit,high,medium
AI technical and on-page SEO audit from pasted HTML or page text with prioritized fixes,tool_variant,seo-web-tools,SEO & Web Tools,AI SEO Page Audit,ai-seo-page-audit,https://www.mytulify.com/seo-web-tools/ai-seo-page-audit,AI SEO Page Audit,high,medium
Fake Tweet Generator,tool,social-media-tools,Social Media Tools,Fake Tweet Generator,fake-tweet-generator,https://www.mytulify.com/social-media-tools/fake-tweet-generator,Fake Tweet Generator,high,medium
free Fake Tweet Generator,tool_variant,social-media-tools,Social Media Tools,Fake Tweet Generator,fake-tweet-generator,https://www.mytulify.com/social-media-tools/fake-tweet-generator,Fake Tweet Generator,high,medium
free online Fake Tweet Generator,tool_variant,social-media-tools,Social Media Tools,Fake Tweet Generator,fake-tweet-generator,https://www.mytulify.com/social-media-tools/fake-tweet-generator,Fake Tweet Generator,high,medium
Fake Tweet Generator online,tool_variant,social-media-tools,Social Media Tools,Fake Tweet Generator,fake-tweet-generator,https://www.mytulify.com/social-media-tools/fake-tweet-generator,Fake Tweet Generator,high,medium
Social Media Tools Fake Tweet Generator,tool_variant,social-media-tools,Social Media Tools,Fake Tweet Generator,fake-tweet-generator,https://www.mytulify.com/social-media-tools/fake-tweet-generator,Fake Tweet Generator,high,medium
Create realistic X/Twitter post mockups downloadable as images,tool_variant,social-media-tools,Social Media Tools,Fake Tweet Generator,fake-tweet-generator,https://www.mytulify.com/social-media-tools/fake-tweet-generator,Fake Tweet Generator,high,medium
Instagram Font Generator,tool,social-media-tools,Social Media Tools,Instagram Font Generator,instagram-font-generator,https://www.mytulify.com/social-media-tools/instagram-font-generator,Instagram Font Generator,high,medium
free Instagram Font Generator,tool_variant,social-media-tools,Social Media Tools,Instagram Font Generator,instagram-font-generator,https://www.mytulify.com/social-media-tools/instagram-font-generator,Instagram Font Generator,high,medium
free online Instagram Font Generator,tool_variant,social-media-tools,Social Media Tools,Instagram Font Generator,instagram-font-generator,https://www.mytulify.com/social-media-tools/instagram-font-generator,Instagram Font Generator,high,medium
Instagram Font Generator online,tool_variant,social-media-tools,Social Media Tools,Instagram Font Generator,instagram-font-generator,https://www.mytulify.com/social-media-tools/instagram-font-generator,Instagram Font Generator,high,medium
Social Media Tools Instagram Font Generator,tool_variant,social-media-tools,Social Media Tools,Instagram Font Generator,instagram-font-generator,https://www.mytulify.com/social-media-tools/instagram-font-generator,Instagram Font Generator,high,medium
Convert text into copy-paste Unicode fancy fonts for bios and captions,tool_variant,social-media-tools,Social Media Tools,Instagram Font Generator,instagram-font-generator,https://www.mytulify.com/social-media-tools/instagram-font-generator,Instagram Font Generator,high,medium
Instagram Hashtag Generator,tool,social-media-tools,Social Media Tools,Instagram Hashtag Generator,instagram-hashtag-generator,https://www.mytulify.com/social-media-tools/instagram-hashtag-generator,Instagram Hashtag Generator,high,medium
free Instagram Hashtag Generator,tool_variant,social-media-tools,Social Media Tools,Instagram Hashtag Generator,instagram-hashtag-generator,https://www.mytulify.com/social-media-tools/instagram-hashtag-generator,Instagram Hashtag Generator,high,medium
free online Instagram Hashtag Generator,tool_variant,social-media-tools,Social Media Tools,Instagram Hashtag Generator,instagram-hashtag-generator,https://www.mytulify.com/social-media-tools/instagram-hashtag-generator,Instagram Hashtag Generator,high,medium
Instagram Hashtag Generator online,tool_variant,social-media-tools,Social Media Tools,Instagram Hashtag Generator,instagram-hashtag-generator,https://www.mytulify.com/social-media-tools/instagram-hashtag-generator,Instagram Hashtag Generator,high,medium
Social Media Tools Instagram Hashtag Generator,tool_variant,social-media-tools,Social Media Tools,Instagram Hashtag Generator,instagram-hashtag-generator,https://www.mytulify.com/social-media-tools/instagram-hashtag-generator,Instagram Hashtag Generator,high,medium
Suggest and group relevant hashtags from keywords or topics,tool_variant,social-media-tools,Social Media Tools,Instagram Hashtag Generator,instagram-hashtag-generator,https://www.mytulify.com/social-media-tools/instagram-hashtag-generator,Instagram Hashtag Generator,high,medium
Twitter Character Counter,tool,social-media-tools,Social Media Tools,Twitter Character Counter,twitter-character-counter,https://www.mytulify.com/social-media-tools/twitter-character-counter,Twitter Character Counter,high,low
free Twitter Character Counter,tool_variant,social-media-tools,Social Media Tools,Twitter Character Counter,twitter-character-counter,https://www.mytulify.com/social-media-tools/twitter-character-counter,Twitter Character Counter,high,low
free online Twitter Character Counter,tool_variant,social-media-tools,Social Media Tools,Twitter Character Counter,twitter-character-counter,https://www.mytulify.com/social-media-tools/twitter-character-counter,Twitter Character Counter,high,low
Twitter Character Counter online,tool_variant,social-media-tools,Social Media Tools,Twitter Character Counter,twitter-character-counter,https://www.mytulify.com/social-media-tools/twitter-character-counter,Twitter Character Counter,high,low
Social Media Tools Twitter Character Counter,tool_variant,social-media-tools,Social Media Tools,Twitter Character Counter,twitter-character-counter,https://www.mytulify.com/social-media-tools/twitter-character-counter,Twitter Character Counter,high,low
Count characters against the 280-limit with weighted counting,tool_variant,social-media-tools,Social Media Tools,Twitter Character Counter,twitter-character-counter,https://www.mytulify.com/social-media-tools/twitter-character-counter,Twitter Character Counter,high,low
Fake Instagram Post Generator,tool,social-media-tools,Social Media Tools,Fake Instagram Post Generator,fake-instagram-post-generator,https://www.mytulify.com/social-media-tools/fake-instagram-post-generator,Fake Instagram Post Generator,high,medium
free Fake Instagram Post Generator,tool_variant,social-media-tools,Social Media Tools,Fake Instagram Post Generator,fake-instagram-post-generator,https://www.mytulify.com/social-media-tools/fake-instagram-post-generator,Fake Instagram Post Generator,high,medium
free online Fake Instagram Post Generator,tool_variant,social-media-tools,Social Media Tools,Fake Instagram Post Generator,fake-instagram-post-generator,https://www.mytulify.com/social-media-tools/fake-instagram-post-generator,Fake Instagram Post Generator,high,medium
Fake Instagram Post Generator online,tool_variant,social-media-tools,Social Media Tools,Fake Instagram Post Generator,fake-instagram-post-generator,https://www.mytulify.com/social-media-tools/fake-instagram-post-generator,Fake Instagram Post Generator,high,medium
Social Media Tools Fake Instagram Post Generator,tool_variant,social-media-tools,Social Media Tools,Fake Instagram Post Generator,fake-instagram-post-generator,https://www.mytulify.com/social-media-tools/fake-instagram-post-generator,Fake Instagram Post Generator,high,medium
Generate realistic Instagram post mockups with custom likes and avatar,tool_variant,social-media-tools,Social Media Tools,Fake Instagram Post Generator,fake-instagram-post-generator,https://www.mytulify.com/social-media-tools/fake-instagram-post-generator,Fake Instagram Post Generator,high,medium
Instagram Bio Generator,tool,social-media-tools,Social Media Tools,Instagram Bio Generator,instagram-bio-generator,https://www.mytulify.com/social-media-tools/instagram-bio-generator,Instagram Bio Generator,high,low
free Instagram Bio Generator,tool_variant,social-media-tools,Social Media Tools,Instagram Bio Generator,instagram-bio-generator,https://www.mytulify.com/social-media-tools/instagram-bio-generator,Instagram Bio Generator,high,low
free online Instagram Bio Generator,tool_variant,social-media-tools,Social Media Tools,Instagram Bio Generator,instagram-bio-generator,https://www.mytulify.com/social-media-tools/instagram-bio-generator,Instagram Bio Generator,high,low
Instagram Bio Generator online,tool_variant,social-media-tools,Social Media Tools,Instagram Bio Generator,instagram-bio-generator,https://www.mytulify.com/social-media-tools/instagram-bio-generator,Instagram Bio Generator,high,low
Social Media Tools Instagram Bio Generator,tool_variant,social-media-tools,Social Media Tools,Instagram Bio Generator,instagram-bio-generator,https://www.mytulify.com/social-media-tools/instagram-bio-generator,Instagram Bio Generator,high,low
"Build stylish IG bios with line breaks, fonts, and symbols",tool_variant,social-media-tools,Social Media Tools,Instagram Bio Generator,instagram-bio-generator,https://www.mytulify.com/social-media-tools/instagram-bio-generator,Instagram Bio Generator,high,low
Instagram Caption Generator,tool,social-media-tools,Social Media Tools,Instagram Caption Generator,instagram-caption-generator,https://www.mytulify.com/social-media-tools/instagram-caption-generator,Instagram Caption Generator,high,medium
free Instagram Caption Generator,tool_variant,social-media-tools,Social Media Tools,Instagram Caption Generator,instagram-caption-generator,https://www.mytulify.com/social-media-tools/instagram-caption-generator,Instagram Caption Generator,high,medium
free online Instagram Caption Generator,tool_variant,social-media-tools,Social Media Tools,Instagram Caption Generator,instagram-caption-generator,https://www.mytulify.com/social-media-tools/instagram-caption-generator,Instagram Caption Generator,high,medium
Instagram Caption Generator online,tool_variant,social-media-tools,Social Media Tools,Instagram Caption Generator,instagram-caption-generator,https://www.mytulify.com/social-media-tools/instagram-caption-generator,Instagram Caption Generator,high,medium
Social Media Tools Instagram Caption Generator,tool_variant,social-media-tools,Social Media Tools,Instagram Caption Generator,instagram-caption-generator,https://www.mytulify.com/social-media-tools/instagram-caption-generator,Instagram Caption Generator,high,medium
Generate caption ideas from a topic plus hashtags and emojis,tool_variant,social-media-tools,Social Media Tools,Instagram Caption Generator,instagram-caption-generator,https://www.mytulify.com/social-media-tools/instagram-caption-generator,Instagram Caption Generator,high,medium
YouTube Tag Extractor,tool,social-media-tools,Social Media Tools,YouTube Tag Extractor,youtube-tag-extractor,https://www.mytulify.com/social-media-tools/youtube-tag-extractor,YouTube Tag Extractor,high,low
free YouTube Tag Extractor,tool_variant,social-media-tools,Social Media Tools,YouTube Tag Extractor,youtube-tag-extractor,https://www.mytulify.com/social-media-tools/youtube-tag-extractor,YouTube Tag Extractor,high,low
free online YouTube Tag Extractor,tool_variant,social-media-tools,Social Media Tools,YouTube Tag Extractor,youtube-tag-extractor,https://www.mytulify.com/social-media-tools/youtube-tag-extractor,YouTube Tag Extractor,high,low
YouTube Tag Extractor online,tool_variant,social-media-tools,Social Media Tools,YouTube Tag Extractor,youtube-tag-extractor,https://www.mytulify.com/social-media-tools/youtube-tag-extractor,YouTube Tag Extractor,high,low
Social Media Tools YouTube Tag Extractor,tool_variant,social-media-tools,Social Media Tools,YouTube Tag Extractor,youtube-tag-extractor,https://www.mytulify.com/social-media-tools/youtube-tag-extractor,YouTube Tag Extractor,high,low
Extract video tags from a YouTube URL or page source,tool_variant,social-media-tools,Social Media Tools,YouTube Tag Extractor,youtube-tag-extractor,https://www.mytulify.com/social-media-tools/youtube-tag-extractor,YouTube Tag Extractor,high,low
YouTube Thumbnail Downloader,tool,social-media-tools,Social Media Tools,YouTube Thumbnail Downloader,youtube-thumbnail-downloader,https://www.mytulify.com/social-media-tools/youtube-thumbnail-downloader,YouTube Thumbnail Downloader,high,medium
free YouTube Thumbnail Downloader,tool_variant,social-media-tools,Social Media Tools,YouTube Thumbnail Downloader,youtube-thumbnail-downloader,https://www.mytulify.com/social-media-tools/youtube-thumbnail-downloader,YouTube Thumbnail Downloader,high,medium
free online YouTube Thumbnail Downloader,tool_variant,social-media-tools,Social Media Tools,YouTube Thumbnail Downloader,youtube-thumbnail-downloader,https://www.mytulify.com/social-media-tools/youtube-thumbnail-downloader,YouTube Thumbnail Downloader,high,medium
YouTube Thumbnail Downloader online,tool_variant,social-media-tools,Social Media Tools,YouTube Thumbnail Downloader,youtube-thumbnail-downloader,https://www.mytulify.com/social-media-tools/youtube-thumbnail-downloader,YouTube Thumbnail Downloader,high,medium
Social Media Tools YouTube Thumbnail Downloader,tool_variant,social-media-tools,Social Media Tools,YouTube Thumbnail Downloader,youtube-thumbnail-downloader,https://www.mytulify.com/social-media-tools/youtube-thumbnail-downloader,YouTube Thumbnail Downloader,high,medium
Grab all thumbnail sizes from a YouTube video URL,tool_variant,social-media-tools,Social Media Tools,YouTube Thumbnail Downloader,youtube-thumbnail-downloader,https://www.mytulify.com/social-media-tools/youtube-thumbnail-downloader,YouTube Thumbnail Downloader,high,medium
Instagram Line Break Generator,tool,social-media-tools,Social Media Tools,Instagram Line Break Generator,instagram-line-break-generator,https://www.mytulify.com/social-media-tools/instagram-line-break-generator,Instagram Line Break Generator,medium,low
free Instagram Line Break Generator,tool_variant,social-media-tools,Social Media Tools,Instagram Line Break Generator,instagram-line-break-generator,https://www.mytulify.com/social-media-tools/instagram-line-break-generator,Instagram Line Break Generator,medium,low
free online Instagram Line Break Generator,tool_variant,social-media-tools,Social Media Tools,Instagram Line Break Generator,instagram-line-break-generator,https://www.mytulify.com/social-media-tools/instagram-line-break-generator,Instagram Line Break Generator,medium,low
Instagram Line Break Generator online,tool_variant,social-media-tools,Social Media Tools,Instagram Line Break Generator,instagram-line-break-generator,https://www.mytulify.com/social-media-tools/instagram-line-break-generator,Instagram Line Break Generator,medium,low
Social Media Tools Instagram Line Break Generator,tool_variant,social-media-tools,Social Media Tools,Instagram Line Break Generator,instagram-line-break-generator,https://www.mytulify.com/social-media-tools/instagram-line-break-generator,Instagram Line Break Generator,medium,low
Add invisible spacing so captions keep line breaks on Instagram,tool_variant,social-media-tools,Social Media Tools,Instagram Line Break Generator,instagram-line-break-generator,https://www.mytulify.com/social-media-tools/instagram-line-break-generator,Instagram Line Break Generator,medium,low
Emoji Picker,tool,social-media-tools,Social Media Tools,Emoji Picker,emoji-picker,https://www.mytulify.com/social-media-tools/emoji-picker,Emoji Picker,high,medium
free Emoji Picker,tool_variant,social-media-tools,Social Media Tools,Emoji Picker,emoji-picker,https://www.mytulify.com/social-media-tools/emoji-picker,Emoji Picker,high,medium
free online Emoji Picker,tool_variant,social-media-tools,Social Media Tools,Emoji Picker,emoji-picker,https://www.mytulify.com/social-media-tools/emoji-picker,Emoji Picker,high,medium
Emoji Picker online,tool_variant,social-media-tools,Social Media Tools,Emoji Picker,emoji-picker,https://www.mytulify.com/social-media-tools/emoji-picker,Emoji Picker,high,medium
Social Media Tools Emoji Picker,tool_variant,social-media-tools,Social Media Tools,Emoji Picker,emoji-picker,https://www.mytulify.com/social-media-tools/emoji-picker,Emoji Picker,high,medium
Searchable emoji keyboard for copying emojis into posts,tool_variant,social-media-tools,Social Media Tools,Emoji Picker,emoji-picker,https://www.mytulify.com/social-media-tools/emoji-picker,Emoji Picker,high,medium
Fake Facebook Post Generator,tool,social-media-tools,Social Media Tools,Fake Facebook Post Generator,fake-facebook-post-generator,https://www.mytulify.com/social-media-tools/fake-facebook-post-generator,Fake Facebook Post Generator,medium,low
free Fake Facebook Post Generator,tool_variant,social-media-tools,Social Media Tools,Fake Facebook Post Generator,fake-facebook-post-generator,https://www.mytulify.com/social-media-tools/fake-facebook-post-generator,Fake Facebook Post Generator,medium,low
free online Fake Facebook Post Generator,tool_variant,social-media-tools,Social Media Tools,Fake Facebook Post Generator,fake-facebook-post-generator,https://www.mytulify.com/social-media-tools/fake-facebook-post-generator,Fake Facebook Post Generator,medium,low
Fake Facebook Post Generator online,tool_variant,social-media-tools,Social Media Tools,Fake Facebook Post Generator,fake-facebook-post-generator,https://www.mytulify.com/social-media-tools/fake-facebook-post-generator,Fake Facebook Post Generator,medium,low
Social Media Tools Fake Facebook Post Generator,tool_variant,social-media-tools,Social Media Tools,Fake Facebook Post Generator,fake-facebook-post-generator,https://www.mytulify.com/social-media-tools/fake-facebook-post-generator,Fake Facebook Post Generator,medium,low
Create Facebook post mockups with reactions and comments,tool_variant,social-media-tools,Social Media Tools,Fake Facebook Post Generator,fake-facebook-post-generator,https://www.mytulify.com/social-media-tools/fake-facebook-post-generator,Fake Facebook Post Generator,medium,low
Tweet to Image,tool,social-media-tools,Social Media Tools,Tweet to Image,tweet-to-image,https://www.mytulify.com/social-media-tools/tweet-to-image,Tweet to Image,medium,low
free Tweet to Image,tool_variant,social-media-tools,Social Media Tools,Tweet to Image,tweet-to-image,https://www.mytulify.com/social-media-tools/tweet-to-image,Tweet to Image,medium,low
free online Tweet to Image,tool_variant,social-media-tools,Social Media Tools,Tweet to Image,tweet-to-image,https://www.mytulify.com/social-media-tools/tweet-to-image,Tweet to Image,medium,low
Tweet to Image online,tool_variant,social-media-tools,Social Media Tools,Tweet to Image,tweet-to-image,https://www.mytulify.com/social-media-tools/tweet-to-image,Tweet to Image,medium,low
Social Media Tools Tweet to Image,tool_variant,social-media-tools,Social Media Tools,Tweet to Image,tweet-to-image,https://www.mytulify.com/social-media-tools/tweet-to-image,Tweet to Image,medium,low
Turn real or custom tweet text into a shareable styled image,tool_variant,social-media-tools,Social Media Tools,Tweet to Image,tweet-to-image,https://www.mytulify.com/social-media-tools/tweet-to-image,Tweet to Image,medium,low
TikTok Hashtag Generator,tool,social-media-tools,Social Media Tools,TikTok Hashtag Generator,tiktok-hashtag-generator,https://www.mytulify.com/social-media-tools/tiktok-hashtag-generator,TikTok Hashtag Generator,high,medium
free TikTok Hashtag Generator,tool_variant,social-media-tools,Social Media Tools,TikTok Hashtag Generator,tiktok-hashtag-generator,https://www.mytulify.com/social-media-tools/tiktok-hashtag-generator,TikTok Hashtag Generator,high,medium
free online TikTok Hashtag Generator,tool_variant,social-media-tools,Social Media Tools,TikTok Hashtag Generator,tiktok-hashtag-generator,https://www.mytulify.com/social-media-tools/tiktok-hashtag-generator,TikTok Hashtag Generator,high,medium
TikTok Hashtag Generator online,tool_variant,social-media-tools,Social Media Tools,TikTok Hashtag Generator,tiktok-hashtag-generator,https://www.mytulify.com/social-media-tools/tiktok-hashtag-generator,TikTok Hashtag Generator,high,medium
Social Media Tools TikTok Hashtag Generator,tool_variant,social-media-tools,Social Media Tools,TikTok Hashtag Generator,tiktok-hashtag-generator,https://www.mytulify.com/social-media-tools/tiktok-hashtag-generator,TikTok Hashtag Generator,high,medium
Generate trending-style hashtags and captions for TikTok,tool_variant,social-media-tools,Social Media Tools,TikTok Hashtag Generator,tiktok-hashtag-generator,https://www.mytulify.com/social-media-tools/tiktok-hashtag-generator,TikTok Hashtag Generator,high,medium
Glitch Text Generator,tool,social-media-tools,Social Media Tools,Glitch Text Generator,glitch-text-generator,https://www.mytulify.com/social-media-tools/glitch-text-generator,Glitch Text Generator,high,low
free Glitch Text Generator,tool_variant,social-media-tools,Social Media Tools,Glitch Text Generator,glitch-text-generator,https://www.mytulify.com/social-media-tools/glitch-text-generator,Glitch Text Generator,high,low
free online Glitch Text Generator,tool_variant,social-media-tools,Social Media Tools,Glitch Text Generator,glitch-text-generator,https://www.mytulify.com/social-media-tools/glitch-text-generator,Glitch Text Generator,high,low
Glitch Text Generator online,tool_variant,social-media-tools,Social Media Tools,Glitch Text Generator,glitch-text-generator,https://www.mytulify.com/social-media-tools/glitch-text-generator,Glitch Text Generator,high,low
Social Media Tools Glitch Text Generator,tool_variant,social-media-tools,Social Media Tools,Glitch Text Generator,glitch-text-generator,https://www.mytulify.com/social-media-tools/glitch-text-generator,Glitch Text Generator,high,low
Generate zalgo/glitch styled text for posts and usernames,tool_variant,social-media-tools,Social Media Tools,Glitch Text Generator,glitch-text-generator,https://www.mytulify.com/social-media-tools/glitch-text-generator,Glitch Text Generator,high,low
Small Text Generator,tool,social-media-tools,Social Media Tools,Small Text Generator,small-text-generator,https://www.mytulify.com/social-media-tools/small-text-generator,Small Text Generator,high,low
free Small Text Generator,tool_variant,social-media-tools,Social Media Tools,Small Text Generator,small-text-generator,https://www.mytulify.com/social-media-tools/small-text-generator,Small Text Generator,high,low
free online Small Text Generator,tool_variant,social-media-tools,Social Media Tools,Small Text Generator,small-text-generator,https://www.mytulify.com/social-media-tools/small-text-generator,Small Text Generator,high,low
Small Text Generator online,tool_variant,social-media-tools,Social Media Tools,Small Text Generator,small-text-generator,https://www.mytulify.com/social-media-tools/small-text-generator,Small Text Generator,high,low
Social Media Tools Small Text Generator,tool_variant,social-media-tools,Social Media Tools,Small Text Generator,small-text-generator,https://www.mytulify.com/social-media-tools/small-text-generator,Small Text Generator,high,low
Convert text to superscript and small-caps Unicode characters,tool_variant,social-media-tools,Social Media Tools,Small Text Generator,small-text-generator,https://www.mytulify.com/social-media-tools/small-text-generator,Small Text Generator,high,low
Discord Font Generator,tool,social-media-tools,Social Media Tools,Discord Font Generator,discord-font-generator,https://www.mytulify.com/social-media-tools/discord-font-generator,Discord Font Generator,high,low
free Discord Font Generator,tool_variant,social-media-tools,Social Media Tools,Discord Font Generator,discord-font-generator,https://www.mytulify.com/social-media-tools/discord-font-generator,Discord Font Generator,high,low
free online Discord Font Generator,tool_variant,social-media-tools,Social Media Tools,Discord Font Generator,discord-font-generator,https://www.mytulify.com/social-media-tools/discord-font-generator,Discord Font Generator,high,low
Discord Font Generator online,tool_variant,social-media-tools,Social Media Tools,Discord Font Generator,discord-font-generator,https://www.mytulify.com/social-media-tools/discord-font-generator,Discord Font Generator,high,low
Social Media Tools Discord Font Generator,tool_variant,social-media-tools,Social Media Tools,Discord Font Generator,discord-font-generator,https://www.mytulify.com/social-media-tools/discord-font-generator,Discord Font Generator,high,low
Produce fancy and formatted text usable in Discord chats,tool_variant,social-media-tools,Social Media Tools,Discord Font Generator,discord-font-generator,https://www.mytulify.com/social-media-tools/discord-font-generator,Discord Font Generator,high,low
Twitter Bio Generator,tool,social-media-tools,Social Media Tools,Twitter Bio Generator,twitter-bio-generator,https://www.mytulify.com/social-media-tools/twitter-bio-generator,Twitter Bio Generator,medium,low
free Twitter Bio Generator,tool_variant,social-media-tools,Social Media Tools,Twitter Bio Generator,twitter-bio-generator,https://www.mytulify.com/social-media-tools/twitter-bio-generator,Twitter Bio Generator,medium,low
free online Twitter Bio Generator,tool_variant,social-media-tools,Social Media Tools,Twitter Bio Generator,twitter-bio-generator,https://www.mytulify.com/social-media-tools/twitter-bio-generator,Twitter Bio Generator,medium,low
Twitter Bio Generator online,tool_variant,social-media-tools,Social Media Tools,Twitter Bio Generator,twitter-bio-generator,https://www.mytulify.com/social-media-tools/twitter-bio-generator,Twitter Bio Generator,medium,low
Social Media Tools Twitter Bio Generator,tool_variant,social-media-tools,Social Media Tools,Twitter Bio Generator,twitter-bio-generator,https://www.mytulify.com/social-media-tools/twitter-bio-generator,Twitter Bio Generator,medium,low
"Build X/Twitter bios with fonts, line breaks, and emojis",tool_variant,social-media-tools,Social Media Tools,Twitter Bio Generator,twitter-bio-generator,https://www.mytulify.com/social-media-tools/twitter-bio-generator,Twitter Bio Generator,medium,low
LinkedIn Text Formatter,tool,social-media-tools,Social Media Tools,LinkedIn Text Formatter,linkedin-text-formatter,https://www.mytulify.com/social-media-tools/linkedin-text-formatter,LinkedIn Text Formatter,high,low
free LinkedIn Text Formatter,tool_variant,social-media-tools,Social Media Tools,LinkedIn Text Formatter,linkedin-text-formatter,https://www.mytulify.com/social-media-tools/linkedin-text-formatter,LinkedIn Text Formatter,high,low
free online LinkedIn Text Formatter,tool_variant,social-media-tools,Social Media Tools,LinkedIn Text Formatter,linkedin-text-formatter,https://www.mytulify.com/social-media-tools/linkedin-text-formatter,LinkedIn Text Formatter,high,low
LinkedIn Text Formatter online,tool_variant,social-media-tools,Social Media Tools,LinkedIn Text Formatter,linkedin-text-formatter,https://www.mytulify.com/social-media-tools/linkedin-text-formatter,LinkedIn Text Formatter,high,low
Social Media Tools LinkedIn Text Formatter,tool_variant,social-media-tools,Social Media Tools,LinkedIn Text Formatter,linkedin-text-formatter,https://www.mytulify.com/social-media-tools/linkedin-text-formatter,LinkedIn Text Formatter,high,low
Add bold/italic Unicode formatting to LinkedIn posts,tool_variant,social-media-tools,Social Media Tools,LinkedIn Text Formatter,linkedin-text-formatter,https://www.mytulify.com/social-media-tools/linkedin-text-formatter,LinkedIn Text Formatter,high,low
WhatsApp Link Generator,tool,social-media-tools,Social Media Tools,WhatsApp Link Generator,whatsapp-link-generator,https://www.mytulify.com/social-media-tools/whatsapp-link-generator,WhatsApp Link Generator,high,low
free WhatsApp Link Generator,tool_variant,social-media-tools,Social Media Tools,WhatsApp Link Generator,whatsapp-link-generator,https://www.mytulify.com/social-media-tools/whatsapp-link-generator,WhatsApp Link Generator,high,low
free online WhatsApp Link Generator,tool_variant,social-media-tools,Social Media Tools,WhatsApp Link Generator,whatsapp-link-generator,https://www.mytulify.com/social-media-tools/whatsapp-link-generator,WhatsApp Link Generator,high,low
WhatsApp Link Generator online,tool_variant,social-media-tools,Social Media Tools,WhatsApp Link Generator,whatsapp-link-generator,https://www.mytulify.com/social-media-tools/whatsapp-link-generator,WhatsApp Link Generator,high,low
Social Media Tools WhatsApp Link Generator,tool_variant,social-media-tools,Social Media Tools,WhatsApp Link Generator,whatsapp-link-generator,https://www.mytulify.com/social-media-tools/whatsapp-link-generator,WhatsApp Link Generator,high,low
Social Media Image Sizes,tool,social-media-tools,Social Media Tools,Social Media Image Sizes,social-media-image-sizes,https://www.mytulify.com/social-media-tools/social-media-image-sizes,Social Media Image Sizes,medium,low
free Social Media Image Sizes,tool_variant,social-media-tools,Social Media Tools,Social Media Image Sizes,social-media-image-sizes,https://www.mytulify.com/social-media-tools/social-media-image-sizes,Social Media Image Sizes,medium,low
free online Social Media Image Sizes,tool_variant,social-media-tools,Social Media Tools,Social Media Image Sizes,social-media-image-sizes,https://www.mytulify.com/social-media-tools/social-media-image-sizes,Social Media Image Sizes,medium,low
Social Media Image Sizes online,tool_variant,social-media-tools,Social Media Tools,Social Media Image Sizes,social-media-image-sizes,https://www.mytulify.com/social-media-tools/social-media-image-sizes,Social Media Image Sizes,medium,low
Social Media Tools Social Media Image Sizes,tool_variant,social-media-tools,Social Media Tools,Social Media Image Sizes,social-media-image-sizes,https://www.mytulify.com/social-media-tools/social-media-image-sizes,Social Media Image Sizes,medium,low
Reference of current image/video dimensions per platform,tool_variant,social-media-tools,Social Media Tools,Social Media Image Sizes,social-media-image-sizes,https://www.mytulify.com/social-media-tools/social-media-image-sizes,Social Media Image Sizes,medium,low
Bold Text Generator,tool,social-media-tools,Social Media Tools,Bold Text Generator,bold-text-generator,https://www.mytulify.com/social-media-tools/bold-text-generator,Bold Text Generator,high,low
free Bold Text Generator,tool_variant,social-media-tools,Social Media Tools,Bold Text Generator,bold-text-generator,https://www.mytulify.com/social-media-tools/bold-text-generator,Bold Text Generator,high,low
free online Bold Text Generator,tool_variant,social-media-tools,Social Media Tools,Bold Text Generator,bold-text-generator,https://www.mytulify.com/social-media-tools/bold-text-generator,Bold Text Generator,high,low
Bold Text Generator online,tool_variant,social-media-tools,Social Media Tools,Bold Text Generator,bold-text-generator,https://www.mytulify.com/social-media-tools/bold-text-generator,Bold Text Generator,high,low
Social Media Tools Bold Text Generator,tool_variant,social-media-tools,Social Media Tools,Bold Text Generator,bold-text-generator,https://www.mytulify.com/social-media-tools/bold-text-generator,Bold Text Generator,high,low
Convert text into bold Unicode for platforms without formatting,tool_variant,social-media-tools,Social Media Tools,Bold Text Generator,bold-text-generator,https://www.mytulify.com/social-media-tools/bold-text-generator,Bold Text Generator,high,low
Cursive Text Generator,tool,social-media-tools,Social Media Tools,Cursive Text Generator,cursive-text-generator,https://www.mytulify.com/social-media-tools/cursive-text-generator,Cursive Text Generator,high,low
free Cursive Text Generator,tool_variant,social-media-tools,Social Media Tools,Cursive Text Generator,cursive-text-generator,https://www.mytulify.com/social-media-tools/cursive-text-generator,Cursive Text Generator,high,low
free online Cursive Text Generator,tool_variant,social-media-tools,Social Media Tools,Cursive Text Generator,cursive-text-generator,https://www.mytulify.com/social-media-tools/cursive-text-generator,Cursive Text Generator,high,low
Cursive Text Generator online,tool_variant,social-media-tools,Social Media Tools,Cursive Text Generator,cursive-text-generator,https://www.mytulify.com/social-media-tools/cursive-text-generator,Cursive Text Generator,high,low
Social Media Tools Cursive Text Generator,tool_variant,social-media-tools,Social Media Tools,Cursive Text Generator,cursive-text-generator,https://www.mytulify.com/social-media-tools/cursive-text-generator,Cursive Text Generator,high,low
Generate cursive and italic Unicode text styles,tool_variant,social-media-tools,Social Media Tools,Cursive Text Generator,cursive-text-generator,https://www.mytulify.com/social-media-tools/cursive-text-generator,Cursive Text Generator,high,low
Twitch Text Generator,tool,social-media-tools,Social Media Tools,Twitch Text Generator,twitch-text-generator,https://www.mytulify.com/social-media-tools/twitch-text-generator,Twitch Text Generator,medium,low
free Twitch Text Generator,tool_variant,social-media-tools,Social Media Tools,Twitch Text Generator,twitch-text-generator,https://www.mytulify.com/social-media-tools/twitch-text-generator,Twitch Text Generator,medium,low
free online Twitch Text Generator,tool_variant,social-media-tools,Social Media Tools,Twitch Text Generator,twitch-text-generator,https://www.mytulify.com/social-media-tools/twitch-text-generator,Twitch Text Generator,medium,low
Twitch Text Generator online,tool_variant,social-media-tools,Social Media Tools,Twitch Text Generator,twitch-text-generator,https://www.mytulify.com/social-media-tools/twitch-text-generator,Twitch Text Generator,medium,low
Social Media Tools Twitch Text Generator,tool_variant,social-media-tools,Social Media Tools,Twitch Text Generator,twitch-text-generator,https://www.mytulify.com/social-media-tools/twitch-text-generator,Twitch Text Generator,medium,low
Create stylized text and name ideas for Twitch profiles,tool_variant,social-media-tools,Social Media Tools,Twitch Text Generator,twitch-text-generator,https://www.mytulify.com/social-media-tools/twitch-text-generator,Twitch Text Generator,medium,low
Fake Instagram DM Generator,tool,social-media-tools,Social Media Tools,Fake Instagram DM Generator,fake-instagram-dm-generator,https://www.mytulify.com/social-media-tools/fake-instagram-dm-generator,Fake Instagram DM Generator,medium,low
free Fake Instagram DM Generator,tool_variant,social-media-tools,Social Media Tools,Fake Instagram DM Generator,fake-instagram-dm-generator,https://www.mytulify.com/social-media-tools/fake-instagram-dm-generator,Fake Instagram DM Generator,medium,low
free online Fake Instagram DM Generator,tool_variant,social-media-tools,Social Media Tools,Fake Instagram DM Generator,fake-instagram-dm-generator,https://www.mytulify.com/social-media-tools/fake-instagram-dm-generator,Fake Instagram DM Generator,medium,low
Fake Instagram DM Generator online,tool_variant,social-media-tools,Social Media Tools,Fake Instagram DM Generator,fake-instagram-dm-generator,https://www.mytulify.com/social-media-tools/fake-instagram-dm-generator,Fake Instagram DM Generator,medium,low
Social Media Tools Fake Instagram DM Generator,tool_variant,social-media-tools,Social Media Tools,Fake Instagram DM Generator,fake-instagram-dm-generator,https://www.mytulify.com/social-media-tools/fake-instagram-dm-generator,Fake Instagram DM Generator,medium,low
Mock up Instagram DM chat and profile screenshots,tool_variant,social-media-tools,Social Media Tools,Fake Instagram DM Generator,fake-instagram-dm-generator,https://www.mytulify.com/social-media-tools/fake-instagram-dm-generator,Fake Instagram DM Generator,medium,low
Hashtag Counter,tool,social-media-tools,Social Media Tools,Hashtag Counter,hashtag-counter,https://www.mytulify.com/social-media-tools/hashtag-counter,Hashtag Counter,medium,low
free Hashtag Counter,tool_variant,social-media-tools,Social Media Tools,Hashtag Counter,hashtag-counter,https://www.mytulify.com/social-media-tools/hashtag-counter,Hashtag Counter,medium,low
free online Hashtag Counter,tool_variant,social-media-tools,Social Media Tools,Hashtag Counter,hashtag-counter,https://www.mytulify.com/social-media-tools/hashtag-counter,Hashtag Counter,medium,low
Hashtag Counter online,tool_variant,social-media-tools,Social Media Tools,Hashtag Counter,hashtag-counter,https://www.mytulify.com/social-media-tools/hashtag-counter,Hashtag Counter,medium,low
Social Media Tools Hashtag Counter,tool_variant,social-media-tools,Social Media Tools,Hashtag Counter,hashtag-counter,https://www.mytulify.com/social-media-tools/hashtag-counter,Hashtag Counter,medium,low
Count hashtags in text and flag platform over-limits,tool_variant,social-media-tools,Social Media Tools,Hashtag Counter,hashtag-counter,https://www.mytulify.com/social-media-tools/hashtag-counter,Hashtag Counter,medium,low
Social Preview Tester,tool,social-media-tools,Social Media Tools,Social Preview Tester,social-preview-tester,https://www.mytulify.com/social-media-tools/social-preview-tester,Social Preview Tester,medium,low
free Social Preview Tester,tool_variant,social-media-tools,Social Media Tools,Social Preview Tester,social-preview-tester,https://www.mytulify.com/social-media-tools/social-preview-tester,Social Preview Tester,medium,low
free online Social Preview Tester,tool_variant,social-media-tools,Social Media Tools,Social Preview Tester,social-preview-tester,https://www.mytulify.com/social-media-tools/social-preview-tester,Social Preview Tester,medium,low
Social Preview Tester online,tool_variant,social-media-tools,Social Media Tools,Social Preview Tester,social-preview-tester,https://www.mytulify.com/social-media-tools/social-preview-tester,Social Preview Tester,medium,low
Social Media Tools Social Preview Tester,tool_variant,social-media-tools,Social Media Tools,Social Preview Tester,social-preview-tester,https://www.mytulify.com/social-media-tools/social-preview-tester,Social Preview Tester,medium,low
Preview how a link will look when shared across platforms,tool_variant,social-media-tools,Social Media Tools,Social Preview Tester,social-preview-tester,https://www.mytulify.com/social-media-tools/social-preview-tester,Social Preview Tester,medium,low
Aesthetic Username Generator,tool,social-media-tools,Social Media Tools,Aesthetic Username Generator,aesthetic-username-generator,https://www.mytulify.com/social-media-tools/aesthetic-username-generator,Aesthetic Username Generator,high,low
free Aesthetic Username Generator,tool_variant,social-media-tools,Social Media Tools,Aesthetic Username Generator,aesthetic-username-generator,https://www.mytulify.com/social-media-tools/aesthetic-username-generator,Aesthetic Username Generator,high,low
free online Aesthetic Username Generator,tool_variant,social-media-tools,Social Media Tools,Aesthetic Username Generator,aesthetic-username-generator,https://www.mytulify.com/social-media-tools/aesthetic-username-generator,Aesthetic Username Generator,high,low
Aesthetic Username Generator online,tool_variant,social-media-tools,Social Media Tools,Aesthetic Username Generator,aesthetic-username-generator,https://www.mytulify.com/social-media-tools/aesthetic-username-generator,Aesthetic Username Generator,high,low
Social Media Tools Aesthetic Username Generator,tool_variant,social-media-tools,Social Media Tools,Aesthetic Username Generator,aesthetic-username-generator,https://www.mytulify.com/social-media-tools/aesthetic-username-generator,Aesthetic Username Generator,high,low
Generate decorated usernames with symbols and aesthetic fonts,tool_variant,social-media-tools,Social Media Tools,Aesthetic Username Generator,aesthetic-username-generator,https://www.mytulify.com/social-media-tools/aesthetic-username-generator,Aesthetic Username Generator,high,low
Word Counter,tool,text-tools,Text Tools,Word Counter,word-counter,https://www.mytulify.com/text-tools/word-counter,Word Counter,high,medium
free Word Counter,tool_variant,text-tools,Text Tools,Word Counter,word-counter,https://www.mytulify.com/text-tools/word-counter,Word Counter,high,medium
free online Word Counter,tool_variant,text-tools,Text Tools,Word Counter,word-counter,https://www.mytulify.com/text-tools/word-counter,Word Counter,high,medium
Word Counter online,tool_variant,text-tools,Text Tools,Word Counter,word-counter,https://www.mytulify.com/text-tools/word-counter,Word Counter,high,medium
Text Tools Word Counter,tool_variant,text-tools,Text Tools,Word Counter,word-counter,https://www.mytulify.com/text-tools/word-counter,Word Counter,high,medium
"Count words, characters, sentences, paragraphs with reading and speaking time estimates",tool_variant,text-tools,Text Tools,Word Counter,word-counter,https://www.mytulify.com/text-tools/word-counter,Word Counter,high,medium
Character Counter,tool,text-tools,Text Tools,Character Counter,character-counter,https://www.mytulify.com/text-tools/character-counter,Character Counter,high,low
free Character Counter,tool_variant,text-tools,Text Tools,Character Counter,character-counter,https://www.mytulify.com/text-tools/character-counter,Character Counter,high,low
free online Character Counter,tool_variant,text-tools,Text Tools,Character Counter,character-counter,https://www.mytulify.com/text-tools/character-counter,Character Counter,high,low
Character Counter online,tool_variant,text-tools,Text Tools,Character Counter,character-counter,https://www.mytulify.com/text-tools/character-counter,Character Counter,high,low
Text Tools Character Counter,tool_variant,text-tools,Text Tools,Character Counter,character-counter,https://www.mytulify.com/text-tools/character-counter,Character Counter,high,low
Count characters with and without spaces in real time for tweets and bios,tool_variant,text-tools,Text Tools,Character Counter,character-counter,https://www.mytulify.com/text-tools/character-counter,Character Counter,high,low
Case Converter,tool,text-tools,Text Tools,Case Converter,case-converter,https://www.mytulify.com/text-tools/case-converter,Case Converter,high,low
free Case Converter,tool_variant,text-tools,Text Tools,Case Converter,case-converter,https://www.mytulify.com/text-tools/case-converter,Case Converter,high,low
free online Case Converter,tool_variant,text-tools,Text Tools,Case Converter,case-converter,https://www.mytulify.com/text-tools/case-converter,Case Converter,high,low
Case Converter online,tool_variant,text-tools,Text Tools,Case Converter,case-converter,https://www.mytulify.com/text-tools/case-converter,Case Converter,high,low
Text Tools Case Converter,tool_variant,text-tools,Text Tools,Case Converter,case-converter,https://www.mytulify.com/text-tools/case-converter,Case Converter,high,low
"Convert text to UPPERCASE, lowercase, Title Case, Sentence case and more",tool_variant,text-tools,Text Tools,Case Converter,case-converter,https://www.mytulify.com/text-tools/case-converter,Case Converter,high,low
Lorem Ipsum Generator,tool,text-tools,Text Tools,Lorem Ipsum Generator,lorem-ipsum-generator,https://www.mytulify.com/text-tools/lorem-ipsum-generator,Lorem Ipsum Generator,high,low
free Lorem Ipsum Generator,tool_variant,text-tools,Text Tools,Lorem Ipsum Generator,lorem-ipsum-generator,https://www.mytulify.com/text-tools/lorem-ipsum-generator,Lorem Ipsum Generator,high,low
free online Lorem Ipsum Generator,tool_variant,text-tools,Text Tools,Lorem Ipsum Generator,lorem-ipsum-generator,https://www.mytulify.com/text-tools/lorem-ipsum-generator,Lorem Ipsum Generator,high,low
Lorem Ipsum Generator online,tool_variant,text-tools,Text Tools,Lorem Ipsum Generator,lorem-ipsum-generator,https://www.mytulify.com/text-tools/lorem-ipsum-generator,Lorem Ipsum Generator,high,low
Text Tools Lorem Ipsum Generator,tool_variant,text-tools,Text Tools,Lorem Ipsum Generator,lorem-ipsum-generator,https://www.mytulify.com/text-tools/lorem-ipsum-generator,Lorem Ipsum Generator,high,low
"Generate placeholder dummy text by paragraphs, sentences or words",tool_variant,text-tools,Text Tools,Lorem Ipsum Generator,lorem-ipsum-generator,https://www.mytulify.com/text-tools/lorem-ipsum-generator,Lorem Ipsum Generator,high,low
Remove Line Breaks,tool,text-tools,Text Tools,Remove Line Breaks,remove-line-breaks,https://www.mytulify.com/text-tools/remove-line-breaks,Remove Line Breaks,high,low
free Remove Line Breaks,tool_variant,text-tools,Text Tools,Remove Line Breaks,remove-line-breaks,https://www.mytulify.com/text-tools/remove-line-breaks,Remove Line Breaks,high,low
free online Remove Line Breaks,tool_variant,text-tools,Text Tools,Remove Line Breaks,remove-line-breaks,https://www.mytulify.com/text-tools/remove-line-breaks,Remove Line Breaks,high,low
Remove Line Breaks online,tool_variant,text-tools,Text Tools,Remove Line Breaks,remove-line-breaks,https://www.mytulify.com/text-tools/remove-line-breaks,Remove Line Breaks,high,low
Text Tools Remove Line Breaks,tool_variant,text-tools,Text Tools,Remove Line Breaks,remove-line-breaks,https://www.mytulify.com/text-tools/remove-line-breaks,Remove Line Breaks,high,low
Strip or merge line breaks and extra newlines from pasted text,tool_variant,text-tools,Text Tools,Remove Line Breaks,remove-line-breaks,https://www.mytulify.com/text-tools/remove-line-breaks,Remove Line Breaks,high,low
Remove Extra Spaces,tool,text-tools,Text Tools,Remove Extra Spaces,remove-extra-spaces,https://www.mytulify.com/text-tools/remove-extra-spaces,Remove Extra Spaces,high,low
free Remove Extra Spaces,tool_variant,text-tools,Text Tools,Remove Extra Spaces,remove-extra-spaces,https://www.mytulify.com/text-tools/remove-extra-spaces,Remove Extra Spaces,high,low
free online Remove Extra Spaces,tool_variant,text-tools,Text Tools,Remove Extra Spaces,remove-extra-spaces,https://www.mytulify.com/text-tools/remove-extra-spaces,Remove Extra Spaces,high,low
Remove Extra Spaces online,tool_variant,text-tools,Text Tools,Remove Extra Spaces,remove-extra-spaces,https://www.mytulify.com/text-tools/remove-extra-spaces,Remove Extra Spaces,high,low
Text Tools Remove Extra Spaces,tool_variant,text-tools,Text Tools,Remove Extra Spaces,remove-extra-spaces,https://www.mytulify.com/text-tools/remove-extra-spaces,Remove Extra Spaces,high,low
"Remove duplicate, leading and trailing whitespace from text",tool_variant,text-tools,Text Tools,Remove Extra Spaces,remove-extra-spaces,https://www.mytulify.com/text-tools/remove-extra-spaces,Remove Extra Spaces,high,low
Find and Replace Text,tool,text-tools,Text Tools,Find and Replace Text,find-and-replace-text,https://www.mytulify.com/text-tools/find-and-replace-text,Find and Replace Text,medium,low
free Find and Replace Text,tool_variant,text-tools,Text Tools,Find and Replace Text,find-and-replace-text,https://www.mytulify.com/text-tools/find-and-replace-text,Find and Replace Text,medium,low
free online Find and Replace Text,tool_variant,text-tools,Text Tools,Find and Replace Text,find-and-replace-text,https://www.mytulify.com/text-tools/find-and-replace-text,Find and Replace Text,medium,low
Find and Replace Text online,tool_variant,text-tools,Text Tools,Find and Replace Text,find-and-replace-text,https://www.mytulify.com/text-tools/find-and-replace-text,Find and Replace Text,medium,low
Text Tools Find and Replace Text,tool_variant,text-tools,Text Tools,Find and Replace Text,find-and-replace-text,https://www.mytulify.com/text-tools/find-and-replace-text,Find and Replace Text,medium,low
"Find and replace words or patterns in bulk text, with regex support",tool_variant,text-tools,Text Tools,Find and Replace Text,find-and-replace-text,https://www.mytulify.com/text-tools/find-and-replace-text,Find and Replace Text,medium,low
Reverse Text,tool,text-tools,Text Tools,Reverse Text,reverse-text,https://www.mytulify.com/text-tools/reverse-text,Reverse Text,medium,low
free Reverse Text,tool_variant,text-tools,Text Tools,Reverse Text,reverse-text,https://www.mytulify.com/text-tools/reverse-text,Reverse Text,medium,low
free online Reverse Text,tool_variant,text-tools,Text Tools,Reverse Text,reverse-text,https://www.mytulify.com/text-tools/reverse-text,Reverse Text,medium,low
Reverse Text online,tool_variant,text-tools,Text Tools,Reverse Text,reverse-text,https://www.mytulify.com/text-tools/reverse-text,Reverse Text,medium,low
Text Tools Reverse Text,tool_variant,text-tools,Text Tools,Reverse Text,reverse-text,https://www.mytulify.com/text-tools/reverse-text,Reverse Text,medium,low
"Reverse characters, words or lines of any input text",tool_variant,text-tools,Text Tools,Reverse Text,reverse-text,https://www.mytulify.com/text-tools/reverse-text,Reverse Text,medium,low
Text Repeater,tool,text-tools,Text Tools,Text Repeater,text-repeater,https://www.mytulify.com/text-tools/text-repeater,Text Repeater,medium,low
free Text Repeater,tool_variant,text-tools,Text Tools,Text Repeater,text-repeater,https://www.mytulify.com/text-tools/text-repeater,Text Repeater,medium,low
free online Text Repeater,tool_variant,text-tools,Text Tools,Text Repeater,text-repeater,https://www.mytulify.com/text-tools/text-repeater,Text Repeater,medium,low
Text Repeater online,tool_variant,text-tools,Text Tools,Text Repeater,text-repeater,https://www.mytulify.com/text-tools/text-repeater,Text Repeater,medium,low
Text Tools Text Repeater,tool_variant,text-tools,Text Tools,Text Repeater,text-repeater,https://www.mytulify.com/text-tools/text-repeater,Text Repeater,medium,low
Repeat a string or line a chosen number of times,tool_variant,text-tools,Text Tools,Text Repeater,text-repeater,https://www.mytulify.com/text-tools/text-repeater,Text Repeater,medium,low
Word Frequency Counter,tool,text-tools,Text Tools,Word Frequency Counter,word-frequency-counter,https://www.mytulify.com/text-tools/word-frequency-counter,Word Frequency Counter,medium,low
free Word Frequency Counter,tool_variant,text-tools,Text Tools,Word Frequency Counter,word-frequency-counter,https://www.mytulify.com/text-tools/word-frequency-counter,Word Frequency Counter,medium,low
free online Word Frequency Counter,tool_variant,text-tools,Text Tools,Word Frequency Counter,word-frequency-counter,https://www.mytulify.com/text-tools/word-frequency-counter,Word Frequency Counter,medium,low
Word Frequency Counter online,tool_variant,text-tools,Text Tools,Word Frequency Counter,word-frequency-counter,https://www.mytulify.com/text-tools/word-frequency-counter,Word Frequency Counter,medium,low
Text Tools Word Frequency Counter,tool_variant,text-tools,Text Tools,Word Frequency Counter,word-frequency-counter,https://www.mytulify.com/text-tools/word-frequency-counter,Word Frequency Counter,medium,low
Count how often each word appears and rank them by frequency,tool_variant,text-tools,Text Tools,Word Frequency Counter,word-frequency-counter,https://www.mytulify.com/text-tools/word-frequency-counter,Word Frequency Counter,medium,low
Remove Duplicate Lines,tool,text-tools,Text Tools,Remove Duplicate Lines,remove-duplicate-lines,https://www.mytulify.com/text-tools/remove-duplicate-lines,Remove Duplicate Lines,medium,low
free Remove Duplicate Lines,tool_variant,text-tools,Text Tools,Remove Duplicate Lines,remove-duplicate-lines,https://www.mytulify.com/text-tools/remove-duplicate-lines,Remove Duplicate Lines,medium,low
free online Remove Duplicate Lines,tool_variant,text-tools,Text Tools,Remove Duplicate Lines,remove-duplicate-lines,https://www.mytulify.com/text-tools/remove-duplicate-lines,Remove Duplicate Lines,medium,low
Remove Duplicate Lines online,tool_variant,text-tools,Text Tools,Remove Duplicate Lines,remove-duplicate-lines,https://www.mytulify.com/text-tools/remove-duplicate-lines,Remove Duplicate Lines,medium,low
Text Tools Remove Duplicate Lines,tool_variant,text-tools,Text Tools,Remove Duplicate Lines,remove-duplicate-lines,https://www.mytulify.com/text-tools/remove-duplicate-lines,Remove Duplicate Lines,medium,low
Delete duplicate lines from a list while preserving order,tool_variant,text-tools,Text Tools,Remove Duplicate Lines,remove-duplicate-lines,https://www.mytulify.com/text-tools/remove-duplicate-lines,Remove Duplicate Lines,medium,low
Sort Text Lines,tool,text-tools,Text Tools,Sort Text Lines,sort-text-lines,https://www.mytulify.com/text-tools/sort-text-lines,Sort Text Lines,medium,low
free Sort Text Lines,tool_variant,text-tools,Text Tools,Sort Text Lines,sort-text-lines,https://www.mytulify.com/text-tools/sort-text-lines,Sort Text Lines,medium,low
free online Sort Text Lines,tool_variant,text-tools,Text Tools,Sort Text Lines,sort-text-lines,https://www.mytulify.com/text-tools/sort-text-lines,Sort Text Lines,medium,low
Sort Text Lines online,tool_variant,text-tools,Text Tools,Sort Text Lines,sort-text-lines,https://www.mytulify.com/text-tools/sort-text-lines,Sort Text Lines,medium,low
Text Tools Sort Text Lines,tool_variant,text-tools,Text Tools,Sort Text Lines,sort-text-lines,https://www.mytulify.com/text-tools/sort-text-lines,Sort Text Lines,medium,low
"Sort lines alphabetically, numerically or reverse their order",tool_variant,text-tools,Text Tools,Sort Text Lines,sort-text-lines,https://www.mytulify.com/text-tools/sort-text-lines,Sort Text Lines,medium,low
Text to Slug,tool,text-tools,Text Tools,Text to Slug,text-to-slug,https://www.mytulify.com/text-tools/text-to-slug,Text to Slug,medium,low
free Text to Slug,tool_variant,text-tools,Text Tools,Text to Slug,text-to-slug,https://www.mytulify.com/text-tools/text-to-slug,Text to Slug,medium,low
free online Text to Slug,tool_variant,text-tools,Text Tools,Text to Slug,text-to-slug,https://www.mytulify.com/text-tools/text-to-slug,Text to Slug,medium,low
Text to Slug online,tool_variant,text-tools,Text Tools,Text to Slug,text-to-slug,https://www.mytulify.com/text-tools/text-to-slug,Text to Slug,medium,low
Text Tools Text to Slug,tool_variant,text-tools,Text Tools,Text to Slug,text-to-slug,https://www.mytulify.com/text-tools/text-to-slug,Text to Slug,medium,low
Convert a title or phrase into a clean URL-friendly slug,tool_variant,text-tools,Text Tools,Text to Slug,text-to-slug,https://www.mytulify.com/text-tools/text-to-slug,Text to Slug,medium,low
Binary Translator,tool,text-tools,Text Tools,Binary Translator,binary-translator,https://www.mytulify.com/text-tools/binary-translator,Binary Translator,high,low
free Binary Translator,tool_variant,text-tools,Text Tools,Binary Translator,binary-translator,https://www.mytulify.com/text-tools/binary-translator,Binary Translator,high,low
free online Binary Translator,tool_variant,text-tools,Text Tools,Binary Translator,binary-translator,https://www.mytulify.com/text-tools/binary-translator,Binary Translator,high,low
Binary Translator online,tool_variant,text-tools,Text Tools,Binary Translator,binary-translator,https://www.mytulify.com/text-tools/binary-translator,Binary Translator,high,low
Text Tools Binary Translator,tool_variant,text-tools,Text Tools,Binary Translator,binary-translator,https://www.mytulify.com/text-tools/binary-translator,Binary Translator,high,low
Convert text to binary and binary back to readable text,tool_variant,text-tools,Text Tools,Binary Translator,binary-translator,https://www.mytulify.com/text-tools/binary-translator,Binary Translator,high,low
Morse Code Translator,tool,text-tools,Text Tools,Morse Code Translator,morse-code-translator,https://www.mytulify.com/text-tools/morse-code-translator,Morse Code Translator,high,medium
free Morse Code Translator,tool_variant,text-tools,Text Tools,Morse Code Translator,morse-code-translator,https://www.mytulify.com/text-tools/morse-code-translator,Morse Code Translator,high,medium
free online Morse Code Translator,tool_variant,text-tools,Text Tools,Morse Code Translator,morse-code-translator,https://www.mytulify.com/text-tools/morse-code-translator,Morse Code Translator,high,medium
Morse Code Translator online,tool_variant,text-tools,Text Tools,Morse Code Translator,morse-code-translator,https://www.mytulify.com/text-tools/morse-code-translator,Morse Code Translator,high,medium
Text Tools Morse Code Translator,tool_variant,text-tools,Text Tools,Morse Code Translator,morse-code-translator,https://www.mytulify.com/text-tools/morse-code-translator,Morse Code Translator,high,medium
"Encode and decode between text and Morse code, with optional audio",tool_variant,text-tools,Text Tools,Morse Code Translator,morse-code-translator,https://www.mytulify.com/text-tools/morse-code-translator,Morse Code Translator,high,medium
Fancy Text Generator,tool,text-tools,Text Tools,Fancy Text Generator,fancy-text-generator,https://www.mytulify.com/text-tools/fancy-text-generator,Fancy Text Generator,high,medium
free Fancy Text Generator,tool_variant,text-tools,Text Tools,Fancy Text Generator,fancy-text-generator,https://www.mytulify.com/text-tools/fancy-text-generator,Fancy Text Generator,high,medium
free online Fancy Text Generator,tool_variant,text-tools,Text Tools,Fancy Text Generator,fancy-text-generator,https://www.mytulify.com/text-tools/fancy-text-generator,Fancy Text Generator,high,medium
Fancy Text Generator online,tool_variant,text-tools,Text Tools,Fancy Text Generator,fancy-text-generator,https://www.mytulify.com/text-tools/fancy-text-generator,Fancy Text Generator,high,medium
Text Tools Fancy Text Generator,tool_variant,text-tools,Text Tools,Fancy Text Generator,fancy-text-generator,https://www.mytulify.com/text-tools/fancy-text-generator,Fancy Text Generator,high,medium
Turn text into stylish Unicode fonts for social media bios,tool_variant,text-tools,Text Tools,Fancy Text Generator,fancy-text-generator,https://www.mytulify.com/text-tools/fancy-text-generator,Fancy Text Generator,high,medium
Bionic Reading Converter,tool,text-tools,Text Tools,Bionic Reading Converter,bionic-reading-converter,https://www.mytulify.com/text-tools/bionic-reading-converter,Bionic Reading Converter,medium,low
free Bionic Reading Converter,tool_variant,text-tools,Text Tools,Bionic Reading Converter,bionic-reading-converter,https://www.mytulify.com/text-tools/bionic-reading-converter,Bionic Reading Converter,medium,low
free online Bionic Reading Converter,tool_variant,text-tools,Text Tools,Bionic Reading Converter,bionic-reading-converter,https://www.mytulify.com/text-tools/bionic-reading-converter,Bionic Reading Converter,medium,low
Bionic Reading Converter online,tool_variant,text-tools,Text Tools,Bionic Reading Converter,bionic-reading-converter,https://www.mytulify.com/text-tools/bionic-reading-converter,Bionic Reading Converter,medium,low
Text Tools Bionic Reading Converter,tool_variant,text-tools,Text Tools,Bionic Reading Converter,bionic-reading-converter,https://www.mytulify.com/text-tools/bionic-reading-converter,Bionic Reading Converter,medium,low
Bold the leading part of each word to aid faster reading,tool_variant,text-tools,Text Tools,Bionic Reading Converter,bionic-reading-converter,https://www.mytulify.com/text-tools/bionic-reading-converter,Bionic Reading Converter,medium,low
Text to Handwriting,tool,text-tools,Text Tools,Text to Handwriting,text-to-handwriting,https://www.mytulify.com/text-tools/text-to-handwriting,Text to Handwriting,medium,low
free Text to Handwriting,tool_variant,text-tools,Text Tools,Text to Handwriting,text-to-handwriting,https://www.mytulify.com/text-tools/text-to-handwriting,Text to Handwriting,medium,low
free online Text to Handwriting,tool_variant,text-tools,Text Tools,Text to Handwriting,text-to-handwriting,https://www.mytulify.com/text-tools/text-to-handwriting,Text to Handwriting,medium,low
Text to Handwriting online,tool_variant,text-tools,Text Tools,Text to Handwriting,text-to-handwriting,https://www.mytulify.com/text-tools/text-to-handwriting,Text to Handwriting,medium,low
Text Tools Text to Handwriting,tool_variant,text-tools,Text Tools,Text to Handwriting,text-to-handwriting,https://www.mytulify.com/text-tools/text-to-handwriting,Text to Handwriting,medium,low
Render typed text as realistic handwriting on paper,tool_variant,text-tools,Text Tools,Text to Handwriting,text-to-handwriting,https://www.mytulify.com/text-tools/text-to-handwriting,Text to Handwriting,medium,low
Title Case Converter,tool,text-tools,Text Tools,Title Case Converter,title-case-converter,https://www.mytulify.com/text-tools/title-case-converter,Title Case Converter,medium,low
free Title Case Converter,tool_variant,text-tools,Text Tools,Title Case Converter,title-case-converter,https://www.mytulify.com/text-tools/title-case-converter,Title Case Converter,medium,low
free online Title Case Converter,tool_variant,text-tools,Text Tools,Title Case Converter,title-case-converter,https://www.mytulify.com/text-tools/title-case-converter,Title Case Converter,medium,low
Title Case Converter online,tool_variant,text-tools,Text Tools,Title Case Converter,title-case-converter,https://www.mytulify.com/text-tools/title-case-converter,Title Case Converter,medium,low
Text Tools Title Case Converter,tool_variant,text-tools,Text Tools,Title Case Converter,title-case-converter,https://www.mytulify.com/text-tools/title-case-converter,Title Case Converter,medium,low
Apply proper title capitalization rules to headlines,tool_variant,text-tools,Text Tools,Title Case Converter,title-case-converter,https://www.mytulify.com/text-tools/title-case-converter,Title Case Converter,medium,low
Text Diff Checker,tool,text-tools,Text Tools,Text Diff Checker,text-diff-checker,https://www.mytulify.com/text-tools/text-diff-checker,Text Diff Checker,medium,medium
free Text Diff Checker,tool_variant,text-tools,Text Tools,Text Diff Checker,text-diff-checker,https://www.mytulify.com/text-tools/text-diff-checker,Text Diff Checker,medium,medium
free online Text Diff Checker,tool_variant,text-tools,Text Tools,Text Diff Checker,text-diff-checker,https://www.mytulify.com/text-tools/text-diff-checker,Text Diff Checker,medium,medium
Text Diff Checker online,tool_variant,text-tools,Text Tools,Text Diff Checker,text-diff-checker,https://www.mytulify.com/text-tools/text-diff-checker,Text Diff Checker,medium,medium
Text Tools Text Diff Checker,tool_variant,text-tools,Text Tools,Text Diff Checker,text-diff-checker,https://www.mytulify.com/text-tools/text-diff-checker,Text Diff Checker,medium,medium
Highlight additions and deletions between two blocks of text,tool_variant,text-tools,Text Tools,Text Diff Checker,text-diff-checker,https://www.mytulify.com/text-tools/text-diff-checker,Text Diff Checker,medium,medium
Whitespace Remover,tool,text-tools,Text Tools,Whitespace Remover,whitespace-remover,https://www.mytulify.com/text-tools/whitespace-remover,Whitespace Remover,medium,low
free Whitespace Remover,tool_variant,text-tools,Text Tools,Whitespace Remover,whitespace-remover,https://www.mytulify.com/text-tools/whitespace-remover,Whitespace Remover,medium,low
free online Whitespace Remover,tool_variant,text-tools,Text Tools,Whitespace Remover,whitespace-remover,https://www.mytulify.com/text-tools/whitespace-remover,Whitespace Remover,medium,low
Whitespace Remover online,tool_variant,text-tools,Text Tools,Whitespace Remover,whitespace-remover,https://www.mytulify.com/text-tools/whitespace-remover,Whitespace Remover,medium,low
Text Tools Whitespace Remover,tool_variant,text-tools,Text Tools,Whitespace Remover,whitespace-remover,https://www.mytulify.com/text-tools/whitespace-remover,Whitespace Remover,medium,low
Strip all whitespace or collapse multiple spaces into one,tool_variant,text-tools,Text Tools,Whitespace Remover,whitespace-remover,https://www.mytulify.com/text-tools/whitespace-remover,Whitespace Remover,medium,low
Add Line Numbers,tool,text-tools,Text Tools,Add Line Numbers,add-line-numbers,https://www.mytulify.com/text-tools/add-line-numbers,Add Line Numbers,low,low
free Add Line Numbers,tool_variant,text-tools,Text Tools,Add Line Numbers,add-line-numbers,https://www.mytulify.com/text-tools/add-line-numbers,Add Line Numbers,low,low
free online Add Line Numbers,tool_variant,text-tools,Text Tools,Add Line Numbers,add-line-numbers,https://www.mytulify.com/text-tools/add-line-numbers,Add Line Numbers,low,low
Add Line Numbers online,tool_variant,text-tools,Text Tools,Add Line Numbers,add-line-numbers,https://www.mytulify.com/text-tools/add-line-numbers,Add Line Numbers,low,low
Text Tools Add Line Numbers,tool_variant,text-tools,Text Tools,Add Line Numbers,add-line-numbers,https://www.mytulify.com/text-tools/add-line-numbers,Add Line Numbers,low,low
Prepend sequential line numbers to each line of text,tool_variant,text-tools,Text Tools,Add Line Numbers,add-line-numbers,https://www.mytulify.com/text-tools/add-line-numbers,Add Line Numbers,low,low
Text to ASCII Art,tool,text-tools,Text Tools,Text to ASCII Art,text-to-ascii-art,https://www.mytulify.com/text-tools/text-to-ascii-art,Text to ASCII Art,medium,low
free Text to ASCII Art,tool_variant,text-tools,Text Tools,Text to ASCII Art,text-to-ascii-art,https://www.mytulify.com/text-tools/text-to-ascii-art,Text to ASCII Art,medium,low
free online Text to ASCII Art,tool_variant,text-tools,Text Tools,Text to ASCII Art,text-to-ascii-art,https://www.mytulify.com/text-tools/text-to-ascii-art,Text to ASCII Art,medium,low
Text to ASCII Art online,tool_variant,text-tools,Text Tools,Text to ASCII Art,text-to-ascii-art,https://www.mytulify.com/text-tools/text-to-ascii-art,Text to ASCII Art,medium,low
Text Tools Text to ASCII Art,tool_variant,text-tools,Text Tools,Text to ASCII Art,text-to-ascii-art,https://www.mytulify.com/text-tools/text-to-ascii-art,Text to ASCII Art,medium,low
Convert words into large ASCII banner art,tool_variant,text-tools,Text Tools,Text to ASCII Art,text-to-ascii-art,https://www.mytulify.com/text-tools/text-to-ascii-art,Text to ASCII Art,medium,low
NATO Phonetic Alphabet,tool,text-tools,Text Tools,NATO Phonetic Alphabet,nato-phonetic-alphabet-converter,https://www.mytulify.com/text-tools/nato-phonetic-alphabet-converter,NATO Phonetic Alphabet,medium,low
free NATO Phonetic Alphabet,tool_variant,text-tools,Text Tools,NATO Phonetic Alphabet,nato-phonetic-alphabet-converter,https://www.mytulify.com/text-tools/nato-phonetic-alphabet-converter,NATO Phonetic Alphabet,medium,low
free online NATO Phonetic Alphabet,tool_variant,text-tools,Text Tools,NATO Phonetic Alphabet,nato-phonetic-alphabet-converter,https://www.mytulify.com/text-tools/nato-phonetic-alphabet-converter,NATO Phonetic Alphabet,medium,low
NATO Phonetic Alphabet online,tool_variant,text-tools,Text Tools,NATO Phonetic Alphabet,nato-phonetic-alphabet-converter,https://www.mytulify.com/text-tools/nato-phonetic-alphabet-converter,NATO Phonetic Alphabet,medium,low
nato phonetic alphabet converter,tool_variant,text-tools,Text Tools,NATO Phonetic Alphabet,nato-phonetic-alphabet-converter,https://www.mytulify.com/text-tools/nato-phonetic-alphabet-converter,NATO Phonetic Alphabet,medium,low
Text Tools NATO Phonetic Alphabet,tool_variant,text-tools,Text Tools,NATO Phonetic Alphabet,nato-phonetic-alphabet-converter,https://www.mytulify.com/text-tools/nato-phonetic-alphabet-converter,NATO Phonetic Alphabet,medium,low
Spell text using the NATO phonetic alphabet,tool_variant,text-tools,Text Tools,NATO Phonetic Alphabet,nato-phonetic-alphabet-converter,https://www.mytulify.com/text-tools/nato-phonetic-alphabet-converter,NATO Phonetic Alphabet,medium,low
Strikethrough Text Generator,tool,text-tools,Text Tools,Strikethrough Text Generator,strikethrough-text-generator,https://www.mytulify.com/text-tools/strikethrough-text-generator,Strikethrough Text Generator,medium,low
free Strikethrough Text Generator,tool_variant,text-tools,Text Tools,Strikethrough Text Generator,strikethrough-text-generator,https://www.mytulify.com/text-tools/strikethrough-text-generator,Strikethrough Text Generator,medium,low
free online Strikethrough Text Generator,tool_variant,text-tools,Text Tools,Strikethrough Text Generator,strikethrough-text-generator,https://www.mytulify.com/text-tools/strikethrough-text-generator,Strikethrough Text Generator,medium,low
Strikethrough Text Generator online,tool_variant,text-tools,Text Tools,Strikethrough Text Generator,strikethrough-text-generator,https://www.mytulify.com/text-tools/strikethrough-text-generator,Strikethrough Text Generator,medium,low
Text Tools Strikethrough Text Generator,tool_variant,text-tools,Text Tools,Strikethrough Text Generator,strikethrough-text-generator,https://www.mytulify.com/text-tools/strikethrough-text-generator,Strikethrough Text Generator,medium,low
Add strikethrough or underline Unicode styling to text,tool_variant,text-tools,Text Tools,Strikethrough Text Generator,strikethrough-text-generator,https://www.mytulify.com/text-tools/strikethrough-text-generator,Strikethrough Text Generator,medium,low
Upside Down Text,tool,text-tools,Text Tools,Upside Down Text,upside-down-text-generator,https://www.mytulify.com/text-tools/upside-down-text-generator,Upside Down Text,medium,low
free Upside Down Text,tool_variant,text-tools,Text Tools,Upside Down Text,upside-down-text-generator,https://www.mytulify.com/text-tools/upside-down-text-generator,Upside Down Text,medium,low
free online Upside Down Text,tool_variant,text-tools,Text Tools,Upside Down Text,upside-down-text-generator,https://www.mytulify.com/text-tools/upside-down-text-generator,Upside Down Text,medium,low
Upside Down Text online,tool_variant,text-tools,Text Tools,Upside Down Text,upside-down-text-generator,https://www.mytulify.com/text-tools/upside-down-text-generator,Upside Down Text,medium,low
upside down text generator,tool_variant,text-tools,Text Tools,Upside Down Text,upside-down-text-generator,https://www.mytulify.com/text-tools/upside-down-text-generator,Upside Down Text,medium,low
Text Tools Upside Down Text,tool_variant,text-tools,Text Tools,Upside Down Text,upside-down-text-generator,https://www.mytulify.com/text-tools/upside-down-text-generator,Upside Down Text,medium,low
Flip text into upside-down Unicode characters,tool_variant,text-tools,Text Tools,Upside Down Text,upside-down-text-generator,https://www.mytulify.com/text-tools/upside-down-text-generator,Upside Down Text,medium,low
Remove Punctuation,tool,text-tools,Text Tools,Remove Punctuation,remove-punctuation,https://www.mytulify.com/text-tools/remove-punctuation,Remove Punctuation,low,low
free Remove Punctuation,tool_variant,text-tools,Text Tools,Remove Punctuation,remove-punctuation,https://www.mytulify.com/text-tools/remove-punctuation,Remove Punctuation,low,low
free online Remove Punctuation,tool_variant,text-tools,Text Tools,Remove Punctuation,remove-punctuation,https://www.mytulify.com/text-tools/remove-punctuation,Remove Punctuation,low,low
Remove Punctuation online,tool_variant,text-tools,Text Tools,Remove Punctuation,remove-punctuation,https://www.mytulify.com/text-tools/remove-punctuation,Remove Punctuation,low,low
Text Tools Remove Punctuation,tool_variant,text-tools,Text Tools,Remove Punctuation,remove-punctuation,https://www.mytulify.com/text-tools/remove-punctuation,Remove Punctuation,low,low
Strip punctuation marks from text for clean processing,tool_variant,text-tools,Text Tools,Remove Punctuation,remove-punctuation,https://www.mytulify.com/text-tools/remove-punctuation,Remove Punctuation,low,low
Text to Speech,tool,text-tools,Text Tools,Text to Speech,text-to-speech,https://www.mytulify.com/text-tools/text-to-speech,Text to Speech,high,medium
free Text to Speech,tool_variant,text-tools,Text Tools,Text to Speech,text-to-speech,https://www.mytulify.com/text-tools/text-to-speech,Text to Speech,high,medium
free online Text to Speech,tool_variant,text-tools,Text Tools,Text to Speech,text-to-speech,https://www.mytulify.com/text-tools/text-to-speech,Text to Speech,high,medium
Text to Speech online,tool_variant,text-tools,Text Tools,Text to Speech,text-to-speech,https://www.mytulify.com/text-tools/text-to-speech,Text to Speech,high,medium
Text Tools Text to Speech,tool_variant,text-tools,Text Tools,Text to Speech,text-to-speech,https://www.mytulify.com/text-tools/text-to-speech,Text to Speech,high,medium
"Turn text into a studio voiceover, or preview it with your device voice",tool_variant,text-tools,Text Tools,Text to Speech,text-to-speech,https://www.mytulify.com/text-tools/text-to-speech,Text to Speech,high,medium
Sentence Counter,tool,text-tools,Text Tools,Sentence Counter,sentence-counter,https://www.mytulify.com/text-tools/sentence-counter,Sentence Counter,low,low
free Sentence Counter,tool_variant,text-tools,Text Tools,Sentence Counter,sentence-counter,https://www.mytulify.com/text-tools/sentence-counter,Sentence Counter,low,low
free online Sentence Counter,tool_variant,text-tools,Text Tools,Sentence Counter,sentence-counter,https://www.mytulify.com/text-tools/sentence-counter,Sentence Counter,low,low
Sentence Counter online,tool_variant,text-tools,Text Tools,Sentence Counter,sentence-counter,https://www.mytulify.com/text-tools/sentence-counter,Sentence Counter,low,low
Text Tools Sentence Counter,tool_variant,text-tools,Text Tools,Sentence Counter,sentence-counter,https://www.mytulify.com/text-tools/sentence-counter,Sentence Counter,low,low
Count sentences and average sentence length in text,tool_variant,text-tools,Text Tools,Sentence Counter,sentence-counter,https://www.mytulify.com/text-tools/sentence-counter,Sentence Counter,low,low
Capitalize Each Word,tool,text-tools,Text Tools,Capitalize Each Word,capitalize-each-word,https://www.mytulify.com/text-tools/capitalize-each-word,Capitalize Each Word,medium,low
free Capitalize Each Word,tool_variant,text-tools,Text Tools,Capitalize Each Word,capitalize-each-word,https://www.mytulify.com/text-tools/capitalize-each-word,Capitalize Each Word,medium,low
free online Capitalize Each Word,tool_variant,text-tools,Text Tools,Capitalize Each Word,capitalize-each-word,https://www.mytulify.com/text-tools/capitalize-each-word,Capitalize Each Word,medium,low
Capitalize Each Word online,tool_variant,text-tools,Text Tools,Capitalize Each Word,capitalize-each-word,https://www.mytulify.com/text-tools/capitalize-each-word,Capitalize Each Word,medium,low
Text Tools Capitalize Each Word,tool_variant,text-tools,Text Tools,Capitalize Each Word,capitalize-each-word,https://www.mytulify.com/text-tools/capitalize-each-word,Capitalize Each Word,medium,low
Capitalize the first letter of every word in the input,tool_variant,text-tools,Text Tools,Capitalize Each Word,capitalize-each-word,https://www.mytulify.com/text-tools/capitalize-each-word,Capitalize Each Word,medium,low
Reading Time Calculator,tool,text-tools,Text Tools,Reading Time Calculator,reading-time-calculator,https://www.mytulify.com/text-tools/reading-time-calculator,Reading Time Calculator,high,low
free Reading Time Calculator,tool_variant,text-tools,Text Tools,Reading Time Calculator,reading-time-calculator,https://www.mytulify.com/text-tools/reading-time-calculator,Reading Time Calculator,high,low
free online Reading Time Calculator,tool_variant,text-tools,Text Tools,Reading Time Calculator,reading-time-calculator,https://www.mytulify.com/text-tools/reading-time-calculator,Reading Time Calculator,high,low
Reading Time Calculator online,tool_variant,text-tools,Text Tools,Reading Time Calculator,reading-time-calculator,https://www.mytulify.com/text-tools/reading-time-calculator,Reading Time Calculator,high,low
Text Tools Reading Time Calculator,tool_variant,text-tools,Text Tools,Reading Time Calculator,reading-time-calculator,https://www.mytulify.com/text-tools/reading-time-calculator,Reading Time Calculator,high,low
Estimate how long it takes to read any text based on words per minute,tool_variant,text-tools,Text Tools,Reading Time Calculator,reading-time-calculator,https://www.mytulify.com/text-tools/reading-time-calculator,Reading Time Calculator,high,low
Speech to Text,tool,text-tools,Text Tools,Speech to Text,speech-to-text,https://www.mytulify.com/text-tools/speech-to-text,Speech to Text,high,medium
free Speech to Text,tool_variant,text-tools,Text Tools,Speech to Text,speech-to-text,https://www.mytulify.com/text-tools/speech-to-text,Speech to Text,high,medium
free online Speech to Text,tool_variant,text-tools,Text Tools,Speech to Text,speech-to-text,https://www.mytulify.com/text-tools/speech-to-text,Speech to Text,high,medium
Speech to Text online,tool_variant,text-tools,Text Tools,Speech to Text,speech-to-text,https://www.mytulify.com/text-tools/speech-to-text,Speech to Text,high,medium
Text Tools Speech to Text,tool_variant,text-tools,Text Tools,Speech to Text,speech-to-text,https://www.mytulify.com/text-tools/speech-to-text,Speech to Text,high,medium
Dictate speech into editable text in your browser with live transcript and multi-language support,tool_variant,text-tools,Text Tools,Speech to Text,speech-to-text,https://www.mytulify.com/text-tools/speech-to-text,Speech to Text,high,medium
Language Translator,tool,text-tools,Text Tools,Language Translator,language-translator,https://www.mytulify.com/text-tools/language-translator,Language Translator,high,medium
free Language Translator,tool_variant,text-tools,Text Tools,Language Translator,language-translator,https://www.mytulify.com/text-tools/language-translator,Language Translator,high,medium
free online Language Translator,tool_variant,text-tools,Text Tools,Language Translator,language-translator,https://www.mytulify.com/text-tools/language-translator,Language Translator,high,medium
Language Translator online,tool_variant,text-tools,Text Tools,Language Translator,language-translator,https://www.mytulify.com/text-tools/language-translator,Language Translator,high,medium
Text Tools Language Translator,tool_variant,text-tools,Text Tools,Language Translator,language-translator,https://www.mytulify.com/text-tools/language-translator,Language Translator,high,medium
Translate text or CSV/Excel into one or many languages — each target gets its own column named after that language,tool_variant,text-tools,Text Tools,Language Translator,language-translator,https://www.mytulify.com/text-tools/language-translator,Language Translator,high,medium
Length Converter,tool,unit-converters,Unit Converters,Length Converter,length-converter,https://www.mytulify.com/unit-converters/length-converter,Length Converter,high,low
free Length Converter,tool_variant,unit-converters,Unit Converters,Length Converter,length-converter,https://www.mytulify.com/unit-converters/length-converter,Length Converter,high,low
free online Length Converter,tool_variant,unit-converters,Unit Converters,Length Converter,length-converter,https://www.mytulify.com/unit-converters/length-converter,Length Converter,high,low
Length Converter online,tool_variant,unit-converters,Unit Converters,Length Converter,length-converter,https://www.mytulify.com/unit-converters/length-converter,Length Converter,high,low
Unit Converters Length Converter,tool_variant,unit-converters,Unit Converters,Length Converter,length-converter,https://www.mytulify.com/unit-converters/length-converter,Length Converter,high,low
"Convert between meters, feet, miles, kilometers, inches, and more",tool_variant,unit-converters,Unit Converters,Length Converter,length-converter,https://www.mytulify.com/unit-converters/length-converter,Length Converter,high,low
Weight Converter,tool,unit-converters,Unit Converters,Weight Converter,weight-converter,https://www.mytulify.com/unit-converters/weight-converter,Weight Converter,high,low
free Weight Converter,tool_variant,unit-converters,Unit Converters,Weight Converter,weight-converter,https://www.mytulify.com/unit-converters/weight-converter,Weight Converter,high,low
free online Weight Converter,tool_variant,unit-converters,Unit Converters,Weight Converter,weight-converter,https://www.mytulify.com/unit-converters/weight-converter,Weight Converter,high,low
Weight Converter online,tool_variant,unit-converters,Unit Converters,Weight Converter,weight-converter,https://www.mytulify.com/unit-converters/weight-converter,Weight Converter,high,low
Unit Converters Weight Converter,tool_variant,unit-converters,Unit Converters,Weight Converter,weight-converter,https://www.mytulify.com/unit-converters/weight-converter,Weight Converter,high,low
"Convert mass units like kilograms, pounds, ounces, and grams",tool_variant,unit-converters,Unit Converters,Weight Converter,weight-converter,https://www.mytulify.com/unit-converters/weight-converter,Weight Converter,high,low
Temperature Converter,tool,unit-converters,Unit Converters,Temperature Converter,temperature-converter,https://www.mytulify.com/unit-converters/temperature-converter,Temperature Converter,high,low
free Temperature Converter,tool_variant,unit-converters,Unit Converters,Temperature Converter,temperature-converter,https://www.mytulify.com/unit-converters/temperature-converter,Temperature Converter,high,low
free online Temperature Converter,tool_variant,unit-converters,Unit Converters,Temperature Converter,temperature-converter,https://www.mytulify.com/unit-converters/temperature-converter,Temperature Converter,high,low
Temperature Converter online,tool_variant,unit-converters,Unit Converters,Temperature Converter,temperature-converter,https://www.mytulify.com/unit-converters/temperature-converter,Temperature Converter,high,low
Unit Converters Temperature Converter,tool_variant,unit-converters,Unit Converters,Temperature Converter,temperature-converter,https://www.mytulify.com/unit-converters/temperature-converter,Temperature Converter,high,low
"Convert between Celsius, Fahrenheit, and Kelvin",tool_variant,unit-converters,Unit Converters,Temperature Converter,temperature-converter,https://www.mytulify.com/unit-converters/temperature-converter,Temperature Converter,high,low
Volume Converter,tool,unit-converters,Unit Converters,Volume Converter,volume-converter,https://www.mytulify.com/unit-converters/volume-converter,Volume Converter,high,low
free Volume Converter,tool_variant,unit-converters,Unit Converters,Volume Converter,volume-converter,https://www.mytulify.com/unit-converters/volume-converter,Volume Converter,high,low
free online Volume Converter,tool_variant,unit-converters,Unit Converters,Volume Converter,volume-converter,https://www.mytulify.com/unit-converters/volume-converter,Volume Converter,high,low
Volume Converter online,tool_variant,unit-converters,Unit Converters,Volume Converter,volume-converter,https://www.mytulify.com/unit-converters/volume-converter,Volume Converter,high,low
Unit Converters Volume Converter,tool_variant,unit-converters,Unit Converters,Volume Converter,volume-converter,https://www.mytulify.com/unit-converters/volume-converter,Volume Converter,high,low
"Convert liters, gallons, cups, milliliters, and other volume units",tool_variant,unit-converters,Unit Converters,Volume Converter,volume-converter,https://www.mytulify.com/unit-converters/volume-converter,Volume Converter,high,low
Area Converter,tool,unit-converters,Unit Converters,Area Converter,area-converter,https://www.mytulify.com/unit-converters/area-converter,Area Converter,medium,low
free Area Converter,tool_variant,unit-converters,Unit Converters,Area Converter,area-converter,https://www.mytulify.com/unit-converters/area-converter,Area Converter,medium,low
free online Area Converter,tool_variant,unit-converters,Unit Converters,Area Converter,area-converter,https://www.mytulify.com/unit-converters/area-converter,Area Converter,medium,low
Area Converter online,tool_variant,unit-converters,Unit Converters,Area Converter,area-converter,https://www.mytulify.com/unit-converters/area-converter,Area Converter,medium,low
Unit Converters Area Converter,tool_variant,unit-converters,Unit Converters,Area Converter,area-converter,https://www.mytulify.com/unit-converters/area-converter,Area Converter,medium,low
"Convert square meters, acres, hectares, square feet, and more",tool_variant,unit-converters,Unit Converters,Area Converter,area-converter,https://www.mytulify.com/unit-converters/area-converter,Area Converter,medium,low
Speed Converter,tool,unit-converters,Unit Converters,Speed Converter,speed-converter,https://www.mytulify.com/unit-converters/speed-converter,Speed Converter,medium,low
free Speed Converter,tool_variant,unit-converters,Unit Converters,Speed Converter,speed-converter,https://www.mytulify.com/unit-converters/speed-converter,Speed Converter,medium,low
free online Speed Converter,tool_variant,unit-converters,Unit Converters,Speed Converter,speed-converter,https://www.mytulify.com/unit-converters/speed-converter,Speed Converter,medium,low
Speed Converter online,tool_variant,unit-converters,Unit Converters,Speed Converter,speed-converter,https://www.mytulify.com/unit-converters/speed-converter,Speed Converter,medium,low
Unit Converters Speed Converter,tool_variant,unit-converters,Unit Converters,Speed Converter,speed-converter,https://www.mytulify.com/unit-converters/speed-converter,Speed Converter,medium,low
"Convert mph, km/h, m/s, knots, and other speed units",tool_variant,unit-converters,Unit Converters,Speed Converter,speed-converter,https://www.mytulify.com/unit-converters/speed-converter,Speed Converter,medium,low
Time Converter,tool,unit-converters,Unit Converters,Time Converter,time-converter,https://www.mytulify.com/unit-converters/time-converter,Time Converter,medium,low
free Time Converter,tool_variant,unit-converters,Unit Converters,Time Converter,time-converter,https://www.mytulify.com/unit-converters/time-converter,Time Converter,medium,low
free online Time Converter,tool_variant,unit-converters,Unit Converters,Time Converter,time-converter,https://www.mytulify.com/unit-converters/time-converter,Time Converter,medium,low
Time Converter online,tool_variant,unit-converters,Unit Converters,Time Converter,time-converter,https://www.mytulify.com/unit-converters/time-converter,Time Converter,medium,low
Unit Converters Time Converter,tool_variant,unit-converters,Unit Converters,Time Converter,time-converter,https://www.mytulify.com/unit-converters/time-converter,Time Converter,medium,low
"Convert seconds, minutes, hours, days, weeks, and years",tool_variant,unit-converters,Unit Converters,Time Converter,time-converter,https://www.mytulify.com/unit-converters/time-converter,Time Converter,medium,low
Pressure Converter,tool,unit-converters,Unit Converters,Pressure Converter,pressure-converter,https://www.mytulify.com/unit-converters/pressure-converter,Pressure Converter,medium,low
free Pressure Converter,tool_variant,unit-converters,Unit Converters,Pressure Converter,pressure-converter,https://www.mytulify.com/unit-converters/pressure-converter,Pressure Converter,medium,low
free online Pressure Converter,tool_variant,unit-converters,Unit Converters,Pressure Converter,pressure-converter,https://www.mytulify.com/unit-converters/pressure-converter,Pressure Converter,medium,low
Pressure Converter online,tool_variant,unit-converters,Unit Converters,Pressure Converter,pressure-converter,https://www.mytulify.com/unit-converters/pressure-converter,Pressure Converter,medium,low
Unit Converters Pressure Converter,tool_variant,unit-converters,Unit Converters,Pressure Converter,pressure-converter,https://www.mytulify.com/unit-converters/pressure-converter,Pressure Converter,medium,low
"Convert pascals, bar, psi, atm, and mmHg",tool_variant,unit-converters,Unit Converters,Pressure Converter,pressure-converter,https://www.mytulify.com/unit-converters/pressure-converter,Pressure Converter,medium,low
Energy Converter,tool,unit-converters,Unit Converters,Energy Converter,energy-converter,https://www.mytulify.com/unit-converters/energy-converter,Energy Converter,medium,low
free Energy Converter,tool_variant,unit-converters,Unit Converters,Energy Converter,energy-converter,https://www.mytulify.com/unit-converters/energy-converter,Energy Converter,medium,low
free online Energy Converter,tool_variant,unit-converters,Unit Converters,Energy Converter,energy-converter,https://www.mytulify.com/unit-converters/energy-converter,Energy Converter,medium,low
Energy Converter online,tool_variant,unit-converters,Unit Converters,Energy Converter,energy-converter,https://www.mytulify.com/unit-converters/energy-converter,Energy Converter,medium,low
Unit Converters Energy Converter,tool_variant,unit-converters,Unit Converters,Energy Converter,energy-converter,https://www.mytulify.com/unit-converters/energy-converter,Energy Converter,medium,low
"Convert joules, calories, kilowatt-hours, and BTU",tool_variant,unit-converters,Unit Converters,Energy Converter,energy-converter,https://www.mytulify.com/unit-converters/energy-converter,Energy Converter,medium,low
Power Converter,tool,unit-converters,Unit Converters,Power Converter,power-converter,https://www.mytulify.com/unit-converters/power-converter,Power Converter,medium,low
free Power Converter,tool_variant,unit-converters,Unit Converters,Power Converter,power-converter,https://www.mytulify.com/unit-converters/power-converter,Power Converter,medium,low
free online Power Converter,tool_variant,unit-converters,Unit Converters,Power Converter,power-converter,https://www.mytulify.com/unit-converters/power-converter,Power Converter,medium,low
Power Converter online,tool_variant,unit-converters,Unit Converters,Power Converter,power-converter,https://www.mytulify.com/unit-converters/power-converter,Power Converter,medium,low
Unit Converters Power Converter,tool_variant,unit-converters,Unit Converters,Power Converter,power-converter,https://www.mytulify.com/unit-converters/power-converter,Power Converter,medium,low
"Convert watts, kilowatts, horsepower, and BTU/hour",tool_variant,unit-converters,Unit Converters,Power Converter,power-converter,https://www.mytulify.com/unit-converters/power-converter,Power Converter,medium,low
Force Converter,tool,unit-converters,Unit Converters,Force Converter,force-converter,https://www.mytulify.com/unit-converters/force-converter,Force Converter,low,low
free Force Converter,tool_variant,unit-converters,Unit Converters,Force Converter,force-converter,https://www.mytulify.com/unit-converters/force-converter,Force Converter,low,low
free online Force Converter,tool_variant,unit-converters,Unit Converters,Force Converter,force-converter,https://www.mytulify.com/unit-converters/force-converter,Force Converter,low,low
Force Converter online,tool_variant,unit-converters,Unit Converters,Force Converter,force-converter,https://www.mytulify.com/unit-converters/force-converter,Force Converter,low,low
Unit Converters Force Converter,tool_variant,unit-converters,Unit Converters,Force Converter,force-converter,https://www.mytulify.com/unit-converters/force-converter,Force Converter,low,low
"Convert newtons, pounds-force, kilogram-force, and dynes",tool_variant,unit-converters,Unit Converters,Force Converter,force-converter,https://www.mytulify.com/unit-converters/force-converter,Force Converter,low,low
Angle Converter,tool,unit-converters,Unit Converters,Angle Converter,angle-converter,https://www.mytulify.com/unit-converters/angle-converter,Angle Converter,low,low
free Angle Converter,tool_variant,unit-converters,Unit Converters,Angle Converter,angle-converter,https://www.mytulify.com/unit-converters/angle-converter,Angle Converter,low,low
free online Angle Converter,tool_variant,unit-converters,Unit Converters,Angle Converter,angle-converter,https://www.mytulify.com/unit-converters/angle-converter,Angle Converter,low,low
Angle Converter online,tool_variant,unit-converters,Unit Converters,Angle Converter,angle-converter,https://www.mytulify.com/unit-converters/angle-converter,Angle Converter,low,low
Unit Converters Angle Converter,tool_variant,unit-converters,Unit Converters,Angle Converter,angle-converter,https://www.mytulify.com/unit-converters/angle-converter,Angle Converter,low,low
"Convert degrees, radians, gradians, and arcminutes",tool_variant,unit-converters,Unit Converters,Angle Converter,angle-converter,https://www.mytulify.com/unit-converters/angle-converter,Angle Converter,low,low
Data Storage Converter,tool,unit-converters,Unit Converters,Data Storage Converter,data-storage-converter,https://www.mytulify.com/unit-converters/data-storage-converter,Data Storage Converter,medium,low
free Data Storage Converter,tool_variant,unit-converters,Unit Converters,Data Storage Converter,data-storage-converter,https://www.mytulify.com/unit-converters/data-storage-converter,Data Storage Converter,medium,low
free online Data Storage Converter,tool_variant,unit-converters,Unit Converters,Data Storage Converter,data-storage-converter,https://www.mytulify.com/unit-converters/data-storage-converter,Data Storage Converter,medium,low
Data Storage Converter online,tool_variant,unit-converters,Unit Converters,Data Storage Converter,data-storage-converter,https://www.mytulify.com/unit-converters/data-storage-converter,Data Storage Converter,medium,low
Unit Converters Data Storage Converter,tool_variant,unit-converters,Unit Converters,Data Storage Converter,data-storage-converter,https://www.mytulify.com/unit-converters/data-storage-converter,Data Storage Converter,medium,low
"Convert bytes, kilobytes, megabytes, gigabytes, and terabytes",tool_variant,unit-converters,Unit Converters,Data Storage Converter,data-storage-converter,https://www.mytulify.com/unit-converters/data-storage-converter,Data Storage Converter,medium,low
Data Transfer Rate Converter,tool,unit-converters,Unit Converters,Data Transfer Rate Converter,data-transfer-rate-converter,https://www.mytulify.com/unit-converters/data-transfer-rate-converter,Data Transfer Rate Converter,low,low
free Data Transfer Rate Converter,tool_variant,unit-converters,Unit Converters,Data Transfer Rate Converter,data-transfer-rate-converter,https://www.mytulify.com/unit-converters/data-transfer-rate-converter,Data Transfer Rate Converter,low,low
free online Data Transfer Rate Converter,tool_variant,unit-converters,Unit Converters,Data Transfer Rate Converter,data-transfer-rate-converter,https://www.mytulify.com/unit-converters/data-transfer-rate-converter,Data Transfer Rate Converter,low,low
Data Transfer Rate Converter online,tool_variant,unit-converters,Unit Converters,Data Transfer Rate Converter,data-transfer-rate-converter,https://www.mytulify.com/unit-converters/data-transfer-rate-converter,Data Transfer Rate Converter,low,low
Unit Converters Data Transfer Rate Converter,tool_variant,unit-converters,Unit Converters,Data Transfer Rate Converter,data-transfer-rate-converter,https://www.mytulify.com/unit-converters/data-transfer-rate-converter,Data Transfer Rate Converter,low,low
"Convert bps, Kbps, Mbps, Gbps, and MB/s",tool_variant,unit-converters,Unit Converters,Data Transfer Rate Converter,data-transfer-rate-converter,https://www.mytulify.com/unit-converters/data-transfer-rate-converter,Data Transfer Rate Converter,low,low
Fuel Consumption Converter,tool,unit-converters,Unit Converters,Fuel Consumption Converter,fuel-consumption-converter,https://www.mytulify.com/unit-converters/fuel-consumption-converter,Fuel Consumption Converter,medium,low
free Fuel Consumption Converter,tool_variant,unit-converters,Unit Converters,Fuel Consumption Converter,fuel-consumption-converter,https://www.mytulify.com/unit-converters/fuel-consumption-converter,Fuel Consumption Converter,medium,low
free online Fuel Consumption Converter,tool_variant,unit-converters,Unit Converters,Fuel Consumption Converter,fuel-consumption-converter,https://www.mytulify.com/unit-converters/fuel-consumption-converter,Fuel Consumption Converter,medium,low
Fuel Consumption Converter online,tool_variant,unit-converters,Unit Converters,Fuel Consumption Converter,fuel-consumption-converter,https://www.mytulify.com/unit-converters/fuel-consumption-converter,Fuel Consumption Converter,medium,low
Unit Converters Fuel Consumption Converter,tool_variant,unit-converters,Unit Converters,Fuel Consumption Converter,fuel-consumption-converter,https://www.mytulify.com/unit-converters/fuel-consumption-converter,Fuel Consumption Converter,medium,low
"Convert MPG, km/L, and L/100km fuel economy units",tool_variant,unit-converters,Unit Converters,Fuel Consumption Converter,fuel-consumption-converter,https://www.mytulify.com/unit-converters/fuel-consumption-converter,Fuel Consumption Converter,medium,low
Density Converter,tool,unit-converters,Unit Converters,Density Converter,density-converter,https://www.mytulify.com/unit-converters/density-converter,Density Converter,low,low
free Density Converter,tool_variant,unit-converters,Unit Converters,Density Converter,density-converter,https://www.mytulify.com/unit-converters/density-converter,Density Converter,low,low
free online Density Converter,tool_variant,unit-converters,Unit Converters,Density Converter,density-converter,https://www.mytulify.com/unit-converters/density-converter,Density Converter,low,low
Density Converter online,tool_variant,unit-converters,Unit Converters,Density Converter,density-converter,https://www.mytulify.com/unit-converters/density-converter,Density Converter,low,low
Unit Converters Density Converter,tool_variant,unit-converters,Unit Converters,Density Converter,density-converter,https://www.mytulify.com/unit-converters/density-converter,Density Converter,low,low
"Convert kg/m3, g/cm3, lb/ft3, and other density units",tool_variant,unit-converters,Unit Converters,Density Converter,density-converter,https://www.mytulify.com/unit-converters/density-converter,Density Converter,low,low
Frequency Converter,tool,unit-converters,Unit Converters,Frequency Converter,frequency-converter,https://www.mytulify.com/unit-converters/frequency-converter,Frequency Converter,low,low
free Frequency Converter,tool_variant,unit-converters,Unit Converters,Frequency Converter,frequency-converter,https://www.mytulify.com/unit-converters/frequency-converter,Frequency Converter,low,low
free online Frequency Converter,tool_variant,unit-converters,Unit Converters,Frequency Converter,frequency-converter,https://www.mytulify.com/unit-converters/frequency-converter,Frequency Converter,low,low
Frequency Converter online,tool_variant,unit-converters,Unit Converters,Frequency Converter,frequency-converter,https://www.mytulify.com/unit-converters/frequency-converter,Frequency Converter,low,low
Unit Converters Frequency Converter,tool_variant,unit-converters,Unit Converters,Frequency Converter,frequency-converter,https://www.mytulify.com/unit-converters/frequency-converter,Frequency Converter,low,low
"Convert hertz, kilohertz, megahertz, and gigahertz",tool_variant,unit-converters,Unit Converters,Frequency Converter,frequency-converter,https://www.mytulify.com/unit-converters/frequency-converter,Frequency Converter,low,low
Cooking Measurement Converter,tool,unit-converters,Unit Converters,Cooking Measurement Converter,cooking-measurement-converter,https://www.mytulify.com/unit-converters/cooking-measurement-converter,Cooking Measurement Converter,high,low
free Cooking Measurement Converter,tool_variant,unit-converters,Unit Converters,Cooking Measurement Converter,cooking-measurement-converter,https://www.mytulify.com/unit-converters/cooking-measurement-converter,Cooking Measurement Converter,high,low
free online Cooking Measurement Converter,tool_variant,unit-converters,Unit Converters,Cooking Measurement Converter,cooking-measurement-converter,https://www.mytulify.com/unit-converters/cooking-measurement-converter,Cooking Measurement Converter,high,low
Cooking Measurement Converter online,tool_variant,unit-converters,Unit Converters,Cooking Measurement Converter,cooking-measurement-converter,https://www.mytulify.com/unit-converters/cooking-measurement-converter,Cooking Measurement Converter,high,low
Unit Converters Cooking Measurement Converter,tool_variant,unit-converters,Unit Converters,Cooking Measurement Converter,cooking-measurement-converter,https://www.mytulify.com/unit-converters/cooking-measurement-converter,Cooking Measurement Converter,high,low
"Convert cups, tablespoons, teaspoons, grams, and ounces for recipes",tool_variant,unit-converters,Unit Converters,Cooking Measurement Converter,cooking-measurement-converter,https://www.mytulify.com/unit-converters/cooking-measurement-converter,Cooking Measurement Converter,high,low
Shoe Size Converter,tool,unit-converters,Unit Converters,Shoe Size Converter,shoe-size-converter,https://www.mytulify.com/unit-converters/shoe-size-converter,Shoe Size Converter,high,low
free Shoe Size Converter,tool_variant,unit-converters,Unit Converters,Shoe Size Converter,shoe-size-converter,https://www.mytulify.com/unit-converters/shoe-size-converter,Shoe Size Converter,high,low
free online Shoe Size Converter,tool_variant,unit-converters,Unit Converters,Shoe Size Converter,shoe-size-converter,https://www.mytulify.com/unit-converters/shoe-size-converter,Shoe Size Converter,high,low
Shoe Size Converter online,tool_variant,unit-converters,Unit Converters,Shoe Size Converter,shoe-size-converter,https://www.mytulify.com/unit-converters/shoe-size-converter,Shoe Size Converter,high,low
Unit Converters Shoe Size Converter,tool_variant,unit-converters,Unit Converters,Shoe Size Converter,shoe-size-converter,https://www.mytulify.com/unit-converters/shoe-size-converter,Shoe Size Converter,high,low
"Convert shoe sizes between US, UK, EU, and centimeters",tool_variant,unit-converters,Unit Converters,Shoe Size Converter,shoe-size-converter,https://www.mytulify.com/unit-converters/shoe-size-converter,Shoe Size Converter,high,low
Ring Size Converter,tool,unit-converters,Unit Converters,Ring Size Converter,ring-size-converter,https://www.mytulify.com/unit-converters/ring-size-converter,Ring Size Converter,medium,low
free Ring Size Converter,tool_variant,unit-converters,Unit Converters,Ring Size Converter,ring-size-converter,https://www.mytulify.com/unit-converters/ring-size-converter,Ring Size Converter,medium,low
free online Ring Size Converter,tool_variant,unit-converters,Unit Converters,Ring Size Converter,ring-size-converter,https://www.mytulify.com/unit-converters/ring-size-converter,Ring Size Converter,medium,low
Ring Size Converter online,tool_variant,unit-converters,Unit Converters,Ring Size Converter,ring-size-converter,https://www.mytulify.com/unit-converters/ring-size-converter,Ring Size Converter,medium,low
Unit Converters Ring Size Converter,tool_variant,unit-converters,Unit Converters,Ring Size Converter,ring-size-converter,https://www.mytulify.com/unit-converters/ring-size-converter,Ring Size Converter,medium,low
"Convert ring sizes across US, UK, EU, and diameter charts",tool_variant,unit-converters,Unit Converters,Ring Size Converter,ring-size-converter,https://www.mytulify.com/unit-converters/ring-size-converter,Ring Size Converter,medium,low
Roman Numeral Converter,tool,unit-converters,Unit Converters,Roman Numeral Converter,roman-numeral-converter,https://www.mytulify.com/unit-converters/roman-numeral-converter,Roman Numeral Converter,high,low
free Roman Numeral Converter,tool_variant,unit-converters,Unit Converters,Roman Numeral Converter,roman-numeral-converter,https://www.mytulify.com/unit-converters/roman-numeral-converter,Roman Numeral Converter,high,low
free online Roman Numeral Converter,tool_variant,unit-converters,Unit Converters,Roman Numeral Converter,roman-numeral-converter,https://www.mytulify.com/unit-converters/roman-numeral-converter,Roman Numeral Converter,high,low
Roman Numeral Converter online,tool_variant,unit-converters,Unit Converters,Roman Numeral Converter,roman-numeral-converter,https://www.mytulify.com/unit-converters/roman-numeral-converter,Roman Numeral Converter,high,low
Unit Converters Roman Numeral Converter,tool_variant,unit-converters,Unit Converters,Roman Numeral Converter,roman-numeral-converter,https://www.mytulify.com/unit-converters/roman-numeral-converter,Roman Numeral Converter,high,low
Convert numbers to Roman numerals and back,tool_variant,unit-converters,Unit Converters,Roman Numeral Converter,roman-numeral-converter,https://www.mytulify.com/unit-converters/roman-numeral-converter,Roman Numeral Converter,high,low
Number to Words Converter,tool,unit-converters,Unit Converters,Number to Words Converter,number-to-words-converter,https://www.mytulify.com/unit-converters/number-to-words-converter,Number to Words Converter,medium,low
free Number to Words Converter,tool_variant,unit-converters,Unit Converters,Number to Words Converter,number-to-words-converter,https://www.mytulify.com/unit-converters/number-to-words-converter,Number to Words Converter,medium,low
free online Number to Words Converter,tool_variant,unit-converters,Unit Converters,Number to Words Converter,number-to-words-converter,https://www.mytulify.com/unit-converters/number-to-words-converter,Number to Words Converter,medium,low
Number to Words Converter online,tool_variant,unit-converters,Unit Converters,Number to Words Converter,number-to-words-converter,https://www.mytulify.com/unit-converters/number-to-words-converter,Number to Words Converter,medium,low
Unit Converters Number to Words Converter,tool_variant,unit-converters,Unit Converters,Number to Words Converter,number-to-words-converter,https://www.mytulify.com/unit-converters/number-to-words-converter,Number to Words Converter,medium,low
Spell out numbers in words for checks and documents,tool_variant,unit-converters,Unit Converters,Number to Words Converter,number-to-words-converter,https://www.mytulify.com/unit-converters/number-to-words-converter,Number to Words Converter,medium,low
Binary to Decimal Converter,tool,unit-converters,Unit Converters,Binary to Decimal Converter,binary-to-decimal-converter,https://www.mytulify.com/unit-converters/binary-to-decimal-converter,Binary to Decimal Converter,high,low
free Binary to Decimal Converter,tool_variant,unit-converters,Unit Converters,Binary to Decimal Converter,binary-to-decimal-converter,https://www.mytulify.com/unit-converters/binary-to-decimal-converter,Binary to Decimal Converter,high,low
free online Binary to Decimal Converter,tool_variant,unit-converters,Unit Converters,Binary to Decimal Converter,binary-to-decimal-converter,https://www.mytulify.com/unit-converters/binary-to-decimal-converter,Binary to Decimal Converter,high,low
Binary to Decimal Converter online,tool_variant,unit-converters,Unit Converters,Binary to Decimal Converter,binary-to-decimal-converter,https://www.mytulify.com/unit-converters/binary-to-decimal-converter,Binary to Decimal Converter,high,low
Unit Converters Binary to Decimal Converter,tool_variant,unit-converters,Unit Converters,Binary to Decimal Converter,binary-to-decimal-converter,https://www.mytulify.com/unit-converters/binary-to-decimal-converter,Binary to Decimal Converter,high,low
"Convert numbers between binary, decimal, hex, and octal",tool_variant,unit-converters,Unit Converters,Binary to Decimal Converter,binary-to-decimal-converter,https://www.mytulify.com/unit-converters/binary-to-decimal-converter,Binary to Decimal Converter,high,low
Bra Size Converter,tool,unit-converters,Unit Converters,Bra Size Converter,bra-size-converter,https://www.mytulify.com/unit-converters/bra-size-converter,Bra Size Converter,medium,low
free Bra Size Converter,tool_variant,unit-converters,Unit Converters,Bra Size Converter,bra-size-converter,https://www.mytulify.com/unit-converters/bra-size-converter,Bra Size Converter,medium,low
free online Bra Size Converter,tool_variant,unit-converters,Unit Converters,Bra Size Converter,bra-size-converter,https://www.mytulify.com/unit-converters/bra-size-converter,Bra Size Converter,medium,low
Bra Size Converter online,tool_variant,unit-converters,Unit Converters,Bra Size Converter,bra-size-converter,https://www.mytulify.com/unit-converters/bra-size-converter,Bra Size Converter,medium,low
Unit Converters Bra Size Converter,tool_variant,unit-converters,Unit Converters,Bra Size Converter,bra-size-converter,https://www.mytulify.com/unit-converters/bra-size-converter,Bra Size Converter,medium,low
"Convert bra sizes between US, UK, EU, and FR systems",tool_variant,unit-converters,Unit Converters,Bra Size Converter,bra-size-converter,https://www.mytulify.com/unit-converters/bra-size-converter,Bra Size Converter,medium,low
Clothing Size Converter,tool,unit-converters,Unit Converters,Clothing Size Converter,clothing-size-converter,https://www.mytulify.com/unit-converters/clothing-size-converter,Clothing Size Converter,medium,low
free Clothing Size Converter,tool_variant,unit-converters,Unit Converters,Clothing Size Converter,clothing-size-converter,https://www.mytulify.com/unit-converters/clothing-size-converter,Clothing Size Converter,medium,low
free online Clothing Size Converter,tool_variant,unit-converters,Unit Converters,Clothing Size Converter,clothing-size-converter,https://www.mytulify.com/unit-converters/clothing-size-converter,Clothing Size Converter,medium,low
Clothing Size Converter online,tool_variant,unit-converters,Unit Converters,Clothing Size Converter,clothing-size-converter,https://www.mytulify.com/unit-converters/clothing-size-converter,Clothing Size Converter,medium,low
Unit Converters Clothing Size Converter,tool_variant,unit-converters,Unit Converters,Clothing Size Converter,clothing-size-converter,https://www.mytulify.com/unit-converters/clothing-size-converter,Clothing Size Converter,medium,low
"Convert clothing sizes across US, UK, EU, and international charts",tool_variant,unit-converters,Unit Converters,Clothing Size Converter,clothing-size-converter,https://www.mytulify.com/unit-converters/clothing-size-converter,Clothing Size Converter,medium,low
Inches to CM Converter,tool,unit-converters,Unit Converters,Inches to CM Converter,inches-to-cm-converter,https://www.mytulify.com/unit-converters/inches-to-cm-converter,Inches to CM Converter,high,low
free Inches to CM Converter,tool_variant,unit-converters,Unit Converters,Inches to CM Converter,inches-to-cm-converter,https://www.mytulify.com/unit-converters/inches-to-cm-converter,Inches to CM Converter,high,low
free online Inches to CM Converter,tool_variant,unit-converters,Unit Converters,Inches to CM Converter,inches-to-cm-converter,https://www.mytulify.com/unit-converters/inches-to-cm-converter,Inches to CM Converter,high,low
Inches to CM Converter online,tool_variant,unit-converters,Unit Converters,Inches to CM Converter,inches-to-cm-converter,https://www.mytulify.com/unit-converters/inches-to-cm-converter,Inches to CM Converter,high,low
Unit Converters Inches to CM Converter,tool_variant,unit-converters,Unit Converters,Inches to CM Converter,inches-to-cm-converter,https://www.mytulify.com/unit-converters/inches-to-cm-converter,Inches to CM Converter,high,low
Dedicated converter between inches and centimeters,tool_variant,unit-converters,Unit Converters,Inches to CM Converter,inches-to-cm-converter,https://www.mytulify.com/unit-converters/inches-to-cm-converter,Inches to CM Converter,high,low
KG to Lbs Converter,tool,unit-converters,Unit Converters,KG to Lbs Converter,kg-to-lbs-converter,https://www.mytulify.com/unit-converters/kg-to-lbs-converter,KG to Lbs Converter,high,low
free KG to Lbs Converter,tool_variant,unit-converters,Unit Converters,KG to Lbs Converter,kg-to-lbs-converter,https://www.mytulify.com/unit-converters/kg-to-lbs-converter,KG to Lbs Converter,high,low
free online KG to Lbs Converter,tool_variant,unit-converters,Unit Converters,KG to Lbs Converter,kg-to-lbs-converter,https://www.mytulify.com/unit-converters/kg-to-lbs-converter,KG to Lbs Converter,high,low
KG to Lbs Converter online,tool_variant,unit-converters,Unit Converters,KG to Lbs Converter,kg-to-lbs-converter,https://www.mytulify.com/unit-converters/kg-to-lbs-converter,KG to Lbs Converter,high,low
Unit Converters KG to Lbs Converter,tool_variant,unit-converters,Unit Converters,KG to Lbs Converter,kg-to-lbs-converter,https://www.mytulify.com/unit-converters/kg-to-lbs-converter,KG to Lbs Converter,high,low
Dedicated converter between kilograms and pounds,tool_variant,unit-converters,Unit Converters,KG to Lbs Converter,kg-to-lbs-converter,https://www.mytulify.com/unit-converters/kg-to-lbs-converter,KG to Lbs Converter,high,low
Liters to Gallons Converter,tool,unit-converters,Unit Converters,Liters to Gallons Converter,liters-to-gallons-converter,https://www.mytulify.com/unit-converters/liters-to-gallons-converter,Liters to Gallons Converter,high,low
free Liters to Gallons Converter,tool_variant,unit-converters,Unit Converters,Liters to Gallons Converter,liters-to-gallons-converter,https://www.mytulify.com/unit-converters/liters-to-gallons-converter,Liters to Gallons Converter,high,low
free online Liters to Gallons Converter,tool_variant,unit-converters,Unit Converters,Liters to Gallons Converter,liters-to-gallons-converter,https://www.mytulify.com/unit-converters/liters-to-gallons-converter,Liters to Gallons Converter,high,low
Liters to Gallons Converter online,tool_variant,unit-converters,Unit Converters,Liters to Gallons Converter,liters-to-gallons-converter,https://www.mytulify.com/unit-converters/liters-to-gallons-converter,Liters to Gallons Converter,high,low
Unit Converters Liters to Gallons Converter,tool_variant,unit-converters,Unit Converters,Liters to Gallons Converter,liters-to-gallons-converter,https://www.mytulify.com/unit-converters/liters-to-gallons-converter,Liters to Gallons Converter,high,low
Dedicated converter between liters and US/UK gallons,tool_variant,unit-converters,Unit Converters,Liters to Gallons Converter,liters-to-gallons-converter,https://www.mytulify.com/unit-converters/liters-to-gallons-converter,Liters to Gallons Converter,high,low
Time Zone Converter,tool,unit-converters,Unit Converters,Time Zone Converter,time-zone-converter,https://www.mytulify.com/unit-converters/time-zone-converter,Time Zone Converter,high,medium
free Time Zone Converter,tool_variant,unit-converters,Unit Converters,Time Zone Converter,time-zone-converter,https://www.mytulify.com/unit-converters/time-zone-converter,Time Zone Converter,high,medium
free online Time Zone Converter,tool_variant,unit-converters,Unit Converters,Time Zone Converter,time-zone-converter,https://www.mytulify.com/unit-converters/time-zone-converter,Time Zone Converter,high,medium
Time Zone Converter online,tool_variant,unit-converters,Unit Converters,Time Zone Converter,time-zone-converter,https://www.mytulify.com/unit-converters/time-zone-converter,Time Zone Converter,high,medium
Unit Converters Time Zone Converter,tool_variant,unit-converters,Unit Converters,Time Zone Converter,time-zone-converter,https://www.mytulify.com/unit-converters/time-zone-converter,Time Zone Converter,high,medium
Convert a time between different world time zones,tool_variant,unit-converters,Unit Converters,Time Zone Converter,time-zone-converter,https://www.mytulify.com/unit-converters/time-zone-converter,Time Zone Converter,high,medium
Currency Converter,tool,unit-converters,Unit Converters,Currency Converter,currency-converter,https://www.mytulify.com/unit-converters/currency-converter,Currency Converter,high,medium
free Currency Converter,tool_variant,unit-converters,Unit Converters,Currency Converter,currency-converter,https://www.mytulify.com/unit-converters/currency-converter,Currency Converter,high,medium
free online Currency Converter,tool_variant,unit-converters,Unit Converters,Currency Converter,currency-converter,https://www.mytulify.com/unit-converters/currency-converter,Currency Converter,high,medium
Currency Converter online,tool_variant,unit-converters,Unit Converters,Currency Converter,currency-converter,https://www.mytulify.com/unit-converters/currency-converter,Currency Converter,high,medium
Unit Converters Currency Converter,tool_variant,unit-converters,Unit Converters,Currency Converter,currency-converter,https://www.mytulify.com/unit-converters/currency-converter,Currency Converter,high,medium
"Convert between USD, EUR, PKR, INR, AED and more with live mid-market rates",tool_variant,unit-converters,Unit Converters,Currency Converter,currency-converter,https://www.mytulify.com/unit-converters/currency-converter,Currency Converter,high,medium
"3D Print Cost Calculator: Estimate 3D print cost from filament grams, spool price, print hours, printer watts, and electricity rate",blog,,,,3d-print-cost-calculator-guide,https://www.mytulify.com/blog/3d-print-cost-calculator-guide,"3D Print Cost Calculator: Estimate 3D print cost from filament grams, spool price, print hours, printer watts, and electricity rate",,
Blog posts,blog,,,,README,https://www.mytulify.com/blog/README,Blog posts,,
Absorption Rate Calculator: Calculate real estate absorption rate and months of housing supply from sales and active listings,blog,,,,absorption-rate-calculator-guide,https://www.mytulify.com/blog/absorption-rate-calculator-guide,Absorption Rate Calculator: Calculate real estate absorption rate and months of housing supply from sales and active listings,,
"AC Tonnage Calculator: Convert home square footage, insulation, and climate into cooling tons and BTU, rounded to the next half ton",blog,,,,ac-tonnage-calculator-guide,https://www.mytulify.com/blog/ac-tonnage-calculator-guide,"AC Tonnage Calculator: Convert home square footage, insulation, and climate into cooling tons and BTU, rounded to the next half ton",,
Add Line Numbers: Prepend sequential line numbers to each line of text,blog,,,,add-line-numbers-guide,https://www.mytulify.com/blog/add-line-numbers-guide,Add Line Numbers: Prepend sequential line numbers to each line of text,,
Add Page Numbers to PDF: Insert customizable page numbers into a PDF,blog,,,,add-page-numbers-to-pdf-guide,https://www.mytulify.com/blog/add-page-numbers-to-pdf-guide,Add Page Numbers to PDF: Insert customizable page numbers into a PDF,,
Add Watermark to Image: Overlay text or logo watermarks onto images,blog,,,,add-watermark-to-image-guide,https://www.mytulify.com/blog/add-watermark-to-image-guide,Add Watermark to Image: Overlay text or logo watermarks onto images,,
Add Watermark to PDF: Stamp text or image watermarks across PDF pages,blog,,,,add-watermark-to-pdf-guide,https://www.mytulify.com/blog/add-watermark-to-pdf-guide,Add Watermark to PDF: Stamp text or image watermarks across PDF pages,,
ads.txt Generator: Create a valid ads.txt file for Google AdSense and ad networks,blog,,,,ads-txt-generator-guide,https://www.mytulify.com/blog/ads-txt-generator-guide,ads.txt Generator: Create a valid ads.txt file for Google AdSense and ad networks,,
"AES Text Encrypt/Decrypt: Encrypt and decrypt text with AES-GCM and a passphrase, fully client-side",blog,,,,aes-encrypt-decrypt-guide,https://www.mytulify.com/blog/aes-encrypt-decrypt-guide,"AES Text Encrypt/Decrypt: Encrypt and decrypt text with AES-GCM and a passphrase, fully client-side",,
Aesthetic Username Generator: Generate decorated usernames with symbols and aesthetic fonts,blog,,,,aesthetic-username-generator-guide,https://www.mytulify.com/blog/aesthetic-username-generator-guide,Aesthetic Username Generator: Generate decorated usernames with symbols and aesthetic fonts,,
Afghan Date Converter: Convert Shamsi (Solar Hijri) dates to Gregorian and back,blog,,,,afghan-date-converter-guide,https://www.mytulify.com/blog/afghan-date-converter-guide,Afghan Date Converter: Convert Shamsi (Solar Hijri) dates to Gregorian and back,,
How to Write a Cover Letter That Gets Interviews (With Free AI),blog,,,,ai-cover-letter-generator-guide,https://www.mytulify.com/blog/ai-cover-letter-generator-guide,How to Write a Cover Letter That Gets Interviews (With Free AI),,
"AI Form Builder: 60+ ready-made forms from any country, or describe a custom form in any language. Edit, brand, sign, scan from image, downl",blog,,,,ai-form-builder-guide,https://www.mytulify.com/blog/ai-form-builder-guide,"AI Form Builder: 60+ ready-made forms from any country, or describe a custom form in any language. Edit, brand, sign, scan from image, downl",,
How to Answer Interview Questions With STAR (Without Sounding Scripted),blog,,,,ai-interview-answer-generator-guide,https://www.mytulify.com/blog/ai-interview-answer-generator-guide,How to Answer Interview Questions With STAR (Without Sounding Scripted),,
AI Meta Tag Writer: AI-written title tags and meta descriptions optimized for CTR and character limits,blog,,,,ai-meta-tag-writer-guide,https://www.mytulify.com/blog/ai-meta-tag-writer-guide,AI Meta Tag Writer: AI-written title tags and meta descriptions optimized for CTR and character limits,,
How to Write Pull Request Descriptions Reviewers Actually Read,blog,,,,ai-pr-description-generator-guide,https://www.mytulify.com/blog/ai-pr-description-generator-guide,How to Write Pull Request Descriptions Reviewers Actually Read,,
AI SEO Outline Generator: AI article outline with H2/H3 structure tuned for featured snippets and search intent,blog,,,,ai-seo-outline-generator-guide,https://www.mytulify.com/blog/ai-seo-outline-generator-guide,AI SEO Outline Generator: AI article outline with H2/H3 structure tuned for featured snippets and search intent,,
AI SEO Page Audit: AI technical and on-page SEO audit from pasted HTML or page text with prioritized fixes,blog,,,,ai-seo-page-audit-guide,https://www.mytulify.com/blog/ai-seo-page-audit-guide,AI SEO Page Audit: AI technical and on-page SEO audit from pasted HTML or page text with prioritized fixes,,
"Air Changes Calculator: Find air changes per hour from room cubic feet and fan CFM, plus minutes for one full air change",blog,,,,air-changes-calculator-guide,https://www.mytulify.com/blog/air-changes-calculator-guide,"Air Changes Calculator: Find air changes per hour from room cubic feet and fan CFM, plus minutes for one full air change",,
Analogous Color Generator: Generate analogous color schemes from a base color,blog,,,,analogous-color-generator-guide,https://www.mytulify.com/blog/analogous-color-generator-guide,Analogous Color Generator: Generate analogous color schemes from a base color,,
"Angle Converter: Convert degrees, radians, gradians, and arcminutes",blog,,,,angle-converter-guide,https://www.mytulify.com/blog/angle-converter-guide,"Angle Converter: Convert degrees, radians, gradians, and arcminutes",,
API Key Generator: Generate random API keys and secret tokens,blog,,,,api-key-generator-guide,https://www.mytulify.com/blog/api-key-generator-guide,API Key Generator: Generate random API keys and secret tokens,,
APR Calculator — Why APR Is Higher Than the Interest Rate,blog,,,,apr-vs-interest-rate-calculator,https://www.mytulify.com/blog/apr-vs-interest-rate-calculator,APR Calculator — Why APR Is Higher Than the Interest Rate,,
"Aquarium Calculator: Convert tank dimensions to gallons and liters, plus heater watts, water-change volume, and salt dose",blog,,,,aquarium-calculator-guide,https://www.mytulify.com/blog/aquarium-calculator-guide,"Aquarium Calculator: Convert tank dimensions to gallons and liters, plus heater watts, water-change volume, and salt dose",,
"Area Converter: Convert square meters, acres, hectares, square feet, and more",blog,,,,area-converter-guide,https://www.mytulify.com/blog/area-converter-guide,"Area Converter: Convert square meters, acres, hectares, square feet, and more",,
"Argon2 Hash Generator: Hash passwords with Argon2id, with tunable parameters",blog,,,,argon2-hash-generator-guide,https://www.mytulify.com/blog/argon2-hash-generator-guide,"Argon2 Hash Generator: Hash passwords with Argon2id, with tunable parameters",,
"Aspect Ratios for YouTube, Reels & Instagram (Quick Guide)",blog,,,,aspect-ratio-for-social,https://www.mytulify.com/blog/aspect-ratio-for-social,"Aspect Ratios for YouTube, Reels & Instagram (Quick Guide)",,
"ATS Resume Checker: Upload a CV and a job ad — see ATS parseability, keyword match, and a detailed issue list with fixes",blog,,,,ats-resume-checker-guide,https://www.mytulify.com/blog/ats-resume-checker-guide,"ATS Resume Checker: Upload a CV and a job ad — see ATS parseability, keyword match, and a detailed issue list with fixes",,
AVIF to JPG: Convert modern AVIF images to widely supported JPG,blog,,,,avif-to-jpg-guide,https://www.mytulify.com/blog/avif-to-jpg-guide,AVIF to JPG: Convert modern AVIF images to widely supported JPG,,
AVIF to WebP: Convert AVIF images to efficient WebP format,blog,,,,avif-to-webp-guide,https://www.mytulify.com/blog/avif-to-webp-guide,AVIF to WebP: Convert AVIF images to efficient WebP format,,
Blood Alcohol (BAC) Calculator: Estimate blood alcohol concentration with the Widmark formula and a time-to-sober estimate,blog,,,,bac-calculator-guide,https://www.mytulify.com/blog/bac-calculator-guide,Blood Alcohol (BAC) Calculator: Estimate blood alcohol concentration with the Widmark formula and a time-to-sober estimate,,
"Backlink Profile Analyzer: Analyze Ahrefs/Semrush/Moz backlink CSV exports for anchors, referring hosts, and follow mix",blog,,,,backlink-profile-analyzer-guide,https://www.mytulify.com/blog/backlink-profile-analyzer-guide,"Backlink Profile Analyzer: Analyze Ahrefs/Semrush/Moz backlink CSV exports for anchors, referring hosts, and follow mix",,
"Backup Script Generator: Generate a cron-ready database backup script for Postgres, MySQL or MongoDB, with an optional S3 upload",blog,,,,backup-script-generator-guide,https://www.mytulify.com/blog/backup-script-generator-guide,"Backup Script Generator: Generate a cron-ready database backup script for Postgres, MySQL or MongoDB, with an optional S3 upload",,
Bank Statement to Excel: Extract bank statement PDF data to CSV for Excel,blog,,,,bank-statement-to-excel-guide,https://www.mytulify.com/blog/bank-statement-to-excel-guide,Bank Statement to Excel: Extract bank statement PDF data to CSV for Excel,,
"Barcode Generator: Create barcodes in formats like Code128, EAN, and UPC",blog,,,,barcode-generator-guide,https://www.mytulify.com/blog/barcode-generator-guide,"Barcode Generator: Create barcodes in formats like Code128, EAN, and UPC",,
Base64 Encoder/Decoder: Encode and decode text and files to and from Base64,blog,,,,base64-encoder-decoder-guide,https://www.mytulify.com/blog/base64-encoder-decoder-guide,Base64 Encoder/Decoder: Encode and decode text and files to and from Base64,,
Base64 Hash Generator: Hash input and output the digest in Base64 form,blog,,,,base64-hash-generator-guide,https://www.mytulify.com/blog/base64-hash-generator-guide,Base64 Hash Generator: Hash input and output the digest in Base64 form,,
Base64 to Image: Decode a Base64 string back into a downloadable image,blog,,,,base64-to-image-guide,https://www.mytulify.com/blog/base64-to-image-guide,Base64 to Image: Decode a Base64 string back into a downloadable image,,
"Bcrypt Generator: Hash passwords with bcrypt and verify them, with adjustable rounds",blog,,,,bcrypt-generator-guide,https://www.mytulify.com/blog/bcrypt-generator-guide,"Bcrypt Generator: Hash passwords with bcrypt and verify them, with adjustable rounds",,
"Binary to Decimal Converter: Convert numbers between binary, decimal, hex, and octal",blog,,,,binary-to-decimal-converter-guide,https://www.mytulify.com/blog/binary-to-decimal-converter-guide,"Binary to Decimal Converter: Convert numbers between binary, decimal, hex, and octal",,
Binary Translator: Convert text to binary and binary back to readable text,blog,,,,binary-translator-guide,https://www.mytulify.com/blog/binary-translator-guide,Binary Translator: Convert text to binary and binary back to readable text,,
Bionic Reading Converter: Bold the leading part of each word to aid faster reading,blog,,,,bionic-reading-converter-guide,https://www.mytulify.com/blog/bionic-reading-converter-guide,Bionic Reading Converter: Bold the leading part of each word to aid faster reading,,
Blur Image: Apply adjustable blur to all or part of an image,blog,,,,blur-image-guide,https://www.mytulify.com/blog/blur-image-guide,Blur Image: Apply adjustable blur to all or part of an image,,
BMI Calculator: Calculate Body Mass Index from height and weight in metric or imperial units,blog,,,,bmi-calculator-guide,https://www.mytulify.com/blog/bmi-calculator-guide,BMI Calculator: Calculate Body Mass Index from height and weight in metric or imperial units,,
BMP to JPG: Convert BMP bitmap images to compressed JPG files,blog,,,,bmp-to-jpg-guide,https://www.mytulify.com/blog/bmp-to-jpg-guide,BMP to JPG: Convert BMP bitmap images to compressed JPG files,,
BMP to PDF: Merge BMP images into a single PDF document,blog,,,,bmp-to-pdf-guide,https://www.mytulify.com/blog/bmp-to-pdf-guide,BMP to PDF: Merge BMP images into a single PDF document,,
BMR Calculator: Calculate Basal Metabolic Rate to estimate resting calorie burn,blog,,,,bmr-calculator-guide,https://www.mytulify.com/blog/bmr-calculator-guide,BMR Calculator: Calculate Basal Metabolic Rate to estimate resting calorie burn,,
Body Fat Calculator: Estimate body fat percentage using the US Navy method measurements,blog,,,,body-fat-calculator-guide,https://www.mytulify.com/blog/body-fat-calculator-guide,Body Fat Calculator: Estimate body fat percentage using the US Navy method measurements,,
Body Surface Area Calculator: Compute body surface area with the Mosteller and Du Bois formulas side by side,blog,,,,body-surface-area-calculator-guide,https://www.mytulify.com/blog/body-surface-area-calculator-guide,Body Surface Area Calculator: Compute body surface area with the Mosteller and Du Bois formulas side by side,,
Bold Text Generator: Convert text into bold Unicode for platforms without formatting,blog,,,,bold-text-generator-guide,https://www.mytulify.com/blog/bold-text-generator-guide,Bold Text Generator: Convert text into bold Unicode for platforms without formatting,,
Box Shadow Generator: Build and preview CSS box-shadow code,blog,,,,box-shadow-generator-guide,https://www.mytulify.com/blog/box-shadow-generator-guide,Box Shadow Generator: Build and preview CSS box-shadow code,,
"Bra Size Converter: Convert bra sizes between US, UK, EU, and FR systems",blog,,,,bra-size-converter-guide,https://www.mytulify.com/blog/bra-size-converter-guide,"Bra Size Converter: Convert bra sizes between US, UK, EU, and FR systems",,
Breadcrumb Schema Generator: Create BreadcrumbList structured data from a page path,blog,,,,breadcrumb-schema-generator-guide,https://www.mytulify.com/blog/breadcrumb-schema-generator-guide,Breadcrumb Schema Generator: Create BreadcrumbList structured data from a page path,,
Break-Even Calculator: Find how many projects or hours you need each month to cover fixed costs,blog,,,,break-even-calculator-guide,https://www.mytulify.com/blog/break-even-calculator-guide,Break-Even Calculator: Find how many projects or hours you need each month to cover fixed costs,,
"BTU Calculator: Estimate room cooling BTU from size, ceiling height, sun, people, windows, and a kitchen load, plus AC tons",blog,,,,btu-calculator-guide,https://www.mytulify.com/blog/btu-calculator-guide,"BTU Calculator: Estimate room cooling BTU from size, ceiling height, sun, people, windows, and a kitchen load, plus AC tons",,
"Budget Calculator: Split monthly income across housing, food, transport, and debt, then see what is left and the savings rate",blog,,,,budget-calculator-guide,https://www.mytulify.com/blog/budget-calculator-guide,"Budget Calculator: Split monthly income across housing, food, transport, and debt, then see what is left and the savings rate",,
Bulk Password Generator: Generate many strong passwords at once for export,blog,,,,bulk-password-generator-guide,https://www.mytulify.com/blog/bulk-password-generator-guide,Bulk Password Generator: Generate many strong passwords at once for export,,
Business Valuation Calculator: Estimate a small-business value from seller earnings and revenue using multiples you choose,blog,,,,business-valuation-calculator-guide,https://www.mytulify.com/blog/business-valuation-calculator-guide,Business Valuation Calculator: Estimate a small-business value from seller earnings and revenue using multiples you choose,,
Caesar Cipher Tool: Encrypt and decrypt text using a shift-based Caesar cipher,blog,,,,caesar-cipher-guide,https://www.mytulify.com/blog/caesar-cipher-guide,Caesar Cipher Tool: Encrypt and decrypt text using a shift-based Caesar cipher,,
CAGR Explained — How to Calculate Compound Annual Growth Rate,blog,,,,cagr-calculator-explained,https://www.mytulify.com/blog/cagr-calculator-explained,CAGR Explained — How to Calculate Compound Annual Growth Rate,,
"Calorie Calculator: Estimate daily calorie needs for maintenance, loss, or gain",blog,,,,calorie-calculator-guide,https://www.mytulify.com/blog/calorie-calculator-guide,"Calorie Calculator: Estimate daily calorie needs for maintenance, loss, or gain",,
"Calories Burned Calculator: Estimate calories burned for dozens of activities using MET values, your weight and duration",blog,,,,calories-burned-calculator-guide,https://www.mytulify.com/blog/calories-burned-calculator-guide,"Calories Burned Calculator: Estimate calories burned for dozens of activities using MET values, your weight and duration",,
Canonical Tag Generator: Create rel=canonical link tags to prevent duplicate content,blog,,,,canonical-tag-generator-guide,https://www.mytulify.com/blog/canonical-tag-generator-guide,Canonical Tag Generator: Create rel=canonical link tags to prevent duplicate content,,
Capitalize Each Word: Capitalize the first letter of every word in the input,blog,,,,capitalize-each-word-guide,https://www.mytulify.com/blog/capitalize-each-word-guide,Capitalize Each Word: Capitalize the first letter of every word in the input,,
How Car Trade-In Equity Is Calculated,blog,,,,car-trade-equity-calculator-guide,https://www.mytulify.com/blog/car-trade-equity-calculator-guide,How Car Trade-In Equity Is Calculated,,
"Case Converter: Convert text to UPPERCASE, lowercase, Title Case, Sentence case and more",blog,,,,case-converter-guide,https://www.mytulify.com/blog/case-converter-guide,"Case Converter: Convert text to UPPERCASE, lowercase, Title Case, Sentence case and more",,
Cat Age Calculator: Convert cat years and months into an approximate human-equivalent age,blog,,,,cat-age-calculator-guide,https://www.mytulify.com/blog/cat-age-calculator-guide,Cat Age Calculator: Convert cat years and months into an approximate human-equivalent age,,
CBZ to PDF: Convert CBZ comic archives to a single PDF,blog,,,,cbz-to-pdf-guide,https://www.mytulify.com/blog/cbz-to-pdf-guide,CBZ to PDF: Convert CBZ comic archives to a single PDF,,
"CFM Calculator: Calculate airflow CFM from room volume and air changes per hour for a fan, hood, or workshop",blog,,,,cfm-calculator-guide,https://www.mytulify.com/blog/cfm-calculator-guide,"CFM Calculator: Calculate airflow CFM from room volume and air changes per hour for a fan, hood, or workshop",,
Scope Change Order Generator: Document out-of-scope work with added cost and time — protect yourself with a PDF change order,blog,,,,change-order-generator-guide,https://www.mytulify.com/blog/change-order-generator-guide,Scope Change Order Generator: Document out-of-scope work with added cost and time — protect yourself with a PDF change order,,
Character Counter: Count characters with and without spaces in real time for tweets and bios,blog,,,,character-counter-guide,https://www.mytulify.com/blog/character-counter-guide,Character Counter: Count characters with and without spaces in real time for tweets and bios,,
ChatGPT vs Claude vs Gemini — Which AI Assistant Fits Your Work?,blog,,,,chatgpt-vs-claude-vs-gemini,https://www.mytulify.com/blog/chatgpt-vs-claude-vs-gemini,ChatGPT vs Claude vs Gemini — Which AI Assistant Fits Your Work?,,
Chmod Calculator: Compute numeric and symbolic Unix file permissions,blog,,,,chmod-calculator-guide,https://www.mytulify.com/blog/chmod-calculator-guide,Chmod Calculator: Compute numeric and symbolic Unix file permissions,,
Circle Crop Image: Crop an image into a transparent circle,blog,,,,circle-crop-image-guide,https://www.mytulify.com/blog/circle-crop-image-guide,Circle Crop Image: Crop an image into a transparent circle,,
Client Onboarding Form Generator: Generate a client intake questionnaire as a printable PDF or downloadable HTML form,blog,,,,client-onboarding-form-guide,https://www.mytulify.com/blog/client-onboarding-form-guide,Client Onboarding Form Generator: Generate a client intake questionnaire as a printable PDF or downloadable HTML form,,
"Closing Cost Calculator: Estimate buyer closing costs from lender fees, title, inspection, appraisal, and prepaid tax and insurance",blog,,,,closing-cost-calculator-guide,https://www.mytulify.com/blog/closing-cost-calculator-guide,"Closing Cost Calculator: Estimate buyer closing costs from lender fees, title, inspection, appraisal, and prepaid tax and insurance",,
"Clothing Size Converter: Convert clothing sizes across US, UK, EU, and international charts",blog,,,,clothing-size-converter-guide,https://www.mytulify.com/blog/clothing-size-converter-guide,"Clothing Size Converter: Convert clothing sizes across US, UK, EU, and international charts",,
CMYK to RGB: Convert CMYK print colors back to RGB,blog,,,,cmyk-to-rgb-guide,https://www.mytulify.com/blog/cmyk-to-rgb-guide,CMYK to RGB: Convert CMYK print colors back to RGB,,
"Code Minifier: Minify HTML, CSS, and JavaScript to reduce file size",blog,,,,code-minifier-guide,https://www.mytulify.com/blog/code-minifier-guide,"Code Minifier: Minify HTML, CSS, and JavaScript to reduce file size",,
"AI Code Review Assistant: Get feedback on your code split into Security, Performance and Style sections",blog,,,,code-review-assistant-guide,https://www.mytulify.com/blog/code-review-assistant-guide,"AI Code Review Assistant: Get feedback on your code split into Security, Performance and Style sections",,
Code to Text Ratio Checker: Calculate the ratio of visible text to HTML code from pasted markup,blog,,,,code-to-text-ratio-checker-guide,https://www.mytulify.com/blog/code-to-text-ratio-checker-guide,Code to Text Ratio Checker: Calculate the ratio of visible text to HTML code from pasted markup,,
"Coffee Ratio Calculator: Calculate pour-over, French press, drip, cold brew, and espresso water from a coffee dose and brew ratio",blog,,,,coffee-ratio-calculator-guide,https://www.mytulify.com/blog/coffee-ratio-calculator-guide,"Coffee Ratio Calculator: Calculate pour-over, French press, drip, cold brew, and espresso water from a coffee dose and brew ratio",,
Collage Maker: Combine multiple photos into a grid collage,blog,,,,collage-maker-guide,https://www.mytulify.com/blog/collage-maker-guide,Collage Maker: Combine multiple photos into a grid collage,,
Color Blindness Simulator: Preview colors as seen with color vision deficiencies,blog,,,,color-blindness-simulator-guide,https://www.mytulify.com/blog/color-blindness-simulator-guide,Color Blindness Simulator: Preview colors as seen with color vision deficiencies,,
Color Contrast Checker: Check WCAG contrast ratio between two colors,blog,,,,color-contrast-checker-guide,https://www.mytulify.com/blog/color-contrast-checker-guide,Color Contrast Checker: Check WCAG contrast ratio between two colors,,
"Color Converter (HEX / RGB / HSL): Convert colors between HEX, RGB, HSL, and HSV",blog,,,,color-converter-guide,https://www.mytulify.com/blog/color-converter-guide,"Color Converter (HEX / RGB / HSL): Convert colors between HEX, RGB, HSL, and HSV",,
Color Extractor from Image: Extract a dominant color palette from a photo,blog,,,,color-extractor-from-image-guide,https://www.mytulify.com/blog/color-extractor-from-image-guide,Color Extractor from Image: Extract a dominant color palette from a photo,,
Color from Image: Pick and extract colors directly from an uploaded image,blog,,,,color-from-image-guide,https://www.mytulify.com/blog/color-from-image-guide,Color from Image: Pick and extract colors directly from an uploaded image,,
Color Mixer: Blend two colors and preview the mixed result,blog,,,,color-mixer-guide,https://www.mytulify.com/blog/color-mixer-guide,Color Mixer: Blend two colors and preview the mixed result,,
Color Name Finder: Find the closest named color for any HEX value,blog,,,,color-name-finder-guide,https://www.mytulify.com/blog/color-name-finder-guide,Color Name Finder: Find the closest named color for any HEX value,,
Color Palette Generator: Generate harmonious color palettes instantly,blog,,,,color-palette-generator-guide,https://www.mytulify.com/blog/color-palette-generator-guide,Color Palette Generator: Generate harmonious color palettes instantly,,
"Color Picker: Pick any color and get its HEX, RGB, and HSL values",blog,,,,color-picker-guide,https://www.mytulify.com/blog/color-picker-guide,"Color Picker: Pick any color and get its HEX, RGB, and HSL values",,
Color Shades Generator: Generate darker shades of a base color,blog,,,,color-shades-generator-guide,https://www.mytulify.com/blog/color-shades-generator-guide,Color Shades Generator: Generate darker shades of a base color,,
Color Tints Generator: Generate lighter tints of a base color,blog,,,,color-tints-generator-guide,https://www.mytulify.com/blog/color-tints-generator-guide,Color Tints Generator: Generate lighter tints of a base color,,
Color Wheel: Explore complementary and harmony colors on a wheel,blog,,,,color-wheel-guide,https://www.mytulify.com/blog/color-wheel-guide,Color Wheel: Explore complementary and harmony colors on a wheel,,
Combine Images: Stitch images together horizontally or vertically,blog,,,,combine-images-guide,https://www.mytulify.com/blog/combine-images-guide,Combine Images: Stitch images together horizontally or vertically,,
"AI Commit Message Generator: Turn a git diff into a clean commit message — Conventional Commits, Gitmoji or plain style",blog,,,,commit-message-generator-guide,https://www.mytulify.com/blog/commit-message-generator-guide,"AI Commit Message Generator: Turn a git diff into a clean commit message — Conventional Commits, Gitmoji or plain style",,
Complementary Color Finder: Find the complementary color for any input color,blog,,,,complementary-color-finder-guide,https://www.mytulify.com/blog/complementary-color-finder-guide,Complementary Color Finder: Find the complementary color for any input color,,
Compost Calculator: Balance browns and greens by volume and see how much to add for a target compost ratio,blog,,,,compost-calculator-guide,https://www.mytulify.com/blog/compost-calculator-guide,Compost Calculator: Balance browns and greens by volume and see how much to add for a target compost ratio,,
Compound Interest Calculator: Project investment growth with compounding over time and contributions,blog,,,,compound-interest-calculator-guide,https://www.mytulify.com/blog/compound-interest-calculator-guide,Compound Interest Calculator: Project investment growth with compounding over time and contributions,,
Compress PDF: Reduce PDF file size while preserving readable quality,blog,,,,compress-pdf-guide,https://www.mytulify.com/blog/compress-pdf-guide,Compress PDF: Reduce PDF file size while preserving readable quality,,
"Concrete Calculator — Cubic Yards, Bags, and Waste for a Slab",blog,,,,concrete-calculator-yards-and-bags,https://www.mytulify.com/blog/concrete-calculator-yards-and-bags,"Concrete Calculator — Cubic Yards, Bags, and Waste for a Slab",,
"Content Brief Generator: AI SEO content brief with outline, PAA questions, keywords, and on-page checklist",blog,,,,content-brief-generator-guide,https://www.mytulify.com/blog/content-brief-generator-guide,"Content Brief Generator: AI SEO content brief with outline, PAA questions, keywords, and on-page checklist",,
"Freelance Contract Generator: Free freelance contract template & independent contractor agreement — scope, payment, IP, confidentiality, PDF",blog,,,,contract-generator-guide,https://www.mytulify.com/blog/contract-generator-guide,"Freelance Contract Generator: Free freelance contract template & independent contractor agreement — scope, payment, IP, confidentiality, PDF",,
"Cooking Measurement Converter: Convert cups, tablespoons, teaspoons, grams, and ounces for recipes",blog,,,,cooking-measurement-converter-guide,https://www.mytulify.com/blog/cooking-measurement-converter-guide,"Cooking Measurement Converter: Convert cups, tablespoons, teaspoons, grams, and ounces for recipes",,
"Countdown Calculator: Count down the days, hours, and minutes until any target date",blog,,,,countdown-calculator-guide,https://www.mytulify.com/blog/countdown-calculator-guide,"Countdown Calculator: Count down the days, hours, and minutes until any target date",,
CRC32 Checksum Generator: Compute CRC32 checksums for text or data,blog,,,,crc32-generator-guide,https://www.mytulify.com/blog/crc32-generator-guide,CRC32 Checksum Generator: Compute CRC32 checksums for text or data,,
"Credit Card Payoff Calculator — Months, Interest, and Extra Payments",blog,,,,credit-card-payoff-calculator-guide,https://www.mytulify.com/blog/credit-card-payoff-calculator-guide,"Credit Card Payoff Calculator — Months, Interest, and Extra Payments",,
"AI Cron Expression Explainer: Convert plain English to a cron expression or explain any cron expression, with timezone-aware next run times",blog,,,,cron-explainer-guide,https://www.mytulify.com/blog/cron-explainer-guide,"AI Cron Expression Explainer: Convert plain English to a cron expression or explain any cron expression, with timezone-aware next run times",,
Cron Expression Generator: Build and explain cron schedules with next-run preview,blog,,,,cron-expression-generator-guide,https://www.mytulify.com/blog/cron-expression-generator-guide,Cron Expression Generator: Build and explain cron schedules with next-run preview,,
"Crontab Builder: Build a cron expression and validate it against a real parser, with the next 5 run times previewed",blog,,,,crontab-builder-guide,https://www.mytulify.com/blog/crontab-builder-guide,"Crontab Builder: Build a cron expression and validate it against a real parser, with the next 5 run times previewed",,
Crop Image: Crop images freely or to fixed aspect ratios,blog,,,,crop-image-guide,https://www.mytulify.com/blog/crop-image-guide,Crop Image: Crop images freely or to fixed aspect ratios,,
Crop PDF: Trim margins and crop the visible area of PDF pages,blog,,,,crop-pdf-guide,https://www.mytulify.com/blog/crop-pdf-guide,Crop PDF: Trim margins and crop the visible area of PDF pages,,
CSRF Token Generator: Generate random anti-CSRF tokens for forms,blog,,,,csrf-token-generator-guide,https://www.mytulify.com/blog/csrf-token-generator-guide,CSRF Token Generator: Generate random anti-CSRF tokens for forms,,
CSS Gradient Background Generator: Generate copy-paste CSS gradient backgrounds,blog,,,,css-gradient-background-generator-guide,https://www.mytulify.com/blog/css-gradient-background-generator-guide,CSS Gradient Background Generator: Generate copy-paste CSS gradient backgrounds,,
CSS Gradient Generator: Visually build linear and radial CSS gradients with code output,blog,,,,css-gradient-generator-guide,https://www.mytulify.com/blog/css-gradient-generator-guide,CSS Gradient Generator: Visually build linear and radial CSS gradients with code output,,
CSS Minifier: Compress CSS by stripping whitespace and comments,blog,,,,css-minifier-guide,https://www.mytulify.com/blog/css-minifier-guide,CSS Minifier: Compress CSS by stripping whitespace and comments,,
CSV to JSON Converter: Parse CSV data into structured JSON output,blog,,,,csv-to-json-guide,https://www.mytulify.com/blog/csv-to-json-guide,CSV to JSON Converter: Parse CSV data into structured JSON output,,
CSV to PDF: Turn CSV spreadsheet data into a readable PDF,blog,,,,csv-to-pdf-guide,https://www.mytulify.com/blog/csv-to-pdf-guide,CSV to PDF: Turn CSV spreadsheet data into a readable PDF,,
CSV to TSV Converter: Convert CSV to TSV and Excel-friendly formats,blog,,,,csv-to-tsv-guide,https://www.mytulify.com/blog/csv-to-tsv-guide,CSV to TSV Converter: Convert CSV to TSV and Excel-friendly formats,,
curl Command Builder: Build a curl command from a form and export the equivalent Python requests and JS fetch code,blog,,,,curl-command-builder-guide,https://www.mytulify.com/blog/curl-command-builder-guide,curl Command Builder: Build a curl command from a form and export the equivalent Python requests and JS fetch code,,
"Currency Converter: Convert between USD, EUR, PKR, INR, AED and more with live mid-market rates",blog,,,,currency-converter-guide,https://www.mytulify.com/blog/currency-converter-guide,"Currency Converter: Convert between USD, EUR, PKR, INR, AED and more with live mid-market rates",,
Cursive Text Generator: Generate cursive and italic Unicode text styles,blog,,,,cursive-text-generator-guide,https://www.mytulify.com/blog/cursive-text-generator-guide,Cursive Text Generator: Generate cursive and italic Unicode text styles,,
"Data File Merger: Merge multiple JSON, CSV, TSV or XML files into one combined dataset, exportable as JSON or CSV",blog,,,,data-file-merger-guide,https://www.mytulify.com/blog/data-file-merger-guide,"Data File Merger: Merge multiple JSON, CSV, TSV or XML files into one combined dataset, exportable as JSON or CSV",,
"Data Storage Converter: Convert bytes, kilobytes, megabytes, gigabytes, and terabytes",blog,,,,data-storage-converter-guide,https://www.mytulify.com/blog/data-storage-converter-guide,"Data Storage Converter: Convert bytes, kilobytes, megabytes, gigabytes, and terabytes",,
"Data Transfer Rate Converter: Convert bps, Kbps, Mbps, Gbps, and MB/s",blog,,,,data-transfer-rate-converter-guide,https://www.mytulify.com/blog/data-transfer-rate-converter-guide,"Data Transfer Rate Converter: Convert bps, Kbps, Mbps, Gbps, and MB/s",,
Date Calculator: Add or subtract days from a date and find the span between two dates,blog,,,,date-calculator-guide,https://www.mytulify.com/blog/date-calculator-guide,Date Calculator: Add or subtract days from a date and find the span between two dates,,
"Debt Payoff Calculator: Compare snowball vs avalanche debt payoff plans with months, interest, and a payment schedule",blog,,,,debt-payoff-calculator-guide,https://www.mytulify.com/blog/debt-payoff-calculator-guide,"Debt Payoff Calculator: Compare snowball vs avalanche debt payoff plans with months, interest, and a payment schedule",,
Debt-to-Income Ratio Calculator — Front-End and Back-End DTI,blog,,,,debt-to-income-ratio-calculator-guide,https://www.mytulify.com/blog/debt-to-income-ratio-calculator-guide,Debt-to-Income Ratio Calculator — Front-End and Back-End DTI,,
"Decision Wheel: Spin a colorful wheel to pick randomly from your list — lunch, chores, team decisions, and more",blog,,,,decision-wheel-guide,https://www.mytulify.com/blog/decision-wheel-guide,"Decision Wheel: Spin a colorful wheel to pick randomly from your list — lunch, chores, team decisions, and more",,
"Deck Calculator: Estimate deck boards, joists, and square footage from deck size, board width, gap, and joist spacing",blog,,,,deck-calculator-guide,https://www.mytulify.com/blog/deck-calculator-guide,"Deck Calculator: Estimate deck boards, joists, and square footage from deck size, board width, gap, and joist spacing",,
Delete PDF Pages: Remove selected pages from a PDF document,blog,,,,delete-pdf-pages-guide,https://www.mytulify.com/blog/delete-pdf-pages-guide,Delete PDF Pages: Remove selected pages from a PDF document,,
"Density Converter: Convert kg/m3, g/cm3, lb/ft3, and other density units",blog,,,,density-converter-guide,https://www.mytulify.com/blog/density-converter-guide,"Density Converter: Convert kg/m3, g/cm3, lb/ft3, and other density units",,
Disavow File Generator: Build a Google Search Console disavow.txt from spam domains and URLs,blog,,,,disavow-file-generator-guide,https://www.mytulify.com/blog/disavow-file-generator-guide,Disavow File Generator: Build a Google Search Console disavow.txt from spam domains and URLs,,
Discord Font Generator: Produce fancy and formatted text usable in Discord chats,blog,,,,discord-font-generator-guide,https://www.mytulify.com/blog/discord-font-generator-guide,Discord Font Generator: Produce fancy and formatted text usable in Discord chats,,
Discount Calculator: Find sale price and amount saved from an original price and discount percent,blog,,,,discount-calculator-guide,https://www.mytulify.com/blog/discount-calculator-guide,Discount Calculator: Find sale price and amount saved from an original price and discount percent,,
"AI Docker Compose Generator: Describe your services or pick a stack template (MERN, Laravel+MySQL+Redis, Django+Postgres) and get a valid do",blog,,,,docker-compose-generator-guide,https://www.mytulify.com/blog/docker-compose-generator-guide,"AI Docker Compose Generator: Describe your services or pick a stack template (MERN, Laravel+MySQL+Redis, Django+Postgres) and get a valid do",,
Domain Name Finder: Suggest available domain names from your project description — only shows domains that look free to register,blog,,,,domain-name-finder-guide,https://www.mytulify.com/blog/domain-name-finder-guide,Domain Name Finder: Suggest available domain names from your project description — only shows domains that look free to register,,
"Down Payment Calculator: Compare 3%, 5%, 10%, 20%, and a custom down payment, with loan amount and whether PMI is likely",blog,,,,down-payment-calculator-guide,https://www.mytulify.com/blog/down-payment-calculator-guide,"Down Payment Calculator: Compare 3%, 5%, 10%, 20%, and a custom down payment, with loan amount and whether PMI is likely",,
Due Date Calculator: Estimate a pregnancy due date from the last menstrual period,blog,,,,due-date-calculator-guide,https://www.mytulify.com/blog/due-date-calculator-guide,Due Date Calculator: Estimate a pregnancy due date from the last menstrual period,,
"Duplicate File Finder: Find exact duplicate files by content hash locally in your browser, flagging older copies as safe to delete",blog,,,,duplicate-file-finder-guide,https://www.mytulify.com/blog/duplicate-file-finder-guide,"Duplicate File Finder: Find exact duplicate files by content hash locally in your browser, flagging older copies as safe to delete",,
Duplicate PDF Pages: Copy and repeat selected pages within a PDF,blog,,,,duplicate-pdf-pages-guide,https://www.mytulify.com/blog/duplicate-pdf-pages-guide,Duplicate PDF Pages: Copy and repeat selected pages within a PDF,,
Duplicate Photo Finder Online — Remove Similar Photos and Free Up Storage,blog,,,,duplicate-photo-finder-online-free-storage,https://www.mytulify.com/blog/duplicate-photo-finder-online-free-storage,Duplicate Photo Finder Online — Remove Similar Photos and Free Up Storage,,
"Edit PDF: Add text, images, shapes, and annotations to a PDF",blog,,,,edit-pdf-guide,https://www.mytulify.com/blog/edit-pdf-guide,"Edit PDF: Add text, images, shapes, and annotations to a PDF",,
"Electricity Cost Calculator: Estimate appliance electricity cost from watts, hours per day, and your price per kWh",blog,,,,electricity-cost-calculator-guide,https://www.mytulify.com/blog/electricity-cost-calculator-guide,"Electricity Cost Calculator: Estimate appliance electricity cost from watts, hours per day, and your price per kWh",,
ElevenLabs vs Browser Text to Speech — Paid AI Voice or Free Device Voices?,blog,,,,elevenlabs-vs-browser-text-to-speech,https://www.mytulify.com/blog/elevenlabs-vs-browser-text-to-speech,ElevenLabs vs Browser Text to Speech — Paid AI Voice or Free Device Voices?,,
Email Extractor: Extract or scan pasted text/HTML for exposed email addresses,blog,,,,email-extractor-guide,https://www.mytulify.com/blog/email-extractor-guide,Email Extractor: Extract or scan pasted text/HTML for exposed email addresses,,
"Email Signature Generator: Create a professional HTML email signature with name, title, contact, and brand color",blog,,,,email-signature-generator-guide,https://www.mytulify.com/blog/email-signature-generator-guide,"Email Signature Generator: Create a professional HTML email signature with name, title, contact, and brand color",,
EMI Explained — Calculate Loan Payments Before You Borrow,blog,,,,emi-calculator-explained,https://www.mytulify.com/blog/emi-calculator-explained,EMI Explained — Calculate Loan Payments Before You Borrow,,
Emoji Picker: Searchable emoji keyboard for copying emojis into posts,blog,,,,emoji-picker-guide,https://www.mytulify.com/blog/emoji-picker-guide,Emoji Picker: Searchable emoji keyboard for copying emojis into posts,,
"Employee Cost Calculator: Estimate fully loaded employee cost from salary, benefits percent, and employer payroll tax",blog,,,,employee-cost-calculator-guide,https://www.mytulify.com/blog/employee-cost-calculator-guide,"Employee Cost Calculator: Estimate fully loaded employee cost from salary, benefits percent, and employer payroll tax",,
Encryption Key Generator: Generate random AES keys in 128/192/256-bit lengths,blog,,,,encryption-key-generator-guide,https://www.mytulify.com/blog/encryption-key-generator-guide,Encryption Key Generator: Generate random AES keys in 128/192/256-bit lengths,,
"Energy Converter: Convert joules, calories, kilowatt-hours, and BTU",blog,,,,energy-converter-guide,https://www.mytulify.com/blog/energy-converter-guide,"Energy Converter: Convert joules, calories, kilowatt-hours, and BTU",,
.env Validator: Validate .env syntax and flag likely leaked secrets and API keys before you commit them,blog,,,,env-validator-guide,https://www.mytulify.com/blog/env-validator-guide,.env Validator: Validate .env syntax and flag likely leaked secrets and API keys before you commit them,,
EPF Calculator Explained — Estimate Your Provident Fund Maturity,blog,,,,epf-calculator-guide,https://www.mytulify.com/blog/epf-calculator-guide,EPF Calculator Explained — Estimate Your Provident Fund Maturity,,
EPF vs PPF — Which Provident Fund Fits Your Savings Plan?,blog,,,,epf-vs-ppf,https://www.mytulify.com/blog/epf-vs-ppf,EPF vs PPF — Which Provident Fund Fits Your Savings Plan?,,
EPUB to PDF: Convert EPUB ebooks to PDF for printing or sharing,blog,,,,epub-to-pdf-guide,https://www.mytulify.com/blog/epub-to-pdf-guide,EPUB to PDF: Convert EPUB ebooks to PDF for printing or sharing,,
AI Error Diagnoser: Paste an error or stack trace and get the root cause plus the exact code fix as a diff,blog,,,,error-diagnoser-guide,https://www.mytulify.com/blog/error-diagnoser-guide,AI Error Diagnoser: Paste an error or stack trace and get the root cause plus the exact code fix as a diff,,
"EV Charging Cost Calculator: Calculate electric vehicle charging cost, kWh, and hours from miles, efficiency, and charger kW",blog,,,,ev-charging-cost-calculator-guide,https://www.mytulify.com/blog/ev-charging-cost-calculator-guide,"EV Charging Cost Calculator: Calculate electric vehicle charging cost, kWh, and hours from miles, efficiency, and charger kW",,
Excel to PDF: Convert CSV exports from Excel into PDF files,blog,,,,excel-to-pdf-guide,https://www.mytulify.com/blog/excel-to-pdf-guide,Excel to PDF: Convert CSV exports from Excel into PDF files,,
Extract Images from PDF: Pull all embedded images out of a PDF file,blog,,,,extract-images-from-pdf-guide,https://www.mytulify.com/blog/extract-images-from-pdf-guide,Extract Images from PDF: Pull all embedded images out of a PDF file,,
Extract PDF Pages: Pull selected pages out into a new PDF file,blog,,,,extract-pdf-pages-guide,https://www.mytulify.com/blog/extract-pdf-pages-guide,Extract PDF Pages: Pull selected pages out into a new PDF file,,
Extract Text from PDF: Copy all selectable text out of a PDF as plain text,blog,,,,extract-text-from-pdf-guide,https://www.mytulify.com/blog/extract-text-from-pdf-guide,Extract Text from PDF: Copy all selectable text out of a PDF as plain text,,
Fake Facebook Post Generator: Create Facebook post mockups with reactions and comments,blog,,,,fake-facebook-post-generator-guide,https://www.mytulify.com/blog/fake-facebook-post-generator-guide,Fake Facebook Post Generator: Create Facebook post mockups with reactions and comments,,
Fake Instagram DM Generator: Mock up Instagram DM chat and profile screenshots,blog,,,,fake-instagram-dm-generator-guide,https://www.mytulify.com/blog/fake-instagram-dm-generator-guide,Fake Instagram DM Generator: Mock up Instagram DM chat and profile screenshots,,
Fake Instagram Post Generator: Generate realistic Instagram post mockups with custom likes and avatar,blog,,,,fake-instagram-post-generator-guide,https://www.mytulify.com/blog/fake-instagram-post-generator-guide,Fake Instagram Post Generator: Generate realistic Instagram post mockups with custom likes and avatar,,
Fake Tweet Generator: Create realistic X/Twitter post mockups downloadable as images,blog,,,,fake-tweet-generator-guide,https://www.mytulify.com/blog/fake-tweet-generator-guide,Fake Tweet Generator: Create realistic X/Twitter post mockups downloadable as images,,
Fancy Text Generator: Turn text into stylish Unicode fonts for social media bios,blog,,,,fancy-text-generator-guide,https://www.mytulify.com/blog/fancy-text-generator-guide,Fancy Text Generator: Turn text into stylish Unicode fonts for social media bios,,
FAQ Schema Generator: Generate FAQPage JSON-LD from question/answer pairs,blog,,,,faq-schema-generator-guide,https://www.mytulify.com/blog/faq-schema-generator-guide,FAQ Schema Generator: Generate FAQPage JSON-LD from question/answer pairs,,
Favicon Generator: Create multi-size favicons and ICO files from an image,blog,,,,favicon-generator-guide,https://www.mytulify.com/blog/favicon-generator-guide,Favicon Generator: Create multi-size favicons and ICO files from an image,,
FD Calculator Explained — How to Calculate Fixed Deposit Maturity,blog,,,,fd-calculator-explained,https://www.mytulify.com/blog/fd-calculator-explained,FD Calculator Explained — How to Calculate Fixed Deposit Maturity,,
Fill PDF Form: Fill in and flatten interactive PDF form fields,blog,,,,fill-pdf-form-guide,https://www.mytulify.com/blog/fill-pdf-form-guide,Fill PDF Form: Fill in and flatten interactive PDF form fields,,
"Find and Replace Text: Find and replace words or patterns in bulk text, with regex support",blog,,,,find-and-replace-text-guide,https://www.mytulify.com/blog/find-and-replace-text-guide,"Find and Replace Text: Find and replace words or patterns in bulk text, with regex support",,
How to Find Duplicate Photos Without Uploading Them (Free Browser Guide),blog,,,,find-duplicate-photos-without-uploading,https://www.mytulify.com/blog/find-duplicate-photos-without-uploading,How to Find Duplicate Photos Without Uploading Them (Free Browser Guide),,
Fixed Deposit vs SIP — How to Compare Safe Returns and Growth,blog,,,,fixed-deposit-vs-sip,https://www.mytulify.com/blog/fixed-deposit-vs-sip,Fixed Deposit vs SIP — How to Compare Safe Returns and Growth,,
Flatten PDF: Merge annotations and form fields into static content,blog,,,,flatten-pdf-guide,https://www.mytulify.com/blog/flatten-pdf-guide,Flatten PDF: Merge annotations and form fields into static content,,
Flip Image: Mirror an image horizontally or vertically,blog,,,,flip-image-guide,https://www.mytulify.com/blog/flip-image-guide,Flip Image: Mirror an image horizontally or vertically,,
"Force Converter: Convert newtons, pounds-force, kilogram-force, and dynes",blog,,,,force-converter-guide,https://www.mytulify.com/blog/force-converter-guide,"Force Converter: Convert newtons, pounds-force, kilogram-force, and dynes",,
"Fraction Calculator: Add, subtract, multiply, and simplify fractions",blog,,,,fraction-calculator-guide,https://www.mytulify.com/blog/fraction-calculator-guide,"Fraction Calculator: Add, subtract, multiply, and simplify fractions",,
5 Freelance Email Templates That Actually Get You Paid (Copy & Paste),blog,,,,freelance-email-templates-that-get-you-paid,https://www.mytulify.com/blog/freelance-email-templates-that-get-you-paid,5 Freelance Email Templates That Actually Get You Paid (Copy & Paste),,
"Frequency Converter: Convert hertz, kilohertz, megahertz, and gigahertz",blog,,,,frequency-converter-guide,https://www.mytulify.com/blog/frequency-converter-guide,"Frequency Converter: Convert hertz, kilohertz, megahertz, and gigahertz",,
"Fuel Consumption Converter: Convert MPG, km/L, and L/100km fuel economy units",blog,,,,fuel-consumption-converter-guide,https://www.mytulify.com/blog/fuel-consumption-converter-guide,"Fuel Consumption Converter: Convert MPG, km/L, and L/100km fuel economy units",,
"Fuel Cost Calculator — Trip Gallons, MPG, and Cost per Person",blog,,,,fuel-cost-calculator-trip-mpg,https://www.mytulify.com/blog/fuel-cost-calculator-trip-mpg,"Fuel Cost Calculator — Trip Gallons, MPG, and Cost per Person",,
"Fuel Mix Calculator: Calculate 2-stroke oil for a 50:1, 40:1, 32:1, or 25:1 gas mix in ounces and milliliters",blog,,,,fuel-mix-calculator-guide,https://www.mytulify.com/blog/fuel-mix-calculator-guide,"Fuel Mix Calculator: Calculate 2-stroke oil for a 50:1, 40:1, 32:1, or 25:1 gas mix in ounces and milliliters",,
GIF Maker: Create animated GIFs from multiple images in your browser,blog,,,,gif-maker-guide,https://www.mytulify.com/blog/gif-maker-guide,GIF Maker: Create animated GIFs from multiple images in your browser,,
GIF Optimizer: Compress and optimize GIF file size in your browser,blog,,,,gif-optimizer-guide,https://www.mytulify.com/blog/gif-optimizer-guide,GIF Optimizer: Compress and optimize GIF file size in your browser,,
GIF Resizer: Resize animated GIFs with presets or custom dimensions,blog,,,,gif-resizer-guide,https://www.mytulify.com/blog/gif-resizer-guide,GIF Resizer: Resize animated GIFs with presets or custom dimensions,,
GIF Rotator: Rotate or flip animated GIFs on every frame,blog,,,,gif-rotator-guide,https://www.mytulify.com/blog/gif-rotator-guide,GIF Rotator: Rotate or flip animated GIFs on every frame,,
GIF to JPG: Extract all GIF frames as JPG images in a ZIP,blog,,,,gif-to-jpg-guide,https://www.mytulify.com/blog/gif-to-jpg-guide,GIF to JPG: Extract all GIF frames as JPG images in a ZIP,,
GIF to PNG: Extract all GIF frames as PNG images in a ZIP,blog,,,,gif-to-png-guide,https://www.mytulify.com/blog/gif-to-png-guide,GIF to PNG: Extract all GIF frames as PNG images in a ZIP,,
GIF to Video: Convert animated GIFs to WebM video,blog,,,,gif-to-video-guide,https://www.mytulify.com/blog/gif-to-video-guide,GIF to Video: Convert animated GIFs to WebM video,,
GIF to WebP: Convert GIF animation frames to WebP images,blog,,,,gif-to-webp-guide,https://www.mytulify.com/blog/gif-to-webp-guide,GIF to WebP: Convert GIF animation frames to WebP images,,
GIF Trimmer: Trim GIF animations to a specific frame range,blog,,,,gif-trimmer-guide,https://www.mytulify.com/blog/gif-trimmer-guide,GIF Trimmer: Trim GIF animations to a specific frame range,,
"GitHub Actions Generator: Generate a CI workflow YAML from ready-made Node, Python and Docker templates",blog,,,,github-actions-generator-guide,https://www.mytulify.com/blog/github-actions-generator-guide,"GitHub Actions Generator: Generate a CI workflow YAML from ready-made Node, Python and Docker templates",,
GitHub Copilot vs Cursor — Which AI Coding Tool Should You Pay For?,blog,,,,github-copilot-vs-cursor,https://www.mytulify.com/blog/github-copilot-vs-cursor,GitHub Copilot vs Cursor — Which AI Coding Tool Should You Pay For?,,
".gitignore Generator: Merge multiple language, framework and OS templates into one .gitignore, with duplicate patterns removed",blog,,,,gitignore-generator-guide,https://www.mytulify.com/blog/gitignore-generator-guide,".gitignore Generator: Merge multiple language, framework and OS templates into one .gitignore, with duplicate patterns removed",,
Glitch Text Generator: Generate zalgo/glitch styled text for posts and usernames,blog,,,,glitch-text-generator-guide,https://www.mytulify.com/blog/glitch-text-generator-guide,Glitch Text Generator: Generate zalgo/glitch styled text for posts and usernames,,
GPA Calculator: Compute grade point average from course grades and credit hours,blog,,,,gpa-calculator-guide,https://www.mytulify.com/blog/gpa-calculator-guide,GPA Calculator: Compute grade point average from course grades and credit hours,,
Grade Calculator: Calculate final or weighted grades and the score needed to pass,blog,,,,grade-calculator-guide,https://www.mytulify.com/blog/grade-calculator-guide,Grade Calculator: Calculate final or weighted grades and the score needed to pass,,
Gradient Generator: Build CSS linear and radial gradients visually,blog,,,,gradient-generator-guide,https://www.mytulify.com/blog/gradient-generator-guide,Gradient Generator: Build CSS linear and radial gradients visually,,
Grammarly vs ChatGPT for Writing — Editor or Drafter?,blog,,,,grammarly-vs-chatgpt-for-writing,https://www.mytulify.com/blog/grammarly-vs-chatgpt-for-writing,Grammarly vs ChatGPT for Writing — Editor or Drafter?,,
Gratuity Calculator Explained — Estimate Your Exit Payout,blog,,,,gratuity-calculator-guide,https://www.mytulify.com/blog/gratuity-calculator-guide,Gratuity Calculator Explained — Estimate Your Exit Payout,,
Gratuity vs EPF — How They Differ at Exit,blog,,,,gratuity-vs-epf,https://www.mytulify.com/blog/gratuity-vs-epf,Gratuity vs EPF — How They Differ at Exit,,
Gravel Calculator — Cubic Yards and Tons for a Driveway or Path,blog,,,,gravel-calculator-tons-and-yards,https://www.mytulify.com/blog/gravel-calculator-tons-and-yards,Gravel Calculator — Cubic Yards and Tons for a Driveway or Path,,
Grayscale Image: Convert a color image to black and white,blog,,,,grayscale-image-guide,https://www.mytulify.com/blog/grayscale-image-guide,Grayscale Image: Convert a color image to black and white,,
Handwriting to Markdown: Convert a handwritten page into clean Markdown with headings and lists,blog,,,,handwriting-to-markdown-guide,https://www.mytulify.com/blog/handwriting-to-markdown-guide,Handwriting to Markdown: Convert a handwritten page into clean Markdown with headings and lists,,
"Arabic Handwriting to Text: Convert Arabic handwriting from a photo into editable Arabic text, with optional translation into another langua",blog,,,,handwriting-to-text-arabic-guide,https://www.mytulify.com/blog/handwriting-to-text-arabic-guide,"Arabic Handwriting to Text: Convert Arabic handwriting from a photo into editable Arabic text, with optional translation into another langua",,
"Bengali Handwriting to Text: Convert Bengali handwriting from a photo into editable Bengali text, with optional translation into another lan",blog,,,,handwriting-to-text-bengali-guide,https://www.mytulify.com/blog/handwriting-to-text-bengali-guide,"Bengali Handwriting to Text: Convert Bengali handwriting from a photo into editable Bengali text, with optional translation into another lan",,
"Chinese Handwriting to Text: Convert Chinese handwriting from a photo into editable Chinese text, with optional translation into another lan",blog,,,,handwriting-to-text-chinese-guide,https://www.mytulify.com/blog/handwriting-to-text-chinese-guide,"Chinese Handwriting to Text: Convert Chinese handwriting from a photo into editable Chinese text, with optional translation into another lan",,
"Dutch Handwriting to Text: Convert Dutch handwriting from a photo into editable Dutch text, with optional translation into another language",blog,,,,handwriting-to-text-dutch-guide,https://www.mytulify.com/blog/handwriting-to-text-dutch-guide,"Dutch Handwriting to Text: Convert Dutch handwriting from a photo into editable Dutch text, with optional translation into another language",,
"English Handwriting to Text: Convert English handwriting from a photo into editable English text, with optional translation into another lan",blog,,,,handwriting-to-text-english-guide,https://www.mytulify.com/blog/handwriting-to-text-english-guide,"English Handwriting to Text: Convert English handwriting from a photo into editable English text, with optional translation into another lan",,
"French Handwriting to Text: Convert French handwriting from a photo into editable French text, with optional translation into another langua",blog,,,,handwriting-to-text-french-guide,https://www.mytulify.com/blog/handwriting-to-text-french-guide,"French Handwriting to Text: Convert French handwriting from a photo into editable French text, with optional translation into another langua",,
"German Handwriting to Text: Convert German handwriting from a photo into editable German text, with optional translation into another langua",blog,,,,handwriting-to-text-german-guide,https://www.mytulify.com/blog/handwriting-to-text-german-guide,"German Handwriting to Text: Convert German handwriting from a photo into editable German text, with optional translation into another langua",,
"Greek Handwriting to Text: Convert Greek handwriting from a photo into editable Greek text, with optional translation into another language",blog,,,,handwriting-to-text-greek-guide,https://www.mytulify.com/blog/handwriting-to-text-greek-guide,"Greek Handwriting to Text: Convert Greek handwriting from a photo into editable Greek text, with optional translation into another language",,
"Handwriting to Text (OCR): Convert a photo of handwriting into digital text in any language, then optionally translate it",blog,,,,handwriting-to-text-guide,https://www.mytulify.com/blog/handwriting-to-text-guide,"Handwriting to Text (OCR): Convert a photo of handwriting into digital text in any language, then optionally translate it",,
"Gujarati Handwriting to Text: Convert Gujarati handwriting from a photo into editable Gujarati text, with optional translation into another",blog,,,,handwriting-to-text-gujarati-guide,https://www.mytulify.com/blog/handwriting-to-text-gujarati-guide,"Gujarati Handwriting to Text: Convert Gujarati handwriting from a photo into editable Gujarati text, with optional translation into another",,
"Hindi Handwriting to Text: Convert Hindi handwriting from a photo into editable Hindi text, with optional translation into another language",blog,,,,handwriting-to-text-hindi-guide,https://www.mytulify.com/blog/handwriting-to-text-hindi-guide,"Hindi Handwriting to Text: Convert Hindi handwriting from a photo into editable Hindi text, with optional translation into another language",,
"Indonesian Handwriting to Text: Convert Indonesian handwriting from a photo into editable Indonesian text, with optional translation into an",blog,,,,handwriting-to-text-indonesian-guide,https://www.mytulify.com/blog/handwriting-to-text-indonesian-guide,"Indonesian Handwriting to Text: Convert Indonesian handwriting from a photo into editable Indonesian text, with optional translation into an",,
"Italian Handwriting to Text: Convert Italian handwriting from a photo into editable Italian text, with optional translation into another lan",blog,,,,handwriting-to-text-italian-guide,https://www.mytulify.com/blog/handwriting-to-text-italian-guide,"Italian Handwriting to Text: Convert Italian handwriting from a photo into editable Italian text, with optional translation into another lan",,
"Japanese Handwriting to Text: Convert Japanese handwriting from a photo into editable Japanese text, with optional translation into another",blog,,,,handwriting-to-text-japanese-guide,https://www.mytulify.com/blog/handwriting-to-text-japanese-guide,"Japanese Handwriting to Text: Convert Japanese handwriting from a photo into editable Japanese text, with optional translation into another",,
"Kannada Handwriting to Text: Convert Kannada handwriting from a photo into editable Kannada text, with optional translation into another lan",blog,,,,handwriting-to-text-kannada-guide,https://www.mytulify.com/blog/handwriting-to-text-kannada-guide,"Kannada Handwriting to Text: Convert Kannada handwriting from a photo into editable Kannada text, with optional translation into another lan",,
"Korean Handwriting to Text: Convert Korean handwriting from a photo into editable Korean text, with optional translation into another langua",blog,,,,handwriting-to-text-korean-guide,https://www.mytulify.com/blog/handwriting-to-text-korean-guide,"Korean Handwriting to Text: Convert Korean handwriting from a photo into editable Korean text, with optional translation into another langua",,
"Malayalam Handwriting to Text: Convert Malayalam handwriting from a photo into editable Malayalam text, with optional translation into anoth",blog,,,,handwriting-to-text-malayalam-guide,https://www.mytulify.com/blog/handwriting-to-text-malayalam-guide,"Malayalam Handwriting to Text: Convert Malayalam handwriting from a photo into editable Malayalam text, with optional translation into anoth",,
"Marathi Handwriting to Text: Convert Marathi handwriting from a photo into editable Marathi text, with optional translation into another lan",blog,,,,handwriting-to-text-marathi-guide,https://www.mytulify.com/blog/handwriting-to-text-marathi-guide,"Marathi Handwriting to Text: Convert Marathi handwriting from a photo into editable Marathi text, with optional translation into another lan",,
"Persian Handwriting to Text: Convert Persian handwriting from a photo into editable Persian text, with optional translation into another lan",blog,,,,handwriting-to-text-persian-guide,https://www.mytulify.com/blog/handwriting-to-text-persian-guide,"Persian Handwriting to Text: Convert Persian handwriting from a photo into editable Persian text, with optional translation into another lan",,
"Polish Handwriting to Text: Convert Polish handwriting from a photo into editable Polish text, with optional translation into another langua",blog,,,,handwriting-to-text-polish-guide,https://www.mytulify.com/blog/handwriting-to-text-polish-guide,"Polish Handwriting to Text: Convert Polish handwriting from a photo into editable Polish text, with optional translation into another langua",,
"Portuguese Handwriting to Text: Convert Portuguese handwriting from a photo into editable Portuguese text, with optional translation into an",blog,,,,handwriting-to-text-portuguese-guide,https://www.mytulify.com/blog/handwriting-to-text-portuguese-guide,"Portuguese Handwriting to Text: Convert Portuguese handwriting from a photo into editable Portuguese text, with optional translation into an",,
"Punjabi Handwriting to Text: Convert Punjabi handwriting from a photo into editable Punjabi text, with optional translation into another lan",blog,,,,handwriting-to-text-punjabi-guide,https://www.mytulify.com/blog/handwriting-to-text-punjabi-guide,"Punjabi Handwriting to Text: Convert Punjabi handwriting from a photo into editable Punjabi text, with optional translation into another lan",,
"Russian Handwriting to Text: Convert Russian handwriting from a photo into editable Russian text, with optional translation into another lan",blog,,,,handwriting-to-text-russian-guide,https://www.mytulify.com/blog/handwriting-to-text-russian-guide,"Russian Handwriting to Text: Convert Russian handwriting from a photo into editable Russian text, with optional translation into another lan",,
"Spanish Handwriting to Text: Convert Spanish handwriting from a photo into editable Spanish text, with optional translation into another lan",blog,,,,handwriting-to-text-spanish-guide,https://www.mytulify.com/blog/handwriting-to-text-spanish-guide,"Spanish Handwriting to Text: Convert Spanish handwriting from a photo into editable Spanish text, with optional translation into another lan",,
"Swedish Handwriting to Text: Convert Swedish handwriting from a photo into editable Swedish text, with optional translation into another lan",blog,,,,handwriting-to-text-swedish-guide,https://www.mytulify.com/blog/handwriting-to-text-swedish-guide,"Swedish Handwriting to Text: Convert Swedish handwriting from a photo into editable Swedish text, with optional translation into another lan",,
"Tamil Handwriting to Text: Convert Tamil handwriting from a photo into editable Tamil text, with optional translation into another language",blog,,,,handwriting-to-text-tamil-guide,https://www.mytulify.com/blog/handwriting-to-text-tamil-guide,"Tamil Handwriting to Text: Convert Tamil handwriting from a photo into editable Tamil text, with optional translation into another language",,
"Telugu Handwriting to Text: Convert Telugu handwriting from a photo into editable Telugu text, with optional translation into another langua",blog,,,,handwriting-to-text-telugu-guide,https://www.mytulify.com/blog/handwriting-to-text-telugu-guide,"Telugu Handwriting to Text: Convert Telugu handwriting from a photo into editable Telugu text, with optional translation into another langua",,
"Thai Handwriting to Text: Convert Thai handwriting from a photo into editable Thai text, with optional translation into another language",blog,,,,handwriting-to-text-thai-guide,https://www.mytulify.com/blog/handwriting-to-text-thai-guide,"Thai Handwriting to Text: Convert Thai handwriting from a photo into editable Thai text, with optional translation into another language",,
"Turkish Handwriting to Text: Convert Turkish handwriting from a photo into editable Turkish text, with optional translation into another lan",blog,,,,handwriting-to-text-turkish-guide,https://www.mytulify.com/blog/handwriting-to-text-turkish-guide,"Turkish Handwriting to Text: Convert Turkish handwriting from a photo into editable Turkish text, with optional translation into another lan",,
"Ukrainian Handwriting to Text: Convert Ukrainian handwriting from a photo into editable Ukrainian text, with optional translation into anoth",blog,,,,handwriting-to-text-ukrainian-guide,https://www.mytulify.com/blog/handwriting-to-text-ukrainian-guide,"Ukrainian Handwriting to Text: Convert Ukrainian handwriting from a photo into editable Ukrainian text, with optional translation into anoth",,
"Vietnamese Handwriting to Text: Convert Vietnamese handwriting from a photo into editable Vietnamese text, with optional translation into an",blog,,,,handwriting-to-text-vietnamese-guide,https://www.mytulify.com/blog/handwriting-to-text-vietnamese-guide,"Vietnamese Handwriting to Text: Convert Vietnamese handwriting from a photo into editable Vietnamese text, with optional translation into an",,
"Handwritten Form Extractor: Pull filled fields from a handwritten form into JSON, CSV, or a Markdown table",blog,,,,handwritten-form-extractor-guide,https://www.mytulify.com/blog/handwritten-form-extractor-guide,"Handwritten Form Extractor: Pull filled fields from a handwritten form into JSON, CSV, or a Markdown table",,
How to Convert Handwritten Math to LaTeX From a Photo,blog,,,,handwritten-math-to-latex-guide,https://www.mytulify.com/blog/handwritten-math-to-latex-guide,How to Convert Handwritten Math to LaTeX From a Photo,,
Turn Handwritten Notes Into Summaries and Study Flashcards,blog,,,,handwritten-notes-summarizer-guide,https://www.mytulify.com/blog/handwritten-notes-summarizer-guide,Turn Handwritten Notes Into Summaries and Study Flashcards,,
"Handwritten Table OCR: Turn a photo of a handwritten table or grid into Markdown, CSV, or JSON rows",blog,,,,handwritten-table-ocr-guide,https://www.mytulify.com/blog/handwritten-table-ocr-guide,"Handwritten Table OCR: Turn a photo of a handwritten table or grid into Markdown, CSV, or JSON rows",,
"Hash Generator (MD5 / SHA): Compute MD5, SHA-1, and SHA-256 hashes of text",blog,,,,hash-generator-guide,https://www.mytulify.com/blog/hash-generator-guide,"Hash Generator (MD5 / SHA): Compute MD5, SHA-1, and SHA-256 hashes of text",,
Hash Identifier: Detect the likely hash algorithm from a given hash string,blog,,,,hash-identifier-guide,https://www.mytulify.com/blog/hash-identifier-guide,Hash Identifier: Detect the likely hash algorithm from a given hash string,,
Hashtag Counter: Count hashtags in text and flag platform over-limits,blog,,,,hashtag-counter-guide,https://www.mytulify.com/blog/hashtag-counter-guide,Hashtag Counter: Count hashtags in text and flag platform over-limits,,
"Heading Structure Analyzer: Audit H1–H6 outlines in page HTML for multiple H1s, skipped levels, and empty headings",blog,,,,heading-structure-analyzer-guide,https://www.mytulify.com/blog/heading-structure-analyzer-guide,"Heading Structure Analyzer: Audit H1–H6 outlines in page HTML for multiple H1s, skipped levels, and empty headings",,
Health Check Config Generator: Generate a ready-to-paste health-check script and JSON config for uptime monitors from an endpoint,blog,,,,health-check-generator-guide,https://www.mytulify.com/blog/health-check-generator-guide,Health Check Config Generator: Generate a ready-to-paste health-check script and JSON config for uptime monitors from an endpoint,,
Heart Rate Zone Calculator: Calculate your 5 training heart-rate zones using the Karvonen method with your resting heart rate,blog,,,,heart-rate-zone-calculator-guide,https://www.mytulify.com/blog/heart-rate-zone-calculator-guide,Heart Rate Zone Calculator: Calculate your 5 training heart-rate zones using the Karvonen method with your resting heart rate,,
HEIC to JPG: Convert iPhone HEIC photos to JPG images,blog,,,,heic-to-jpg-guide,https://www.mytulify.com/blog/heic-to-jpg-guide,HEIC to JPG: Convert iPhone HEIC photos to JPG images,,
Hex Color to Image: Generate a solid color image from a HEX code,blog,,,,hex-color-to-image-guide,https://www.mytulify.com/blog/hex-color-to-image-guide,Hex Color to Image: Generate a solid color image from a HEX code,,
HEX to CMYK: Convert a HEX color code to CMYK values,blog,,,,hex-to-cmyk-guide,https://www.mytulify.com/blog/hex-to-cmyk-guide,HEX to CMYK: Convert a HEX color code to CMYK values,,
HEX to HSL: Convert HEX colors to HSL format,blog,,,,hex-to-hsl-guide,https://www.mytulify.com/blog/hex-to-hsl-guide,HEX to HSL: Convert HEX colors to HSL format,,
"Hex to RGB Converter: Convert colors between HEX, RGB and HSL formats",blog,,,,hex-to-rgb-converter-guide,https://www.mytulify.com/blog/hex-to-rgb-converter-guide,"Hex to RGB Converter: Convert colors between HEX, RGB and HSL formats",,
HEX to RGB: Convert HEX color codes to RGB values,blog,,,,hex-to-rgb-guide,https://www.mytulify.com/blog/hex-to-rgb-guide,HEX to RGB: Convert HEX color codes to RGB values,,
Hex to RGBA: Convert HEX colors to RGBA with an alpha channel,blog,,,,hex-to-rgba-guide,https://www.mytulify.com/blog/hex-to-rgba-guide,Hex to RGBA: Convert HEX colors to RGBA with an alpha channel,,
"Hexagon Quilt Calculator: Estimate fabric area for hexagon quilt pieces from side length, seam allowance, and how many hexes you need",blog,,,,hexagon-quilt-calculator-guide,https://www.mytulify.com/blog/hexagon-quilt-calculator-guide,"Hexagon Quilt Calculator: Estimate fabric area for hexagon quilt pieces from side length, seam allowance, and how many hexes you need",,
HMAC Generator: Compute HMAC signatures with a chosen hash and secret key,blog,,,,hmac-generator-guide,https://www.mytulify.com/blog/hmac-generator-guide,HMAC Generator: Compute HMAC signatures with a chosen hash and secret key,,
Home Affordability Calculator — Max Price from Income and Debts,blog,,,,home-affordability-calculator-guide,https://www.mytulify.com/blog/home-affordability-calculator-guide,Home Affordability Calculator — Max Price from Income and Debts,,
"Home Color Visualizer: Upload a photo of your home or room, try wall/door/furniture colors, and preview what looks best",blog,,,,home-color-visualizer-guide,https://www.mytulify.com/blog/home-color-visualizer-guide,"Home Color Visualizer: Upload a photo of your home or room, try wall/door/furniture colors, and preview what looks best",,
Hours Calculator: Calculate total hours and minutes between two times for timesheets,blog,,,,hours-calculator-guide,https://www.mytulify.com/blog/hours-calculator-guide,Hours Calculator: Calculate total hours and minutes between two times for timesheets,,
HowTo Schema Generator: Generate HowTo JSON-LD structured data from a title and step-by-step list,blog,,,,howto-schema-generator-guide,https://www.mytulify.com/blog/howto-schema-generator-guide,HowTo Schema Generator: Generate HowTo JSON-LD structured data from a title and step-by-step list,,
HRA Calculator Explained — Estimate Your House Rent Allowance Exemption,blog,,,,hra-calculator-guide,https://www.mytulify.com/blog/hra-calculator-guide,HRA Calculator Explained — Estimate Your House Rent Allowance Exemption,,
HRA vs Take-Home Pay — What Changes on Your Payslip,blog,,,,hra-vs-take-home-pay,https://www.mytulify.com/blog/hra-vs-take-home-pay,HRA vs Take-Home Pay — What Changes on Your Payslip,,
Hreflang Tag Generator: Generate hreflang tags for multilingual and regional targeting,blog,,,,hreflang-tag-generator-guide,https://www.mytulify.com/blog/hreflang-tag-generator-guide,Hreflang Tag Generator: Generate hreflang tags for multilingual and regional targeting,,
HSL to HEX: Convert HSL color values to a HEX code,blog,,,,hsl-to-hex-guide,https://www.mytulify.com/blog/hsl-to-hex-guide,HSL to HEX: Convert HSL color values to a HEX code,,
".htaccess Generator: Generate .htaccess rules for redirects, caching, and security",blog,,,,htaccess-generator-guide,https://www.mytulify.com/blog/htaccess-generator-guide,".htaccess Generator: Generate .htaccess rules for redirects, caching, and security",,
HTML Encoder/Decoder: Encode and decode HTML entities in text,blog,,,,html-encoder-decoder-guide,https://www.mytulify.com/blog/html-encoder-decoder-guide,HTML Encoder/Decoder: Encode and decode HTML entities in text,,
HTML Minifier: Remove whitespace and comments to shrink HTML,blog,,,,html-minifier-guide,https://www.mytulify.com/blog/html-minifier-guide,HTML Minifier: Remove whitespace and comments to shrink HTML,,
HTML Tag Stripper: Remove HTML tags to extract plain text from markup,blog,,,,html-tag-stripper-guide,https://www.mytulify.com/blog/html-tag-stripper-guide,HTML Tag Stripper: Remove HTML tags to extract plain text from markup,,
HTML to Markdown Converter: Convert HTML markup into clean Markdown,blog,,,,html-to-markdown-guide,https://www.mytulify.com/blog/html-to-markdown-guide,HTML to Markdown Converter: Convert HTML markup into clean Markdown,,
htpasswd Generator: Create Apache/Nginx htpasswd entries with bcrypt or APR1,blog,,,,htpasswd-generator-guide,https://www.mytulify.com/blog/htpasswd-generator-guide,htpasswd Generator: Create Apache/Nginx htpasswd entries with bcrypt or APR1,,
"Hull Speed Calculator: Calculate displacement hull speed in knots, mph, and km/h from waterline length",blog,,,,hull-speed-calculator-guide,https://www.mytulify.com/blog/hull-speed-calculator-guide,"Hull Speed Calculator: Calculate displacement hull speed in knots, mph, and km/h from waterline length",,
"IBAN Validator: Validate IBAN numbers for Pakistan, EU, UK and 80+ countries with mod-97 checksum",blog,,,,iban-validator-guide,https://www.mytulify.com/blog/iban-validator-guide,"IBAN Validator: Validate IBAN numbers for Pakistan, EU, UK and 80+ countries with mod-97 checksum",,
"ICS Calendar Generator: Build a .ics calendar event file for Google Calendar, Outlook, and Apple Calendar",blog,,,,ics-calendar-generator-guide,https://www.mytulify.com/blog/ics-calendar-generator-guide,"ICS Calendar Generator: Build a .ics calendar event file for Google Calendar, Outlook, and Apple Calendar",,
"Ideal Weight Calculator: Suggest a healthy weight range based on height, age, and gender",blog,,,,ideal-weight-calculator-guide,https://www.mytulify.com/blog/ideal-weight-calculator-guide,"Ideal Weight Calculator: Suggest a healthy weight range based on height, age, and gender",,
Image Color Picker: Pick HEX/RGB colors from any pixel of an image,blog,,,,image-color-picker-guide,https://www.mytulify.com/blog/image-color-picker-guide,Image Color Picker: Pick HEX/RGB colors from any pixel of an image,,
Image to Base64: Encode an image into a Base64 data URI string,blog,,,,image-to-base64-guide,https://www.mytulify.com/blog/image-to-base64-guide,Image to Base64: Encode an image into a Base64 data URI string,,
Image to ICO: Convert PNG/JPG images into Windows ICO icons,blog,,,,image-to-ico-guide,https://www.mytulify.com/blog/image-to-ico-guide,Image to ICO: Convert PNG/JPG images into Windows ICO icons,,
Image to PDF: Convert images into a single downloadable PDF,blog,,,,image-to-pdf-guide,https://www.mytulify.com/blog/image-to-pdf-guide,Image to PDF: Convert images into a single downloadable PDF,,
Images to PDF: Batch combine multiple images into one ordered PDF,blog,,,,images-to-pdf-guide,https://www.mytulify.com/blog/images-to-pdf-guide,Images to PDF: Batch combine multiple images into one ordered PDF,,
Inches to CM Converter: Dedicated converter between inches and centimeters,blog,,,,inches-to-cm-converter-guide,https://www.mytulify.com/blog/inches-to-cm-converter-guide,Inches to CM Converter: Dedicated converter between inches and centimeters,,
"Indexing Readiness Checker: Audit a live URL for noindex, robots.txt blocks, canonical issues, and other indexability problems",blog,,,,indexing-readiness-checker-guide,https://www.mytulify.com/blog/indexing-readiness-checker-guide,"Indexing Readiness Checker: Audit a live URL for noindex, robots.txt blocks, canonical issues, and other indexability problems",,
"IndexNow URL Submitter: Generate an IndexNow key and notify Bing, Yandex, and other engines when your URLs change",blog,,,,indexnow-url-submitter-guide,https://www.mytulify.com/blog/indexnow-url-submitter-guide,"IndexNow URL Submitter: Generate an IndexNow key and notify Bing, Yandex, and other engines when your URLs change",,
Inflation Calculator: See what today’s money will be worth later — or was worth in the past — using a custom inflation rate,blog,,,,inflation-calculator-guide,https://www.mytulify.com/blog/inflation-calculator-guide,Inflation Calculator: See what today’s money will be worth later — or was worth in the past — using a custom inflation rate,,
"Instagram Bio Generator: Build stylish IG bios with line breaks, fonts, and symbols",blog,,,,instagram-bio-generator-guide,https://www.mytulify.com/blog/instagram-bio-generator-guide,"Instagram Bio Generator: Build stylish IG bios with line breaks, fonts, and symbols",,
Instagram Caption Generator: Generate caption ideas from a topic plus hashtags and emojis,blog,,,,instagram-caption-generator-guide,https://www.mytulify.com/blog/instagram-caption-generator-guide,Instagram Caption Generator: Generate caption ideas from a topic plus hashtags and emojis,,
Instagram Font Generator: Convert text into copy-paste Unicode fancy fonts for bios and captions,blog,,,,instagram-font-generator-guide,https://www.mytulify.com/blog/instagram-font-generator-guide,Instagram Font Generator: Convert text into copy-paste Unicode fancy fonts for bios and captions,,
Instagram Hashtag Generator: Suggest and group relevant hashtags from keywords or topics,blog,,,,instagram-hashtag-generator-guide,https://www.mytulify.com/blog/instagram-hashtag-generator-guide,Instagram Hashtag Generator: Suggest and group relevant hashtags from keywords or topics,,
Instagram Line Break Generator: Add invisible spacing so captions keep line breaks on Instagram,blog,,,,instagram-line-break-generator-guide,https://www.mytulify.com/blog/instagram-line-break-generator-guide,Instagram Line Break Generator: Add invisible spacing so captions keep line breaks on Instagram,,
Internal Link Suggester: Suggest internal links from your page list into a draft using keyword overlap scoring,blog,,,,internal-link-suggester-guide,https://www.mytulify.com/blog/internal-link-suggester-guide,Internal Link Suggester: Suggest internal links from your page list into a draft using keyword overlap scoring,,
"Invoice Generator: Create professional PDF invoices with line items, tax, and instant download — no watermark",blog,,,,invoice-generator-guide,https://www.mytulify.com/blog/invoice-generator-guide,"Invoice Generator: Create professional PDF invoices with line items, tax, and instant download — no watermark",,
"IP Address Info & Classifier: Classify an IP as private, public, CGNAT, loopback or reserved with plain-language context and reverse-DNS",blog,,,,ip-address-info-guide,https://www.mytulify.com/blog/ip-address-info-guide,"IP Address Info & Classifier: Classify an IP as private, public, CGNAT, loopback or reserved with plain-language context and reverse-DNS",,
"IP Subnet Calculator: Calculate network, broadcast, host range and mask from a CIDR block, with a visual bit breakdown",blog,,,,ip-subnet-calculator-guide,https://www.mytulify.com/blog/ip-subnet-calculator-guide,"IP Subnet Calculator: Calculate network, broadcast, host range and mask from a CIDR block, with a visual bit breakdown",,
JavaScript Minifier: Minify JavaScript source to reduce file size,blog,,,,javascript-minifier-guide,https://www.mytulify.com/blog/javascript-minifier-guide,JavaScript Minifier: Minify JavaScript source to reduce file size,,
JFIF to JPG: Convert JFIF images to standard JPG format in your browser,blog,,,,jfif-to-jpg-guide,https://www.mytulify.com/blog/jfif-to-jpg-guide,JFIF to JPG: Convert JFIF images to standard JPG format in your browser,,
JFIF to PNG: Convert JFIF images to lossless PNG format,blog,,,,jfif-to-png-guide,https://www.mytulify.com/blog/jfif-to-png-guide,JFIF to PNG: Convert JFIF images to lossless PNG format,,
JPG to PDF: Convert JPG and other images into a single PDF,blog,,,,jpg-to-pdf-guide,https://www.mytulify.com/blog/jpg-to-pdf-guide,JPG to PDF: Convert JPG and other images into a single PDF,,
JPG to PNG: Convert JPG images to lossless PNG format,blog,,,,jpg-to-png-guide,https://www.mytulify.com/blog/jpg-to-png-guide,JPG to PNG: Convert JPG images to lossless PNG format,,
JPG to WebP: Convert JPG images to modern WebP format,blog,,,,jpg-to-webp-guide,https://www.mytulify.com/blog/jpg-to-webp-guide,JPG to WebP: Convert JPG images to modern WebP format,,
"JSON Diff Checker: Compare two JSON documents with path-level added, removed, and changed highlights",blog,,,,json-diff-checker-guide,https://www.mytulify.com/blog/json-diff-checker-guide,"JSON Diff Checker: Compare two JSON documents with path-level added, removed, and changed highlights",,
"JSON Formatter: Beautify, validate and minify JSON with syntax highlighting",blog,,,,json-formatter-guide,https://www.mytulify.com/blog/json-formatter-guide,"JSON Formatter: Beautify, validate and minify JSON with syntax highlighting",,
JSON to CSV Converter: Convert JSON arrays into downloadable CSV files,blog,,,,json-to-csv-guide,https://www.mytulify.com/blog/json-to-csv-guide,JSON to CSV Converter: Convert JSON arrays into downloadable CSV files,,
JSON to TypeScript: Generate TypeScript interfaces from a JSON sample,blog,,,,json-to-typescript-guide,https://www.mytulify.com/blog/json-to-typescript-guide,JSON to TypeScript: Generate TypeScript interfaces from a JSON sample,,
JSON to XML Converter: Convert JSON data structures into XML,blog,,,,json-to-xml-guide,https://www.mytulify.com/blog/json-to-xml-guide,JSON to XML Converter: Convert JSON data structures into XML,,
JSON to YAML Converter: Convert between JSON and YAML formats,blog,,,,json-to-yaml-guide,https://www.mytulify.com/blog/json-to-yaml-guide,JSON to YAML Converter: Convert between JSON and YAML formats,,
JSON Validator: Validate JSON syntax and pinpoint errors,blog,,,,json-validator-guide,https://www.mytulify.com/blog/json-validator-guide,JSON Validator: Validate JSON syntax and pinpoint errors,,
"JWT Decoder: Decode a JWT into its header, payload and signature",blog,,,,jwt-decoder-guide,https://www.mytulify.com/blog/jwt-decoder-guide,"JWT Decoder: Decode a JWT into its header, payload and signature",,
JWT Signature Verifier: Verify a JWT signature against a provided secret or key,blog,,,,jwt-verifier-guide,https://www.mytulify.com/blog/jwt-verifier-guide,JWT Signature Verifier: Verify a JWT signature against a provided secret or key,,
"Kerf Calculator: See how many pieces a board yields after saw kerf, and how many boards to buy",blog,,,,kerf-calculator-guide,https://www.mytulify.com/blog/kerf-calculator-guide,"Kerf Calculator: See how many pieces a board yields after saw kerf, and how many boards to buy",,
Keyword Combiner: Combine and permute keyword lists into broad/phrase/exact match,blog,,,,keyword-combiner-guide,https://www.mytulify.com/blog/keyword-combiner-guide,Keyword Combiner: Combine and permute keyword lists into broad/phrase/exact match,,
Keyword Density Checker: Count word frequency and density percentages in pasted text or HTML,blog,,,,keyword-density-checker-guide,https://www.mytulify.com/blog/keyword-density-checker-guide,Keyword Density Checker: Count word frequency and density percentages in pasted text or HTML,,
"Keyword Difficulty Estimator: Estimate keyword competitiveness from SERP signals like brands, content length, and authority",blog,,,,keyword-difficulty-estimator-guide,https://www.mytulify.com/blog/keyword-difficulty-estimator-guide,"Keyword Difficulty Estimator: Estimate keyword competitiveness from SERP signals like brands, content length, and authority",,
Keyword Rank Tracker: Log keyword rankings over time in your browser and export CSV reports — no API key required,blog,,,,keyword-rank-tracker-guide,https://www.mytulify.com/blog/keyword-rank-tracker-guide,Keyword Rank Tracker: Log keyword rankings over time in your browser and export CSV reports — no API key required,,
KG to Lbs Converter: Dedicated converter between kilograms and pounds,blog,,,,kg-to-lbs-converter-guide,https://www.mytulify.com/blog/kg-to-lbs-converter-guide,KG to Lbs Converter: Dedicated converter between kilograms and pounds,,
"Kubernetes YAML Generator: Generate a linked Deployment, Service and Ingress in one manifest from a simple form",blog,,,,kubernetes-yaml-generator-guide,https://www.mytulify.com/blog/kubernetes-yaml-generator-guide,"Kubernetes YAML Generator: Generate a linked Deployment, Service and Ingress in one manifest from a simple form",,
"kW to kVA Calculator: Convert kilowatts to kVA with power factor, and estimate single-phase or three-phase amps",blog,,,,kw-to-kva-calculator-guide,https://www.mytulify.com/blog/kw-to-kva-calculator-guide,"kW to kVA Calculator: Convert kilowatts to kVA with power factor, and estimate single-phase or three-phase amps",,
Language Translator: Translate text or CSV/Excel into one or many languages — each target gets its own column named after that language,blog,,,,language-translator-guide,https://www.mytulify.com/blog/language-translator-guide,Language Translator: Translate text or CSV/Excel into one or many languages — each target gets its own column named after that language,,
Late Payment Fee Calculator: Calculate late fees on overdue invoices with flat or monthly percentage rates,blog,,,,late-fee-calculator-guide,https://www.mytulify.com/blog/late-fee-calculator-guide,Late Payment Fee Calculator: Calculate late fees on overdue invoices with flat or monthly percentage rates,,
"Length Converter: Convert between meters, feet, miles, kilometers, inches, and more",blog,,,,length-converter-guide,https://www.mytulify.com/blog/length-converter-guide,"Length Converter: Convert between meters, feet, miles, kilometers, inches, and more",,
Lighten and Darken Color: Adjust a color's lightness up or down by percentage,blog,,,,lighten-darken-color-guide,https://www.mytulify.com/blog/lighten-darken-color-guide,Lighten and Darken Color: Adjust a color's lightness up or down by percentage,,
LinkedIn Text Formatter: Add bold/italic Unicode formatting to LinkedIn posts,blog,,,,linkedin-text-formatter-guide,https://www.mytulify.com/blog/linkedin-text-formatter-guide,LinkedIn Text Formatter: Add bold/italic Unicode formatting to LinkedIn posts,,
List Randomizer: Shuffle or pick random items from a pasted list,blog,,,,list-randomizer-guide,https://www.mytulify.com/blog/list-randomizer-guide,List Randomizer: Shuffle or pick random items from a pasted list,,
Liters to Gallons Converter: Dedicated converter between liters and US/UK gallons,blog,,,,liters-to-gallons-converter-guide,https://www.mytulify.com/blog/liters-to-gallons-converter-guide,Liters to Gallons Converter: Dedicated converter between liters and US/UK gallons,,
"LLMs.txt Generator: Build an llms.txt file so AI crawlers (ChatGPT, Claude, Google) discover your best pages",blog,,,,llms-txt-generator-guide,https://www.mytulify.com/blog/llms-txt-generator-guide,"LLMs.txt Generator: Build an llms.txt file so AI crawlers (ChatGPT, Claude, Google) discover your best pages",,
"Loan Calculator: Estimate monthly payments, total interest, and payoff for any loan",blog,,,,loan-calculator-guide,https://www.mytulify.com/blog/loan-calculator-guide,"Loan Calculator: Estimate monthly payments, total interest, and payoff for any loan",,
"Loan Comparison Calculator: Compare two loans side by side on monthly payment, total interest, and total amount paid",blog,,,,loan-comparison-calculator-guide,https://www.mytulify.com/blog/loan-comparison-calculator-guide,"Loan Comparison Calculator: Compare two loans side by side on monthly payment, total interest, and total amount paid",,
"Local Business Schema Generator: Create LocalBusiness JSON-LD with NAP, geo coordinates, and business type",blog,,,,local-business-schema-generator-guide,https://www.mytulify.com/blog/local-business-schema-generator-guide,"Local Business Schema Generator: Create LocalBusiness JSON-LD with NAP, geo coordinates, and business type",,
"Lorem Ipsum Generator: Generate placeholder dummy text by paragraphs, sentences or words",blog,,,,lorem-ipsum-generator-guide,https://www.mytulify.com/blog/lorem-ipsum-generator-guide,"Lorem Ipsum Generator: Generate placeholder dummy text by paragraphs, sentences or words",,
"Lumber Calculator: Calculate board feet, linear feet, and lumber cost from thickness, width, length, and board count",blog,,,,lumber-calculator-guide,https://www.mytulify.com/blog/lumber-calculator-guide,"Lumber Calculator: Calculate board feet, linear feet, and lumber cost from thickness, width, length, and board count",,
Lumpsum Calculator Guide — Estimate One-Time Mutual Fund Growth,blog,,,,lumpsum-calculator-guide,https://www.mytulify.com/blog/lumpsum-calculator-guide,Lumpsum Calculator Guide — Estimate One-Time Mutual Fund Growth,,
"Macro Calculator: Split your daily calories into protein, carbs and fat with diet-style presets and a per-meal breakdown",blog,,,,macro-calculator-guide,https://www.mytulify.com/blog/macro-calculator-guide,"Macro Calculator: Split your daily calories into protein, carbs and fat with diet-style presets and a per-meal breakdown",,
Markdown Preview: Render Markdown to live HTML side by side,blog,,,,markdown-preview-guide,https://www.mytulify.com/blog/markdown-preview-guide,Markdown Preview: Render Markdown to live HTML side by side,,
Markdown to HTML Converter: Render Markdown into HTML with live preview,blog,,,,markdown-to-html-guide,https://www.mytulify.com/blog/markdown-to-html-guide,Markdown to HTML Converter: Render Markdown into HTML with live preview,,
"Marketplace Fee Calculator: Calculate seller fees, shipping, product cost, net profit, and margin for an online marketplace listing",blog,,,,marketplace-fee-calculator-guide,https://www.mytulify.com/blog/marketplace-fee-calculator-guide,"Marketplace Fee Calculator: Calculate seller fees, shipping, product cost, net profit, and margin for an online marketplace listing",,
MD5 Hash Generator: Compute the MD5 hash of any input text,blog,,,,md5-hash-generator-guide,https://www.mytulify.com/blog/md5-hash-generator-guide,MD5 Hash Generator: Compute the MD5 hash of any input text,,
Meme Generator: Add top and bottom text captions to an image,blog,,,,meme-generator-guide,https://www.mytulify.com/blog/meme-generator-guide,Meme Generator: Add top and bottom text captions to an image,,
Merge PDF: Combine multiple PDF files into one document in any order,blog,,,,merge-pdf-guide,https://www.mytulify.com/blog/merge-pdf-guide,Merge PDF: Combine multiple PDF files into one document in any order,,
Meta Description Length Checker: Check meta description length with a live Google search preview,blog,,,,meta-description-length-checker-guide,https://www.mytulify.com/blog/meta-description-length-checker-guide,Meta Description Length Checker: Check meta description length with a live Google search preview,,
"Meta Tag Generator: Generate title, description, and meta tags HTML from form inputs",blog,,,,meta-tag-generator-guide,https://www.mytulify.com/blog/meta-tag-generator-guide,"Meta Tag Generator: Generate title, description, and meta tags HTML from form inputs",,
Meta Tags Analyzer: Parse pasted HTML to extract and audit meta tags for SEO issues,blog,,,,meta-tags-analyzer-guide,https://www.mytulify.com/blog/meta-tags-analyzer-guide,Meta Tags Analyzer: Parse pasted HTML to extract and audit meta tags for SEO issues,,
Meta Title Length Checker: Check if your page title is the right length for Google search results,blog,,,,meta-title-length-checker-guide,https://www.mytulify.com/blog/meta-title-length-checker-guide,Meta Title Length Checker: Check if your page title is the right length for Google search results,,
Midjourney vs DALL·E — Which AI Image Generator Should You Use?,blog,,,,midjourney-vs-dalle,https://www.mytulify.com/blog/midjourney-vs-dalle,Midjourney vs DALL·E — Which AI Image Generator Should You Use?,,
"Miter Angle Calculator: Find the miter saw angle and interior corner for a square, hexagon, octagon, or any equal-sided frame",blog,,,,miter-angle-calculator-guide,https://www.mytulify.com/blog/miter-angle-calculator-guide,"Miter Angle Calculator: Find the miter saw angle and interior corner for a square, hexagon, octagon, or any equal-sided frame",,
Mock Data Generator: Generate fake users or products as JSON or CSV for API testing and demos,blog,,,,mock-data-generator-guide,https://www.mytulify.com/blog/mock-data-generator-guide,Mock Data Generator: Generate fake users or products as JSON or CSV for API testing and demos,,
"Molarity Calculator: Calculate solution molarity from grams and molar mass, or the grams to weigh for a target molarity",blog,,,,molarity-calculator-guide,https://www.mytulify.com/blog/molarity-calculator-guide,"Molarity Calculator: Calculate solution molarity from grams and molar mass, or the grams to weigh for a target molarity",,
Monochromatic Color Generator: Build a single-hue monochromatic palette,blog,,,,monochromatic-color-generator-guide,https://www.mytulify.com/blog/monochromatic-color-generator-guide,Monochromatic Color Generator: Build a single-hue monochromatic palette,,
"Morse Code Translator: Encode and decode between text and Morse code, with optional audio",blog,,,,morse-code-translator-guide,https://www.mytulify.com/blog/morse-code-translator-guide,"Morse Code Translator: Encode and decode between text and Morse code, with optional audio",,
"Mortgage Calculator — PITI, PMI, and 15-Year vs 30-Year Cost",blog,,,,mortgage-piti-calculator-guide,https://www.mytulify.com/blog/mortgage-piti-calculator-guide,"Mortgage Calculator — PITI, PMI, and 15-Year vs 30-Year Cost",,
"NAP Consistency Checker: Compare Name, Address, Phone across local citations to catch local SEO inconsistencies",blog,,,,nap-consistency-checker-guide,https://www.mytulify.com/blog/nap-consistency-checker-guide,"NAP Consistency Checker: Compare Name, Address, Phone across local citations to catch local SEO inconsistencies",,
NATO Phonetic Alphabet: Spell text using the NATO phonetic alphabet,blog,,,,nato-phonetic-alphabet-converter-guide,https://www.mytulify.com/blog/nato-phonetic-alphabet-converter-guide,NATO Phonetic Alphabet: Spell text using the NATO phonetic alphabet,,
NDA Generator: Generate a one-way or mutual non-disclosure agreement and download it as a PDF,blog,,,,nda-generator-guide,https://www.mytulify.com/blog/nda-generator-guide,NDA Generator: Generate a one-way or mutual non-disclosure agreement and download it as a PDF,,
"Nginx Config Generator: Generate Nginx configs for reverse proxy, SSL termination, static sites and load balancing",blog,,,,nginx-config-generator-guide,https://www.mytulify.com/blog/nginx-config-generator-guide,"Nginx Config Generator: Generate Nginx configs for reverse proxy, SSL termination, static sites and load balancing",,
NPS Calculator Explained — Estimate Your National Pension Corpus,blog,,,,nps-calculator-guide,https://www.mytulify.com/blog/nps-calculator-guide,NPS Calculator Explained — Estimate Your National Pension Corpus,,
NPS vs EPF vs PPF — Which Retirement Savings Path Fits You?,blog,,,,nps-vs-epf-vs-ppf,https://www.mytulify.com/blog/nps-vs-epf-vs-ppf,NPS vs EPF vs PPF — Which Retirement Savings Path Fits You?,,
NSC Calculator Guide — Estimate National Savings Certificate Maturity,blog,,,,nsc-calculator-guide,https://www.mytulify.com/blog/nsc-calculator-guide,NSC Calculator Guide — Estimate National Savings Certificate Maturity,,
NSC vs FD — Annual Compounding or Flexible Bank Deposit,blog,,,,nsc-vs-fd,https://www.mytulify.com/blog/nsc-vs-fd,NSC vs FD — Annual Compounding or Flexible Bank Deposit,,
NTLM Hash Generator: Compute NTLM hashes from password input,blog,,,,ntlm-hash-generator-guide,https://www.mytulify.com/blog/ntlm-hash-generator-guide,NTLM Hash Generator: Compute NTLM hashes from password input,,
"Number Base Converter: Convert numbers between binary, octal, decimal and hex",blog,,,,number-base-converter-guide,https://www.mytulify.com/blog/number-base-converter-guide,"Number Base Converter: Convert numbers between binary, octal, decimal and hex",,
Number to Words Converter: Spell out numbers in words for checks and documents,blog,,,,number-to-words-converter-guide,https://www.mytulify.com/blog/number-to-words-converter-guide,Number to Words Converter: Spell out numbers in words for checks and documents,,
"Ohm's Law Calculator: Solve voltage, current, resistance, and watts with Ohm's law from any two electrical values",blog,,,,ohms-law-calculator-guide,https://www.mytulify.com/blog/ohms-law-calculator-guide,"Ohm's Law Calculator: Solve voltage, current, resistance, and watts with Ohm's law from any two electrical values",,
"One Rep Max Calculator: Estimate your 1RM from a lift and reps, with a full percentage-of-max training table",blog,,,,one-rep-max-calculator-guide,https://www.mytulify.com/blog/one-rep-max-calculator-guide,"One Rep Max Calculator: Estimate your 1RM from a lift and reps, with a full percentage-of-max training table",,
"Online Video Editor: Edit videos in the browser — multi-clip timeline, trim/split/reverse, transitions, filters, FX, captions + SRT, logos,",blog,,,,online-video-editor-guide,https://www.mytulify.com/blog/online-video-editor-guide,"Online Video Editor: Edit videos in the browser — multi-clip timeline, trim/split/reverse, transitions, filters, FX, captions + SRT, logos,",,
Open Graph Generator: Produce Open Graph (og:) meta tags for social link previews,blog,,,,open-graph-generator-guide,https://www.mytulify.com/blog/open-graph-generator-guide,Open Graph Generator: Produce Open Graph (og:) meta tags for social link previews,,
"Organize PDF: Reorder, rearrange, and sort PDF pages by drag and drop",blog,,,,organize-pdf-guide,https://www.mytulify.com/blog/organize-pdf-guide,"Organize PDF: Reorder, rearrange, and sort PDF pages by drag and drop",,
Orphan Page Finder: Find sitemap URLs with no internal links and linked URLs missing from the sitemap,blog,,,,orphan-page-finder-guide,https://www.mytulify.com/blog/orphan-page-finder-guide,Orphan Page Finder: Find sitemap URLs with no internal links and linked URLs missing from the sitemap,,
Ovulation Calculator: Predict fertile windows and ovulation days from cycle data,blog,,,,ovulation-calculator-guide,https://www.mytulify.com/blog/ovulation-calculator-guide,Ovulation Calculator: Predict fertile windows and ovulation days from cycle data,,
"Running Pace Calculator: Turn a distance and time into pace per km and per mile, plus projected 5K, 10K, half and marathon times",blog,,,,pace-calculator-guide,https://www.mytulify.com/blog/pace-calculator-guide,"Running Pace Calculator: Turn a distance and time into pace per km and per mile, plus projected 5K, 10K, half and marathon times",,
Paint Calculator — How Many Gallons a Room Actually Needs,blog,,,,paint-calculator-how-many-gallons,https://www.mytulify.com/blog/paint-calculator-how-many-gallons,Paint Calculator — How Many Gallons a Room Actually Needs,,
Passphrase Generator: Build memorable Diceware-style word passphrases,blog,,,,passphrase-generator-guide,https://www.mytulify.com/blog/passphrase-generator-guide,Passphrase Generator: Build memorable Diceware-style word passphrases,,
Passport Photo Maker: Crop and size photos to passport/visa requirements,blog,,,,passport-photo-maker-guide,https://www.mytulify.com/blog/passport-photo-maker-guide,Passport Photo Maker: Crop and size photos to passport/visa requirements,,
Password Entropy Calculator: Calculate the bits of entropy in a password,blog,,,,password-entropy-calculator-guide,https://www.mytulify.com/blog/password-entropy-calculator-guide,Password Entropy Calculator: Calculate the bits of entropy in a password,,
Password Generator: Generate strong random passwords with adjustable length and character sets,blog,,,,password-generator-guide,https://www.mytulify.com/blog/password-generator-guide,Password Generator: Generate strong random passwords with adjustable length and character sets,,
Password Strength Checker: Estimate password strength and crack time in the browser,blog,,,,password-strength-checker-guide,https://www.mytulify.com/blog/password-strength-checker-guide,Password Strength Checker: Estimate password strength and crack time in the browser,,
Paycheck Calculator: Estimate take-home pay after taxes and common deductions,blog,,,,paycheck-calculator-guide,https://www.mytulify.com/blog/paycheck-calculator-guide,Paycheck Calculator: Estimate take-home pay after taxes and common deductions,,
PDF Page Counter: Instantly count the number of pages in a PDF,blog,,,,pdf-page-counter-guide,https://www.mytulify.com/blog/pdf-page-counter-guide,PDF Page Counter: Instantly count the number of pages in a PDF,,
PDF to CBZ: Convert PDF pages into a CBZ comic archive,blog,,,,pdf-to-cbz-guide,https://www.mytulify.com/blog/pdf-to-cbz-guide,PDF to CBZ: Convert PDF pages into a CBZ comic archive,,
PDF to Excel: Extract PDF table data and download as CSV for Excel,blog,,,,pdf-to-excel-guide,https://www.mytulify.com/blog/pdf-to-excel-guide,PDF to Excel: Extract PDF table data and download as CSV for Excel,,
PDF to JPG: Convert each PDF page into a downloadable JPG image,blog,,,,pdf-to-jpg-guide,https://www.mytulify.com/blog/pdf-to-jpg-guide,PDF to JPG: Convert each PDF page into a downloadable JPG image,,
PDF to PDF/A: Prepare PDFs for long-term archival (PDF/A style export),blog,,,,pdf-to-pdf-a-guide,https://www.mytulify.com/blog/pdf-to-pdf-a-guide,PDF to PDF/A: Prepare PDFs for long-term archival (PDF/A style export),,
PDF to PNG: Render PDF pages as high-quality PNG images,blog,,,,pdf-to-png-guide,https://www.mytulify.com/blog/pdf-to-png-guide,PDF to PNG: Render PDF pages as high-quality PNG images,,
PDF to Word: Convert a PDF into an editable DOC/DOCX document,blog,,,,pdf-to-word-guide,https://www.mytulify.com/blog/pdf-to-word-guide,PDF to Word: Convert a PDF into an editable DOC/DOCX document,,
"Percentage Calculator: Find percentages, percentage change, and what percent one number is of another",blog,,,,percentage-calculator-guide,https://www.mytulify.com/blog/percentage-calculator-guide,"Percentage Calculator: Find percentages, percentage change, and what percent one number is of another",,
PIN Generator: Generate random numeric PIN codes of chosen length,blog,,,,pin-generator-guide,https://www.mytulify.com/blog/pin-generator-guide,PIN Generator: Generate random numeric PIN codes of chosen length,,
Pixelate Image: Pixelate or censor regions of an image,blog,,,,pixelate-image-guide,https://www.mytulify.com/blog/pixelate-image-guide,Pixelate Image: Pixelate or censor regions of an image,,
Plant Spacing Calculator: Count how many plants fit in a garden bed with square or triangular spacing,blog,,,,plant-spacing-calculator-guide,https://www.mytulify.com/blog/plant-spacing-calculator-guide,Plant Spacing Calculator: Count how many plants fit in a garden bed with square or triangular spacing,,
PNG to JPG: Convert PNG images to compressed JPG files,blog,,,,png-to-jpg-guide,https://www.mytulify.com/blog/png-to-jpg-guide,PNG to JPG: Convert PNG images to compressed JPG files,,
PNG to PDF: Turn one or more PNG images into a PDF document,blog,,,,png-to-pdf-guide,https://www.mytulify.com/blog/png-to-pdf-guide,PNG to PDF: Turn one or more PNG images into a PDF document,,
PNG to SVG: Trace a raster PNG into a scalable SVG vector,blog,,,,png-to-svg-guide,https://www.mytulify.com/blog/png-to-svg-guide,PNG to SVG: Trace a raster PNG into a scalable SVG vector,,
PNG to WebP: Convert PNG images to smaller WebP files,blog,,,,png-to-webp-guide,https://www.mytulify.com/blog/png-to-webp-guide,PNG to WebP: Convert PNG images to smaller WebP files,,
"Pomodoro Timer: Free focus timer with 25-minute Pomodoros, short/long breaks, task label, and optional alerts",blog,,,,pomodoro-timer-guide,https://www.mytulify.com/blog/pomodoro-timer-guide,"Pomodoro Timer: Free focus timer with 25-minute Pomodoros, short/long breaks, task label, and optional alerts",,
"Power Converter: Convert watts, kilowatts, horsepower, and BTU/hour",blog,,,,power-converter-guide,https://www.mytulify.com/blog/power-converter-guide,"Power Converter: Convert watts, kilowatts, horsepower, and BTU/hour",,
PPF Calculator Guide — Estimate Public Provident Fund Maturity,blog,,,,ppf-calculator-guide,https://www.mytulify.com/blog/ppf-calculator-guide,PPF Calculator Guide — Estimate Public Provident Fund Maturity,,
PPF vs FD vs SIP — Which Savings Option Fits Your Goal?,blog,,,,ppf-vs-fd-vs-sip,https://www.mytulify.com/blog/ppf-vs-fd-vs-sip,PPF vs FD vs SIP — Which Savings Option Fits Your Goal?,,
"Pregnancy Calculator: Track pregnancy progress, week count, and key milestones",blog,,,,pregnancy-calculator-guide,https://www.mytulify.com/blog/pregnancy-calculator-guide,"Pregnancy Calculator: Track pregnancy progress, week count, and key milestones",,
"Pressure Converter: Convert pascals, bar, psi, atm, and mmHg",blog,,,,pressure-converter-guide,https://www.mytulify.com/blog/pressure-converter-guide,"Pressure Converter: Convert pascals, bar, psi, atm, and mmHg",,
"Profit Margin Calculator: Calculate profit, profit margin %, and markup from cost and selling price",blog,,,,profit-margin-calculator-guide,https://www.mytulify.com/blog/profit-margin-calculator-guide,"Profit Margin Calculator: Calculate profit, profit margin %, and markup from cost and selling price",,
"Freelance Project Estimator: Break projects into phases and tasks, add expenses and profit buffers, and get a fixed quote with timeline and",blog,,,,project-estimator-guide,https://www.mytulify.com/blog/project-estimator-guide,"Freelance Project Estimator: Break projects into phases and tasks, add expenses and profit buffers, and get a fixed quote with timeline and",,
"Freelance Proposal Generator: Build a client proposal with summary, scope, timeline, pricing, and about section — export PDF",blog,,,,proposal-generator-guide,https://www.mytulify.com/blog/proposal-generator-guide,"Freelance Proposal Generator: Build a client proposal with summary, scope, timeline, pricing, and about section — export PDF",,
Protect PDF: Add a password and encryption to lock a PDF,blog,,,,protect-pdf-guide,https://www.mytulify.com/blog/protect-pdf-guide,Protect PDF: Add a password and encryption to lock a PDF,,
Protein Intake Calculator: Find your daily protein target range based on body weight and your goal,blog,,,,protein-intake-calculator-guide,https://www.mytulify.com/blog/protein-intake-calculator-guide,Protein Intake Calculator: Find your daily protein target range based on body weight and your goal,,
PWA Manifest Generator: Build manifest.json and HTML tags to turn your site into an installable Progressive Web App,blog,,,,pwa-manifest-generator-guide,https://www.mytulify.com/blog/pwa-manifest-generator-guide,PWA Manifest Generator: Build manifest.json and HTML tags to turn your site into an installable Progressive Web App,,
PX to REM Converter: Convert CSS pixels to rem (and back) with a customizable root font size,blog,,,,px-to-rem-converter-guide,https://www.mytulify.com/blog/px-to-rem-converter-guide,PX to REM Converter: Convert CSS pixels to rem (and back) with a customizable root font size,,
QR Code Generator: Generate downloadable QR codes from text or URLs,blog,,,,qr-code-generator-guide,https://www.mytulify.com/blog/qr-code-generator-guide,QR Code Generator: Generate downloadable QR codes from text or URLs,,
"Project Quote Calculator: Turn hours, rate, expenses, and margin into a clear project quote with cost breakdown",blog,,,,quote-calculator-guide,https://www.mytulify.com/blog/quote-calculator-guide,"Project Quote Calculator: Turn hours, rate, expenses, and margin into a clear project quote with cost breakdown",,
Random Color Generator: Generate random colors with their codes,blog,,,,random-color-generator-guide,https://www.mytulify.com/blog/random-color-generator-guide,Random Color Generator: Generate random colors with their codes,,
Random Number Generator: Generate random numbers within a custom range with options,blog,,,,random-number-generator-guide,https://www.mytulify.com/blog/random-number-generator-guide,Random Number Generator: Generate random numbers within a custom range with options,,
Random String Generator: Generate random strings and API tokens with custom charsets,blog,,,,random-string-generator-guide,https://www.mytulify.com/blog/random-string-generator-guide,Random String Generator: Generate random strings and API tokens with custom charsets,,
Random Token Generator: Produce secure random tokens of configurable length and charset,blog,,,,random-token-generator-guide,https://www.mytulify.com/blog/random-token-generator-guide,Random Token Generator: Produce secure random tokens of configurable length and charset,,
RD Calculator Guide — Estimate Recurring Deposit Maturity Before You Save,blog,,,,rd-calculator-guide,https://www.mytulify.com/blog/rd-calculator-guide,RD Calculator Guide — Estimate Recurring Deposit Maturity Before You Save,,
RD vs FD vs SIP — Which Savings Habit Fits Your Goal?,blog,,,,rd-vs-fd-vs-sip,https://www.mytulify.com/blog/rd-vs-fd-vs-sip,RD vs FD vs SIP — Which Savings Habit Fits Your Goal?,,
Readability Score Checker: Compute Flesch reading ease and grade-level scores for text,blog,,,,readability-checker-guide,https://www.mytulify.com/blog/readability-checker-guide,Readability Score Checker: Compute Flesch reading ease and grade-level scores for text,,
Reading Time Calculator: Estimate how long it takes to read any text based on words per minute,blog,,,,reading-time-calculator-guide,https://www.mytulify.com/blog/reading-time-calculator-guide,Reading Time Calculator: Estimate how long it takes to read any text based on words per minute,,
"AI README Generator: Generate a professional README.md from your project details, auto-detecting the stack from package.json",blog,,,,readme-generator-guide,https://www.mytulify.com/blog/readme-generator-guide,"AI README Generator: Generate a professional README.md from your project details, auto-detecting the stack from package.json",,
"Redirect Checker: Follow a live URL and list every redirect hop, status code, and final destination",blog,,,,redirect-checker-guide,https://www.mytulify.com/blog/redirect-checker-guide,"Redirect Checker: Follow a live URL and list every redirect hop, status code, and final destination",,
"Refinance Calculator: Compare your current mortgage payment with a refinance, including break-even months and total interest",blog,,,,refinance-calculator-guide,https://www.mytulify.com/blog/refinance-calculator-guide,"Refinance Calculator: Compare your current mortgage payment with a refinance, including break-even months and total interest",,
"Regex Explainer: Paste a regular expression and get a plain-English, token-by-token breakdown of what it matches",blog,,,,regex-explainer-guide,https://www.mytulify.com/blog/regex-explainer-guide,"Regex Explainer: Paste a regular expression and get a plain-English, token-by-token breakdown of what it matches",,
"AI Regex Generator: Turn a plain-English description into a working regular expression, with an explanation and examples",blog,,,,regex-generator-guide,https://www.mytulify.com/blog/regex-generator-guide,"AI Regex Generator: Turn a plain-English description into a working regular expression, with an explanation and examples",,
Regex Tester: Test regular expressions against sample text with live match highlighting,blog,,,,regex-tester-guide,https://www.mytulify.com/blog/regex-tester-guide,Regex Tester: Test regular expressions against sample text with live match highlighting,,
"Related Keywords Generator: Expand seed keywords into questions, commercial modifiers, long-tail phrases, and combinations for research",blog,,,,related-keywords-generator-guide,https://www.mytulify.com/blog/related-keywords-generator-guide,"Related Keywords Generator: Expand seed keywords into questions, commercial modifiers, long-tail phrases, and combinations for research",,
Remove Duplicate Lines: Delete duplicate lines from a list while preserving order,blog,,,,remove-duplicate-lines-guide,https://www.mytulify.com/blog/remove-duplicate-lines-guide,Remove Duplicate Lines: Delete duplicate lines from a list while preserving order,,
"Remove Extra Spaces: Remove duplicate, leading and trailing whitespace from text",blog,,,,remove-extra-spaces-guide,https://www.mytulify.com/blog/remove-extra-spaces-guide,"Remove Extra Spaces: Remove duplicate, leading and trailing whitespace from text",,
Remove Line Breaks: Strip or merge line breaks and extra newlines from pasted text,blog,,,,remove-line-breaks-guide,https://www.mytulify.com/blog/remove-line-breaks-guide,Remove Line Breaks: Strip or merge line breaks and extra newlines from pasted text,,
Remove Punctuation: Strip punctuation marks from text for clean processing,blog,,,,remove-punctuation-guide,https://www.mytulify.com/blog/remove-punctuation-guide,Remove Punctuation: Strip punctuation marks from text for clean processing,,
"Rental Property Calculator: Estimate cap rate, monthly cash flow, cash-on-cash return, and mortgage payment for a rental property",blog,,,,rental-property-calculator-guide,https://www.mytulify.com/blog/rental-property-calculator-guide,"Rental Property Calculator: Estimate cap rate, monthly cash flow, cash-on-cash return, and mortgage payment for a rental property",,
Resize Image: Change image dimensions by pixels or percentage,blog,,,,resize-image-guide,https://www.mytulify.com/blog/resize-image-guide,Resize Image: Change image dimensions by pixels or percentage,,
"Resize PDF: Scale PDF pages to A4, Letter, or custom dimensions",blog,,,,resize-pdf-guide,https://www.mytulify.com/blog/resize-pdf-guide,"Resize PDF: Scale PDF pages to A4, Letter, or custom dimensions",,
"Retirement Calculator: Project retirement savings from a current balance, monthly contribution, return, and years",blog,,,,retirement-calculator-guide,https://www.mytulify.com/blog/retirement-calculator-guide,"Retirement Calculator: Project retirement savings from a current balance, monthly contribution, return, and years",,
Reverse PDF Pages: Flip the page order of a PDF document,blog,,,,reverse-pdf-pages-guide,https://www.mytulify.com/blog/reverse-pdf-pages-guide,Reverse PDF Pages: Flip the page order of a PDF document,,
"Reverse Text: Reverse characters, words or lines of any input text",blog,,,,reverse-text-guide,https://www.mytulify.com/blog/reverse-text-guide,"Reverse Text: Reverse characters, words or lines of any input text",,
RGB to CMYK: Convert RGB colors to CMYK for printing,blog,,,,rgb-to-cmyk-guide,https://www.mytulify.com/blog/rgb-to-cmyk-guide,RGB to CMYK: Convert RGB colors to CMYK for printing,,
RGB to HEX: Convert RGB values to a HEX color code,blog,,,,rgb-to-hex-guide,https://www.mytulify.com/blog/rgb-to-hex-guide,RGB to HEX: Convert RGB values to a HEX color code,,
RGB to HSL: Convert RGB color values to HSL,blog,,,,rgb-to-hsl-guide,https://www.mytulify.com/blog/rgb-to-hsl-guide,RGB to HSL: Convert RGB color values to HSL,,
"Ring Size Converter: Convert ring sizes across US, UK, EU, and diameter charts",blog,,,,ring-size-converter-guide,https://www.mytulify.com/blog/ring-size-converter-guide,"Ring Size Converter: Convert ring sizes across US, UK, EU, and diameter charts",,
Robots Meta Tag Generator: Generate index/noindex/follow robots meta directives,blog,,,,robots-meta-tag-generator-guide,https://www.mytulify.com/blog/robots-meta-tag-generator-guide,Robots Meta Tag Generator: Generate index/noindex/follow robots meta directives,,
Robots.txt Generator: Build a valid robots.txt file from allow/disallow and sitemap inputs,blog,,,,robots-txt-generator-guide,https://www.mytulify.com/blog/robots-txt-generator-guide,Robots.txt Generator: Build a valid robots.txt file from allow/disallow and sitemap inputs,,
Robots.txt Validator: Validate robots.txt syntax and test URL allow/block rules,blog,,,,robots-txt-validator-guide,https://www.mytulify.com/blog/robots-txt-validator-guide,Robots.txt Validator: Validate robots.txt syntax and test URL allow/block rules,,
ROI Calculator Guide — Measure Return on Investment Clearly,blog,,,,roi-calculator-guide,https://www.mytulify.com/blog/roi-calculator-guide,ROI Calculator Guide — Measure Return on Investment Clearly,,
ROI vs Profit Margin — Investment Return or Sales Profitability,blog,,,,roi-vs-profit-margin,https://www.mytulify.com/blog/roi-vs-profit-margin,ROI vs Profit Margin — Investment Return or Sales Profitability,,
Roman Numeral Converter: Convert numbers to Roman numerals and back,blog,,,,roman-numeral-converter-guide,https://www.mytulify.com/blog/roman-numeral-converter-guide,Roman Numeral Converter: Convert numbers to Roman numerals and back,,
ROT13 Encoder/Decoder: Apply the ROT13 letter-substitution cipher to text,blog,,,,rot13-encoder-decoder-guide,https://www.mytulify.com/blog/rot13-encoder-decoder-guide,ROT13 Encoder/Decoder: Apply the ROT13 letter-substitution cipher to text,,
ROT47 Encoder/Decoder: Apply the ROT47 substitution cipher to text,blog,,,,rot47-encoder-decoder-guide,https://www.mytulify.com/blog/rot47-encoder-decoder-guide,ROT47 Encoder/Decoder: Apply the ROT47 substitution cipher to text,,
Rotate Image: Rotate an image by 90 degrees or any angle,blog,,,,rotate-image-guide,https://www.mytulify.com/blog/rotate-image-guide,Rotate Image: Rotate an image by 90 degrees or any angle,,
Rotate PDF: Rotate one or all pages of a PDF and save permanently,blog,,,,rotate-pdf-guide,https://www.mytulify.com/blog/rotate-pdf-guide,Rotate PDF: Rotate one or all pages of a PDF and save permanently,,
"Salary Calculator: Convert pay between hourly, weekly, monthly, and annual rates",blog,,,,salary-calculator-guide,https://www.mytulify.com/blog/salary-calculator-guide,"Salary Calculator: Convert pay between hourly, weekly, monthly, and annual rates",,
Salary Tax Calculator: Estimate income tax and net salary from gross pay,blog,,,,salary-tax-calculator-guide,https://www.mytulify.com/blog/salary-tax-calculator-guide,Salary Tax Calculator: Estimate income tax and net salary from gross pay,,
Sales Tax Calculator: Add sales tax to a price or extract tax from a gross amount,blog,,,,sales-tax-calculator-guide,https://www.mytulify.com/blog/sales-tax-calculator-guide,Sales Tax Calculator: Add sales tax to a price or extract tax from a gross amount,,
Salt Generator: Generate random cryptographic salts in hex or Base64,blog,,,,salt-generator-guide,https://www.mytulify.com/blog/salt-generator-guide,Salt Generator: Generate random cryptographic salts in hex or Base64,,
"Schema Markup Generator: Generate JSON-LD structured data for articles, products, FAQs, and more",blog,,,,schema-markup-generator-guide,https://www.mytulify.com/blog/schema-markup-generator-guide,"Schema Markup Generator: Generate JSON-LD structured data for articles, products, FAQs, and more",,
"Schema Markup Validator: Validate JSON-LD structure for FAQ, HowTo, Product, LocalBusiness, and common schema errors",blog,,,,schema-markup-validator-guide,https://www.mytulify.com/blog/schema-markup-validator-guide,"Schema Markup Validator: Validate JSON-LD structure for FAQ, HowTo, Product, LocalBusiness, and common schema errors",,
"Scientific Calculator: Full-function calculator with trig, logs, exponents, and constants",blog,,,,scientific-calculator-guide,https://www.mytulify.com/blog/scientific-calculator-guide,"Scientific Calculator: Full-function calculator with trig, logs, exponents, and constants",,
"Screenshot Auto-Anonymizer: Blur or blackout faces, text, credit cards, and sensitive objects in screenshots — 100% private in your browser",blog,,,,screenshot-auto-anonymizer-guide,https://www.mytulify.com/blog/screenshot-auto-anonymizer-guide,"Screenshot Auto-Anonymizer: Blur or blackout faces, text, credit cards, and sensitive objects in screenshots — 100% private in your browser",,
SCSS Calculator Guide — Estimate Senior Citizen Savings Scheme Interest,blog,,,,scss-calculator-guide,https://www.mytulify.com/blog/scss-calculator-guide,SCSS Calculator Guide — Estimate Senior Citizen Savings Scheme Interest,,
SCSS vs FD — Quarterly Payouts or Compounding Maturity,blog,,,,scss-vs-fd,https://www.mytulify.com/blog/scss-vs-fd,SCSS vs FD — Quarterly Payouts or Compounding Maturity,,
"Search Intent Classifier: Classify keywords as informational, commercial, transactional, or navigational with page-type suggestions",blog,,,,search-intent-classifier-guide,https://www.mytulify.com/blog/search-intent-classifier-guide,"Search Intent Classifier: Classify keywords as informational, commercial, transactional, or navigational with page-type suggestions",,
Secure UUID Generator: Generate cryptographically secure v4 UUIDs,blog,,,,secure-uuid-generator-guide,https://www.mytulify.com/blog/secure-uuid-generator-guide,Secure UUID Generator: Generate cryptographically secure v4 UUIDs,,
"Security Headers Generator: Generate HSTS, CSP, X-Frame-Options and other OWASP headers for Nginx, Apache, or Cloudflare",blog,,,,security-headers-generator-guide,https://www.mytulify.com/blog/security-headers-generator-guide,"Security Headers Generator: Generate HSTS, CSP, X-Frame-Options and other OWASP headers for Nginx, Apache, or Cloudflare",,
Self-Employment Tax Calculator: Estimate US self-employment tax or Pakistan income tax on freelance net income — for planning only,blog,,,,self-employment-tax-calculator-guide,https://www.mytulify.com/blog/self-employment-tax-calculator-guide,Self-Employment Tax Calculator: Estimate US self-employment tax or Pakistan income tax on freelance net income — for planning only,,
"Seller Net Calculator: Estimate seller net proceeds after commission, mortgage payoff, closing costs, and repairs",blog,,,,seller-net-calculator-guide,https://www.mytulify.com/blog/seller-net-calculator-guide,"Seller Net Calculator: Estimate seller net proceeds after commission, mortgage payoff, closing costs, and repairs",,
Sentence Counter: Count sentences and average sentence length in text,blog,,,,sentence-counter-guide,https://www.mytulify.com/blog/sentence-counter-guide,Sentence Counter: Count sentences and average sentence length in text,,
"SEO Audit Checklist: Interactive technical, on-page, E-E-A-T, and link audit checklist with progress saved in your browser",blog,,,,seo-audit-checklist-guide,https://www.mytulify.com/blog/seo-audit-checklist-guide,"SEO Audit Checklist: Interactive technical, on-page, E-E-A-T, and link audit checklist with progress saved in your browser",,
"SEO Content Score: Score on-page SEO for a draft — keyword placement, density, title/meta length, and scannability",blog,,,,seo-content-score-guide,https://www.mytulify.com/blog/seo-content-score-guide,"SEO Content Score: Score on-page SEO for a draft — keyword placement, density, title/meta length, and scannability",,
SERP Snippet Preview: Preview how a page appears in Google results with pixel-width checks,blog,,,,serp-snippet-preview-guide,https://www.mytulify.com/blog/serp-snippet-preview-guide,SERP Snippet Preview: Preview how a page appears in Google results with pixel-width checks,,
SHA-1 Hash Generator: Compute SHA-1 hashes for text input,blog,,,,sha1-hash-generator-guide,https://www.mytulify.com/blog/sha1-hash-generator-guide,SHA-1 Hash Generator: Compute SHA-1 hashes for text input,,
SHA-256 Hash Generator: Generate SHA-256 hashes via the Web Crypto API,blog,,,,sha256-hash-generator-guide,https://www.mytulify.com/blog/sha256-hash-generator-guide,SHA-256 Hash Generator: Generate SHA-256 hashes via the Web Crypto API,,
SHA-512 Hash Generator: Generate SHA-512 hashes for text,blog,,,,sha512-hash-generator-guide,https://www.mytulify.com/blog/sha512-hash-generator-guide,SHA-512 Hash Generator: Generate SHA-512 hashes for text,,
"Shoe Size Converter: Convert shoe sizes between US, UK, EU, and centimeters",blog,,,,shoe-size-converter-guide,https://www.mytulify.com/blog/shoe-size-converter-guide,"Shoe Size Converter: Convert shoe sizes between US, UK, EU, and centimeters",,
"Sign PDF: Preview PDF pages, draw/type/upload signatures, drag & resize placement, multi-page signing — free in browser",blog,,,,sign-pdf-guide,https://www.mytulify.com/blog/sign-pdf-guide,"Sign PDF: Preview PDF pages, draw/type/upload signatures, drag & resize placement, multi-page signing — free in browser",,
SIP Calculator Guide — Estimate Mutual Fund Returns Before You Invest,blog,,,,sip-calculator-guide,https://www.mytulify.com/blog/sip-calculator-guide,SIP Calculator Guide — Estimate Mutual Fund Returns Before You Invest,,
SIP vs Lumpsum — Which Investment Style Fits Your Cash Flow?,blog,,,,sip-vs-lumpsum,https://www.mytulify.com/blog/sip-vs-lumpsum,SIP vs Lumpsum — Which Investment Style Fits Your Cash Flow?,,
Sleep Calculator: Suggest bedtimes or wake times based on 90-minute sleep cycles,blog,,,,sleep-calculator-guide,https://www.mytulify.com/blog/sleep-calculator-guide,Sleep Calculator: Suggest bedtimes or wake times based on 90-minute sleep cycles,,
Slug Generator: Create SEO-friendly URL slugs from text,blog,,,,slug-generator-guide,https://www.mytulify.com/blog/slug-generator-guide,Slug Generator: Create SEO-friendly URL slugs from text,,
Small Text Generator: Convert text to superscript and small-caps Unicode characters,blog,,,,small-text-generator-guide,https://www.mytulify.com/blog/small-text-generator-guide,Small Text Generator: Convert text to superscript and small-caps Unicode characters,,
Social Media Image Sizes: Reference of current image/video dimensions per platform,blog,,,,social-media-image-sizes-guide,https://www.mytulify.com/blog/social-media-image-sizes-guide,Social Media Image Sizes: Reference of current image/video dimensions per platform,,
Social Preview Tester: Preview how a link will look when shared across platforms,blog,,,,social-preview-tester-guide,https://www.mytulify.com/blog/social-preview-tester-guide,Social Preview Tester: Preview how a link will look when shared across platforms,,
"Sort Text Lines: Sort lines alphabetically, numerically or reverse their order",blog,,,,sort-text-lines-guide,https://www.mytulify.com/blog/sort-text-lines-guide,"Sort Text Lines: Sort lines alphabetically, numerically or reverse their order",,
Speech to Text: Dictate speech into editable text in your browser with live transcript and multi-language support,blog,,,,speech-to-text-guide,https://www.mytulify.com/blog/speech-to-text-guide,Speech to Text: Dictate speech into editable text in your browser with live transcript and multi-language support,,
"Speed Converter: Convert mph, km/h, m/s, knots, and other speed units",blog,,,,speed-converter-guide,https://www.mytulify.com/blog/speed-converter-guide,"Speed Converter: Convert mph, km/h, m/s, knots, and other speed units",,
Split PDF: Separate a PDF into multiple files by page ranges,blog,,,,split-pdf-guide,https://www.mytulify.com/blog/split-pdf-guide,Split PDF: Separate a PDF into multiple files by page ranges,,
Split PDF in Half: Cut each PDF page vertically or horizontally into two,blog,,,,split-pdf-in-half-guide,https://www.mytulify.com/blog/split-pdf-in-half-guide,Split PDF in Half: Cut each PDF page vertically or horizontally into two,,
"Spray Foam Calculator: Convert wall area and foam thickness into board feet, spray foam kits, and material cost",blog,,,,spray-foam-calculator-guide,https://www.mytulify.com/blog/spray-foam-calculator-guide,"Spray Foam Calculator: Convert wall area and foam thickness into board feet, spray foam kits, and material cost",,
SQL Formatter: Beautify and indent SQL queries for readability,blog,,,,sql-formatter-guide,https://www.mytulify.com/blog/sql-formatter-guide,SQL Formatter: Beautify and indent SQL queries for readability,,
"AI SQL Query Generator: Describe a query in English and get correct SQL for Postgres, MySQL, SQLite or T-SQL, explained back to you",blog,,,,sql-query-generator-guide,https://www.mytulify.com/blog/sql-query-generator-guide,"AI SQL Query Generator: Describe a query in English and get correct SQL for Postgres, MySQL, SQLite or T-SQL, explained back to you",,
SQL to JSON Converter: Convert SQL INSERT statements into JSON or CSV,blog,,,,sql-to-json-guide,https://www.mytulify.com/blog/sql-to-json-guide,SQL to JSON Converter: Convert SQL INSERT statements into JSON or CSV,,
"Square Footage Calculator for Rooms, Circles, and Odd Lots",blog,,,,square-footage-calculator-guide,https://www.mytulify.com/blog/square-footage-calculator-guide,"Square Footage Calculator for Rooms, Circles, and Odd Lots",,
SSY Calculator Guide — Estimate Sukanya Samriddhi Yojana Maturity,blog,,,,ssy-calculator-guide,https://www.mytulify.com/blog/ssy-calculator-guide,SSY Calculator Guide — Estimate Sukanya Samriddhi Yojana Maturity,,
SSY vs PPF — Which Long-Term Savings Plan Fits Your Goal,blog,,,,ssy-vs-ppf,https://www.mytulify.com/blog/ssy-vs-ppf,SSY vs PPF — Which Long-Term Savings Plan Fits Your Goal,,
"Standard Deviation Calculator: Compute mean, variance, and standard deviation for a data set",blog,,,,standard-deviation-calculator-guide,https://www.mytulify.com/blog/standard-deviation-calculator-guide,"Standard Deviation Calculator: Compute mean, variance, and standard deviation for a data set",,
Strikethrough Text Generator: Add strikethrough or underline Unicode styling to text,blog,,,,strikethrough-text-generator-guide,https://www.mytulify.com/blog/strikethrough-text-generator-guide,Strikethrough Text Generator: Add strikethrough or underline Unicode styling to text,,
Subnet Overlap Visualizer: Paste multiple CIDR blocks or IP ranges and see their coverage and overlaps on a visual map,blog,,,,subnet-overlap-visualizer-guide,https://www.mytulify.com/blog/subnet-overlap-visualizer-guide,Subnet Overlap Visualizer: Paste multiple CIDR blocks or IP ranges and see their coverage and overlaps on a visual map,,
SVG to PNG: Rasterize SVG vector files to PNG at any size,blog,,,,svg-to-png-guide,https://www.mytulify.com/blog/svg-to-png-guide,SVG to PNG: Rasterize SVG vector files to PNG at any size,,
SWP Calculator Guide — Plan Monthly Mutual Fund Withdrawals,blog,,,,swp-calculator-guide,https://www.mytulify.com/blog/swp-calculator-guide,SWP Calculator Guide — Plan Monthly Mutual Fund Withdrawals,,
SWP vs SIP — When to Invest Monthly and When to Withdraw,blog,,,,swp-vs-sip,https://www.mytulify.com/blog/swp-vs-sip,SWP vs SIP — When to Invest Monthly and When to Withdraw,,
"Systemd Timer Explainer: Explain and build systemd OnCalendar expressions in plain English, with the next 5 run times",blog,,,,systemd-timer-explainer-guide,https://www.mytulify.com/blog/systemd-timer-explainer-guide,"Systemd Timer Explainer: Explain and build systemd OnCalendar expressions in plain English, with the next 5 run times",,
Tasbih Counter: Digital Tasbih counter for dhikr and Islamic remembrance,blog,,,,tasbih-counter-guide,https://www.mytulify.com/blog/tasbih-counter-guide,Tasbih Counter: Digital Tasbih counter for dhikr and Islamic remembrance,,
TDEE Calculator: Compute Total Daily Energy Expenditure from BMR and activity level,blog,,,,tdee-calculator-guide,https://www.mytulify.com/blog/tdee-calculator-guide,TDEE Calculator: Compute Total Daily Energy Expenditure from BMR and activity level,,
"Temperature Converter: Convert between Celsius, Fahrenheit, and Kelvin",blog,,,,temperature-converter-guide,https://www.mytulify.com/blog/temperature-converter-guide,"Temperature Converter: Convert between Celsius, Fahrenheit, and Kelvin",,
"Test Case Generator: Paste a function and get a thorough test suite for Jest, PyTest or JUnit covering edge cases",blog,,,,test-case-generator-guide,https://www.mytulify.com/blog/test-case-generator-guide,"Test Case Generator: Paste a function and get a thorough test suite for Jest, PyTest or JUnit covering edge cases",,
Text Diff Checker: Highlight additions and deletions between two blocks of text,blog,,,,text-diff-checker-guide,https://www.mytulify.com/blog/text-diff-checker-guide,Text Diff Checker: Highlight additions and deletions between two blocks of text,,
Text Repeater: Repeat a string or line a chosen number of times,blog,,,,text-repeater-guide,https://www.mytulify.com/blog/text-repeater-guide,Text Repeater: Repeat a string or line a chosen number of times,,
Text Shadow Generator: Create CSS text-shadow effects with live preview,blog,,,,text-shadow-generator-guide,https://www.mytulify.com/blog/text-shadow-generator-guide,Text Shadow Generator: Create CSS text-shadow effects with live preview,,
Text to ASCII Art: Convert words into large ASCII banner art,blog,,,,text-to-ascii-art-guide,https://www.mytulify.com/blog/text-to-ascii-art-guide,Text to ASCII Art: Convert words into large ASCII banner art,,
Text to Handwriting: Render typed text as realistic handwriting on paper,blog,,,,text-to-handwriting-guide,https://www.mytulify.com/blog/text-to-handwriting-guide,Text to Handwriting: Render typed text as realistic handwriting on paper,,
Text to Slug: Convert a title or phrase into a clean URL-friendly slug,blog,,,,text-to-slug-guide,https://www.mytulify.com/blog/text-to-slug-guide,Text to Slug: Convert a title or phrase into a clean URL-friendly slug,,
TikTok Hashtag Generator: Generate trending-style hashtags and captions for TikTok,blog,,,,tiktok-hashtag-generator-guide,https://www.mytulify.com/blog/tiktok-hashtag-generator-guide,TikTok Hashtag Generator: Generate trending-style hashtags and captions for TikTok,,
"Time Converter: Convert seconds, minutes, hours, days, weeks, and years",blog,,,,time-converter-guide,https://www.mytulify.com/blog/time-converter-guide,"Time Converter: Convert seconds, minutes, hours, days, weeks, and years",,
Time Duration Calculator: Measure elapsed time between two date-times in multiple units,blog,,,,time-duration-calculator-guide,https://www.mytulify.com/blog/time-duration-calculator-guide,Time Duration Calculator: Measure elapsed time between two date-times in multiple units,,
Time Zone Converter: Convert a time between different world time zones,blog,,,,time-zone-converter-guide,https://www.mytulify.com/blog/time-zone-converter-guide,Time Zone Converter: Convert a time between different world time zones,,
Timestamp Converter: Convert Unix epoch timestamps to and from human-readable dates,blog,,,,timestamp-converter-guide,https://www.mytulify.com/blog/timestamp-converter-guide,Timestamp Converter: Convert Unix epoch timestamps to and from human-readable dates,,
Tip Calculator: Calculate tip amount and split the total bill among multiple people,blog,,,,tip-calculator-guide,https://www.mytulify.com/blog/tip-calculator-guide,Tip Calculator: Calculate tip amount and split the total bill among multiple people,,
"Tithing Calculator: Calculate a tithe or any percent of weekly, monthly, or yearly income",blog,,,,tithing-calculator-guide,https://www.mytulify.com/blog/tithing-calculator-guide,"Tithing Calculator: Calculate a tithe or any percent of weekly, monthly, or yearly income",,
Title Case Converter: Apply proper title capitalization rules to headlines,blog,,,,title-case-converter-guide,https://www.mytulify.com/blog/title-case-converter-guide,Title Case Converter: Apply proper title capitalization rules to headlines,,
TOTP / 2FA Code Generator: Generate time-based OTP codes from a secret for 2FA testing,blog,,,,totp-generator-guide,https://www.mytulify.com/blog/totp-generator-guide,TOTP / 2FA Code Generator: Generate time-based OTP codes from a secret for 2FA testing,,
Triadic Color Generator: Create triadic three-color harmony schemes,blog,,,,triadic-color-generator-guide,https://www.mytulify.com/blog/triadic-color-generator-guide,Triadic Color Generator: Create triadic three-color harmony schemes,,
Tweet to Image: Turn real or custom tweet text into a shareable styled image,blog,,,,tweet-to-image-guide,https://www.mytulify.com/blog/tweet-to-image-guide,Tweet to Image: Turn real or custom tweet text into a shareable styled image,,
Twitch Text Generator: Create stylized text and name ideas for Twitch profiles,blog,,,,twitch-text-generator-guide,https://www.mytulify.com/blog/twitch-text-generator-guide,Twitch Text Generator: Create stylized text and name ideas for Twitch profiles,,
"Twitter Bio Generator: Build X/Twitter bios with fonts, line breaks, and emojis",blog,,,,twitter-bio-generator-guide,https://www.mytulify.com/blog/twitter-bio-generator-guide,"Twitter Bio Generator: Build X/Twitter bios with fonts, line breaks, and emojis",,
Twitter Card Generator: Build Twitter/X card meta tags and preview the card,blog,,,,twitter-card-generator-guide,https://www.mytulify.com/blog/twitter-card-generator-guide,Twitter Card Generator: Build Twitter/X card meta tags and preview the card,,
Twitter Character Counter: Count characters against the 280-limit with weighted counting,blog,,,,twitter-character-counter-guide,https://www.mytulify.com/blog/twitter-character-counter-guide,Twitter Character Counter: Count characters against the 280-limit with weighted counting,,
TXT to PDF: Convert plain text files into a formatted PDF document,blog,,,,txt-to-pdf-guide,https://www.mytulify.com/blog/txt-to-pdf-guide,TXT to PDF: Convert plain text files into a formatted PDF document,,
Unlock PDF: Remove a known password from a PDF file,blog,,,,unlock-pdf-guide,https://www.mytulify.com/blog/unlock-pdf-guide,Unlock PDF: Remove a known password from a PDF file,,
Upside Down Text: Flip text into upside-down Unicode characters,blog,,,,upside-down-text-generator-guide,https://www.mytulify.com/blog/upside-down-text-generator-guide,Upside Down Text: Flip text into upside-down Unicode characters,,
URL Encoder/Decoder: Percent-encode and decode URLs and query parameters,blog,,,,url-encoder-decoder-guide,https://www.mytulify.com/blog/url-encoder-decoder-guide,URL Encoder/Decoder: Percent-encode and decode URLs and query parameters,,
URL Index Status Checker: Soft-check whether a URL appears indexed and open Google/Bing site: verification links,blog,,,,url-index-status-checker-guide,https://www.mytulify.com/blog/url-index-status-checker-guide,URL Index Status Checker: Soft-check whether a URL appears indexed and open Google/Bing site: verification links,,
"URL Indexing Toolkit: Track URLs, audit index readiness, submit IndexNow to Bing/Yandex, and verify site: index status — an honest indexing",blog,,,,url-indexing-toolkit-guide,https://www.mytulify.com/blog/url-indexing-toolkit-guide,"URL Indexing Toolkit: Track URLs, audit index readiness, submit IndexNow to Bing/Yandex, and verify site: index status — an honest indexing",,
"URL Page SEO Analyzer: Paste a page URL to fetch live HTML and audit title, meta, headings, schema, images, and links",blog,,,,url-page-seo-analyzer-guide,https://www.mytulify.com/blog/url-page-seo-analyzer-guide,"URL Page SEO Analyzer: Paste a page URL to fetch live HTML and audit title, meta, headings, schema, images, and links",,
URL Slug Generator: Convert titles into clean SEO-friendly slugs with stop-word removal,blog,,,,url-slug-generator-guide,https://www.mytulify.com/blog/url-slug-generator-guide,URL Slug Generator: Convert titles into clean SEO-friendly slugs with stop-word removal,,
"User Agent Parser: Parse a user-agent string into browser, OS and device",blog,,,,user-agent-parser-guide,https://www.mytulify.com/blog/user-agent-parser-guide,"User Agent Parser: Parse a user-agent string into browser, OS and device",,
How to Build UTM Links That Actually Track in GA4,blog,,,,utm-builder-guide,https://www.mytulify.com/blog/utm-builder-guide,How to Build UTM Links That Actually Track in GA4,,
UUID Generator: Generate v4 UUIDs singly or in bulk,blog,,,,uuid-generator-guide,https://www.mytulify.com/blog/uuid-generator-guide,UUID Generator: Generate v4 UUIDs singly or in bulk,,
VAT / GST Calculator: Add or extract VAT and GST from any amount with a custom tax rate,blog,,,,vat-gst-calculator-guide,https://www.mytulify.com/blog/vat-gst-calculator-guide,VAT / GST Calculator: Add or extract VAT and GST from any amount with a custom tax rate,,
vCard Generator: Generate a downloadable .vcf contact card for phones and email clients,blog,,,,vcard-generator-guide,https://www.mytulify.com/blog/vcard-generator-guide,vCard Generator: Generate a downloadable .vcf contact card for phones and email clients,,
Vehicle Depreciation Calculator: Project car value year by year with a declining-balance depreciation rate,blog,,,,vehicle-depreciation-calculator-guide,https://www.mytulify.com/blog/vehicle-depreciation-calculator-guide,Vehicle Depreciation Calculator: Project car value year by year with a declining-balance depreciation rate,,
"Video Script Studio: Upload any video → extract script, scene-by-scene remake plan, free stock B-roll links, and matching voiceover. Works f",blog,,,,video-script-studio-guide,https://www.mytulify.com/blog/video-script-studio-guide,"Video Script Studio: Upload any video → extract script, scene-by-scene remake plan, free stock B-roll links, and matching voiceover. Works f",,
"Voltage Drop Calculator: Calculate voltage drop and percent drop for copper or aluminum wire by AWG, amps, distance, and phase",blog,,,,voltage-drop-calculator-guide,https://www.mytulify.com/blog/voltage-drop-calculator-guide,"Voltage Drop Calculator: Calculate voltage drop and percent drop for copper or aluminum wire by AWG, amps, distance, and phase",,
"Volume Converter: Convert liters, gallons, cups, milliliters, and other volume units",blog,,,,volume-converter-guide,https://www.mytulify.com/blog/volume-converter-guide,"Volume Converter: Convert liters, gallons, cups, milliliters, and other volume units",,
Waist-to-Hip Ratio Calculator: Calculate your waist-to-hip ratio and see your health-risk category by sex,blog,,,,waist-to-hip-ratio-calculator-guide,https://www.mytulify.com/blog/waist-to-hip-ratio-calculator-guide,Waist-to-Hip Ratio Calculator: Calculate your waist-to-hip ratio and see your health-risk category by sex,,
"Water Intake Calculator: Estimate your daily water needs based on weight, exercise and climate, shown in litres, cups and bottles",blog,,,,water-intake-calculator-guide,https://www.mytulify.com/blog/water-intake-calculator-guide,"Water Intake Calculator: Estimate your daily water needs based on weight, exercise and climate, shown in litres, cups and bottles",,
WebP to JPG: Convert WebP images to widely supported JPG,blog,,,,webp-to-jpg-guide,https://www.mytulify.com/blog/webp-to-jpg-guide,WebP to JPG: Convert WebP images to widely supported JPG,,
WebP to PNG: Convert WebP images to lossless PNG format,blog,,,,webp-to-png-guide,https://www.mytulify.com/blog/webp-to-png-guide,WebP to PNG: Convert WebP images to lossless PNG format,,
"Weight Converter: Convert mass units like kilograms, pounds, ounces, and grams",blog,,,,weight-converter-guide,https://www.mytulify.com/blog/weight-converter-guide,"Weight Converter: Convert mass units like kilograms, pounds, ounces, and grams",,
WhatsApp Link Generator: Create wa.me click-to-chat links with prefilled messages,blog,,,,whatsapp-link-generator-guide,https://www.mytulify.com/blog/whatsapp-link-generator-guide,WhatsApp Link Generator: Create wa.me click-to-chat links with prefilled messages,,
Whitespace Remover: Strip all whitespace or collapse multiple spaces into one,blog,,,,whitespace-remover-guide,https://www.mytulify.com/blog/whitespace-remover-guide,Whitespace Remover: Strip all whitespace or collapse multiple spaces into one,,
WiFi QR Code Generator: Create a QR code that shares WiFi credentials for easy connection,blog,,,,wifi-qr-code-generator-guide,https://www.mytulify.com/blog/wifi-qr-code-generator-guide,WiFi QR Code Generator: Create a QR code that shares WiFi credentials for easy connection,,
"Wire Size Calculator: Pick a wire gauge from load amps, run length, voltage, and a maximum voltage-drop percent",blog,,,,wire-size-calculator-guide,https://www.mytulify.com/blog/wire-size-calculator-guide,"Wire Size Calculator: Pick a wire gauge from load amps, run length, voltage, and a maximum voltage-drop percent",,
Word Frequency Counter: Count how often each word appears and rank them by frequency,blog,,,,word-frequency-counter-guide,https://www.mytulify.com/blog/word-frequency-counter-guide,Word Frequency Counter: Count how often each word appears and rank them by frequency,,
Word to PDF: Convert DOC/DOCX documents into PDF files,blog,,,,word-to-pdf-guide,https://www.mytulify.com/blog/word-to-pdf-guide,Word to PDF: Convert DOC/DOCX documents into PDF files,,
XIRR Calculator Guide — Annualized Return for Irregular Cash Flows,blog,,,,xirr-calculator-guide,https://www.mytulify.com/blog/xirr-calculator-guide,XIRR Calculator Guide — Annualized Return for Irregular Cash Flows,,
XIRR vs CAGR — Which Return Rate Fits Your Cash Flows,blog,,,,xirr-vs-cagr,https://www.mytulify.com/blog/xirr-vs-cagr,XIRR vs CAGR — Which Return Rate Fits Your Cash Flows,,
XML Formatter: Beautify and validate XML documents,blog,,,,xml-formatter-guide,https://www.mytulify.com/blog/xml-formatter-guide,XML Formatter: Beautify and validate XML documents,,
XML Sitemap Generator: Create an XML sitemap from a list of URLs with priority and frequency,blog,,,,xml-sitemap-generator-guide,https://www.mytulify.com/blog/xml-sitemap-generator-guide,XML Sitemap Generator: Create an XML sitemap from a list of URLs with priority and frequency,,
"XML Sitemap Validator: Validate sitemap XML for parse errors, bad URLs, duplicates, lastmod dates, and the 50k limit",blog,,,,xml-sitemap-validator-guide,https://www.mytulify.com/blog/xml-sitemap-validator-guide,"XML Sitemap Validator: Validate sitemap XML for parse errors, bad URLs, duplicates, lastmod dates, and the 50k limit",,
XML to JSON Converter: Parse XML into JSON and back,blog,,,,xml-to-json-guide,https://www.mytulify.com/blog/xml-to-json-guide,XML to JSON Converter: Parse XML into JSON and back,,
YAML to JSON Converter: Convert YAML to pretty-printed JSON instantly in your browser,blog,,,,yaml-to-json-guide,https://www.mytulify.com/blog/yaml-to-json-guide,YAML to JSON Converter: Convert YAML to pretty-printed JSON instantly in your browser,,
YouTube Tag Extractor: Extract video tags from a YouTube URL or page source,blog,,,,youtube-tag-extractor-guide,https://www.mytulify.com/blog/youtube-tag-extractor-guide,YouTube Tag Extractor: Extract video tags from a YouTube URL or page source,,
YouTube Thumbnail Downloader: Grab all thumbnail sizes from a YouTube video URL,blog,,,,youtube-thumbnail-downloader-guide,https://www.mytulify.com/blog/youtube-thumbnail-downloader-guide,YouTube Thumbnail Downloader: Grab all thumbnail sizes from a YouTube video URL,,
"Zakat Calculator: Calculate Zakat on gold, silver and wealth in your browser",blog,,,,zakat-calculator-guide,https://www.mytulify.com/blog/zakat-calculator-guide,"Zakat Calculator: Calculate Zakat on gold, silver and wealth in your browser",,
