category,category_name,tool_name,slug,url,primary_keyword,keywords,meta_title,meta_description,search_volume,competition
ai-tools,AI-Powered Tools,AI Form Builder,ai-form-builder,https://www.mytulify.com/ai-tools/ai-form-builder,AI Form Builder,AI Form Builder | free AI Form Builder | free online AI Form Builder | AI Form Builder online | AI-Powered Tools AI Form Builder | Pick from 60+ ready-made forms worldwide or describe a custom form in any language,AI Form Builder – Free Online AI-Powered Tools Tool | Mytulify,"Pick from 60+ ready-made forms worldwide or describe a custom form in any language. Edit fields, branding, digital signature, scan from image, and…",high,low
ai-tools,AI-Powered Tools,AI Code Explainer,code-explainer,https://www.mytulify.com/ai-tools/code-explainer,AI Code Explainer,"AI Code Explainer | free AI Code Explainer | free online AI Code Explainer | AI Code Explainer online | code explainer | AI-Powered Tools AI Code Explainer | Paste code and get a plain-English explanation, with likely bugs flagged",AI Code Explainer – Free Online AI-Powered Tools Tool | Mytulify,"Paste code and get a plain-English explanation, with likely bugs flagged. Beginner or expert depth. AI-powered tool — 5 free runs/day on Free; Pro for…",high,medium
ai-tools,AI-Powered Tools,AI SQL Query Generator,sql-query-generator,https://www.mytulify.com/ai-tools/sql-query-generator,AI SQL Query Generator,"AI SQL Query Generator | free AI SQL Query Generator | free online AI SQL Query Generator | AI SQL Query Generator online | sql query generator | AI-Powered Tools AI SQL Query Generator | Describe a query in English and get correct SQL for Postgres, MySQL, SQLite or T-SQL, explained back to you",AI SQL Query Generator – Free Online AI-Powered Tools Tool | Mytulify,"Describe a query in English and get correct SQL for Postgres, MySQL, SQLite or T-SQL, explained back to you. AI-powered tool — 5 free runs/day on Free;…",high,medium
ai-tools,AI-Powered Tools,AI Error Diagnoser,error-diagnoser,https://www.mytulify.com/ai-tools/error-diagnoser,AI Error Diagnoser,AI Error Diagnoser | free AI Error Diagnoser | free online AI Error Diagnoser | AI Error Diagnoser online | error diagnoser | AI-Powered Tools AI Error Diagnoser | Paste an error or stack trace and get the root cause plus the exact code fix as a diff,AI Error Diagnoser – Free Online AI-Powered Tools Tool | Mytulify,Paste an error or stack trace and get the root cause plus the exact code fix as a diff. AI-powered tool — 5 free runs/day on Free; Pro for unlimited.,medium,low
ai-tools,AI-Powered Tools,AI Code Review Assistant,code-review-assistant,https://www.mytulify.com/ai-tools/code-review-assistant,AI Code Review Assistant,"AI Code Review Assistant | free AI Code Review Assistant | free online AI Code Review Assistant | AI Code Review Assistant online | code review assistant | AI-Powered Tools AI Code Review Assistant | Get feedback on your code split into Security, Performance and Style sections",AI Code Review Assistant – Free Online AI-Powered Tools Tool | Mytulify,"Get feedback on your code split into Security, Performance and Style sections. AI-powered tool — 5 free runs/day on Free; Pro for unlimited.",medium,medium
ai-tools,AI-Powered Tools,AI Regex Generator,regex-generator,https://www.mytulify.com/ai-tools/regex-generator,AI Regex Generator,"AI Regex Generator | free AI Regex Generator | free online AI Regex Generator | AI Regex Generator online | regex generator | AI-Powered Tools AI Regex Generator | Turn a plain-English description into a working regular expression, with an explanation and examples",AI Regex Generator – Free Online AI-Powered Tools Tool | Mytulify,"Turn a plain-English description into a working regular expression, with an explanation and examples. AI-powered tool — 5 free runs/day on Free; Pro for…",high,medium
ai-tools,AI-Powered Tools,AI Commit Message Generator,commit-message-generator,https://www.mytulify.com/ai-tools/commit-message-generator,AI Commit Message Generator,AI Commit Message Generator | free AI Commit Message Generator | free online AI Commit Message Generator | AI Commit Message Generator online | commit message generator | AI-Powered Tools AI Commit Message Generator | Turn a git diff into a clean commit message,AI Commit Message Generator – Free Online AI-Powered Tools Tool | Mytulify,"Turn a git diff into a clean commit message — Conventional Commits, Gitmoji or plain style. AI-powered tool — 5 free runs/day on Free; Pro for unlimited.",medium,low
ai-tools,AI-Powered Tools,AI README Generator,readme-generator,https://www.mytulify.com/ai-tools/readme-generator,AI README Generator,AI README Generator | free AI README Generator | free online AI README Generator | AI README Generator online | readme generator | AI-Powered Tools AI README Generator | Generate a professional README,AI README Generator – Free Online AI-Powered Tools Tool | Mytulify,"Generate a professional README.md from your project details, auto-detecting the stack from package.json. AI-powered tool — 5 free runs/day on Free; Pro…",medium,medium
ai-tools,AI-Powered Tools,Test Case Generator,test-case-generator,https://www.mytulify.com/ai-tools/test-case-generator,Test Case Generator,"Test Case Generator | free Test Case Generator | free online Test Case Generator | Test Case Generator online | AI-Powered Tools Test Case Generator | Paste a function and get a thorough test suite for Jest, PyTest or JUnit covering edge cases",Free Online Test Case Generator | Mytulify,Generate structured test cases instantly for free. No signup required — ideal for QA testers and developers.,medium,low
ai-tools,AI-Powered Tools,AI Docker Compose Generator,docker-compose-generator,https://www.mytulify.com/ai-tools/docker-compose-generator,AI Docker Compose Generator,"AI Docker Compose Generator | free AI Docker Compose Generator | free online AI Docker Compose Generator | AI Docker Compose Generator online | docker compose generator | AI-Powered Tools AI Docker Compose Generator | Describe your services or pick a stack template (MERN, Laravel+MySQL+Redis, Django+Postgres) and get a valid docker-compose",AI Docker Compose Generator – Free Online AI-Powered Tools Tool | Mytulify,"Describe your services or pick a stack template (MERN, Laravel+MySQL+Redis, Django+Postgres) and get a valid docker-compose.yml. AI-powered tool — 5 free…",medium,low
ai-tools,AI-Powered Tools,AI Cron Expression Explainer,cron-explainer,https://www.mytulify.com/ai-tools/cron-explainer,AI Cron Expression Explainer,"AI Cron Expression Explainer | free AI Cron Expression Explainer | free online AI Cron Expression Explainer | AI Cron Expression Explainer online | cron explainer | AI-Powered Tools AI Cron Expression Explainer | Convert plain English to a cron expression or explain any cron expression, with timezone-aware next run times",AI Cron Expression Explainer – Free Online AI-Powered Tools Tool | Mytulify,"Convert plain English to a cron expression or explain any cron expression, with timezone-aware next run times. AI-powered tool — 5 free runs/day on Free;…",medium,low
ai-tools,AI-Powered Tools,AI Cover Letter Generator,cover-letter-generator,https://www.mytulify.com/ai-tools/cover-letter-generator,AI Cover Letter Generator,AI Cover Letter Generator | free AI Cover Letter Generator | free online AI Cover Letter Generator | AI Cover Letter Generator online | cover letter generator | AI-Powered Tools AI Cover Letter Generator | Paste a job description and your background,Free AI Cover Letter Generator – Tailored to Any Job | Mytulify,"Generate a personalized cover letter from any job posting. Paste the job ad and your resume highlights — free AI tool with professional, concise, and…",high,medium
ai-tools,AI-Powered Tools,ATS Resume Checker,ats-resume-checker,https://www.mytulify.com/ai-tools/ats-resume-checker,ATS Resume Checker,ATS Resume Checker | free ATS Resume Checker | free online ATS Resume Checker | ATS Resume Checker online | AI-Powered Tools ATS Resume Checker | Upload a CV and a job ad,Free ATS Resume Checker – Upload CV & Fix Issues | Mytulify,"Check if your résumé will parse in Workday, Greenhouse, Taleo and similar ATS. Upload PDF or DOCX, paste the job ad, get a score, keyword gaps, and how…",high,medium
ai-tools,AI-Powered Tools,AI PR Description Generator,pr-description-generator,https://www.mytulify.com/ai-tools/pr-description-generator,AI PR Description Generator,AI PR Description Generator | free AI PR Description Generator | free online AI PR Description Generator | AI PR Description Generator online | pr description generator | AI-Powered Tools AI PR Description Generator | Turn a git diff or change summary into a clear pull request title and description with test plan,Free AI Pull Request Description Generator | Mytulify,"Paste a git diff and get a clear PR title, summary, and test-plan checkboxes. Free AI tool for GitHub and GitLab-style templates.",medium,low
ai-tools,AI-Powered Tools,AI Interview Answer Generator,interview-answer-generator,https://www.mytulify.com/ai-tools/interview-answer-generator,AI Interview Answer Generator,AI Interview Answer Generator | free AI Interview Answer Generator | free online AI Interview Answer Generator | AI Interview Answer Generator online | interview answer generator | AI-Powered Tools AI Interview Answer Generator | Get STAR-method answers to behavioral and technical interview questions tailored to your experience,Free AI Interview Answer Generator (STAR Method) | Mytulify,Practice behavioral and technical interview answers with STAR structure. Paste the question and your real experience — free AI coaching with follow-up…,high,medium
calculators,Calculators,BMI Calculator,bmi-calculator,https://www.mytulify.com/calculators/bmi-calculator,BMI Calculator,BMI Calculator | free BMI Calculator | free online BMI Calculator | BMI Calculator online | Calculators BMI Calculator | Calculate Body Mass Index from height and weight in metric or imperial units,BMI Calculator – Free Online Calculators Tool | Mytulify,"Calculate Body Mass Index from height and weight in metric or imperial units. Free browser tool — runs locally in your browser, no signup required.",high,medium
calculators,Calculators,Percentage Calculator,percentage-calculator,https://www.mytulify.com/calculators/percentage-calculator,Percentage Calculator,"Percentage Calculator | free Percentage Calculator | free online Percentage Calculator | Percentage Calculator online | Calculators Percentage Calculator | Find percentages, percentage change, and what percent one number is of another",Percentage Calculator – Free Online Calculators Tool | Mytulify,"Find percentages, percentage change, and what percent one number is of another. Free browser tool — runs locally in your browser, no signup required.",high,medium
calculators,Calculators,Age Calculator,age-calculator,https://www.mytulify.com/calculators/age-calculator,Age Calculator,"Age Calculator | free Age Calculator | free online Age Calculator | Age Calculator online | Calculators Age Calculator | Compute exact age in years, months, weeks, and days from a date of birth",Age Calculator – Free Online Calculators Tool | Mytulify,"Compute exact age in years, months, weeks, and days from a date of birth. Free browser tool — runs locally in your browser, no signup required.",high,low
calculators,Calculators,Loan Calculator,loan-calculator,https://www.mytulify.com/calculators/loan-calculator,Loan Calculator,"Loan Calculator | free Loan Calculator | free online Loan Calculator | Loan Calculator online | Calculators Loan Calculator | Estimate monthly payments, total interest, and payoff for any loan",Loan Calculator – Free Online Calculators Tool | Mytulify,"Estimate monthly payments, total interest, and payoff for any loan. Free browser tool — runs locally in your browser, no signup required.",high,medium
calculators,Calculators,Mortgage Calculator,mortgage-calculator,https://www.mytulify.com/calculators/mortgage-calculator,Mortgage Calculator,Mortgage Calculator | free Mortgage Calculator | free online Mortgage Calculator | Mortgage Calculator online | Calculators Mortgage Calculator | Estimate full monthly PITI,Mortgage Calculator – Free Online Calculators Tool | Mytulify,"Estimate full monthly PITI — principal, interest, taxes, insurance, HOA, and PMI — and compare 15-year vs 30-year cost. Free browser tool — runs locally…",high,medium
calculators,Calculators,Compound Interest Calculator,compound-interest-calculator,https://www.mytulify.com/calculators/compound-interest-calculator,Compound Interest Calculator,Compound Interest Calculator | free Compound Interest Calculator | free online Compound Interest Calculator | Compound Interest Calculator online | Calculators Compound Interest Calculator | Project investment growth with compounding over time and contributions,Compound Interest Calculator – Free Online Calculators Tool | Mytulify,"Project investment growth with compounding over time and contributions. Free browser tool — runs locally in your browser, no signup required.",high,low
calculators,Calculators,Tip Calculator,tip-calculator,https://www.mytulify.com/calculators/tip-calculator,Tip Calculator,Tip Calculator | free Tip Calculator | free online Tip Calculator | Tip Calculator online | Calculators Tip Calculator | Calculate tip amount and split the total bill among multiple people,Tip Calculator – Free Online Calculators Tool | Mytulify,"Calculate tip amount and split the total bill among multiple people. Free browser tool — runs locally in your browser, no signup required.",high,low
calculators,Calculators,Discount Calculator,discount-calculator,https://www.mytulify.com/calculators/discount-calculator,Discount Calculator,Discount Calculator | free Discount Calculator | free online Discount Calculator | Discount Calculator online | Calculators Discount Calculator | Find sale price and amount saved from an original price and discount percent,Discount Calculator – Free Online Calculators Tool | Mytulify,"Find sale price and amount saved from an original price and discount percent. Free browser tool — runs locally in your browser, no signup required.",high,low
calculators,Calculators,Sales Tax Calculator,sales-tax-calculator,https://www.mytulify.com/calculators/sales-tax-calculator,Sales Tax Calculator,Sales Tax Calculator | free Sales Tax Calculator | free online Sales Tax Calculator | Sales Tax Calculator online | Calculators Sales Tax Calculator | Add sales tax to a price or extract tax from a gross amount,Sales Tax Calculator – Free Online Calculators Tool | Mytulify,"Add sales tax to a price or extract tax from a gross amount. Free browser tool — runs locally in your browser, no signup required.",high,low
calculators,Calculators,Calorie Calculator,calorie-calculator,https://www.mytulify.com/calculators/calorie-calculator,Calorie Calculator,"Calorie Calculator | free Calorie Calculator | free online Calorie Calculator | Calorie Calculator online | Calculators Calorie Calculator | Estimate daily calorie needs for maintenance, loss, or gain",Calorie Calculator – Free Online Calculators Tool | Mytulify,"Estimate daily calorie needs for maintenance, loss, or gain. Free browser tool — runs locally in your browser, no signup required.",high,medium
calculators,Calculators,BMR Calculator,bmr-calculator,https://www.mytulify.com/calculators/bmr-calculator,BMR Calculator,BMR Calculator | free BMR Calculator | free online BMR Calculator | BMR Calculator online | Calculators BMR Calculator | Calculate Basal Metabolic Rate to estimate resting calorie burn,BMR Calculator – Free Online Calculators Tool | Mytulify,"Calculate Basal Metabolic Rate to estimate resting calorie burn. Free browser tool — runs locally in your browser, no signup required.",medium,low
calculators,Calculators,TDEE Calculator,tdee-calculator,https://www.mytulify.com/calculators/tdee-calculator,TDEE Calculator,TDEE Calculator | free TDEE Calculator | free online TDEE Calculator | TDEE Calculator online | Calculators TDEE Calculator | Compute Total Daily Energy Expenditure from BMR and activity level,TDEE Calculator – Free Online Calculators Tool | Mytulify,"Compute Total Daily Energy Expenditure from BMR and activity level. Free browser tool — runs locally in your browser, no signup required.",medium,low
calculators,Calculators,Body Fat Calculator,body-fat-calculator,https://www.mytulify.com/calculators/body-fat-calculator,Body Fat Calculator,Body Fat Calculator | free Body Fat Calculator | free online Body Fat Calculator | Body Fat Calculator online | Calculators Body Fat Calculator | Estimate body fat percentage using the US Navy method measurements,Body Fat Calculator – Free Online Calculators Tool | Mytulify,"Estimate body fat percentage using the US Navy method measurements. Free browser tool — runs locally in your browser, no signup required.",medium,low
calculators,Calculators,Ideal Weight Calculator,ideal-weight-calculator,https://www.mytulify.com/calculators/ideal-weight-calculator,Ideal Weight Calculator,"Ideal Weight Calculator | free Ideal Weight Calculator | free online Ideal Weight Calculator | Ideal Weight Calculator online | Calculators Ideal Weight Calculator | Suggest a healthy weight range based on height, age, and gender",Ideal Weight Calculator – Free Online Calculators Tool | Mytulify,"Suggest a healthy weight range based on height, age, and gender. Free browser tool — runs locally in your browser, no signup required.",medium,low
calculators,Calculators,Due Date Calculator,due-date-calculator,https://www.mytulify.com/calculators/due-date-calculator,Due Date Calculator,Due Date Calculator | free Due Date Calculator | free online Due Date Calculator | Due Date Calculator online | Calculators Due Date Calculator | Estimate a pregnancy due date from the last menstrual period,Due Date Calculator – Free Online Calculators Tool | Mytulify,"Estimate a pregnancy due date from the last menstrual period. Free browser tool — runs locally in your browser, no signup required.",high,medium
calculators,Calculators,Ovulation Calculator,ovulation-calculator,https://www.mytulify.com/calculators/ovulation-calculator,Ovulation Calculator,Ovulation Calculator | free Ovulation Calculator | free online Ovulation Calculator | Ovulation Calculator online | Calculators Ovulation Calculator | Predict fertile windows and ovulation days from cycle data,Ovulation Calculator – Free Online Calculators Tool | Mytulify,"Predict fertile windows and ovulation days from cycle data. Free browser tool — runs locally in your browser, no signup required.",high,medium
calculators,Calculators,Pregnancy Calculator,pregnancy-calculator,https://www.mytulify.com/calculators/pregnancy-calculator,Pregnancy Calculator,"Pregnancy Calculator | free Pregnancy Calculator | free online Pregnancy Calculator | Pregnancy Calculator online | Calculators Pregnancy Calculator | Track pregnancy progress, week count, and key milestones",Pregnancy Calculator – Free Online Calculators Tool | Mytulify,"Track pregnancy progress, week count, and key milestones. Free browser tool — runs locally in your browser, no signup required.",medium,medium
calculators,Calculators,GPA Calculator,gpa-calculator,https://www.mytulify.com/calculators/gpa-calculator,GPA Calculator,GPA Calculator | free GPA Calculator | free online GPA Calculator | GPA Calculator online | Calculators GPA Calculator | Compute grade point average from course grades and credit hours,GPA Calculator – Free Online Calculators Tool | Mytulify,"Compute grade point average from course grades and credit hours. Free browser tool — runs locally in your browser, no signup required.",high,low
calculators,Calculators,Grade Calculator,grade-calculator,https://www.mytulify.com/calculators/grade-calculator,Grade Calculator,Grade Calculator | free Grade Calculator | free online Grade Calculator | Grade Calculator online | Calculators Grade Calculator | Calculate final or weighted grades and the score needed to pass,Grade Calculator – Free Online Calculators Tool | Mytulify,"Calculate final or weighted grades and the score needed to pass. Free browser tool — runs locally in your browser, no signup required.",high,low
calculators,Calculators,Fraction Calculator,fraction-calculator,https://www.mytulify.com/calculators/fraction-calculator,Fraction Calculator,"Fraction Calculator | free Fraction Calculator | free online Fraction Calculator | Fraction Calculator online | Calculators Fraction Calculator | Add, subtract, multiply, and simplify fractions",Fraction Calculator – Free Online Calculators Tool | Mytulify,"Add, subtract, multiply, and simplify fractions. Free browser tool — runs locally in your browser, no signup required.",high,low
calculators,Calculators,Scientific Calculator,scientific-calculator,https://www.mytulify.com/calculators/scientific-calculator,Scientific Calculator,"Scientific Calculator | free Scientific Calculator | free online Scientific Calculator | Scientific Calculator online | Calculators Scientific Calculator | Full-function calculator with trig, logs, exponents, and constants",Scientific Calculator – Free Online Calculators Tool | Mytulify,"Full-function calculator with trig, logs, exponents, and constants. Free browser tool — runs locally in your browser, no signup required.",high,medium
calculators,Calculators,Date Calculator,date-calculator,https://www.mytulify.com/calculators/date-calculator,Date Calculator,Date Calculator | free Date Calculator | free online Date Calculator | Date Calculator online | Calculators Date Calculator | Add or subtract days from a date and find the span between two dates,Date Calculator – Free Online Calculators Tool | Mytulify,"Add or subtract days from a date and find the span between two dates. Free browser tool — runs locally in your browser, no signup required.",high,low
calculators,Calculators,Hours Calculator,hours-calculator,https://www.mytulify.com/calculators/hours-calculator,Hours Calculator,Hours Calculator | free Hours Calculator | free online Hours Calculator | Hours Calculator online | Calculators Hours Calculator | Calculate total hours and minutes between two times for timesheets,Hours Calculator – Free Online Calculators Tool | Mytulify,"Calculate total hours and minutes between two times for timesheets. Free browser tool — runs locally in your browser, no signup required.",high,low
calculators,Calculators,Time Duration Calculator,time-duration-calculator,https://www.mytulify.com/calculators/time-duration-calculator,Time Duration Calculator,Time Duration Calculator | free Time Duration Calculator | free online Time Duration Calculator | Time Duration Calculator online | Calculators Time Duration Calculator | Measure elapsed time between two date-times in multiple units,Time Duration Calculator – Free Online Calculators Tool | Mytulify,"Measure elapsed time between two date-times in multiple units. Free browser tool — runs locally in your browser, no signup required.",medium,low
calculators,Calculators,Countdown Calculator,countdown-calculator,https://www.mytulify.com/calculators/countdown-calculator,Countdown Calculator,"Countdown Calculator | free Countdown Calculator | free online Countdown Calculator | Countdown Calculator online | Calculators Countdown Calculator | Count down the days, hours, and minutes until any target date",Countdown Calculator – Free Online Calculators Tool | Mytulify,"Count down the days, hours, and minutes until any target date. Free browser tool — runs locally in your browser, no signup required.",medium,low
calculators,Calculators,Paycheck Calculator,paycheck-calculator,https://www.mytulify.com/calculators/paycheck-calculator,Paycheck Calculator,Paycheck Calculator | free Paycheck Calculator | free online Paycheck Calculator | Paycheck Calculator online | Calculators Paycheck Calculator | Estimate take-home pay after taxes and common deductions,Paycheck Calculator – Free Online Calculators Tool | Mytulify,"Estimate take-home pay after taxes and common deductions. Free browser tool — runs locally in your browser, no signup required.",high,medium
calculators,Calculators,Salary Calculator,salary-calculator,https://www.mytulify.com/calculators/salary-calculator,Salary Calculator,"Salary Calculator | free Salary Calculator | free online Salary Calculator | Salary Calculator online | Calculators Salary Calculator | Convert pay between hourly, weekly, monthly, and annual rates",Salary Calculator – Free Online Calculators Tool | Mytulify,"Convert pay between hourly, weekly, monthly, and annual rates. Free browser tool — runs locally in your browser, no signup required.",high,low
calculators,Calculators,Sleep Calculator,sleep-calculator,https://www.mytulify.com/calculators/sleep-calculator,Sleep Calculator,Sleep Calculator | free Sleep Calculator | free online Sleep Calculator | Sleep Calculator online | Calculators Sleep Calculator | Suggest bedtimes or wake times based on 90-minute sleep cycles,Sleep Calculator – Free Online Calculators Tool | Mytulify,"Suggest bedtimes or wake times based on 90-minute sleep cycles. Free browser tool — runs locally in your browser, no signup required.",high,low
calculators,Calculators,Random Number Generator,random-number-generator,https://www.mytulify.com/calculators/random-number-generator,Random Number Generator,Random Number Generator | free Random Number Generator | free online Random Number Generator | Random Number Generator online | Calculators Random Number Generator | Generate random numbers within a custom range with options,Random Number Generator – Free Online Calculators Tool | Mytulify,"Generate random numbers within a custom range with options. Free browser tool — runs locally in your browser, no signup required.",high,low
calculators,Calculators,Standard Deviation Calculator,standard-deviation-calculator,https://www.mytulify.com/calculators/standard-deviation-calculator,Standard Deviation Calculator,"Standard Deviation Calculator | free Standard Deviation Calculator | free online Standard Deviation Calculator | Standard Deviation Calculator online | Calculators Standard Deviation Calculator | Compute mean, variance, and standard deviation for a data set",Standard Deviation Calculator – Free Online Calculators Tool | Mytulify,"Compute mean, variance, and standard deviation for a data set. Free browser tool — runs locally in your browser, no signup required.",medium,low
calculators,Calculators,Zakat Calculator,zakat-calculator,https://www.mytulify.com/calculators/zakat-calculator,Zakat Calculator,"Zakat Calculator | free Zakat Calculator | free online Zakat Calculator | Zakat Calculator online | Calculators Zakat Calculator | Calculate Zakat on gold, silver and wealth in your browser",Zakat Calculator – Free Online Calculators Tool | Mytulify,"Calculate Zakat on gold, silver and wealth in your browser. Free browser tool — runs locally in your browser, no signup required.",high,low
calculators,Calculators,Afghan Date Converter,afghan-date-converter,https://www.mytulify.com/calculators/afghan-date-converter,Afghan Date Converter,Afghan Date Converter | free Afghan Date Converter | free online Afghan Date Converter | Afghan Date Converter online | Calculators Afghan Date Converter | Convert Shamsi (Solar Hijri) dates to Gregorian and back,Afghan Date Converter – Free Online Calculators Tool | Mytulify,"Convert Shamsi (Solar Hijri) dates to Gregorian and back. Free browser tool — runs locally in your browser, no signup required.",medium,low
calculators,Calculators,Tasbih Counter,tasbih-counter,https://www.mytulify.com/calculators/tasbih-counter,Tasbih Counter,Tasbih Counter | free Tasbih Counter | free online Tasbih Counter | Tasbih Counter online | Calculators Tasbih Counter | Digital Tasbih counter for dhikr and Islamic remembrance,Tasbih Counter – Free Online Calculators Tool | Mytulify,"Digital Tasbih counter for dhikr and Islamic remembrance. Free browser tool — runs locally in your browser, no signup required.",medium,low
calculators,Calculators,Salary Tax Calculator,salary-tax-calculator,https://www.mytulify.com/calculators/salary-tax-calculator,Salary Tax Calculator,Salary Tax Calculator | free Salary Tax Calculator | free online Salary Tax Calculator | Salary Tax Calculator online | Calculators Salary Tax Calculator | Estimate income tax and net salary from gross pay,Salary Tax Calculator – Free Online Calculators Tool | Mytulify,"Estimate income tax and net salary from gross pay. Free browser tool — runs locally in your browser, no signup required.",high,medium
calculators,Calculators,EMI Calculator,emi-calculator,https://www.mytulify.com/calculators/emi-calculator,EMI Calculator,"EMI Calculator | free EMI Calculator | free online EMI Calculator | EMI Calculator online | Calculators EMI Calculator | Calculate monthly EMI, total interest, and payment for home, car, or personal loans",EMI Calculator – Free Loan EMI Tool | Mytulify,"Calculate monthly EMI, total interest, and total payment for any loan. Free EMI calculator for home, car, and personal loans — no signup.",high,medium
calculators,Calculators,VAT / GST Calculator,vat-gst-calculator,https://www.mytulify.com/calculators/vat-gst-calculator,VAT / GST Calculator,VAT / GST Calculator | free VAT / GST Calculator | free online VAT / GST Calculator | VAT / GST Calculator online | vat gst calculator | Calculators VAT / GST Calculator | Add or extract VAT and GST from any amount with a custom tax rate,VAT / GST Calculator – Free Tax Tool | Mytulify,Add or extract VAT and GST from any price with a custom rate. Free online VAT calculator for invoices and shopping — no signup.,high,low
calculators,Calculators,Profit Margin Calculator,profit-margin-calculator,https://www.mytulify.com/calculators/profit-margin-calculator,Profit Margin Calculator,"Profit Margin Calculator | free Profit Margin Calculator | free online Profit Margin Calculator | Profit Margin Calculator online | Calculators Profit Margin Calculator | Calculate profit, profit margin %, and markup from cost and selling price",Profit Margin Calculator – Free Online Tool | Mytulify,"Calculate profit, profit margin percentage, and markup from cost and price. Also find the selling price for a target margin. Free — no signup.",high,low
calculators,Calculators,Debt Payoff Calculator,debt-payoff-calculator,https://www.mytulify.com/calculators/debt-payoff-calculator,Debt Payoff Calculator,"Debt Payoff Calculator | free Debt Payoff Calculator | free online Debt Payoff Calculator | Debt Payoff Calculator online | Calculators Debt Payoff Calculator | Compare snowball vs avalanche debt payoff plans with months, interest, and a payment schedule",Debt Payoff Calculator – Snowball vs Avalanche | Mytulify,"Compare snowball and avalanche debt payoff strategies. See months to debt-free, total interest, and a payment schedule. Free — no signup.",high,medium
calculators,Calculators,Inflation Calculator,inflation-calculator,https://www.mytulify.com/calculators/inflation-calculator,Inflation Calculator,Inflation Calculator | free Inflation Calculator | free online Inflation Calculator | Inflation Calculator online | Calculators Inflation Calculator | See what today’s money will be worth later,Inflation Calculator – Purchasing Power Tool | Mytulify,Calculate how inflation changes purchasing power over time. Future or past value with a custom annual rate. Free inflation calculator.,high,low
calculators,Calculators,SIP Calculator,sip-calculator,https://www.mytulify.com/calculators/sip-calculator,SIP Calculator,"SIP Calculator | free SIP Calculator | free online SIP Calculator | SIP Calculator online | Calculators SIP Calculator | Estimate mutual fund SIP maturity value, total invested, and returns",SIP Calculator – Free Mutual Fund SIP Returns Tool | Mytulify,"Free SIP calculator for mutual funds. Estimate maturity value, total invested, and returns with optional annual step-up. Private, no signup.",high,medium
calculators,Calculators,CAGR Calculator,cagr-calculator,https://www.mytulify.com/calculators/cagr-calculator,CAGR Calculator,"CAGR Calculator | free CAGR Calculator | free online CAGR Calculator | CAGR Calculator online | Calculators CAGR Calculator | Calculate compound annual growth rate from beginning value, ending value, and years",CAGR Calculator – Free Compound Annual Growth Rate Tool | Mytulify,"Calculate CAGR from start value, end value, and years. Free compound annual growth rate calculator for investments and business — no signup.",high,low
calculators,Calculators,FD Calculator,fd-calculator,https://www.mytulify.com/calculators/fd-calculator,FD Calculator,"FD Calculator | free FD Calculator | free online FD Calculator | FD Calculator online | Calculators FD Calculator | Calculate fixed deposit maturity amount and interest with monthly, quarterly, or yearly compounding",FD Calculator – Free Fixed Deposit Maturity & Interest Tool | Mytulify,"Free FD calculator for fixed deposits. Estimate maturity amount and interest with monthly, quarterly, half-yearly, or yearly compounding. Private, no…",high,medium
calculators,Calculators,PPF Calculator,ppf-calculator,https://www.mytulify.com/calculators/ppf-calculator,PPF Calculator,"PPF Calculator | free PPF Calculator | free online PPF Calculator | PPF Calculator online | Calculators PPF Calculator | Estimate Public Provident Fund maturity, total invested, and interest with yearly contributions and compounding",PPF Calculator – Free Public Provident Fund Maturity Tool | Mytulify,"Free PPF calculator. Estimate Public Provident Fund maturity, total invested, and interest with yearly contributions. Private in your browser — no signup.",high,medium
calculators,Calculators,SWP Calculator,swp-calculator,https://www.mytulify.com/calculators/swp-calculator,SWP Calculator,SWP Calculator | free SWP Calculator | free online SWP Calculator | SWP Calculator online | Calculators SWP Calculator | Estimate Systematic Withdrawal Plan results,SWP Calculator – Free Systematic Withdrawal Plan Tool | Mytulify,"Free SWP calculator for mutual funds. Estimate total withdrawn, returns earned, and remaining corpus from monthly withdrawals. Private, no signup.",high,medium
calculators,Calculators,RD Calculator,rd-calculator,https://www.mytulify.com/calculators/rd-calculator,RD Calculator,"RD Calculator | free RD Calculator | free online RD Calculator | RD Calculator online | Calculators RD Calculator | Calculate recurring deposit maturity amount and interest from monthly installments, rate, and tenure",RD Calculator – Free Recurring Deposit Maturity Tool | Mytulify,"Free RD calculator for recurring deposits. Estimate maturity amount, interest earned, and total deposited with quarterly compounding or simple interest.…",high,medium
calculators,Calculators,Lumpsum Calculator,lumpsum-calculator,https://www.mytulify.com/calculators/lumpsum-calculator,Lumpsum Calculator,"Lumpsum Calculator | free Lumpsum Calculator | free online Lumpsum Calculator | Lumpsum Calculator online | Calculators Lumpsum Calculator | Estimate mutual fund lumpsum maturity value, total invested, and returns from a one-time investment, expected return, and tenure",Lumpsum Calculator – Free Mutual Fund One-Time Investment Tool | Mytulify,"Free lumpsum calculator for mutual funds. Estimate maturity value and returns from a one-time investment, expected annual return, and tenure. Private, no…",high,medium
calculators,Calculators,EPF Calculator,epf-calculator,https://www.mytulify.com/calculators/epf-calculator,EPF Calculator,"EPF Calculator | free EPF Calculator | free online EPF Calculator | EPF Calculator online | Calculators EPF Calculator | Estimate Employee Provident Fund maturity, total contributions, and interest from basic salary, contribution rates, and years of service",EPF Calculator – Free Employee Provident Fund Maturity Tool | Mytulify,"Free EPF calculator. Estimate Employee Provident Fund maturity, employee and employer contributions, and interest from salary, rates, and years of…",high,medium
calculators,Calculators,NPS Calculator,nps-calculator,https://www.mytulify.com/calculators/nps-calculator,NPS Calculator,"NPS Calculator | free NPS Calculator | free online NPS Calculator | NPS Calculator online | Calculators NPS Calculator | Estimate National Pension System corpus at retirement from monthly contributions, expected return, tenure, and optional step-up",NPS Calculator – Free National Pension System Corpus Tool | Mytulify,"Free NPS calculator. Estimate National Pension System corpus at retirement, returns, and lump-sum vs annuity split from monthly contributions. Private,…",high,medium
calculators,Calculators,Gratuity Calculator,gratuity-calculator,https://www.mytulify.com/calculators/gratuity-calculator,Gratuity Calculator,Gratuity Calculator | free Gratuity Calculator | free online Gratuity Calculator | Gratuity Calculator online | Calculators Gratuity Calculator | Estimate gratuity payout from last drawn salary and years of service using the Payment of Gratuity Act (÷26) or private (÷30) formula,Gratuity Calculator – Free Online Gratuity Amount Tool | Mytulify,"Free gratuity calculator. Estimate payout from last drawn salary (basic + DA) and service years using Act ÷26 or private ÷30 formulas. Private, no signup.",high,medium
calculators,Calculators,HRA Calculator,hra-calculator,https://www.mytulify.com/calculators/hra-calculator,HRA Calculator,HRA Calculator | free HRA Calculator | free online HRA Calculator | HRA Calculator online | Calculators HRA Calculator | Estimate House Rent Allowance (HRA) tax exemption under Section 10(13A),HRA Calculator – Free House Rent Allowance Exemption Tool | Mytulify,"Free HRA calculator. Estimate Section 10(13A) House Rent Allowance exemption from basic, DA, HRA, rent, and metro vs non-metro. Private, no signup.",high,medium
calculators,Calculators,SSY Calculator,ssy-calculator,https://www.mytulify.com/calculators/ssy-calculator,SSY Calculator,"SSY Calculator | free SSY Calculator | free online SSY Calculator | SSY Calculator online | Calculators SSY Calculator | Estimate Sukanya Samriddhi Yojana maturity, total invested, and interest",SSY Calculator – Free Sukanya Samriddhi Yojana Maturity Tool | Mytulify,"Free SSY calculator. Estimate Sukanya Samriddhi Yojana maturity, total invested, and interest with yearly deposits and compounding through account…",high,medium
calculators,Calculators,SCSS Calculator,scss-calculator,https://www.mytulify.com/calculators/scss-calculator,SCSS Calculator,"SCSS Calculator | free SCSS Calculator | free online SCSS Calculator | SCSS Calculator online | Calculators SCSS Calculator | Estimate Senior Citizen Savings Scheme quarterly interest, total interest over tenure, and principal returned at maturity from a lump-sum deposit",SCSS Calculator – Free Senior Citizen Savings Scheme Tool | Mytulify,"Free SCSS calculator. Estimate Senior Citizen Savings Scheme quarterly interest, total interest over tenure, and principal returned at maturity. Private,…",high,medium
calculators,Calculators,NSC Calculator,nsc-calculator,https://www.mytulify.com/calculators/nsc-calculator,NSC Calculator,"NSC Calculator | free NSC Calculator | free online NSC Calculator | NSC Calculator online | Calculators NSC Calculator | Estimate National Savings Certificate maturity amount and interest from a lump-sum deposit, notified rate, and tenure",NSC Calculator – Free National Savings Certificate Tool | Mytulify,"Free NSC calculator. Estimate National Savings Certificate maturity and interest with annual compounding from deposit, rate, and tenure. Private, no…",high,medium
calculators,Calculators,ROI Calculator,roi-calculator,https://www.mytulify.com/calculators/roi-calculator,ROI Calculator,"ROI Calculator | free ROI Calculator | free online ROI Calculator | ROI Calculator online | Calculators ROI Calculator | Calculate return on investment (ROI %), net profit, and annualized ROI from cost and gain or final value",ROI Calculator – Free Return on Investment Tool | Mytulify,"Free ROI calculator. Compute return on investment %, net gain, return multiple, and annualized ROI from cost and profit or final value. Private, no signup.",high,medium
calculators,Calculators,XIRR Calculator,xirr-calculator,https://www.mytulify.com/calculators/xirr-calculator,XIRR Calculator,XIRR Calculator | free XIRR Calculator | free online XIRR Calculator | XIRR Calculator online | Calculators XIRR Calculator | Calculate annualized XIRR from irregular dated cash flows,XIRR Calculator – Free Irregular Cash Flow Return Tool | Mytulify,"Free XIRR calculator. Find annualized return from irregular dated cash flows (SIPs, top-ups, redemptions). Excel-style math in your browser — private, no…",high,medium
calculators,Calculators,Concrete Calculator,concrete-calculator,https://www.mytulify.com/calculators/concrete-calculator,Concrete Calculator,"Concrete Calculator | free Concrete Calculator | free online Concrete Calculator | Concrete Calculator online | Calculators Concrete Calculator | Estimate slab or column concrete in cubic yards, cubic meters, and 60 or 80 lb bags, with waste and bag cost",Concrete Calculator – Free Online Calculators Tool | Mytulify,"Estimate slab or column concrete in cubic yards, cubic meters, and 60 or 80 lb bags, with waste and bag cost. Free browser tool — runs locally in your…",high,medium
calculators,Calculators,Paint Calculator,paint-calculator,https://www.mytulify.com/calculators/paint-calculator,Paint Calculator,"Paint Calculator | free Paint Calculator | free online Paint Calculator | Paint Calculator online | Calculators Paint Calculator | Calculate wall and ceiling paint gallons from room size, doors, windows, coats, and coverage",Paint Calculator – Free Online Calculators Tool | Mytulify,"Calculate wall and ceiling paint gallons from room size, doors, windows, coats, and coverage. Free browser tool — runs locally in your browser, no signup…",high,low
calculators,Calculators,Gravel Calculator,gravel-calculator,https://www.mytulify.com/calculators/gravel-calculator,Gravel Calculator,"Gravel Calculator | free Gravel Calculator | free online Gravel Calculator | Gravel Calculator online | Calculators Gravel Calculator | Convert driveway or path area and depth into cubic yards, tons, and material cost for gravel, sand, or mulch",Gravel Calculator – Free Online Calculators Tool | Mytulify,"Convert driveway or path area and depth into cubic yards, tons, and material cost for gravel, sand, or mulch. Free browser tool — runs locally in your…",high,low
calculators,Calculators,Square Footage Calculator,square-footage-calculator,https://www.mytulify.com/calculators/square-footage-calculator,Square Footage Calculator,"Square Footage Calculator | free Square Footage Calculator | free online Square Footage Calculator | Square Footage Calculator online | Calculators Square Footage Calculator | Find area in square feet and square meters for rectangles, circles, triangles, and trapezoids",Square Footage Calculator – Free Online Calculators Tool | Mytulify,"Find area in square feet and square meters for rectangles, circles, triangles, and trapezoids. Free browser tool — runs locally in your browser, no…",high,low
calculators,Calculators,Fuel Cost Calculator,fuel-cost-calculator,https://www.mytulify.com/calculators/fuel-cost-calculator,Fuel Cost Calculator,"Fuel Cost Calculator | free Fuel Cost Calculator | free online Fuel Cost Calculator | Fuel Cost Calculator online | Calculators Fuel Cost Calculator | Estimate trip fuel gallons, cost per person, and savings between two MPG ratings",Fuel Cost Calculator – Free Online Calculators Tool | Mytulify,"Estimate trip fuel gallons, cost per person, and savings between two MPG ratings. Free browser tool — runs locally in your browser, no signup required.",high,low
calculators,Calculators,Credit Card Payoff Calculator,credit-card-payoff-calculator,https://www.mytulify.com/calculators/credit-card-payoff-calculator,Credit Card Payoff Calculator,"Credit Card Payoff Calculator | free Credit Card Payoff Calculator | free online Credit Card Payoff Calculator | Credit Card Payoff Calculator online | Calculators Credit Card Payoff Calculator | See months to pay off a credit card, total interest, and how much an extra monthly payment saves",Credit Card Payoff Calculator – Free Online Calculators Tool | Mytulify,"See months to pay off a credit card, total interest, and how much an extra monthly payment saves. Free browser tool — runs locally in your browser, no…",high,medium
calculators,Calculators,Debt-to-Income Calculator,debt-to-income-calculator,https://www.mytulify.com/calculators/debt-to-income-calculator,Debt-to-Income Calculator,"Debt-to-Income Calculator | free Debt-to-Income Calculator | free online Debt-to-Income Calculator | Debt-to-Income Calculator online | debt to income calculator | Calculators Debt-to-Income Calculator | Calculate front-end and back-end debt-to-income ratios from gross income, housing, and other debts",Debt-to-Income Calculator – Free Online Calculators Tool | Mytulify,"Calculate front-end and back-end debt-to-income ratios from gross income, housing, and other debts. Free browser tool — runs locally in your browser, no…",high,medium
calculators,Calculators,Home Affordability Calculator,home-affordability-calculator,https://www.mytulify.com/calculators/home-affordability-calculator,Home Affordability Calculator,"Home Affordability Calculator | free Home Affordability Calculator | free online Home Affordability Calculator | Home Affordability Calculator online | Calculators Home Affordability Calculator | Estimate a maximum home price from income, debts, down payment, rate, and tax-and-insurance allowance",Home Affordability Calculator – Free Online Calculators Tool | Mytulify,"Estimate a maximum home price from income, debts, down payment, rate, and tax-and-insurance allowance. Free browser tool — runs locally in your browser,…",high,medium
calculators,Calculators,APR Calculator,apr-calculator,https://www.mytulify.com/calculators/apr-calculator,APR Calculator,"APR Calculator | free APR Calculator | free online APR Calculator | APR Calculator online | Calculators APR Calculator | Compare note interest rate with APR after upfront loan fees, plus the monthly payment",APR Calculator – Free Online Calculators Tool | Mytulify,"Compare note interest rate with APR after upfront loan fees, plus the monthly payment. Free browser tool — runs locally in your browser, no signup…",high,medium
color-tools,Color Tools,Color Picker,color-picker,https://www.mytulify.com/color-tools/color-picker,Color Picker,"Color Picker | free Color Picker | free online Color Picker | Color Picker online | Color Tools Color Picker | Pick any color and get its HEX, RGB, and HSL values",Color Picker – Free Online Color Tools Tool | Mytulify,"Pick any color and get its HEX, RGB, and HSL values. Free browser tool — runs locally in your browser, no signup required.",high,medium
color-tools,Color Tools,HEX to RGB,hex-to-rgb,https://www.mytulify.com/color-tools/hex-to-rgb,HEX to RGB,HEX to RGB | free HEX to RGB | free online HEX to RGB | HEX to RGB online | Color Tools HEX to RGB | Convert HEX color codes to RGB values,HEX to RGB – Free Online Color Tools Tool | Mytulify,"Convert HEX color codes to RGB values. Free browser tool — runs locally in your browser, no signup required.",high,low
color-tools,Color Tools,RGB to HEX,rgb-to-hex,https://www.mytulify.com/color-tools/rgb-to-hex,RGB to HEX,RGB to HEX | free RGB to HEX | free online RGB to HEX | RGB to HEX online | Color Tools RGB to HEX | Convert RGB values to a HEX color code,RGB to HEX – Free Online Color Tools Tool | Mytulify,"Convert RGB values to a HEX color code. Free browser tool — runs locally in your browser, no signup required.",high,low
color-tools,Color Tools,HEX to HSL,hex-to-hsl,https://www.mytulify.com/color-tools/hex-to-hsl,HEX to HSL,HEX to HSL | free HEX to HSL | free online HEX to HSL | HEX to HSL online | Color Tools HEX to HSL | Convert HEX colors to HSL format,HEX to HSL – Free Online Color Tools Tool | Mytulify,"Convert HEX colors to HSL format. Free browser tool — runs locally in your browser, no signup required.",medium,low
color-tools,Color Tools,HSL to HEX,hsl-to-hex,https://www.mytulify.com/color-tools/hsl-to-hex,HSL to HEX,HSL to HEX | free HSL to HEX | free online HSL to HEX | HSL to HEX online | Color Tools HSL to HEX | Convert HSL color values to a HEX code,HSL to HEX – Free Online Color Tools Tool | Mytulify,"Convert HSL color values to a HEX code. Free browser tool — runs locally in your browser, no signup required.",medium,low
color-tools,Color Tools,RGB to HSL,rgb-to-hsl,https://www.mytulify.com/color-tools/rgb-to-hsl,RGB to HSL,RGB to HSL | free RGB to HSL | free online RGB to HSL | RGB to HSL online | Color Tools RGB to HSL | Convert RGB color values to HSL,RGB to HSL – Free Online Color Tools Tool | Mytulify,"Convert RGB color values to HSL. Free browser tool — runs locally in your browser, no signup required.",medium,low
color-tools,Color Tools,RGB to CMYK,rgb-to-cmyk,https://www.mytulify.com/color-tools/rgb-to-cmyk,RGB to CMYK,RGB to CMYK | free RGB to CMYK | free online RGB to CMYK | RGB to CMYK online | Color Tools RGB to CMYK | Convert RGB colors to CMYK for printing,RGB to CMYK – Free Online Color Tools Tool | Mytulify,"Convert RGB colors to CMYK for printing. Free browser tool — runs locally in your browser, no signup required.",medium,low
color-tools,Color Tools,CMYK to RGB,cmyk-to-rgb,https://www.mytulify.com/color-tools/cmyk-to-rgb,CMYK to RGB,CMYK to RGB | free CMYK to RGB | free online CMYK to RGB | CMYK to RGB online | Color Tools CMYK to RGB | Convert CMYK print colors back to RGB,CMYK to RGB – Free Online Color Tools Tool | Mytulify,"Convert CMYK print colors back to RGB. Free browser tool — runs locally in your browser, no signup required.",medium,low
color-tools,Color Tools,HEX to CMYK,hex-to-cmyk,https://www.mytulify.com/color-tools/hex-to-cmyk,HEX to CMYK,HEX to CMYK | free HEX to CMYK | free online HEX to CMYK | HEX to CMYK online | Color Tools HEX to CMYK | Convert a HEX color code to CMYK values,HEX to CMYK – Free Online Color Tools Tool | Mytulify,"Convert a HEX color code to CMYK values. Free browser tool — runs locally in your browser, no signup required.",low,low
color-tools,Color Tools,Color Palette Generator,color-palette-generator,https://www.mytulify.com/color-tools/color-palette-generator,Color Palette Generator,Color Palette Generator | free Color Palette Generator | free online Color Palette Generator | Color Palette Generator online | Color Tools Color Palette Generator | Generate harmonious color palettes instantly,Color Palette Generator – Free Online Color Tools Tool | Mytulify,"Generate harmonious color palettes instantly. Free browser tool — runs locally in your browser, no signup required.",high,medium
color-tools,Color Tools,Gradient Generator,gradient-generator,https://www.mytulify.com/color-tools/gradient-generator,Gradient Generator,Gradient Generator | free Gradient Generator | free online Gradient Generator | Gradient Generator online | Color Tools Gradient Generator | Build CSS linear and radial gradients visually,Gradient Generator – Free Online Color Tools Tool | Mytulify,"Build CSS linear and radial gradients visually. Free browser tool — runs locally in your browser, no signup required.",high,medium
color-tools,Color Tools,Color Contrast Checker,color-contrast-checker,https://www.mytulify.com/color-tools/color-contrast-checker,Color Contrast Checker,Color Contrast Checker | free Color Contrast Checker | free online Color Contrast Checker | Color Contrast Checker online | Color Tools Color Contrast Checker | Check WCAG contrast ratio between two colors,Color Contrast Checker – Free Online Color Tools Tool | Mytulify,"Check WCAG contrast ratio between two colors. Free browser tool — runs locally in your browser, no signup required.",high,low
color-tools,Color Tools,Color Shades Generator,color-shades-generator,https://www.mytulify.com/color-tools/color-shades-generator,Color Shades Generator,Color Shades Generator | free Color Shades Generator | free online Color Shades Generator | Color Shades Generator online | Color Tools Color Shades Generator | Generate darker shades of a base color,Color Shades Generator – Free Online Color Tools Tool | Mytulify,"Generate darker shades of a base color. Free browser tool — runs locally in your browser, no signup required.",medium,low
color-tools,Color Tools,Color Tints Generator,color-tints-generator,https://www.mytulify.com/color-tools/color-tints-generator,Color Tints Generator,Color Tints Generator | free Color Tints Generator | free online Color Tints Generator | Color Tints Generator online | Color Tools Color Tints Generator | Generate lighter tints of a base color,Color Tints Generator – Free Online Color Tools Tool | Mytulify,"Generate lighter tints of a base color. Free browser tool — runs locally in your browser, no signup required.",medium,low
color-tools,Color Tools,Color Wheel,color-wheel,https://www.mytulify.com/color-tools/color-wheel,Color Wheel,Color Wheel | free Color Wheel | free online Color Wheel | Color Wheel online | Color Tools Color Wheel | Explore complementary and harmony colors on a wheel,Color Wheel – Free Online Color Tools Tool | Mytulify,"Explore complementary and harmony colors on a wheel. Free browser tool — runs locally in your browser, no signup required.",high,medium
color-tools,Color Tools,Color Mixer,color-mixer,https://www.mytulify.com/color-tools/color-mixer,Color Mixer,Color Mixer | free Color Mixer | free online Color Mixer | Color Mixer online | Color Tools Color Mixer | Blend two colors and preview the mixed result,Color Mixer – Free Online Color Tools Tool | Mytulify,"Blend two colors and preview the mixed result. Free browser tool — runs locally in your browser, no signup required.",medium,low
color-tools,Color Tools,Color Blindness Simulator,color-blindness-simulator,https://www.mytulify.com/color-tools/color-blindness-simulator,Color Blindness Simulator,Color Blindness Simulator | free Color Blindness Simulator | free online Color Blindness Simulator | Color Blindness Simulator online | Color Tools Color Blindness Simulator | Preview colors as seen with color vision deficiencies,Color Blindness Simulator – Free Online Color Tools Tool | Mytulify,"Preview colors as seen with color vision deficiencies. Free browser tool — runs locally in your browser, no signup required.",medium,low
color-tools,Color Tools,Random Color Generator,random-color-generator,https://www.mytulify.com/color-tools/random-color-generator,Random Color Generator,Random Color Generator | free Random Color Generator | free online Random Color Generator | Random Color Generator online | Color Tools Random Color Generator | Generate random colors with their codes,Random Color Generator – Free Online Color Tools Tool | Mytulify,"Generate random colors with their codes. Free browser tool — runs locally in your browser, no signup required.",medium,low
color-tools,Color Tools,Complementary Color Finder,complementary-color-finder,https://www.mytulify.com/color-tools/complementary-color-finder,Complementary Color Finder,Complementary Color Finder | free Complementary Color Finder | free online Complementary Color Finder | Complementary Color Finder online | Color Tools Complementary Color Finder | Find the complementary color for any input color,Complementary Color Finder – Free Online Color Tools Tool | Mytulify,"Find the complementary color for any input color. Free browser tool — runs locally in your browser, no signup required.",medium,low
color-tools,Color Tools,Analogous Color Generator,analogous-color-generator,https://www.mytulify.com/color-tools/analogous-color-generator,Analogous Color Generator,Analogous Color Generator | free Analogous Color Generator | free online Analogous Color Generator | Analogous Color Generator online | Color Tools Analogous Color Generator | Generate analogous color schemes from a base color,Analogous Color Generator – Free Online Color Tools Tool | Mytulify,"Generate analogous color schemes from a base color. Free browser tool — runs locally in your browser, no signup required.",low,low
color-tools,Color Tools,Triadic Color Generator,triadic-color-generator,https://www.mytulify.com/color-tools/triadic-color-generator,Triadic Color Generator,Triadic Color Generator | free Triadic Color Generator | free online Triadic Color Generator | Triadic Color Generator online | Color Tools Triadic Color Generator | Create triadic three-color harmony schemes,Triadic Color Generator – Free Online Color Tools Tool | Mytulify,"Create triadic three-color harmony schemes. Free browser tool — runs locally in your browser, no signup required.",low,low
color-tools,Color Tools,Monochromatic Color Generator,monochromatic-color-generator,https://www.mytulify.com/color-tools/monochromatic-color-generator,Monochromatic Color Generator,Monochromatic Color Generator | free Monochromatic Color Generator | free online Monochromatic Color Generator | Monochromatic Color Generator online | Color Tools Monochromatic Color Generator | Build a single-hue monochromatic palette,Monochromatic Color Generator – Free Online Color Tools Tool | Mytulify,"Build a single-hue monochromatic palette. Free browser tool — runs locally in your browser, no signup required.",low,low
color-tools,Color Tools,Color Name Finder,color-name-finder,https://www.mytulify.com/color-tools/color-name-finder,Color Name Finder,Color Name Finder | free Color Name Finder | free online Color Name Finder | Color Name Finder online | Color Tools Color Name Finder | Find the closest named color for any HEX value,Color Name Finder – Free Online Color Tools Tool | Mytulify,"Find the closest named color for any HEX value. Free browser tool — runs locally in your browser, no signup required.",medium,low
color-tools,Color Tools,CSS Gradient Background Generator,css-gradient-background-generator,https://www.mytulify.com/color-tools/css-gradient-background-generator,CSS Gradient Background Generator,CSS Gradient Background Generator | free CSS Gradient Background Generator | free online CSS Gradient Background Generator | CSS Gradient Background Generator online | Color Tools CSS Gradient Background Generator | Generate copy-paste CSS gradient backgrounds,CSS Gradient Background Generator – Free Online Color Tools Tool | Mytulify,"Generate copy-paste CSS gradient backgrounds. Free browser tool — runs locally in your browser, no signup required.",medium,medium
color-tools,Color Tools,Box Shadow Generator,box-shadow-generator,https://www.mytulify.com/color-tools/box-shadow-generator,Box Shadow Generator,Box Shadow Generator | free Box Shadow Generator | free online Box Shadow Generator | Box Shadow Generator online | Color Tools Box Shadow Generator | Build and preview CSS box-shadow code,Box Shadow Generator – Free Online Color Tools Tool | Mytulify,"Build and preview CSS box-shadow code. Free browser tool — runs locally in your browser, no signup required.",high,medium
color-tools,Color Tools,Text Shadow Generator,text-shadow-generator,https://www.mytulify.com/color-tools/text-shadow-generator,Text Shadow Generator,Text Shadow Generator | free Text Shadow Generator | free online Text Shadow Generator | Text Shadow Generator online | Color Tools Text Shadow Generator | Create CSS text-shadow effects with live preview,Text Shadow Generator – Free Online Color Tools Tool | Mytulify,"Create CSS text-shadow effects with live preview. Free browser tool — runs locally in your browser, no signup required.",medium,low
color-tools,Color Tools,Hex Color to Image,hex-color-to-image,https://www.mytulify.com/color-tools/hex-color-to-image,Hex Color to Image,Hex Color to Image | free Hex Color to Image | free online Hex Color to Image | Hex Color to Image online | Color Tools Hex Color to Image | Generate a solid color image from a HEX code,Hex Color to Image – Free Online Color Tools Tool | Mytulify,"Generate a solid color image from a HEX code. Free browser tool — runs locally in your browser, no signup required.",low,low
color-tools,Color Tools,Color from Image,color-from-image,https://www.mytulify.com/color-tools/color-from-image,Color from Image,Color from Image | free Color from Image | free online Color from Image | Color from Image online | Color Tools Color from Image | Pick and extract colors directly from an uploaded image,Color from Image – Free Online Color Tools Tool | Mytulify,"Pick and extract colors directly from an uploaded image. Free browser tool — runs locally in your browser, no signup required.",medium,low
color-tools,Color Tools,Hex to RGBA,hex-to-rgba,https://www.mytulify.com/color-tools/hex-to-rgba,Hex to RGBA,Hex to RGBA | free Hex to RGBA | free online Hex to RGBA | Hex to RGBA online | Color Tools Hex to RGBA | Convert HEX colors to RGBA with an alpha channel,Hex to RGBA – Free Online Color Tools Tool | Mytulify,"Convert HEX colors to RGBA with an alpha channel. Free browser tool — runs locally in your browser, no signup required.",medium,low
color-tools,Color Tools,Lighten and Darken Color,lighten-darken-color,https://www.mytulify.com/color-tools/lighten-darken-color,Lighten and Darken Color,Lighten and Darken Color | free Lighten and Darken Color | free online Lighten and Darken Color | Lighten and Darken Color online | lighten darken color | Color Tools Lighten and Darken Color | Adjust a color's lightness up or down by percentage,Lighten and Darken Color – Free Online Color Tools Tool | Mytulify,"Adjust a color's lightness up or down by percentage. Free browser tool — runs locally in your browser, no signup required.",medium,low
content-creator-tools,Content Creator Tools,Online Video Editor,online-video-editor,https://www.mytulify.com/content-creator-tools/online-video-editor,Online Video Editor,Online Video Editor | free Online Video Editor | free online Online Video Editor | Online Video Editor online | Content Creator Tools Online Video Editor | Edit videos in the browser,Online Video Editor – Free Online Content Creator Tools Tool | Mytulify,"Edit videos in the browser — multi-clip timeline, trim/split/reverse, transitions, filters, FX, captions + SRT, logos, aspect ratios, speed & WebM…",high,medium
content-creator-tools,Content Creator Tools,Video Script Studio,video-script-studio,https://www.mytulify.com/content-creator-tools/video-script-studio,Video Script Studio,"Video Script Studio | free Video Script Studio | free online Video Script Studio | Video Script Studio online | Content Creator Tools Video Script Studio | Upload any video → extract script, scene-by-scene remake plan, free stock B-roll links, and matching voiceover",Video Script Studio – Free Online Content Creator Tools Tool | Mytulify,"Upload any video → extract script, scene-by-scene remake plan, free stock B-roll links, and matching voiceover. Works for short or long videos.…",high,medium
content-creator-tools,Content Creator Tools,Text to Speech,text-to-speech,https://www.mytulify.com/content-creator-tools/text-to-speech,Text to Speech,"Text to Speech | free Text to Speech | free online Text to Speech | Text to Speech online | Content Creator Tools Text to Speech | Convert text to speech with 100+ voice actors, 50+ languages, 12 tone presets per actor","Free Text to Speech – All Languages, Multiple Actors & Tones | Mytulify","Text to speech for creators: 100+ voice actors, every language on your device, 12 tones per actor — Natural, Energetic, Deep, News & more. Free, no AI,…",high,medium
converters-generators,Converters & Generators,XML to JSON Converter,xml-to-json,https://www.mytulify.com/converters-generators/xml-to-json,XML to JSON Converter,XML to JSON Converter | free XML to JSON Converter | free online XML to JSON Converter | XML to JSON Converter online | xml to json | Converters & Generators XML to JSON Converter | Parse XML into JSON and back,XML to JSON Converter – Free Online Converters & Generators Tool | Mytulify,"Parse XML into JSON and back. Free browser tool — runs locally in your browser, no signup required.",medium,low
converters-generators,Converters & Generators,Barcode Generator,barcode-generator,https://www.mytulify.com/converters-generators/barcode-generator,Barcode Generator,"Barcode Generator | free Barcode Generator | free online Barcode Generator | Barcode Generator online | Converters & Generators Barcode Generator | Create barcodes in formats like Code128, EAN, and UPC",Barcode Generator – Free Online Converters & Generators Tool | Mytulify,"Create barcodes in formats like Code128, EAN, and UPC. Free browser tool — runs locally in your browser, no signup required.",high,low
converters-generators,Converters & Generators,Hash Generator (MD5 / SHA),hash-generator,https://www.mytulify.com/converters-generators/hash-generator,Hash Generator (MD5 / SHA),"Hash Generator (MD5 / SHA) | free Hash Generator (MD5 / SHA) | free online Hash Generator (MD5 / SHA) | Hash Generator (MD5 / SHA) online | hash generator | Converters & Generators Hash Generator (MD5 / SHA) | Compute MD5, SHA-1, and SHA-256 hashes of text",Hash Generator (MD5 / SHA) – Free Online Converters & Generators Tool | Mytulify,"Compute MD5, SHA-1, and SHA-256 hashes of text. Free browser tool — runs locally in your browser, no signup required.",high,low
converters-generators,Converters & Generators,JSON to XML Converter,json-to-xml,https://www.mytulify.com/converters-generators/json-to-xml,JSON to XML Converter,JSON to XML Converter | free JSON to XML Converter | free online JSON to XML Converter | JSON to XML Converter online | json to xml | Converters & Generators JSON to XML Converter | Convert JSON data structures into XML,JSON to XML Converter – Free Online Converters & Generators Tool | Mytulify,"Convert JSON data structures into XML. Free browser tool — runs locally in your browser, no signup required.",medium,low
converters-generators,Converters & Generators,HTML to Markdown Converter,html-to-markdown,https://www.mytulify.com/converters-generators/html-to-markdown,HTML to Markdown Converter,HTML to Markdown Converter | free HTML to Markdown Converter | free online HTML to Markdown Converter | HTML to Markdown Converter online | html to markdown | Converters & Generators HTML to Markdown Converter | Convert HTML markup into clean Markdown,HTML to Markdown Converter – Free Online Converters & Generators Tool | Mytulify,"Convert HTML markup into clean Markdown. Free browser tool — runs locally in your browser, no signup required.",medium,low
converters-generators,Converters & Generators,Markdown to HTML Converter,markdown-to-html,https://www.mytulify.com/converters-generators/markdown-to-html,Markdown to HTML Converter,Markdown to HTML Converter | free Markdown to HTML Converter | free online Markdown to HTML Converter | Markdown to HTML Converter online | markdown to html | Converters & Generators Markdown to HTML Converter | Render Markdown into HTML with live preview,Markdown to HTML Converter – Free Online Converters & Generators Tool | Mytulify,"Render Markdown into HTML with live preview. Free browser tool — runs locally in your browser, no signup required.",medium,low
converters-generators,Converters & Generators,Color Converter (HEX / RGB / HSL),color-converter,https://www.mytulify.com/converters-generators/color-converter,Color Converter (HEX / RGB / HSL),"Color Converter (HEX / RGB / HSL) | free Color Converter (HEX / RGB / HSL) | free online Color Converter (HEX / RGB / HSL) | Color Converter (HEX / RGB / HSL) online | color converter | Converters & Generators Color Converter (HEX / RGB / HSL) | Convert colors between HEX, RGB, HSL, and HSV",Color Converter (HEX / RGB / HSL) – Free Online Converters & Generators Tool | Mytulify,"Convert colors between HEX, RGB, HSL, and HSV. Free browser tool — runs locally in your browser, no signup required.",high,low
converters-generators,Converters & Generators,CSV to TSV Converter,csv-to-tsv,https://www.mytulify.com/converters-generators/csv-to-tsv,CSV to TSV Converter,CSV to TSV Converter | free CSV to TSV Converter | free online CSV to TSV Converter | CSV to TSV Converter online | csv to tsv | Converters & Generators CSV to TSV Converter | Convert CSV to TSV and Excel-friendly formats,CSV to TSV Converter – Free Online Converters & Generators Tool | Mytulify,"Convert CSV to TSV and Excel-friendly formats. Free browser tool — runs locally in your browser, no signup required.",medium,low
converters-generators,Converters & Generators,SQL to JSON Converter,sql-to-json,https://www.mytulify.com/converters-generators/sql-to-json,SQL to JSON Converter,SQL to JSON Converter | free SQL to JSON Converter | free online SQL to JSON Converter | SQL to JSON Converter online | sql to json | Converters & Generators SQL to JSON Converter | Convert SQL INSERT statements into JSON or CSV,SQL to JSON Converter – Free Online Converters & Generators Tool | Mytulify,"Convert SQL INSERT statements into JSON or CSV. Free browser tool — runs locally in your browser, no signup required.",medium,low
converters-generators,Converters & Generators,Random String Generator,random-string-generator,https://www.mytulify.com/converters-generators/random-string-generator,Random String Generator,Random String Generator | free Random String Generator | free online Random String Generator | Random String Generator online | Converters & Generators Random String Generator | Generate random strings and API tokens with custom charsets,Random String Generator – Free Online Converters & Generators Tool | Mytulify,"Generate random strings and API tokens with custom charsets. Free browser tool — runs locally in your browser, no signup required.",medium,low
converters-generators,Converters & Generators,JSON to TypeScript,json-to-typescript,https://www.mytulify.com/converters-generators/json-to-typescript,JSON to TypeScript,JSON to TypeScript | free JSON to TypeScript | free online JSON to TypeScript | JSON to TypeScript online | Converters & Generators JSON to TypeScript | Generate TypeScript interfaces from a JSON sample,JSON to TypeScript – Free Online Converters & Generators Tool | Mytulify,"Generate TypeScript interfaces from a JSON sample. Free browser tool — runs locally in your browser, no signup required.",medium,low
converters-generators,Converters & Generators,List Randomizer,list-randomizer,https://www.mytulify.com/converters-generators/list-randomizer,List Randomizer,List Randomizer | free List Randomizer | free online List Randomizer | List Randomizer online | Converters & Generators List Randomizer | Shuffle or pick random items from a pasted list,List Randomizer – Free Online Converters & Generators Tool | Mytulify,"Shuffle or pick random items from a pasted list. Free browser tool — runs locally in your browser, no signup required.",medium,low
converters-generators,Converters & Generators,Code Minifier,code-minifier,https://www.mytulify.com/converters-generators/code-minifier,Code Minifier,"Code Minifier | free Code Minifier | free online Code Minifier | Code Minifier online | Converters & Generators Code Minifier | Minify HTML, CSS, and JavaScript to reduce file size",Code Minifier – Free Online Converters & Generators Tool | Mytulify,"Minify HTML, CSS, and JavaScript to reduce file size. Free browser tool — runs locally in your browser, no signup required.",high,medium
converters-generators,Converters & Generators,Invoice Generator,invoice-generator,https://www.mytulify.com/converters-generators/invoice-generator,Invoice Generator,"Invoice Generator | free Invoice Generator | free online Invoice Generator | Invoice Generator online | Converters & Generators Invoice Generator | Create professional PDF invoices with line items, tax, and instant download",Invoice Generator – Free Online Converters & Generators Tool | Mytulify,"Create professional PDF invoices with line items, tax, and instant download — no watermark. Free browser tool — runs locally in your browser, no signup…",high,medium
converters-generators,Converters & Generators,IBAN Validator,iban-validator,https://www.mytulify.com/converters-generators/iban-validator,IBAN Validator,"IBAN Validator | free IBAN Validator | free online IBAN Validator | IBAN Validator online | Converters & Generators IBAN Validator | Validate IBAN numbers for Pakistan, EU, UK and 80+ countries with mod-97 checksum",IBAN Validator – Free Online Converters & Generators Tool | Mytulify,"Validate IBAN numbers for Pakistan, EU, UK and 80+ countries with mod-97 checksum. Free browser tool — runs locally in your browser, no signup required.",high,low
converters-generators,Converters & Generators,Email Signature Generator,email-signature-generator,https://www.mytulify.com/converters-generators/email-signature-generator,Email Signature Generator,"Email Signature Generator | free Email Signature Generator | free online Email Signature Generator | Email Signature Generator online | Converters & Generators Email Signature Generator | Create a professional HTML email signature with name, title, contact, and brand color",Free Email Signature Generator – HTML Signature | Mytulify,"Build a professional HTML email signature with name, title, phone, and brand color. Free generator — copy into Gmail, Outlook, and more.",high,medium
converters-generators,Converters & Generators,vCard Generator,vcard-generator,https://www.mytulify.com/converters-generators/vcard-generator,vCard Generator,vCard Generator | free vCard Generator | free online vCard Generator | vCard Generator online | Converters & Generators vCard Generator | Generate a downloadable,Free vCard Generator – Create .vcf Contact | Mytulify,"Create a downloadable vCard (.vcf) with name, phone, email, and website. Free online contact card generator — no signup.",high,low
converters-generators,Converters & Generators,ICS Calendar Generator,ics-calendar-generator,https://www.mytulify.com/converters-generators/ics-calendar-generator,ICS Calendar Generator,ICS Calendar Generator | free ICS Calendar Generator | free online ICS Calendar Generator | ICS Calendar Generator online | Converters & Generators ICS Calendar Generator | Build a,Free ICS Calendar Generator – Create .ics Events | Mytulify,"Create a downloadable .ics calendar event for Google Calendar, Outlook, and Apple Calendar. Free online ICS generator — no signup.",high,low
converters-generators,Converters & Generators,Decision Wheel,decision-wheel,https://www.mytulify.com/converters-generators/decision-wheel,Decision Wheel,Decision Wheel | free Decision Wheel | free online Decision Wheel | Decision Wheel online | Converters & Generators Decision Wheel | Spin a colorful wheel to pick randomly from your list,Decision Wheel Spinner – Free Online Picker | Mytulify,"Spin a free decision wheel to pick from your custom list. Fair random picker for lunch, chores, giveaways, and team decisions — no signup.",high,medium
converters-generators,Converters & Generators,Pomodoro Timer,pomodoro-timer,https://www.mytulify.com/converters-generators/pomodoro-timer,Pomodoro Timer,"Pomodoro Timer | free Pomodoro Timer | free online Pomodoro Timer | Pomodoro Timer online | Converters & Generators Pomodoro Timer | Free focus timer with 25-minute Pomodoros, short/long breaks, task label, and optional alerts",Pomodoro Timer Online – Free Focus Timer | Mytulify,"Free online Pomodoro timer with focus, short break, and long break modes. Track sessions, set a task, and enable desktop alerts — no signup.",high,medium
developer-tools,Developer Tools,JSON Formatter,json-formatter,https://www.mytulify.com/developer-tools/json-formatter,JSON Formatter,"JSON Formatter | free JSON Formatter | free online JSON Formatter | JSON Formatter online | Developer Tools JSON Formatter | Beautify, validate and minify JSON with syntax highlighting",JSON Formatter – Free Online Developer Tools Tool | Mytulify,"Beautify, validate and minify JSON with syntax highlighting. Free browser tool — runs locally in your browser, no signup required.",high,medium
developer-tools,Developer Tools,JSON to CSV Converter,json-to-csv,https://www.mytulify.com/developer-tools/json-to-csv,JSON to CSV Converter,JSON to CSV Converter | free JSON to CSV Converter | free online JSON to CSV Converter | JSON to CSV Converter online | json to csv | Developer Tools JSON to CSV Converter | Convert JSON arrays into downloadable CSV files,JSON to CSV Converter – Free Online Developer Tools Tool | Mytulify,"Convert JSON arrays into downloadable CSV files. Free browser tool — runs locally in your browser, no signup required.",high,low
developer-tools,Developer Tools,CSV to JSON Converter,csv-to-json,https://www.mytulify.com/developer-tools/csv-to-json,CSV to JSON Converter,CSV to JSON Converter | free CSV to JSON Converter | free online CSV to JSON Converter | CSV to JSON Converter online | csv to json | Developer Tools CSV to JSON Converter | Parse CSV data into structured JSON output,CSV to JSON Converter – Free Online Developer Tools Tool | Mytulify,"Parse CSV data into structured JSON output. Free browser tool — runs locally in your browser, no signup required.",medium,low
developer-tools,Developer Tools,Base64 Encoder/Decoder,base64-encoder-decoder,https://www.mytulify.com/developer-tools/base64-encoder-decoder,Base64 Encoder/Decoder,Base64 Encoder/Decoder | free Base64 Encoder/Decoder | free online Base64 Encoder/Decoder | Base64 Encoder/Decoder online | base64 encoder decoder | Developer Tools Base64 Encoder/Decoder | Encode and decode text and files to and from Base64,Base64 Encoder/Decoder – Free Online Developer Tools Tool | Mytulify,"Encode and decode text and files to and from Base64. Free browser tool — runs locally in your browser, no signup required.",high,low
developer-tools,Developer Tools,URL Encoder/Decoder,url-encoder-decoder,https://www.mytulify.com/developer-tools/url-encoder-decoder,URL Encoder/Decoder,URL Encoder/Decoder | free URL Encoder/Decoder | free online URL Encoder/Decoder | URL Encoder/Decoder online | url encoder decoder | Developer Tools URL Encoder/Decoder | Percent-encode and decode URLs and query parameters,URL Encoder/Decoder – Free Online Developer Tools Tool | Mytulify,"Percent-encode and decode URLs and query parameters. Free browser tool — runs locally in your browser, no signup required.",high,low
developer-tools,Developer Tools,JWT Decoder,jwt-decoder,https://www.mytulify.com/developer-tools/jwt-decoder,JWT Decoder,"JWT Decoder | free JWT Decoder | free online JWT Decoder | JWT Decoder online | Developer Tools JWT Decoder | Decode a JWT into its header, payload and signature",JWT Decoder – Free Online Developer Tools Tool | Mytulify,"Decode a JWT into its header, payload and signature. Free browser tool — runs locally in your browser, no signup required.",high,medium
developer-tools,Developer Tools,Regex Tester,regex-tester,https://www.mytulify.com/developer-tools/regex-tester,Regex Tester,Regex Tester | free Regex Tester | free online Regex Tester | Regex Tester online | Developer Tools Regex Tester | Test regular expressions against sample text with live match highlighting,Regex Tester – Free Online Developer Tools Tool | Mytulify,"Test regular expressions against sample text with live match highlighting. Free browser tool — runs locally in your browser, no signup required.",high,medium
developer-tools,Developer Tools,Timestamp Converter,timestamp-converter,https://www.mytulify.com/developer-tools/timestamp-converter,Timestamp Converter,Timestamp Converter | free Timestamp Converter | free online Timestamp Converter | Timestamp Converter online | Developer Tools Timestamp Converter | Convert Unix epoch timestamps to and from human-readable dates,Timestamp Converter – Free Online Developer Tools Tool | Mytulify,"Convert Unix epoch timestamps to and from human-readable dates. Free browser tool — runs locally in your browser, no signup required.",high,low
developer-tools,Developer Tools,UUID Generator,uuid-generator,https://www.mytulify.com/developer-tools/uuid-generator,UUID Generator,UUID Generator | free UUID Generator | free online UUID Generator | UUID Generator online | Developer Tools UUID Generator | Generate v4 UUIDs singly or in bulk,UUID Generator – Free Online Developer Tools Tool | Mytulify,"Generate v4 UUIDs singly or in bulk. Free browser tool — runs locally in your browser, no signup required.",high,low
developer-tools,Developer Tools,Hex to RGB Converter,hex-to-rgb-converter,https://www.mytulify.com/developer-tools/hex-to-rgb-converter,Hex to RGB Converter,"Hex to RGB Converter | free Hex to RGB Converter | free online Hex to RGB Converter | Hex to RGB Converter online | Developer Tools Hex to RGB Converter | Convert colors between HEX, RGB and HSL formats",Hex to RGB Converter – Free Online Developer Tools Tool | Mytulify,"Convert colors between HEX, RGB and HSL formats. Free browser tool — runs locally in your browser, no signup required.",high,low
developer-tools,Developer Tools,Cron Expression Generator,cron-expression-generator,https://www.mytulify.com/developer-tools/cron-expression-generator,Cron Expression Generator,Cron Expression Generator | free Cron Expression Generator | free online Cron Expression Generator | Cron Expression Generator online | Developer Tools Cron Expression Generator | Build and explain cron schedules with next-run preview,Cron Expression Generator – Free Online Developer Tools Tool | Mytulify,"Build and explain cron schedules with next-run preview. Free browser tool — runs locally in your browser, no signup required.",medium,low
developer-tools,Developer Tools,HTML Encoder/Decoder,html-encoder-decoder,https://www.mytulify.com/developer-tools/html-encoder-decoder,HTML Encoder/Decoder,HTML Encoder/Decoder | free HTML Encoder/Decoder | free online HTML Encoder/Decoder | HTML Encoder/Decoder online | html encoder decoder | Developer Tools HTML Encoder/Decoder | Encode and decode HTML entities in text,HTML Encoder/Decoder – Free Online Developer Tools Tool | Mytulify,"Encode and decode HTML entities in text. Free browser tool — runs locally in your browser, no signup required.",medium,low
developer-tools,Developer Tools,HTML Minifier,html-minifier,https://www.mytulify.com/developer-tools/html-minifier,HTML Minifier,HTML Minifier | free HTML Minifier | free online HTML Minifier | HTML Minifier online | Developer Tools HTML Minifier | Remove whitespace and comments to shrink HTML,HTML Minifier – Free Online Developer Tools Tool | Mytulify,"Remove whitespace and comments to shrink HTML. Free browser tool — runs locally in your browser, no signup required.",medium,low
developer-tools,Developer Tools,CSS Minifier,css-minifier,https://www.mytulify.com/developer-tools/css-minifier,CSS Minifier,CSS Minifier | free CSS Minifier | free online CSS Minifier | CSS Minifier online | Developer Tools CSS Minifier | Compress CSS by stripping whitespace and comments,CSS Minifier – Free Online Developer Tools Tool | Mytulify,"Compress CSS by stripping whitespace and comments. Free browser tool — runs locally in your browser, no signup required.",medium,low
developer-tools,Developer Tools,JavaScript Minifier,javascript-minifier,https://www.mytulify.com/developer-tools/javascript-minifier,JavaScript Minifier,JavaScript Minifier | free JavaScript Minifier | free online JavaScript Minifier | JavaScript Minifier online | Developer Tools JavaScript Minifier | Minify JavaScript source to reduce file size,JavaScript Minifier – Free Online Developer Tools Tool | Mytulify,"Minify JavaScript source to reduce file size. Free browser tool — runs locally in your browser, no signup required.",medium,medium
developer-tools,Developer Tools,JSON to YAML Converter,json-to-yaml,https://www.mytulify.com/developer-tools/json-to-yaml,JSON to YAML Converter,JSON to YAML Converter | free JSON to YAML Converter | free online JSON to YAML Converter | JSON to YAML Converter online | json to yaml | Developer Tools JSON to YAML Converter | Convert between JSON and YAML formats,JSON to YAML Converter – Free Online Developer Tools Tool | Mytulify,"Convert between JSON and YAML formats. Free browser tool — runs locally in your browser, no signup required.",medium,low
developer-tools,Developer Tools,SQL Formatter,sql-formatter,https://www.mytulify.com/developer-tools/sql-formatter,SQL Formatter,SQL Formatter | free SQL Formatter | free online SQL Formatter | SQL Formatter online | Developer Tools SQL Formatter | Beautify and indent SQL queries for readability,SQL Formatter – Free Online Developer Tools Tool | Mytulify,"Beautify and indent SQL queries for readability. Free browser tool — runs locally in your browser, no signup required.",medium,low
developer-tools,Developer Tools,Number Base Converter,number-base-converter,https://www.mytulify.com/developer-tools/number-base-converter,Number Base Converter,"Number Base Converter | free Number Base Converter | free online Number Base Converter | Number Base Converter online | Developer Tools Number Base Converter | Convert numbers between binary, octal, decimal and hex",Number Base Converter – Free Online Developer Tools Tool | Mytulify,"Convert numbers between binary, octal, decimal and hex. Free browser tool — runs locally in your browser, no signup required.",medium,low
developer-tools,Developer Tools,QR Code Generator,qr-code-generator,https://www.mytulify.com/developer-tools/qr-code-generator,QR Code Generator,QR Code Generator | free QR Code Generator | free online QR Code Generator | QR Code Generator online | Developer Tools QR Code Generator | Generate downloadable QR codes from text or URLs,QR Code Generator – Free Online Developer Tools Tool | Mytulify,"Generate downloadable QR codes from text or URLs. Free browser tool — runs locally in your browser, no signup required.",high,medium
developer-tools,Developer Tools,CSS Gradient Generator,css-gradient-generator,https://www.mytulify.com/developer-tools/css-gradient-generator,CSS Gradient Generator,CSS Gradient Generator | free CSS Gradient Generator | free online CSS Gradient Generator | CSS Gradient Generator online | Developer Tools CSS Gradient Generator | Visually build linear and radial CSS gradients with code output,CSS Gradient Generator – Free Online Developer Tools Tool | Mytulify,"Visually build linear and radial CSS gradients with code output. Free browser tool — runs locally in your browser, no signup required.",medium,low
developer-tools,Developer Tools,Markdown Preview,markdown-preview,https://www.mytulify.com/developer-tools/markdown-preview,Markdown Preview,Markdown Preview | free Markdown Preview | free online Markdown Preview | Markdown Preview online | Developer Tools Markdown Preview | Render Markdown to live HTML side by side,Markdown Preview – Free Online Developer Tools Tool | Mytulify,"Render Markdown to live HTML side by side. Free browser tool — runs locally in your browser, no signup required.",medium,low
developer-tools,Developer Tools,XML Formatter,xml-formatter,https://www.mytulify.com/developer-tools/xml-formatter,XML Formatter,XML Formatter | free XML Formatter | free online XML Formatter | XML Formatter online | Developer Tools XML Formatter | Beautify and validate XML documents,XML Formatter – Free Online Developer Tools Tool | Mytulify,"Beautify and validate XML documents. Free browser tool — runs locally in your browser, no signup required.",medium,low
developer-tools,Developer Tools,JSON Validator,json-validator,https://www.mytulify.com/developer-tools/json-validator,JSON Validator,JSON Validator | free JSON Validator | free online JSON Validator | JSON Validator online | Developer Tools JSON Validator | Validate JSON syntax and pinpoint errors,JSON Validator – Free Online Developer Tools Tool | Mytulify,"Validate JSON syntax and pinpoint errors. Free browser tool — runs locally in your browser, no signup required.",medium,low
developer-tools,Developer Tools,Slug Generator,slug-generator,https://www.mytulify.com/developer-tools/slug-generator,Slug Generator,Slug Generator | free Slug Generator | free online Slug Generator | Slug Generator online | Developer Tools Slug Generator | Create SEO-friendly URL slugs from text,Slug Generator – Free Online Developer Tools Tool | Mytulify,"Create SEO-friendly URL slugs from text. Free browser tool — runs locally in your browser, no signup required.",medium,low
developer-tools,Developer Tools,ROT13 Encoder/Decoder,rot13-encoder-decoder,https://www.mytulify.com/developer-tools/rot13-encoder-decoder,ROT13 Encoder/Decoder,ROT13 Encoder/Decoder | free ROT13 Encoder/Decoder | free online ROT13 Encoder/Decoder | ROT13 Encoder/Decoder online | rot13 encoder decoder | Developer Tools ROT13 Encoder/Decoder | Apply the ROT13 letter-substitution cipher to text,ROT13 Encoder/Decoder – Free Online Developer Tools Tool | Mytulify,"Apply the ROT13 letter-substitution cipher to text. Free browser tool — runs locally in your browser, no signup required.",low,low
developer-tools,Developer Tools,Chmod Calculator,chmod-calculator,https://www.mytulify.com/developer-tools/chmod-calculator,Chmod Calculator,Chmod Calculator | free Chmod Calculator | free online Chmod Calculator | Chmod Calculator online | Developer Tools Chmod Calculator | Compute numeric and symbolic Unix file permissions,Chmod Calculator – Free Online Developer Tools Tool | Mytulify,"Compute numeric and symbolic Unix file permissions. Free browser tool — runs locally in your browser, no signup required.",medium,low
developer-tools,Developer Tools,User Agent Parser,user-agent-parser,https://www.mytulify.com/developer-tools/user-agent-parser,User Agent Parser,"User Agent Parser | free User Agent Parser | free online User Agent Parser | User Agent Parser online | Developer Tools User Agent Parser | Parse a user-agent string into browser, OS and device",User Agent Parser – Free Online Developer Tools Tool | Mytulify,"Parse a user-agent string into browser, OS and device. Free browser tool — runs locally in your browser, no signup required.",low,low
developer-tools,Developer Tools,.gitignore Generator,gitignore-generator,https://www.mytulify.com/developer-tools/gitignore-generator,.gitignore Generator,".gitignore Generator | free .gitignore Generator | free online .gitignore Generator | .gitignore Generator online | gitignore generator | Developer Tools .gitignore Generator | Merge multiple language, framework and OS templates into one",.gitignore Generator – Free Online Developer Tools Tool | Mytulify,"Merge multiple language, framework and OS templates into one .gitignore, with duplicate patterns removed. Free browser tool — runs locally in your…",high,medium
developer-tools,Developer Tools,Regex Explainer,regex-explainer,https://www.mytulify.com/developer-tools/regex-explainer,Regex Explainer,"Regex Explainer | free Regex Explainer | free online Regex Explainer | Regex Explainer online | Developer Tools Regex Explainer | Paste a regular expression and get a plain-English, token-by-token breakdown of what it matches",Regex Explainer – Free Online Developer Tools Tool | Mytulify,"Paste a regular expression and get a plain-English, token-by-token breakdown of what it matches. Free browser tool — runs locally in your browser, no…",high,medium
developer-tools,Developer Tools,Data File Merger,data-file-merger,https://www.mytulify.com/developer-tools/data-file-merger,Data File Merger,"Data File Merger | free Data File Merger | free online Data File Merger | Data File Merger online | Developer Tools Data File Merger | Merge multiple JSON, CSV, TSV or XML files into one combined dataset, exportable as JSON or CSV",Data File Merger – Free Online Developer Tools Tool | Mytulify,"Merge multiple JSON, CSV, TSV or XML files into one combined dataset, exportable as JSON or CSV. Free browser tool — runs locally in your browser, no…",medium,low
developer-tools,Developer Tools,Duplicate File Finder,duplicate-file-finder,https://www.mytulify.com/developer-tools/duplicate-file-finder,Duplicate File Finder,"Duplicate File Finder | free Duplicate File Finder | free online Duplicate File Finder | Duplicate File Finder online | Developer Tools Duplicate File Finder | Find exact duplicate files by content hash locally in your browser, flagging older copies as safe to delete",Duplicate File Finder – Free Online Developer Tools Tool | Mytulify,"Find exact duplicate files by content hash locally in your browser, flagging older copies as safe to delete. Free browser tool — runs locally in your…",high,medium
developer-tools,Developer Tools,Mock Data Generator,mock-data-generator,https://www.mytulify.com/developer-tools/mock-data-generator,Mock Data Generator,Mock Data Generator | free Mock Data Generator | free online Mock Data Generator | Mock Data Generator online | Developer Tools Mock Data Generator | Generate fake users or products as JSON or CSV for API testing and demos,Mock Data Generator – Free Online Developer Tools Tool | Mytulify,"Generate fake users or products as JSON or CSV for API testing and demos. Free browser tool — runs locally in your browser, no signup required.",high,medium
developer-tools,Developer Tools,PWA Manifest Generator,pwa-manifest-generator,https://www.mytulify.com/developer-tools/pwa-manifest-generator,PWA Manifest Generator,PWA Manifest Generator | free PWA Manifest Generator | free online PWA Manifest Generator | PWA Manifest Generator online | Developer Tools PWA Manifest Generator | Build manifest,PWA Manifest Generator – Free Online Developer Tools Tool | Mytulify,"Build manifest.json and HTML tags to turn your site into an installable Progressive Web App. Free browser tool — runs locally in your browser, no signup…",high,low
developer-tools,Developer Tools,YAML to JSON Converter,yaml-to-json,https://www.mytulify.com/developer-tools/yaml-to-json,YAML to JSON Converter,YAML to JSON Converter | free YAML to JSON Converter | free online YAML to JSON Converter | YAML to JSON Converter online | yaml to json | Developer Tools YAML to JSON Converter | Convert YAML to pretty-printed JSON instantly in your browser,YAML to JSON Converter – Free Online Tool | Mytulify,"Paste YAML and get clean, pretty-printed JSON instantly. Free browser converter — private, no signup, no upload.",high,low
developer-tools,Developer Tools,PX to REM Converter,px-to-rem-converter,https://www.mytulify.com/developer-tools/px-to-rem-converter,PX to REM Converter,PX to REM Converter | free PX to REM Converter | free online PX to REM Converter | PX to REM Converter online | Developer Tools PX to REM Converter | Convert CSS pixels to rem (and back) with a customizable root font size,PX to REM Converter – Free CSS Tool | Mytulify,Convert px to rem and rem to px instantly. Set your root font size and copy ready-to-use CSS. Free browser tool — no signup.,high,low
developer-tools,Developer Tools,JSON Diff Checker,json-diff-checker,https://www.mytulify.com/developer-tools/json-diff-checker,JSON Diff Checker,"JSON Diff Checker | free JSON Diff Checker | free online JSON Diff Checker | JSON Diff Checker online | Developer Tools JSON Diff Checker | Compare two JSON documents with path-level added, removed, and changed highlights",JSON Diff Checker – Free Online JSON Compare | Mytulify,"Compare two JSON files path-by-path. See added, removed, and changed values instantly. Free browser JSON diff — no signup.",high,medium
devops-tools,DevOps Tools,IP Subnet Calculator,ip-subnet-calculator,https://www.mytulify.com/devops-tools/ip-subnet-calculator,IP Subnet Calculator,"IP Subnet Calculator | free IP Subnet Calculator | free online IP Subnet Calculator | IP Subnet Calculator online | DevOps Tools IP Subnet Calculator | Calculate network, broadcast, host range and mask from a CIDR block, with a visual bit breakdown",IP Subnet Calculator – Free Online DevOps Tools Tool | Mytulify,"Calculate network, broadcast, host range and mask from a CIDR block, with a visual bit breakdown. Free browser tool — runs locally in your browser, no…",high,medium
devops-tools,DevOps Tools,curl Command Builder,curl-command-builder,https://www.mytulify.com/devops-tools/curl-command-builder,curl Command Builder,curl Command Builder | free curl Command Builder | free online curl Command Builder | curl Command Builder online | DevOps Tools curl Command Builder | Build a curl command from a form and export the equivalent Python requests and JS fetch code,curl Command Builder – Free Online DevOps Tools Tool | Mytulify,"Build a curl command from a form and export the equivalent Python requests and JS fetch code. Free browser tool — runs locally in your browser, no signup…",high,low
devops-tools,DevOps Tools,Nginx Config Generator,nginx-config-generator,https://www.mytulify.com/devops-tools/nginx-config-generator,Nginx Config Generator,"Nginx Config Generator | free Nginx Config Generator | free online Nginx Config Generator | Nginx Config Generator online | DevOps Tools Nginx Config Generator | Generate Nginx configs for reverse proxy, SSL termination, static sites and load balancing",Nginx Config Generator – Free Online DevOps Tools Tool | Mytulify,"Generate Nginx configs for reverse proxy, SSL termination, static sites and load balancing. Free browser tool — runs locally in your browser, no signup…",high,medium
devops-tools,DevOps Tools,Kubernetes YAML Generator,kubernetes-yaml-generator,https://www.mytulify.com/devops-tools/kubernetes-yaml-generator,Kubernetes YAML Generator,"Kubernetes YAML Generator | free Kubernetes YAML Generator | free online Kubernetes YAML Generator | Kubernetes YAML Generator online | DevOps Tools Kubernetes YAML Generator | Generate a linked Deployment, Service and Ingress in one manifest from a simple form",Kubernetes YAML Generator – Free Online DevOps Tools Tool | Mytulify,"Generate a linked Deployment, Service and Ingress in one manifest from a simple form. Free browser tool — runs locally in your browser, no signup required.",high,medium
devops-tools,DevOps Tools,GitHub Actions Generator,github-actions-generator,https://www.mytulify.com/devops-tools/github-actions-generator,GitHub Actions Generator,"GitHub Actions Generator | free GitHub Actions Generator | free online GitHub Actions Generator | GitHub Actions Generator online | DevOps Tools GitHub Actions Generator | Generate a CI workflow YAML from ready-made Node, Python and Docker templates",GitHub Actions Generator – Free Online DevOps Tools Tool | Mytulify,"Generate a CI workflow YAML from ready-made Node, Python and Docker templates. Free browser tool — runs locally in your browser, no signup required.",medium,low
devops-tools,DevOps Tools,.env Validator,env-validator,https://www.mytulify.com/devops-tools/env-validator,.env Validator,.env Validator | free .env Validator | free online .env Validator | .env Validator online | env validator | DevOps Tools .env Validator | Validate,.env Validator – Free Online DevOps Tools Tool | Mytulify,"Validate .env syntax and flag likely leaked secrets and API keys before you commit them. Free browser tool — runs locally in your browser, no signup…",medium,low
devops-tools,DevOps Tools,Crontab Builder,crontab-builder,https://www.mytulify.com/devops-tools/crontab-builder,Crontab Builder,"Crontab Builder | free Crontab Builder | free online Crontab Builder | Crontab Builder online | DevOps Tools Crontab Builder | Build a cron expression and validate it against a real parser, with the next 5 run times previewed",Crontab Builder – Free Online DevOps Tools Tool | Mytulify,"Build a cron expression and validate it against a real parser, with the next 5 run times previewed. Free browser tool — runs locally in your browser, no…",high,medium
devops-tools,DevOps Tools,Backup Script Generator,backup-script-generator,https://www.mytulify.com/devops-tools/backup-script-generator,Backup Script Generator,"Backup Script Generator | free Backup Script Generator | free online Backup Script Generator | Backup Script Generator online | DevOps Tools Backup Script Generator | Generate a cron-ready database backup script for Postgres, MySQL or MongoDB, with an optional S3 upload",Backup Script Generator – Free Online DevOps Tools Tool | Mytulify,"Generate a cron-ready database backup script for Postgres, MySQL or MongoDB, with an optional S3 upload. Free browser tool — runs locally in your…",medium,low
devops-tools,DevOps Tools,Health Check Config Generator,health-check-generator,https://www.mytulify.com/devops-tools/health-check-generator,Health Check Config Generator,Health Check Config Generator | free Health Check Config Generator | free online Health Check Config Generator | Health Check Config Generator online | health check generator | DevOps Tools Health Check Config Generator | Generate a ready-to-paste health-check script and JSON config for uptime monitors from an endpoint,Health Check Config Generator – Free Online DevOps Tools Tool | Mytulify,"Generate a ready-to-paste health-check script and JSON config for uptime monitors from an endpoint. Free browser tool — runs locally in your browser, no…",medium,low
devops-tools,DevOps Tools,Subnet Overlap Visualizer,subnet-overlap-visualizer,https://www.mytulify.com/devops-tools/subnet-overlap-visualizer,Subnet Overlap Visualizer,Subnet Overlap Visualizer | free Subnet Overlap Visualizer | free online Subnet Overlap Visualizer | Subnet Overlap Visualizer online | DevOps Tools Subnet Overlap Visualizer | Paste multiple CIDR blocks or IP ranges and see their coverage and overlaps on a visual map,Subnet Overlap Visualizer – Free Online DevOps Tools Tool | Mytulify,"Paste multiple CIDR blocks or IP ranges and see their coverage and overlaps on a visual map. Free browser tool — runs locally in your browser, no signup…",medium,low
devops-tools,DevOps Tools,IP Address Info & Classifier,ip-address-info,https://www.mytulify.com/devops-tools/ip-address-info,IP Address Info & Classifier,"IP Address Info & Classifier | free IP Address Info & Classifier | free online IP Address Info & Classifier | IP Address Info & Classifier online | ip address info | DevOps Tools IP Address Info & Classifier | Classify an IP as private, public, CGNAT, loopback or reserved with plain-language context and reverse-DNS",IP Address Info & Classifier – Free Online DevOps Tools Tool | Mytulify,"Classify an IP as private, public, CGNAT, loopback or reserved with plain-language context and reverse-DNS. Free browser tool — runs locally in your…",high,medium
devops-tools,DevOps Tools,Systemd Timer Explainer,systemd-timer-explainer,https://www.mytulify.com/devops-tools/systemd-timer-explainer,Systemd Timer Explainer,"Systemd Timer Explainer | free Systemd Timer Explainer | free online Systemd Timer Explainer | Systemd Timer Explainer online | DevOps Tools Systemd Timer Explainer | Explain and build systemd OnCalendar expressions in plain English, with the next 5 run times",Systemd Timer Explainer – Free Online DevOps Tools Tool | Mytulify,"Explain and build systemd OnCalendar expressions in plain English, with the next 5 run times. Free browser tool — runs locally in your browser, no signup…",medium,low
freelancer-tools,Freelancer Tools,Freelance Contract Generator,contract-generator,https://www.mytulify.com/freelancer-tools/contract-generator,Freelance Contract Generator,Freelance Contract Generator | free Freelance Contract Generator | free online Freelance Contract Generator | Freelance Contract Generator online | contract generator | Freelancer Tools Freelance Contract Generator | Free freelance contract template & independent contractor agreement generator,Free Freelance Contract Template Generator – PDF Download | Mytulify,"Create a freelance contract template or independent contractor agreement with scope, milestones, IP, NDA & late fees. Free PDF — no signup, runs in…",high,low
freelancer-tools,Freelancer Tools,Freelance Proposal Generator,proposal-generator,https://www.mytulify.com/freelancer-tools/proposal-generator,Freelance Proposal Generator,"Freelance Proposal Generator | free Freelance Proposal Generator | free online Freelance Proposal Generator | Freelance Proposal Generator online | proposal generator | Freelancer Tools Freelance Proposal Generator | Build a client proposal with summary, scope, timeline, pricing, and about section",Free Freelance Proposal Generator – PDF | Mytulify,"Create a client proposal with executive summary, scope, milestones, and pricing. Free PDF export — web, writing, and consulting templates included.",high,low
freelancer-tools,Freelancer Tools,NDA Generator,nda-generator,https://www.mytulify.com/freelancer-tools/nda-generator,NDA Generator,NDA Generator | free NDA Generator | free online NDA Generator | NDA Generator online | Freelancer Tools NDA Generator | Generate a one-way or mutual non-disclosure agreement and download it as a PDF,Free NDA Generator – Mutual or One-Way PDF | Mytulify,"Create a mutual or one-way NDA with purpose, term, and jurisdiction. Free PDF download — runs privately in your browser.",high,low
freelancer-tools,Freelancer Tools,Freelance Rate Calculator,rate-calculator,https://www.mytulify.com/freelancer-tools/rate-calculator,Freelance Rate Calculator,"Freelance Rate Calculator | free Freelance Rate Calculator | free online Freelance Rate Calculator | Freelance Rate Calculator online | rate calculator | Freelancer Tools Freelance Rate Calculator | Calculate a sustainable hourly rate from income goals, expenses, billable hours, and profit margin",Freelance Rate Calculator – Free Hourly Rate Tool | Mytulify,"Calculate your freelance hourly rate from income goals, expenses, time off, billable hours, and margin. Transparent math — free, no signup.",high,low
freelancer-tools,Freelancer Tools,Project Quote Calculator,quote-calculator,https://www.mytulify.com/freelancer-tools/quote-calculator,Project Quote Calculator,"Project Quote Calculator | free Project Quote Calculator | free online Project Quote Calculator | Project Quote Calculator online | quote calculator | Freelancer Tools Project Quote Calculator | Turn hours, rate, expenses, and margin into a clear project quote with cost breakdown",Project Quote Calculator – Free Freelance Tool | Mytulify,"Calculate a project quote from hours, hourly rate, expenses, and profit margin. Free breakdown for freelancers — no signup.",high,low
freelancer-tools,Freelancer Tools,Late Payment Fee Calculator,late-fee-calculator,https://www.mytulify.com/freelancer-tools/late-fee-calculator,Late Payment Fee Calculator,Late Payment Fee Calculator | free Late Payment Fee Calculator | free online Late Payment Fee Calculator | Late Payment Fee Calculator online | late fee calculator | Freelancer Tools Late Payment Fee Calculator | Calculate late fees on overdue invoices with flat or monthly percentage rates,Late Payment Fee Calculator – Free Invoice Tool | Mytulify,Calculate overdue invoice late fees with a flat fee or % per month. See days overdue and new total due — free browser tool.,medium,low
freelancer-tools,Freelancer Tools,Break-Even Calculator,break-even-calculator,https://www.mytulify.com/freelancer-tools/break-even-calculator,Break-Even Calculator,Break-Even Calculator | free Break-Even Calculator | free online Break-Even Calculator | Break-Even Calculator online | break even calculator | Freelancer Tools Break-Even Calculator | Find how many projects or hours you need each month to cover fixed costs,Freelance Break-Even Calculator – Free Tool | Mytulify,Calculate how many projects or hours you need each month to break even. Free tool for freelancers and small businesses.,high,low
freelancer-tools,Freelancer Tools,Self-Employment Tax Calculator,self-employment-tax-calculator,https://www.mytulify.com/freelancer-tools/self-employment-tax-calculator,Self-Employment Tax Calculator,Self-Employment Tax Calculator | free Self-Employment Tax Calculator | free online Self-Employment Tax Calculator | Self-Employment Tax Calculator online | self employment tax calculator | Freelancer Tools Self-Employment Tax Calculator | Estimate US self-employment tax or Pakistan income tax on freelance net income,Self-Employment Tax Calculator (US & Pakistan) | Mytulify,"Estimate US self-employment tax plus rough income tax, or a simplified Pakistan tax estimate on freelance income. Planning only — not tax advice.",high,low
freelancer-tools,Freelancer Tools,Client Onboarding Form Generator,client-onboarding-form,https://www.mytulify.com/freelancer-tools/client-onboarding-form,Client Onboarding Form Generator,Client Onboarding Form Generator | free Client Onboarding Form Generator | free online Client Onboarding Form Generator | Client Onboarding Form Generator online | client onboarding form | Freelancer Tools Client Onboarding Form Generator | Generate a client intake questionnaire as a printable PDF or downloadable HTML form,Client Onboarding Form Generator – Free PDF/HTML | Mytulify,"Create a client intake questionnaire with goals, budget, timeline, and brand assets. Download PDF or HTML — free, private, no signup.",medium,low
freelancer-tools,Freelancer Tools,Scope Change Order Generator,change-order-generator,https://www.mytulify.com/freelancer-tools/change-order-generator,Scope Change Order Generator,Scope Change Order Generator | free Scope Change Order Generator | free online Scope Change Order Generator | Scope Change Order Generator online | change order generator | Freelancer Tools Scope Change Order Generator | Document out-of-scope work with added cost and time,Scope Change Order Generator – Free PDF | Mytulify,"Create a freelance change order for extra work, cost, and timeline. Free PDF download — stop unpaid “one more thing” requests.",medium,low
freelancer-tools,Freelancer Tools,Freelance Email Templates Generator,email-templates-generator,https://www.mytulify.com/freelancer-tools/email-templates-generator,Freelance Email Templates Generator,"Freelance Email Templates Generator | free Freelance Email Templates Generator | free online Freelance Email Templates Generator | Freelance Email Templates Generator online | email templates generator | Freelancer Tools Freelance Email Templates Generator | Generate personalized freelance emails for cold pitches, follow-ups, invoice reminders, retainers, testimonials, and scope changes","Free Freelance Email Templates Generator – Pitch, Invoice & Follow-Up | Mytulify","Create personalized freelance email templates for cold pitches, client follow-ups, invoice reminders, retainers, and scope changes. Copy or open in…",high,low
freelancer-tools,Freelancer Tools,Freelance Project Estimator,project-estimator,https://www.mytulify.com/freelancer-tools/project-estimator,Freelance Project Estimator,"Freelance Project Estimator | free Freelance Project Estimator | free online Freelance Project Estimator | Freelance Project Estimator online | project estimator | Freelancer Tools Freelance Project Estimator | Break projects into phases and tasks, add expenses and profit buffers, and get a fixed quote with timeline and pricing comparisons",Free Freelance Project Estimator & Profit Planner – PDF | Mytulify,"Estimate freelance projects with task breakdowns, contingency buffers, profit margins, and fixed vs hourly pricing. Free PDF export — web, design,…",high,low
health-tools,Health & Fitness,Water Intake Calculator,water-intake-calculator,https://www.mytulify.com/health-tools/water-intake-calculator,Water Intake Calculator,"Water Intake Calculator | free Water Intake Calculator | free online Water Intake Calculator | Water Intake Calculator online | Health & Fitness Water Intake Calculator | Estimate your daily water needs based on weight, exercise and climate, shown in litres, cups and bottles",Water Intake Calculator – Free Online Health & Fitness Tool | Mytulify,"Estimate your daily water needs based on weight, exercise and climate, shown in litres, cups and bottles. Free browser tool — runs locally in your…",high,medium
health-tools,Health & Fitness,Macro Calculator,macro-calculator,https://www.mytulify.com/health-tools/macro-calculator,Macro Calculator,"Macro Calculator | free Macro Calculator | free online Macro Calculator | Macro Calculator online | Health & Fitness Macro Calculator | Split your daily calories into protein, carbs and fat with diet-style presets and a per-meal breakdown",Macro Calculator – Free Online Health & Fitness Tool | Mytulify,"Split your daily calories into protein, carbs and fat with diet-style presets and a per-meal breakdown. Free browser tool — runs locally in your browser,…",high,medium
health-tools,Health & Fitness,Heart Rate Zone Calculator,heart-rate-zone-calculator,https://www.mytulify.com/health-tools/heart-rate-zone-calculator,Heart Rate Zone Calculator,Heart Rate Zone Calculator | free Heart Rate Zone Calculator | free online Heart Rate Zone Calculator | Heart Rate Zone Calculator online | Health & Fitness Heart Rate Zone Calculator | Calculate your 5 training heart-rate zones using the Karvonen method with your resting heart rate,Heart Rate Zone Calculator – Free Online Health & Fitness Tool | Mytulify,"Calculate your 5 training heart-rate zones using the Karvonen method with your resting heart rate. Free browser tool — runs locally in your browser, no…",high,medium
health-tools,Health & Fitness,Calories Burned Calculator,calories-burned-calculator,https://www.mytulify.com/health-tools/calories-burned-calculator,Calories Burned Calculator,"Calories Burned Calculator | free Calories Burned Calculator | free online Calories Burned Calculator | Calories Burned Calculator online | Health & Fitness Calories Burned Calculator | Estimate calories burned for dozens of activities using MET values, your weight and duration",Calories Burned Calculator – Free Online Health & Fitness Tool | Mytulify,"Estimate calories burned for dozens of activities using MET values, your weight and duration. Free browser tool — runs locally in your browser, no signup…",high,medium
health-tools,Health & Fitness,One Rep Max Calculator,one-rep-max-calculator,https://www.mytulify.com/health-tools/one-rep-max-calculator,One Rep Max Calculator,"One Rep Max Calculator | free One Rep Max Calculator | free online One Rep Max Calculator | One Rep Max Calculator online | Health & Fitness One Rep Max Calculator | Estimate your 1RM from a lift and reps, with a full percentage-of-max training table",One Rep Max Calculator – Free Online Health & Fitness Tool | Mytulify,"Estimate your 1RM from a lift and reps, with a full percentage-of-max training table. Free browser tool — runs locally in your browser, no signup required.",high,medium
health-tools,Health & Fitness,Running Pace Calculator,pace-calculator,https://www.mytulify.com/health-tools/pace-calculator,Running Pace Calculator,"Running Pace Calculator | free Running Pace Calculator | free online Running Pace Calculator | Running Pace Calculator online | pace calculator | Health & Fitness Running Pace Calculator | Turn a distance and time into pace per km and per mile, plus projected 5K, 10K, half and marathon times",Running Pace Calculator – Free Online Health & Fitness Tool | Mytulify,"Turn a distance and time into pace per km and per mile, plus projected 5K, 10K, half and marathon times. Free browser tool — runs locally in your…",high,medium
health-tools,Health & Fitness,Blood Alcohol (BAC) Calculator,bac-calculator,https://www.mytulify.com/health-tools/bac-calculator,Blood Alcohol (BAC) Calculator,Blood Alcohol (BAC) Calculator | free Blood Alcohol (BAC) Calculator | free online Blood Alcohol (BAC) Calculator | Blood Alcohol (BAC) Calculator online | bac calculator | Health & Fitness Blood Alcohol (BAC) Calculator | Estimate blood alcohol concentration with the Widmark formula and a time-to-sober estimate,Blood Alcohol (BAC) Calculator – Free Online Health & Fitness Tool | Mytulify,"Estimate blood alcohol concentration with the Widmark formula and a time-to-sober estimate. Free browser tool — runs locally in your browser, no signup…",high,medium
health-tools,Health & Fitness,Protein Intake Calculator,protein-intake-calculator,https://www.mytulify.com/health-tools/protein-intake-calculator,Protein Intake Calculator,Protein Intake Calculator | free Protein Intake Calculator | free online Protein Intake Calculator | Protein Intake Calculator online | Health & Fitness Protein Intake Calculator | Find your daily protein target range based on body weight and your goal,Protein Intake Calculator – Free Online Health & Fitness Tool | Mytulify,"Find your daily protein target range based on body weight and your goal. Free browser tool — runs locally in your browser, no signup required.",medium,low
health-tools,Health & Fitness,Waist-to-Hip Ratio Calculator,waist-to-hip-ratio-calculator,https://www.mytulify.com/health-tools/waist-to-hip-ratio-calculator,Waist-to-Hip Ratio Calculator,Waist-to-Hip Ratio Calculator | free Waist-to-Hip Ratio Calculator | free online Waist-to-Hip Ratio Calculator | Waist-to-Hip Ratio Calculator online | waist to hip ratio calculator | Health & Fitness Waist-to-Hip Ratio Calculator | Calculate your waist-to-hip ratio and see your health-risk category by sex,Waist-to-Hip Ratio Calculator – Free Online Health & Fitness Tool | Mytulify,"Calculate your waist-to-hip ratio and see your health-risk category by sex. Free browser tool — runs locally in your browser, no signup required.",medium,low
health-tools,Health & Fitness,Body Surface Area Calculator,body-surface-area-calculator,https://www.mytulify.com/health-tools/body-surface-area-calculator,Body Surface Area Calculator,Body Surface Area Calculator | free Body Surface Area Calculator | free online Body Surface Area Calculator | Body Surface Area Calculator online | Health & Fitness Body Surface Area Calculator | Compute body surface area with the Mosteller and Du Bois formulas side by side,Body Surface Area Calculator – Free Online Health & Fitness Tool | Mytulify,"Compute body surface area with the Mosteller and Du Bois formulas side by side. Free browser tool — runs locally in your browser, no signup required.",medium,low
home-trade-calculators,Home & Trade Calculators,BTU Calculator,btu-calculator,https://www.mytulify.com/home-trade-calculators/btu-calculator,BTU Calculator,"BTU Calculator | free BTU Calculator | free online BTU Calculator | BTU Calculator online | Home & Trade Calculators BTU Calculator | Estimate room cooling BTU from size, ceiling height, sun, people, windows, and a kitchen load, plus AC tons",BTU Calculator – Free Online Home & Trade Calculators Tool | Mytulify,"Estimate room cooling BTU from size, ceiling height, sun, people, windows, and a kitchen load, plus AC tons. Free browser tool — runs locally in your…",high,medium
home-trade-calculators,Home & Trade Calculators,AC Tonnage Calculator,ac-tonnage-calculator,https://www.mytulify.com/home-trade-calculators/ac-tonnage-calculator,AC Tonnage Calculator,"AC Tonnage Calculator | free AC Tonnage Calculator | free online AC Tonnage Calculator | AC Tonnage Calculator online | Home & Trade Calculators AC Tonnage Calculator | Convert home square footage, insulation, and climate into cooling tons and BTU, rounded to the next half ton",AC Tonnage Calculator – Free Online Home & Trade Calculators Tool | Mytulify,"Convert home square footage, insulation, and climate into cooling tons and BTU, rounded to the next half ton. Free browser tool — runs locally in your…",high,medium
home-trade-calculators,Home & Trade Calculators,CFM Calculator,cfm-calculator,https://www.mytulify.com/home-trade-calculators/cfm-calculator,CFM Calculator,"CFM Calculator | free CFM Calculator | free online CFM Calculator | CFM Calculator online | Home & Trade Calculators CFM Calculator | Calculate airflow CFM from room volume and air changes per hour for a fan, hood, or workshop",CFM Calculator – Free Online Home & Trade Calculators Tool | Mytulify,"Calculate airflow CFM from room volume and air changes per hour for a fan, hood, or workshop. Free browser tool — runs locally in your browser, no signup…",high,low
home-trade-calculators,Home & Trade Calculators,Air Changes Calculator,air-changes-calculator,https://www.mytulify.com/home-trade-calculators/air-changes-calculator,Air Changes Calculator,"Air Changes Calculator | free Air Changes Calculator | free online Air Changes Calculator | Air Changes Calculator online | Home & Trade Calculators Air Changes Calculator | Find air changes per hour from room cubic feet and fan CFM, plus minutes for one full air change",Air Changes Calculator – Free Online Home & Trade Calculators Tool | Mytulify,"Find air changes per hour from room cubic feet and fan CFM, plus minutes for one full air change. Free browser tool — runs locally in your browser, no…",medium,low
home-trade-calculators,Home & Trade Calculators,Lumber Calculator,lumber-calculator,https://www.mytulify.com/home-trade-calculators/lumber-calculator,Lumber Calculator,"Lumber Calculator | free Lumber Calculator | free online Lumber Calculator | Lumber Calculator online | Home & Trade Calculators Lumber Calculator | Calculate board feet, linear feet, and lumber cost from thickness, width, length, and board count",Lumber Calculator – Free Online Home & Trade Calculators Tool | Mytulify,"Calculate board feet, linear feet, and lumber cost from thickness, width, length, and board count. Free browser tool — runs locally in your browser, no…",high,medium
home-trade-calculators,Home & Trade Calculators,Deck Calculator,deck-calculator,https://www.mytulify.com/home-trade-calculators/deck-calculator,Deck Calculator,"Deck Calculator | free Deck Calculator | free online Deck Calculator | Deck Calculator online | Home & Trade Calculators Deck Calculator | Estimate deck boards, joists, and square footage from deck size, board width, gap, and joist spacing",Deck Calculator – Free Online Home & Trade Calculators Tool | Mytulify,"Estimate deck boards, joists, and square footage from deck size, board width, gap, and joist spacing. Free browser tool — runs locally in your browser,…",high,medium
home-trade-calculators,Home & Trade Calculators,Spray Foam Calculator,spray-foam-calculator,https://www.mytulify.com/home-trade-calculators/spray-foam-calculator,Spray Foam Calculator,"Spray Foam Calculator | free Spray Foam Calculator | free online Spray Foam Calculator | Spray Foam Calculator online | Home & Trade Calculators Spray Foam Calculator | Convert wall area and foam thickness into board feet, spray foam kits, and material cost",Spray Foam Calculator – Free Online Home & Trade Calculators Tool | Mytulify,"Convert wall area and foam thickness into board feet, spray foam kits, and material cost. Free browser tool — runs locally in your browser, no signup…",medium,low
home-trade-calculators,Home & Trade Calculators,Miter Angle Calculator,miter-angle-calculator,https://www.mytulify.com/home-trade-calculators/miter-angle-calculator,Miter Angle Calculator,"Miter Angle Calculator | free Miter Angle Calculator | free online Miter Angle Calculator | Miter Angle Calculator online | Home & Trade Calculators Miter Angle Calculator | Find the miter saw angle and interior corner for a square, hexagon, octagon, or any equal-sided frame",Miter Angle Calculator – Free Online Home & Trade Calculators Tool | Mytulify,"Find the miter saw angle and interior corner for a square, hexagon, octagon, or any equal-sided frame. Free browser tool — runs locally in your browser,…",medium,low
home-trade-calculators,Home & Trade Calculators,Kerf Calculator,kerf-calculator,https://www.mytulify.com/home-trade-calculators/kerf-calculator,Kerf Calculator,"Kerf Calculator | free Kerf Calculator | free online Kerf Calculator | Kerf Calculator online | Home & Trade Calculators Kerf Calculator | See how many pieces a board yields after saw kerf, and how many boards to buy",Kerf Calculator – Free Online Home & Trade Calculators Tool | Mytulify,"See how many pieces a board yields after saw kerf, and how many boards to buy. Free browser tool — runs locally in your browser, no signup required.",medium,low
home-trade-calculators,Home & Trade Calculators,Ohm's Law Calculator,ohms-law-calculator,https://www.mytulify.com/home-trade-calculators/ohms-law-calculator,Ohm's Law Calculator,"Ohm's Law Calculator | free Ohm's Law Calculator | free online Ohm's Law Calculator | Ohm's Law Calculator online | ohms law calculator | Home & Trade Calculators Ohm's Law Calculator | Solve voltage, current, resistance, and watts with Ohm's law from any two electrical values",Ohm's Law Calculator – Free Online Home & Trade Calculators Tool | Mytulify,"Solve voltage, current, resistance, and watts with Ohm's law from any two electrical values. Free browser tool — runs locally in your browser, no signup…",high,medium
home-trade-calculators,Home & Trade Calculators,Voltage Drop Calculator,voltage-drop-calculator,https://www.mytulify.com/home-trade-calculators/voltage-drop-calculator,Voltage Drop Calculator,"Voltage Drop Calculator | free Voltage Drop Calculator | free online Voltage Drop Calculator | Voltage Drop Calculator online | Home & Trade Calculators Voltage Drop Calculator | Calculate voltage drop and percent drop for copper or aluminum wire by AWG, amps, distance, and phase",Voltage Drop Calculator – Free Online Home & Trade Calculators Tool | Mytulify,"Calculate voltage drop and percent drop for copper or aluminum wire by AWG, amps, distance, and phase. Free browser tool — runs locally in your browser,…",high,medium
home-trade-calculators,Home & Trade Calculators,Wire Size Calculator,wire-size-calculator,https://www.mytulify.com/home-trade-calculators/wire-size-calculator,Wire Size Calculator,"Wire Size Calculator | free Wire Size Calculator | free online Wire Size Calculator | Wire Size Calculator online | Home & Trade Calculators Wire Size Calculator | Pick a wire gauge from load amps, run length, voltage, and a maximum voltage-drop percent",Wire Size Calculator – Free Online Home & Trade Calculators Tool | Mytulify,"Pick a wire gauge from load amps, run length, voltage, and a maximum voltage-drop percent. Free browser tool — runs locally in your browser, no signup…",high,medium
home-trade-calculators,Home & Trade Calculators,kW to kVA Calculator,kw-to-kva-calculator,https://www.mytulify.com/home-trade-calculators/kw-to-kva-calculator,kW to kVA Calculator,"kW to kVA Calculator | free kW to kVA Calculator | free online kW to kVA Calculator | kW to kVA Calculator online | Home & Trade Calculators kW to kVA Calculator | Convert kilowatts to kVA with power factor, and estimate single-phase or three-phase amps",kW to kVA Calculator – Free Online Home & Trade Calculators Tool | Mytulify,"Convert kilowatts to kVA with power factor, and estimate single-phase or three-phase amps. Free browser tool — runs locally in your browser, no signup…",high,low
home-trade-calculators,Home & Trade Calculators,Electricity Cost Calculator,electricity-cost-calculator,https://www.mytulify.com/home-trade-calculators/electricity-cost-calculator,Electricity Cost Calculator,"Electricity Cost Calculator | free Electricity Cost Calculator | free online Electricity Cost Calculator | Electricity Cost Calculator online | Home & Trade Calculators Electricity Cost Calculator | Estimate appliance electricity cost from watts, hours per day, and your price per kWh",Electricity Cost Calculator – Free Online Home & Trade Calculators Tool | Mytulify,"Estimate appliance electricity cost from watts, hours per day, and your price per kWh. Free browser tool — runs locally in your browser, no signup…",high,medium
home-trade-calculators,Home & Trade Calculators,EV Charging Cost Calculator,ev-charging-cost-calculator,https://www.mytulify.com/home-trade-calculators/ev-charging-cost-calculator,EV Charging Cost Calculator,"EV Charging Cost Calculator | free EV Charging Cost Calculator | free online EV Charging Cost Calculator | EV Charging Cost Calculator online | Home & Trade Calculators EV Charging Cost Calculator | Calculate electric vehicle charging cost, kWh, and hours from miles, efficiency, and charger kW",EV Charging Cost Calculator – Free Online Home & Trade Calculators Tool | Mytulify,"Calculate electric vehicle charging cost, kWh, and hours from miles, efficiency, and charger kW. Free browser tool — runs locally in your browser, no…",high,medium
home-trade-calculators,Home & Trade Calculators,Closing Cost Calculator,closing-cost-calculator,https://www.mytulify.com/home-trade-calculators/closing-cost-calculator,Closing Cost Calculator,"Closing Cost Calculator | free Closing Cost Calculator | free online Closing Cost Calculator | Closing Cost Calculator online | Home & Trade Calculators Closing Cost Calculator | Estimate buyer closing costs from lender fees, title, inspection, appraisal, and prepaid tax and insurance",Closing Cost Calculator – Free Online Home & Trade Calculators Tool | Mytulify,"Estimate buyer closing costs from lender fees, title, inspection, appraisal, and prepaid tax and insurance. Free browser tool — runs locally in your…",high,medium
home-trade-calculators,Home & Trade Calculators,Down Payment Calculator,down-payment-calculator,https://www.mytulify.com/home-trade-calculators/down-payment-calculator,Down Payment Calculator,"Down Payment Calculator | free Down Payment Calculator | free online Down Payment Calculator | Down Payment Calculator online | Home & Trade Calculators Down Payment Calculator | Compare 3%, 5%, 10%, 20%, and a custom down payment, with loan amount and whether PMI is likely",Down Payment Calculator – Free Online Home & Trade Calculators Tool | Mytulify,"Compare 3%, 5%, 10%, 20%, and a custom down payment, with loan amount and whether PMI is likely. Free browser tool — runs locally in your browser, no…",high,medium
home-trade-calculators,Home & Trade Calculators,Refinance Calculator,refinance-calculator,https://www.mytulify.com/home-trade-calculators/refinance-calculator,Refinance Calculator,"Refinance Calculator | free Refinance Calculator | free online Refinance Calculator | Refinance Calculator online | Home & Trade Calculators Refinance Calculator | Compare your current mortgage payment with a refinance, including break-even months and total interest",Refinance Calculator – Free Online Home & Trade Calculators Tool | Mytulify,"Compare your current mortgage payment with a refinance, including break-even months and total interest. Free browser tool — runs locally in your browser,…",high,medium
home-trade-calculators,Home & Trade Calculators,Rental Property Calculator,rental-property-calculator,https://www.mytulify.com/home-trade-calculators/rental-property-calculator,Rental Property Calculator,"Rental Property Calculator | free Rental Property Calculator | free online Rental Property Calculator | Rental Property Calculator online | Home & Trade Calculators Rental Property Calculator | Estimate cap rate, monthly cash flow, cash-on-cash return, and mortgage payment for a rental property",Rental Property Calculator – Free Online Home & Trade Calculators Tool | Mytulify,"Estimate cap rate, monthly cash flow, cash-on-cash return, and mortgage payment for a rental property. Free browser tool — runs locally in your browser,…",high,medium
home-trade-calculators,Home & Trade Calculators,Seller Net Calculator,seller-net-calculator,https://www.mytulify.com/home-trade-calculators/seller-net-calculator,Seller Net Calculator,"Seller Net Calculator | free Seller Net Calculator | free online Seller Net Calculator | Seller Net Calculator online | Home & Trade Calculators Seller Net Calculator | Estimate seller net proceeds after commission, mortgage payoff, closing costs, and repairs",Seller Net Calculator – Free Online Home & Trade Calculators Tool | Mytulify,"Estimate seller net proceeds after commission, mortgage payoff, closing costs, and repairs. Free browser tool — runs locally in your browser, no signup…",high,medium
home-trade-calculators,Home & Trade Calculators,Loan Comparison Calculator,loan-comparison-calculator,https://www.mytulify.com/home-trade-calculators/loan-comparison-calculator,Loan Comparison Calculator,"Loan Comparison Calculator | free Loan Comparison Calculator | free online Loan Comparison Calculator | Loan Comparison Calculator online | Home & Trade Calculators Loan Comparison Calculator | Compare two loans side by side on monthly payment, total interest, and total amount paid",Loan Comparison Calculator – Free Online Home & Trade Calculators Tool | Mytulify,"Compare two loans side by side on monthly payment, total interest, and total amount paid. Free browser tool — runs locally in your browser, no signup…",high,medium
home-trade-calculators,Home & Trade Calculators,Budget Calculator,budget-calculator,https://www.mytulify.com/home-trade-calculators/budget-calculator,Budget Calculator,"Budget Calculator | free Budget Calculator | free online Budget Calculator | Budget Calculator online | Home & Trade Calculators Budget Calculator | Split monthly income across housing, food, transport, and debt, then see what is left and the savings rate",Budget Calculator – Free Online Home & Trade Calculators Tool | Mytulify,"Split monthly income across housing, food, transport, and debt, then see what is left and the savings rate. Free browser tool — runs locally in your…",high,medium
home-trade-calculators,Home & Trade Calculators,Vehicle Depreciation Calculator,vehicle-depreciation-calculator,https://www.mytulify.com/home-trade-calculators/vehicle-depreciation-calculator,Vehicle Depreciation Calculator,Vehicle Depreciation Calculator | free Vehicle Depreciation Calculator | free online Vehicle Depreciation Calculator | Vehicle Depreciation Calculator online | Home & Trade Calculators Vehicle Depreciation Calculator | Project car value year by year with a declining-balance depreciation rate,Vehicle Depreciation Calculator – Free Online Home & Trade Calculators Tool | Mytulify,"Project car value year by year with a declining-balance depreciation rate. Free browser tool — runs locally in your browser, no signup required.",medium,low
home-trade-calculators,Home & Trade Calculators,Marketplace Fee Calculator,marketplace-fee-calculator,https://www.mytulify.com/home-trade-calculators/marketplace-fee-calculator,Marketplace Fee Calculator,"Marketplace Fee Calculator | free Marketplace Fee Calculator | free online Marketplace Fee Calculator | Marketplace Fee Calculator online | Home & Trade Calculators Marketplace Fee Calculator | Calculate seller fees, shipping, product cost, net profit, and margin for an online marketplace listing",Marketplace Fee Calculator – Free Online Home & Trade Calculators Tool | Mytulify,"Calculate seller fees, shipping, product cost, net profit, and margin for an online marketplace listing. Free browser tool — runs locally in your…",medium,low
home-trade-calculators,Home & Trade Calculators,Tithing Calculator,tithing-calculator,https://www.mytulify.com/home-trade-calculators/tithing-calculator,Tithing Calculator,"Tithing Calculator | free Tithing Calculator | free online Tithing Calculator | Tithing Calculator online | Home & Trade Calculators Tithing Calculator | Calculate a tithe or any percent of weekly, monthly, or yearly income",Tithing Calculator – Free Online Home & Trade Calculators Tool | Mytulify,"Calculate a tithe or any percent of weekly, monthly, or yearly income. Free browser tool — runs locally in your browser, no signup required.",medium,low
home-trade-calculators,Home & Trade Calculators,Retirement Calculator,retirement-calculator,https://www.mytulify.com/home-trade-calculators/retirement-calculator,Retirement Calculator,"Retirement Calculator | free Retirement Calculator | free online Retirement Calculator | Retirement Calculator online | Home & Trade Calculators Retirement Calculator | Project retirement savings from a current balance, monthly contribution, return, and years",Retirement Calculator – Free Online Home & Trade Calculators Tool | Mytulify,"Project retirement savings from a current balance, monthly contribution, return, and years. Free browser tool — runs locally in your browser, no signup…",high,medium
home-trade-calculators,Home & Trade Calculators,Employee Cost Calculator,employee-cost-calculator,https://www.mytulify.com/home-trade-calculators/employee-cost-calculator,Employee Cost Calculator,"Employee Cost Calculator | free Employee Cost Calculator | free online Employee Cost Calculator | Employee Cost Calculator online | Home & Trade Calculators Employee Cost Calculator | Estimate fully loaded employee cost from salary, benefits percent, and employer payroll tax",Employee Cost Calculator – Free Online Home & Trade Calculators Tool | Mytulify,"Estimate fully loaded employee cost from salary, benefits percent, and employer payroll tax. Free browser tool — runs locally in your browser, no signup…",medium,low
home-trade-calculators,Home & Trade Calculators,Absorption Rate Calculator,absorption-rate-calculator,https://www.mytulify.com/home-trade-calculators/absorption-rate-calculator,Absorption Rate Calculator,Absorption Rate Calculator | free Absorption Rate Calculator | free online Absorption Rate Calculator | Absorption Rate Calculator online | Home & Trade Calculators Absorption Rate Calculator | Calculate real estate absorption rate and months of housing supply from sales and active listings,Absorption Rate Calculator – Free Online Home & Trade Calculators Tool | Mytulify,"Calculate real estate absorption rate and months of housing supply from sales and active listings. Free browser tool — runs locally in your browser, no…",medium,low
home-trade-calculators,Home & Trade Calculators,Car Trade-In Equity Calculator,car-trade-equity-calculator,https://www.mytulify.com/home-trade-calculators/car-trade-equity-calculator,Car Trade-In Equity Calculator,"Car Trade-In Equity Calculator | free Car Trade-In Equity Calculator | free online Car Trade-In Equity Calculator | Car Trade-In Equity Calculator online | car trade equity calculator | Home & Trade Calculators Car Trade-In Equity Calculator | Find trade-in equity, taxable price after a trade, and sales tax compared with no trade-in",Car Trade-In Equity Calculator – Free Online Home & Trade Calculators Tool | Mytulify,"Find trade-in equity, taxable price after a trade, and sales tax compared with no trade-in. Free browser tool — runs locally in your browser, no signup…",medium,low
home-trade-calculators,Home & Trade Calculators,Business Valuation Calculator,business-valuation-calculator,https://www.mytulify.com/home-trade-calculators/business-valuation-calculator,Business Valuation Calculator,Business Valuation Calculator | free Business Valuation Calculator | free online Business Valuation Calculator | Business Valuation Calculator online | Home & Trade Calculators Business Valuation Calculator | Estimate a small-business value from seller earnings and revenue using multiples you choose,Business Valuation Calculator – Free Online Home & Trade Calculators Tool | Mytulify,"Estimate a small-business value from seller earnings and revenue using multiples you choose. Free browser tool — runs locally in your browser, no signup…",medium,medium
home-trade-calculators,Home & Trade Calculators,Aquarium Calculator,aquarium-calculator,https://www.mytulify.com/home-trade-calculators/aquarium-calculator,Aquarium Calculator,"Aquarium Calculator | free Aquarium Calculator | free online Aquarium Calculator | Aquarium Calculator online | Home & Trade Calculators Aquarium Calculator | Convert tank dimensions to gallons and liters, plus heater watts, water-change volume, and salt dose",Aquarium Calculator – Free Online Home & Trade Calculators Tool | Mytulify,"Convert tank dimensions to gallons and liters, plus heater watts, water-change volume, and salt dose. Free browser tool — runs locally in your browser,…",high,low
home-trade-calculators,Home & Trade Calculators,Coffee Ratio Calculator,coffee-ratio-calculator,https://www.mytulify.com/home-trade-calculators/coffee-ratio-calculator,Coffee Ratio Calculator,"Coffee Ratio Calculator | free Coffee Ratio Calculator | free online Coffee Ratio Calculator | Coffee Ratio Calculator online | Home & Trade Calculators Coffee Ratio Calculator | Calculate pour-over, French press, drip, cold brew, and espresso water from a coffee dose and brew ratio",Coffee Ratio Calculator – Free Online Home & Trade Calculators Tool | Mytulify,"Calculate pour-over, French press, drip, cold brew, and espresso water from a coffee dose and brew ratio. Free browser tool — runs locally in your…",medium,low
home-trade-calculators,Home & Trade Calculators,3D Print Cost Calculator,3d-print-cost-calculator,https://www.mytulify.com/home-trade-calculators/3d-print-cost-calculator,3D Print Cost Calculator,"3D Print Cost Calculator | free 3D Print Cost Calculator | free online 3D Print Cost Calculator | 3D Print Cost Calculator online | Home & Trade Calculators 3D Print Cost Calculator | Estimate 3D print cost from filament grams, spool price, print hours, printer watts, and electricity rate",3D Print Cost Calculator – Free Online Home & Trade Calculators Tool | Mytulify,"Estimate 3D print cost from filament grams, spool price, print hours, printer watts, and electricity rate. Free browser tool — runs locally in your…",medium,low
home-trade-calculators,Home & Trade Calculators,Cat Age Calculator,cat-age-calculator,https://www.mytulify.com/home-trade-calculators/cat-age-calculator,Cat Age Calculator,Cat Age Calculator | free Cat Age Calculator | free online Cat Age Calculator | Cat Age Calculator online | Home & Trade Calculators Cat Age Calculator | Convert cat years and months into an approximate human-equivalent age,Cat Age Calculator – Free Online Home & Trade Calculators Tool | Mytulify,"Convert cat years and months into an approximate human-equivalent age. Free browser tool — runs locally in your browser, no signup required.",high,medium
home-trade-calculators,Home & Trade Calculators,Plant Spacing Calculator,plant-spacing-calculator,https://www.mytulify.com/home-trade-calculators/plant-spacing-calculator,Plant Spacing Calculator,Plant Spacing Calculator | free Plant Spacing Calculator | free online Plant Spacing Calculator | Plant Spacing Calculator online | Home & Trade Calculators Plant Spacing Calculator | Count how many plants fit in a garden bed with square or triangular spacing,Plant Spacing Calculator – Free Online Home & Trade Calculators Tool | Mytulify,"Count how many plants fit in a garden bed with square or triangular spacing. Free browser tool — runs locally in your browser, no signup required.",medium,low
home-trade-calculators,Home & Trade Calculators,Compost Calculator,compost-calculator,https://www.mytulify.com/home-trade-calculators/compost-calculator,Compost Calculator,Compost Calculator | free Compost Calculator | free online Compost Calculator | Compost Calculator online | Home & Trade Calculators Compost Calculator | Balance browns and greens by volume and see how much to add for a target compost ratio,Compost Calculator – Free Online Home & Trade Calculators Tool | Mytulify,"Balance browns and greens by volume and see how much to add for a target compost ratio. Free browser tool — runs locally in your browser, no signup…",medium,low
home-trade-calculators,Home & Trade Calculators,Hull Speed Calculator,hull-speed-calculator,https://www.mytulify.com/home-trade-calculators/hull-speed-calculator,Hull Speed Calculator,"Hull Speed Calculator | free Hull Speed Calculator | free online Hull Speed Calculator | Hull Speed Calculator online | Home & Trade Calculators Hull Speed Calculator | Calculate displacement hull speed in knots, mph, and km/h from waterline length",Hull Speed Calculator – Free Online Home & Trade Calculators Tool | Mytulify,"Calculate displacement hull speed in knots, mph, and km/h from waterline length. Free browser tool — runs locally in your browser, no signup required.",medium,low
home-trade-calculators,Home & Trade Calculators,Fuel Mix Calculator,fuel-mix-calculator,https://www.mytulify.com/home-trade-calculators/fuel-mix-calculator,Fuel Mix Calculator,"Fuel Mix Calculator | free Fuel Mix Calculator | free online Fuel Mix Calculator | Fuel Mix Calculator online | Home & Trade Calculators Fuel Mix Calculator | Calculate 2-stroke oil for a 50:1, 40:1, 32:1, or 25:1 gas mix in ounces and milliliters",Fuel Mix Calculator – Free Online Home & Trade Calculators Tool | Mytulify,"Calculate 2-stroke oil for a 50:1, 40:1, 32:1, or 25:1 gas mix in ounces and milliliters. Free browser tool — runs locally in your browser, no signup…",high,low
home-trade-calculators,Home & Trade Calculators,Molarity Calculator,molarity-calculator,https://www.mytulify.com/home-trade-calculators/molarity-calculator,Molarity Calculator,"Molarity Calculator | free Molarity Calculator | free online Molarity Calculator | Molarity Calculator online | Home & Trade Calculators Molarity Calculator | Calculate solution molarity from grams and molar mass, or the grams to weigh for a target molarity",Molarity Calculator – Free Online Home & Trade Calculators Tool | Mytulify,"Calculate solution molarity from grams and molar mass, or the grams to weigh for a target molarity. Free browser tool — runs locally in your browser, no…",high,medium
home-trade-calculators,Home & Trade Calculators,Hexagon Quilt Calculator,hexagon-quilt-calculator,https://www.mytulify.com/home-trade-calculators/hexagon-quilt-calculator,Hexagon Quilt Calculator,"Hexagon Quilt Calculator | free Hexagon Quilt Calculator | free online Hexagon Quilt Calculator | Hexagon Quilt Calculator online | Home & Trade Calculators Hexagon Quilt Calculator | Estimate fabric area for hexagon quilt pieces from side length, seam allowance, and how many hexes you need",Hexagon Quilt Calculator – Free Online Home & Trade Calculators Tool | Mytulify,"Estimate fabric area for hexagon quilt pieces from side length, seam allowance, and how many hexes you need. Free browser tool — runs locally in your…",low,low
image-tools,Image Tools,Resize Image,resize-image,https://www.mytulify.com/image-tools/resize-image,Resize Image,Resize Image | free Resize Image | free online Resize Image | Resize Image online | Image Tools Resize Image | Change image dimensions by pixels or percentage,Resize Image – Free Online Image Tools Tool | Mytulify,"Change image dimensions by pixels or percentage. Free browser tool — runs locally in your browser, no signup required.",high,medium
image-tools,Image Tools,Compress Image,compress-image,https://www.mytulify.com/image-tools/compress-image,Compress Image,Compress Image | free Compress Image | free online Compress Image | Compress Image online | Image Tools Compress Image | Shrink JPG/PNG/WebP file size with quality control,Compress Image – Free Online Image Tools Tool | Mytulify,"Shrink JPG/PNG/WebP file size with quality control. Free browser tool — runs locally in your browser, no signup required.",high,medium
image-tools,Image Tools,Crop Image,crop-image,https://www.mytulify.com/image-tools/crop-image,Crop Image,Crop Image | free Crop Image | free online Crop Image | Crop Image online | Image Tools Crop Image | Crop images freely or to fixed aspect ratios,Crop Image – Free Online Image Tools Tool | Mytulify,"Crop images freely or to fixed aspect ratios. Free browser tool — runs locally in your browser, no signup required.",high,medium
image-tools,Image Tools,Rotate Image,rotate-image,https://www.mytulify.com/image-tools/rotate-image,Rotate Image,Rotate Image | free Rotate Image | free online Rotate Image | Rotate Image online | Image Tools Rotate Image | Rotate an image by 90 degrees or any angle,Rotate Image – Free Online Image Tools Tool | Mytulify,"Rotate an image by 90 degrees or any angle. Free browser tool — runs locally in your browser, no signup required.",medium,low
image-tools,Image Tools,Flip Image,flip-image,https://www.mytulify.com/image-tools/flip-image,Flip Image,Flip Image | free Flip Image | free online Flip Image | Flip Image online | Image Tools Flip Image | Mirror an image horizontally or vertically,Flip Image – Free Online Image Tools Tool | Mytulify,"Mirror an image horizontally or vertically. Free browser tool — runs locally in your browser, no signup required.",medium,low
image-tools,Image Tools,WebP to PNG,webp-to-png,https://www.mytulify.com/image-tools/webp-to-png,WebP to PNG,WebP to PNG | free WebP to PNG | free online WebP to PNG | WebP to PNG online | Image Tools WebP to PNG | Convert WebP images to lossless PNG format,WebP to PNG – Free Online Image Tools Tool | Mytulify,"Convert WebP images to lossless PNG format. Free browser tool — runs locally in your browser, no signup required.",high,low
image-tools,Image Tools,WebP to JPG,webp-to-jpg,https://www.mytulify.com/image-tools/webp-to-jpg,WebP to JPG,WebP to JPG | free WebP to JPG | free online WebP to JPG | WebP to JPG online | Image Tools WebP to JPG | Convert WebP images to widely supported JPG,WebP to JPG – Free Online Image Tools Tool | Mytulify,"Convert WebP images to widely supported JPG. Free browser tool — runs locally in your browser, no signup required.",high,low
image-tools,Image Tools,PNG to JPG,png-to-jpg,https://www.mytulify.com/image-tools/png-to-jpg,PNG to JPG,PNG to JPG | free PNG to JPG | free online PNG to JPG | PNG to JPG online | Image Tools PNG to JPG | Convert PNG images to compressed JPG files,PNG to JPG – Free Online Image Tools Tool | Mytulify,"Convert PNG images to compressed JPG files. Free browser tool — runs locally in your browser, no signup required.",high,medium
image-tools,Image Tools,JPG to PNG,jpg-to-png,https://www.mytulify.com/image-tools/jpg-to-png,JPG to PNG,JPG to PNG | free JPG to PNG | free online JPG to PNG | JPG to PNG online | Image Tools JPG to PNG | Convert JPG images to lossless PNG format,JPG to PNG – Free Online Image Tools Tool | Mytulify,"Convert JPG images to lossless PNG format. Free browser tool — runs locally in your browser, no signup required.",high,low
image-tools,Image Tools,PNG to WebP,png-to-webp,https://www.mytulify.com/image-tools/png-to-webp,PNG to WebP,PNG to WebP | free PNG to WebP | free online PNG to WebP | PNG to WebP online | Image Tools PNG to WebP | Convert PNG images to smaller WebP files,PNG to WebP – Free Online Image Tools Tool | Mytulify,"Convert PNG images to smaller WebP files. Free browser tool — runs locally in your browser, no signup required.",medium,low
image-tools,Image Tools,JPG to WebP,jpg-to-webp,https://www.mytulify.com/image-tools/jpg-to-webp,JPG to WebP,JPG to WebP | free JPG to WebP | free online JPG to WebP | JPG to WebP online | Image Tools JPG to WebP | Convert JPG images to modern WebP format,JPG to WebP – Free Online Image Tools Tool | Mytulify,"Convert JPG images to modern WebP format. Free browser tool — runs locally in your browser, no signup required.",medium,low
image-tools,Image Tools,HEIC to JPG,heic-to-jpg,https://www.mytulify.com/image-tools/heic-to-jpg,HEIC to JPG,HEIC to JPG | free HEIC to JPG | free online HEIC to JPG | HEIC to JPG online | Image Tools HEIC to JPG | Convert iPhone HEIC photos to JPG images,HEIC to JPG – Free Online Image Tools Tool | Mytulify,"Convert iPhone HEIC photos to JPG images. Free browser tool — runs locally in your browser, no signup required.",high,low
image-tools,Image Tools,SVG to PNG,svg-to-png,https://www.mytulify.com/image-tools/svg-to-png,SVG to PNG,SVG to PNG | free SVG to PNG | free online SVG to PNG | SVG to PNG online | Image Tools SVG to PNG | Rasterize SVG vector files to PNG at any size,SVG to PNG – Free Online Image Tools Tool | Mytulify,"Rasterize SVG vector files to PNG at any size. Free browser tool — runs locally in your browser, no signup required.",medium,low
image-tools,Image Tools,PNG to SVG,png-to-svg,https://www.mytulify.com/image-tools/png-to-svg,PNG to SVG,PNG to SVG | free PNG to SVG | free online PNG to SVG | PNG to SVG online | Image Tools PNG to SVG | Trace a raster PNG into a scalable SVG vector,PNG to SVG – Free Online Image Tools Tool | Mytulify,"Trace a raster PNG into a scalable SVG vector. Free browser tool — runs locally in your browser, no signup required.",medium,low
image-tools,Image Tools,Image to Base64,image-to-base64,https://www.mytulify.com/image-tools/image-to-base64,Image to Base64,Image to Base64 | free Image to Base64 | free online Image to Base64 | Image to Base64 online | Image Tools Image to Base64 | Encode an image into a Base64 data URI string,Image to Base64 – Free Online Image Tools Tool | Mytulify,"Encode an image into a Base64 data URI string. Free browser tool — runs locally in your browser, no signup required.",medium,low
image-tools,Image Tools,Base64 to Image,base64-to-image,https://www.mytulify.com/image-tools/base64-to-image,Base64 to Image,Base64 to Image | free Base64 to Image | free online Base64 to Image | Base64 to Image online | Image Tools Base64 to Image | Decode a Base64 string back into a downloadable image,Base64 to Image – Free Online Image Tools Tool | Mytulify,"Decode a Base64 string back into a downloadable image. Free browser tool — runs locally in your browser, no signup required.",medium,low
image-tools,Image Tools,Favicon Generator,favicon-generator,https://www.mytulify.com/image-tools/favicon-generator,Favicon Generator,Favicon Generator | free Favicon Generator | free online Favicon Generator | Favicon Generator online | Image Tools Favicon Generator | Create multi-size favicons and ICO files from an image,Favicon Generator – Free Online Image Tools Tool | Mytulify,"Create multi-size favicons and ICO files from an image. Free browser tool — runs locally in your browser, no signup required.",high,low
image-tools,Image Tools,Image to ICO,image-to-ico,https://www.mytulify.com/image-tools/image-to-ico,Image to ICO,Image to ICO | free Image to ICO | free online Image to ICO | Image to ICO online | Image Tools Image to ICO | Convert PNG/JPG images into Windows ICO icons,Image to ICO – Free Online Image Tools Tool | Mytulify,"Convert PNG/JPG images into Windows ICO icons. Free browser tool — runs locally in your browser, no signup required.",medium,low
image-tools,Image Tools,Meme Generator,meme-generator,https://www.mytulify.com/image-tools/meme-generator,Meme Generator,Meme Generator | free Meme Generator | free online Meme Generator | Meme Generator online | Image Tools Meme Generator | Add top and bottom text captions to an image,Meme Generator – Free Online Image Tools Tool | Mytulify,"Add top and bottom text captions to an image. Free browser tool — runs locally in your browser, no signup required.",high,medium
image-tools,Image Tools,Add Watermark to Image,add-watermark-to-image,https://www.mytulify.com/image-tools/add-watermark-to-image,Add Watermark to Image,Add Watermark to Image | free Add Watermark to Image | free online Add Watermark to Image | Add Watermark to Image online | Image Tools Add Watermark to Image | Overlay text or logo watermarks onto images,Add Watermark to Image – Free Online Image Tools Tool | Mytulify,"Overlay text or logo watermarks onto images. Free browser tool — runs locally in your browser, no signup required.",medium,low
image-tools,Image Tools,Image Color Picker,image-color-picker,https://www.mytulify.com/image-tools/image-color-picker,Image Color Picker,Image Color Picker | free Image Color Picker | free online Image Color Picker | Image Color Picker online | Image Tools Image Color Picker | Pick HEX/RGB colors from any pixel of an image,Image Color Picker – Free Online Image Tools Tool | Mytulify,"Pick HEX/RGB colors from any pixel of an image. Free browser tool — runs locally in your browser, no signup required.",medium,low
image-tools,Image Tools,Color Extractor from Image,color-extractor-from-image,https://www.mytulify.com/image-tools/color-extractor-from-image,Color Extractor from Image,Color Extractor from Image | free Color Extractor from Image | free online Color Extractor from Image | Color Extractor from Image online | Image Tools Color Extractor from Image | Extract a dominant color palette from a photo,Color Extractor from Image – Free Online Image Tools Tool | Mytulify,"Extract a dominant color palette from a photo. Free browser tool — runs locally in your browser, no signup required.",medium,low
image-tools,Image Tools,Collage Maker,collage-maker,https://www.mytulify.com/image-tools/collage-maker,Collage Maker,Collage Maker | free Collage Maker | free online Collage Maker | Collage Maker online | Image Tools Collage Maker | Combine multiple photos into a grid collage,Collage Maker – Free Online Image Tools Tool | Mytulify,"Combine multiple photos into a grid collage. Free browser tool — runs locally in your browser, no signup required.",high,medium
image-tools,Image Tools,Combine Images,combine-images,https://www.mytulify.com/image-tools/combine-images,Combine Images,Combine Images | free Combine Images | free online Combine Images | Combine Images online | Image Tools Combine Images | Stitch images together horizontally or vertically,Combine Images – Free Online Image Tools Tool | Mytulify,"Stitch images together horizontally or vertically. Free browser tool — runs locally in your browser, no signup required.",medium,low
image-tools,Image Tools,Passport Photo Maker,passport-photo-maker,https://www.mytulify.com/image-tools/passport-photo-maker,Passport Photo Maker,Passport Photo Maker | free Passport Photo Maker | free online Passport Photo Maker | Passport Photo Maker online | Image Tools Passport Photo Maker | Crop and size photos to passport/visa requirements,Passport Photo Maker – Free Online Image Tools Tool | Mytulify,"Crop and size photos to passport/visa requirements. Free browser tool — runs locally in your browser, no signup required.",high,medium
image-tools,Image Tools,Grayscale Image,grayscale-image,https://www.mytulify.com/image-tools/grayscale-image,Grayscale Image,Grayscale Image | free Grayscale Image | free online Grayscale Image | Grayscale Image online | Image Tools Grayscale Image | Convert a color image to black and white,Grayscale Image – Free Online Image Tools Tool | Mytulify,"Convert a color image to black and white. Free browser tool — runs locally in your browser, no signup required.",low,low
image-tools,Image Tools,Blur Image,blur-image,https://www.mytulify.com/image-tools/blur-image,Blur Image,Blur Image | free Blur Image | free online Blur Image | Blur Image online | Image Tools Blur Image | Apply adjustable blur to all or part of an image,Blur Image – Free Online Image Tools Tool | Mytulify,"Apply adjustable blur to all or part of an image. Free browser tool — runs locally in your browser, no signup required.",medium,low
image-tools,Image Tools,Pixelate Image,pixelate-image,https://www.mytulify.com/image-tools/pixelate-image,Pixelate Image,Pixelate Image | free Pixelate Image | free online Pixelate Image | Pixelate Image online | Image Tools Pixelate Image | Pixelate or censor regions of an image,Pixelate Image – Free Online Image Tools Tool | Mytulify,"Pixelate or censor regions of an image. Free browser tool — runs locally in your browser, no signup required.",medium,low
image-tools,Image Tools,Image to PDF,image-to-pdf,https://www.mytulify.com/image-tools/image-to-pdf,Image to PDF,Image to PDF | free Image to PDF | free online Image to PDF | Image to PDF online | Image Tools Image to PDF | Convert images into a single downloadable PDF,Image to PDF – Free Online Image Tools Tool | Mytulify,"Convert images into a single downloadable PDF. Free browser tool — runs locally in your browser, no signup required.",high,medium
image-tools,Image Tools,Circle Crop Image,circle-crop-image,https://www.mytulify.com/image-tools/circle-crop-image,Circle Crop Image,Circle Crop Image | free Circle Crop Image | free online Circle Crop Image | Circle Crop Image online | Image Tools Circle Crop Image | Crop an image into a transparent circle,Circle Crop Image – Free Online Image Tools Tool | Mytulify,"Crop an image into a transparent circle. Free browser tool — runs locally in your browser, no signup required.",medium,low
image-tools,Image Tools,JFIF to JPG,jfif-to-jpg,https://www.mytulify.com/image-tools/jfif-to-jpg,JFIF to JPG,JFIF to JPG | free JFIF to JPG | free online JFIF to JPG | JFIF to JPG online | Image Tools JFIF to JPG | Convert JFIF images to standard JPG format in your browser,JFIF to JPG – Free Online Image Tools Tool | Mytulify,"Convert JFIF images to standard JPG format in your browser. Free browser tool — runs locally in your browser, no signup required.",medium,low
image-tools,Image Tools,JFIF to PNG,jfif-to-png,https://www.mytulify.com/image-tools/jfif-to-png,JFIF to PNG,JFIF to PNG | free JFIF to PNG | free online JFIF to PNG | JFIF to PNG online | Image Tools JFIF to PNG | Convert JFIF images to lossless PNG format,JFIF to PNG – Free Online Image Tools Tool | Mytulify,"Convert JFIF images to lossless PNG format. Free browser tool — runs locally in your browser, no signup required.",medium,low
image-tools,Image Tools,BMP to JPG,bmp-to-jpg,https://www.mytulify.com/image-tools/bmp-to-jpg,BMP to JPG,BMP to JPG | free BMP to JPG | free online BMP to JPG | BMP to JPG online | Image Tools BMP to JPG | Convert BMP bitmap images to compressed JPG files,BMP to JPG – Free Online Image Tools Tool | Mytulify,"Convert BMP bitmap images to compressed JPG files. Free browser tool — runs locally in your browser, no signup required.",medium,low
image-tools,Image Tools,BMP to PDF,bmp-to-pdf,https://www.mytulify.com/image-tools/bmp-to-pdf,BMP to PDF,BMP to PDF | free BMP to PDF | free online BMP to PDF | BMP to PDF online | Image Tools BMP to PDF | Merge BMP images into a single PDF document,BMP to PDF – Free Online Image Tools Tool | Mytulify,"Merge BMP images into a single PDF document. Free browser tool — runs locally in your browser, no signup required.",medium,low
image-tools,Image Tools,AVIF to JPG,avif-to-jpg,https://www.mytulify.com/image-tools/avif-to-jpg,AVIF to JPG,AVIF to JPG | free AVIF to JPG | free online AVIF to JPG | AVIF to JPG online | Image Tools AVIF to JPG | Convert modern AVIF images to widely supported JPG,AVIF to JPG – Free Online Image Tools Tool | Mytulify,"Convert modern AVIF images to widely supported JPG. Free browser tool — runs locally in your browser, no signup required.",medium,low
image-tools,Image Tools,AVIF to WebP,avif-to-webp,https://www.mytulify.com/image-tools/avif-to-webp,AVIF to WebP,AVIF to WebP | free AVIF to WebP | free online AVIF to WebP | AVIF to WebP online | Image Tools AVIF to WebP | Convert AVIF images to efficient WebP format,AVIF to WebP – Free Online Image Tools Tool | Mytulify,"Convert AVIF images to efficient WebP format. Free browser tool — runs locally in your browser, no signup required.",low,low
image-tools,Image Tools,GIF Maker,gif-maker,https://www.mytulify.com/image-tools/gif-maker,GIF Maker,GIF Maker | free GIF Maker | free online GIF Maker | GIF Maker online | Image Tools GIF Maker | Create animated GIFs from multiple images in your browser,GIF Maker – Free Online Image Tools Tool | Mytulify,"Create animated GIFs from multiple images in your browser. Free browser tool — runs locally in your browser, no signup required.",high,medium
image-tools,Image Tools,GIF Resizer,gif-resizer,https://www.mytulify.com/image-tools/gif-resizer,GIF Resizer,GIF Resizer | free GIF Resizer | free online GIF Resizer | GIF Resizer online | Image Tools GIF Resizer | Resize animated GIFs with presets or custom dimensions,GIF Resizer – Free Online Image Tools Tool | Mytulify,"Resize animated GIFs with presets or custom dimensions. Free browser tool — runs locally in your browser, no signup required.",medium,low
image-tools,Image Tools,GIF Rotator,gif-rotator,https://www.mytulify.com/image-tools/gif-rotator,GIF Rotator,GIF Rotator | free GIF Rotator | free online GIF Rotator | GIF Rotator online | Image Tools GIF Rotator | Rotate or flip animated GIFs on every frame,GIF Rotator – Free Online Image Tools Tool | Mytulify,"Rotate or flip animated GIFs on every frame. Free browser tool — runs locally in your browser, no signup required.",low,low
image-tools,Image Tools,GIF Trimmer,gif-trimmer,https://www.mytulify.com/image-tools/gif-trimmer,GIF Trimmer,GIF Trimmer | free GIF Trimmer | free online GIF Trimmer | GIF Trimmer online | Image Tools GIF Trimmer | Trim GIF animations to a specific frame range,GIF Trimmer – Free Online Image Tools Tool | Mytulify,"Trim GIF animations to a specific frame range. Free browser tool — runs locally in your browser, no signup required.",medium,low
image-tools,Image Tools,GIF Optimizer,gif-optimizer,https://www.mytulify.com/image-tools/gif-optimizer,GIF Optimizer,GIF Optimizer | free GIF Optimizer | free online GIF Optimizer | GIF Optimizer online | Image Tools GIF Optimizer | Compress and optimize GIF file size in your browser,GIF Optimizer – Free Online Image Tools Tool | Mytulify,"Compress and optimize GIF file size in your browser. Free browser tool — runs locally in your browser, no signup required.",medium,low
image-tools,Image Tools,GIF to Video,gif-to-video,https://www.mytulify.com/image-tools/gif-to-video,GIF to Video,GIF to Video | free GIF to Video | free online GIF to Video | GIF to Video online | Image Tools GIF to Video | Convert animated GIFs to WebM video,GIF to Video – Free Online Image Tools Tool | Mytulify,"Convert animated GIFs to WebM video. Free browser tool — runs locally in your browser, no signup required.",medium,low
image-tools,Image Tools,GIF to PNG,gif-to-png,https://www.mytulify.com/image-tools/gif-to-png,GIF to PNG,GIF to PNG | free GIF to PNG | free online GIF to PNG | GIF to PNG online | Image Tools GIF to PNG | Extract all GIF frames as PNG images in a ZIP,GIF to PNG – Free Online Image Tools Tool | Mytulify,"Extract all GIF frames as PNG images in a ZIP. Free browser tool — runs locally in your browser, no signup required.",medium,low
image-tools,Image Tools,GIF to JPG,gif-to-jpg,https://www.mytulify.com/image-tools/gif-to-jpg,GIF to JPG,GIF to JPG | free GIF to JPG | free online GIF to JPG | GIF to JPG online | Image Tools GIF to JPG | Extract all GIF frames as JPG images in a ZIP,GIF to JPG – Free Online Image Tools Tool | Mytulify,"Extract all GIF frames as JPG images in a ZIP. Free browser tool — runs locally in your browser, no signup required.",low,low
image-tools,Image Tools,GIF to WebP,gif-to-webp,https://www.mytulify.com/image-tools/gif-to-webp,GIF to WebP,GIF to WebP | free GIF to WebP | free online GIF to WebP | GIF to WebP online | Image Tools GIF to WebP | Convert GIF animation frames to WebP images,GIF to WebP – Free Online Image Tools Tool | Mytulify,"Convert GIF animation frames to WebP images. Free browser tool — runs locally in your browser, no signup required.",low,low
image-tools,Image Tools,Aspect Ratio Calculator,aspect-ratio-calculator,https://www.mytulify.com/image-tools/aspect-ratio-calculator,Aspect Ratio Calculator,"Aspect Ratio Calculator | free Aspect Ratio Calculator | free online Aspect Ratio Calculator | Aspect Ratio Calculator online | Image Tools Aspect Ratio Calculator | Find aspect ratios from dimensions or scale width and height to 16:9, 9:16, 1:1 and more",Aspect Ratio Calculator – Free Online Tool | Mytulify,"Calculate aspect ratios from width and height, or scale to 16:9, 9:16, 1:1, 4:5 and more. Free CSS aspect-ratio helper — no signup.",high,low
image-tools,Image Tools,Duplicate Photo Finder,duplicate-photo-finder,https://www.mytulify.com/image-tools/duplicate-photo-finder,Duplicate Photo Finder,Duplicate Photo Finder | free Duplicate Photo Finder | free online Duplicate Photo Finder | Duplicate Photo Finder online | Image Tools Duplicate Photo Finder | Find exact and similar photos in your browser,Duplicate Photo Finder Online Free – No Upload | Mytulify,"Find duplicate and similar photos online in your browser. Keep the highest-resolution copy, scan a folder, and export a delete list. No upload.",high,medium
image-tools,Image Tools,Home Color Visualizer,home-color-visualizer,https://www.mytulify.com/image-tools/home-color-visualizer,Home Color Visualizer,"Home Color Visualizer | free Home Color Visualizer | free online Home Color Visualizer | Home Color Visualizer online | Image Tools Home Color Visualizer | Upload a photo of your home or room, try wall/door/furniture colors, and preview what looks best",Home Color Visualizer – Try Paint Colors on Your Photo | Mytulify,"Upload a room or house photo and try wall, door, and furniture colors instantly. Free home paint color visualizer — private, no signup.",high,medium
image-tools,Image Tools,Screenshot Auto-Anonymizer,screenshot-auto-anonymizer,https://www.mytulify.com/image-tools/screenshot-auto-anonymizer,Screenshot Auto-Anonymizer,"Screenshot Auto-Anonymizer | free Screenshot Auto-Anonymizer | free online Screenshot Auto-Anonymizer | Screenshot Auto-Anonymizer online | screenshot auto anonymizer | Image Tools Screenshot Auto-Anonymizer | Blur or blackout faces, text, credit cards, and sensitive objects in screenshots",Screenshot Auto-Anonymizer – Free Online Image Tools Tool | Mytulify,"Blur or blackout faces, text, credit cards, and sensitive objects in screenshots — 100% private in your browser. Free browser tool — runs locally in your…",high,medium
pdf-tools,PDF Tools,Merge PDF,merge-pdf,https://www.mytulify.com/pdf-tools/merge-pdf,Merge PDF,Merge PDF | free Merge PDF | free online Merge PDF | Merge PDF online | PDF Tools Merge PDF | Combine multiple PDF files into one document in any order,Merge PDF – Free Online PDF Tools Tool | Mytulify,"Combine multiple PDF files into one document in any order. Free browser tool — runs locally in your browser, no signup required.",high,medium
pdf-tools,PDF Tools,Split PDF,split-pdf,https://www.mytulify.com/pdf-tools/split-pdf,Split PDF,Split PDF | free Split PDF | free online Split PDF | Split PDF online | PDF Tools Split PDF | Separate a PDF into multiple files by page ranges,Split PDF – Free Online PDF Tools Tool | Mytulify,"Separate a PDF into multiple files by page ranges. Free browser tool — runs locally in your browser, no signup required.",high,medium
pdf-tools,PDF Tools,Compress PDF,compress-pdf,https://www.mytulify.com/pdf-tools/compress-pdf,Compress PDF,Compress PDF | free Compress PDF | free online Compress PDF | Compress PDF online | PDF Tools Compress PDF | Reduce PDF file size while preserving readable quality,Compress PDF – Free Online PDF Tools Tool | Mytulify,"Reduce PDF file size while preserving readable quality. Free browser tool — runs locally in your browser, no signup required.",high,medium
pdf-tools,PDF Tools,Rotate PDF,rotate-pdf,https://www.mytulify.com/pdf-tools/rotate-pdf,Rotate PDF,Rotate PDF | free Rotate PDF | free online Rotate PDF | Rotate PDF online | PDF Tools Rotate PDF | Rotate one or all pages of a PDF and save permanently,Rotate PDF – Free Online PDF Tools Tool | Mytulify,"Rotate one or all pages of a PDF and save permanently. Free browser tool — runs locally in your browser, no signup required.",high,low
pdf-tools,PDF Tools,Delete PDF Pages,delete-pdf-pages,https://www.mytulify.com/pdf-tools/delete-pdf-pages,Delete PDF Pages,Delete PDF Pages | free Delete PDF Pages | free online Delete PDF Pages | Delete PDF Pages online | PDF Tools Delete PDF Pages | Remove selected pages from a PDF document,Delete PDF Pages – Free Online PDF Tools Tool | Mytulify,"Remove selected pages from a PDF document. Free browser tool — runs locally in your browser, no signup required.",high,low
pdf-tools,PDF Tools,Extract PDF Pages,extract-pdf-pages,https://www.mytulify.com/pdf-tools/extract-pdf-pages,Extract PDF Pages,Extract PDF Pages | free Extract PDF Pages | free online Extract PDF Pages | Extract PDF Pages online | PDF Tools Extract PDF Pages | Pull selected pages out into a new PDF file,Extract PDF Pages – Free Online PDF Tools Tool | Mytulify,"Pull selected pages out into a new PDF file. Free browser tool — runs locally in your browser, no signup required.",medium,low
pdf-tools,PDF Tools,Organize PDF,organize-pdf,https://www.mytulify.com/pdf-tools/organize-pdf,Organize PDF,"Organize PDF | free Organize PDF | free online Organize PDF | Organize PDF online | PDF Tools Organize PDF | Reorder, rearrange, and sort PDF pages by drag and drop",Organize PDF – Free Online PDF Tools Tool | Mytulify,"Reorder, rearrange, and sort PDF pages by drag and drop. Free browser tool — runs locally in your browser, no signup required.",medium,low
pdf-tools,PDF Tools,JPG to PDF,jpg-to-pdf,https://www.mytulify.com/pdf-tools/jpg-to-pdf,JPG to PDF,JPG to PDF | free JPG to PDF | free online JPG to PDF | JPG to PDF online | PDF Tools JPG to PDF | Convert JPG and other images into a single PDF,JPG to PDF – Free Online PDF Tools Tool | Mytulify,"Convert JPG and other images into a single PDF. Free browser tool — runs locally in your browser, no signup required.",high,medium
pdf-tools,PDF Tools,PNG to PDF,png-to-pdf,https://www.mytulify.com/pdf-tools/png-to-pdf,PNG to PDF,PNG to PDF | free PNG to PDF | free online PNG to PDF | PNG to PDF online | PDF Tools PNG to PDF | Turn one or more PNG images into a PDF document,PNG to PDF – Free Online PDF Tools Tool | Mytulify,"Turn one or more PNG images into a PDF document. Free browser tool — runs locally in your browser, no signup required.",high,low
pdf-tools,PDF Tools,PDF to JPG,pdf-to-jpg,https://www.mytulify.com/pdf-tools/pdf-to-jpg,PDF to JPG,PDF to JPG | free PDF to JPG | free online PDF to JPG | PDF to JPG online | PDF Tools PDF to JPG | Convert each PDF page into a downloadable JPG image,PDF to JPG – Free Online PDF Tools Tool | Mytulify,"Convert each PDF page into a downloadable JPG image. Free browser tool — runs locally in your browser, no signup required.",high,medium
pdf-tools,PDF Tools,PDF to PNG,pdf-to-png,https://www.mytulify.com/pdf-tools/pdf-to-png,PDF to PNG,PDF to PNG | free PDF to PNG | free online PDF to PNG | PDF to PNG online | PDF Tools PDF to PNG | Render PDF pages as high-quality PNG images,PDF to PNG – Free Online PDF Tools Tool | Mytulify,"Render PDF pages as high-quality PNG images. Free browser tool — runs locally in your browser, no signup required.",high,low
pdf-tools,PDF Tools,Images to PDF,images-to-pdf,https://www.mytulify.com/pdf-tools/images-to-pdf,Images to PDF,Images to PDF | free Images to PDF | free online Images to PDF | Images to PDF online | PDF Tools Images to PDF | Batch combine multiple images into one ordered PDF,Images to PDF – Free Online PDF Tools Tool | Mytulify,"Batch combine multiple images into one ordered PDF. Free browser tool — runs locally in your browser, no signup required.",medium,low
pdf-tools,PDF Tools,Extract Images from PDF,extract-images-from-pdf,https://www.mytulify.com/pdf-tools/extract-images-from-pdf,Extract Images from PDF,Extract Images from PDF | free Extract Images from PDF | free online Extract Images from PDF | Extract Images from PDF online | PDF Tools Extract Images from PDF | Pull all embedded images out of a PDF file,Extract Images from PDF – Free Online PDF Tools Tool | Mytulify,"Pull all embedded images out of a PDF file. Free browser tool — runs locally in your browser, no signup required.",medium,low
pdf-tools,PDF Tools,Add Page Numbers to PDF,add-page-numbers-to-pdf,https://www.mytulify.com/pdf-tools/add-page-numbers-to-pdf,Add Page Numbers to PDF,Add Page Numbers to PDF | free Add Page Numbers to PDF | free online Add Page Numbers to PDF | Add Page Numbers to PDF online | PDF Tools Add Page Numbers to PDF | Insert customizable page numbers into a PDF,Add Page Numbers to PDF – Free Online PDF Tools Tool | Mytulify,"Insert customizable page numbers into a PDF. Free browser tool — runs locally in your browser, no signup required.",medium,low
pdf-tools,PDF Tools,Add Watermark to PDF,add-watermark-to-pdf,https://www.mytulify.com/pdf-tools/add-watermark-to-pdf,Add Watermark to PDF,Add Watermark to PDF | free Add Watermark to PDF | free online Add Watermark to PDF | Add Watermark to PDF online | PDF Tools Add Watermark to PDF | Stamp text or image watermarks across PDF pages,Add Watermark to PDF – Free Online PDF Tools Tool | Mytulify,"Stamp text or image watermarks across PDF pages. Free browser tool — runs locally in your browser, no signup required.",medium,low
pdf-tools,PDF Tools,Crop PDF,crop-pdf,https://www.mytulify.com/pdf-tools/crop-pdf,Crop PDF,Crop PDF | free Crop PDF | free online Crop PDF | Crop PDF online | PDF Tools Crop PDF | Trim margins and crop the visible area of PDF pages,Crop PDF – Free Online PDF Tools Tool | Mytulify,"Trim margins and crop the visible area of PDF pages. Free browser tool — runs locally in your browser, no signup required.",medium,low
pdf-tools,PDF Tools,Protect PDF,protect-pdf,https://www.mytulify.com/pdf-tools/protect-pdf,Protect PDF,Protect PDF | free Protect PDF | free online Protect PDF | Protect PDF online | PDF Tools Protect PDF | Add a password and encryption to lock a PDF,Protect PDF – Free Online PDF Tools Tool | Mytulify,"Add a password and encryption to lock a PDF. Free browser tool — runs locally in your browser, no signup required.",high,low
pdf-tools,PDF Tools,Unlock PDF,unlock-pdf,https://www.mytulify.com/pdf-tools/unlock-pdf,Unlock PDF,Unlock PDF | free Unlock PDF | free online Unlock PDF | Unlock PDF online | PDF Tools Unlock PDF | Remove a known password from a PDF file,Unlock PDF – Free Online PDF Tools Tool | Mytulify,"Remove a known password from a PDF file. Free browser tool — runs locally in your browser, no signup required.",high,low
pdf-tools,PDF Tools,Sign PDF,sign-pdf,https://www.mytulify.com/pdf-tools/sign-pdf,Sign PDF,"Sign PDF | free Sign PDF | free online Sign PDF | Sign PDF online | PDF Tools Sign PDF | Preview PDF pages, draw/type/upload signatures, drag & resize placement, multi-page signing","Free Sign PDF Online – Draw, Type & Place Signatures | Mytulify","Sign PDF documents online for free. Preview pages, draw or type your signature, drag to position, resize, sign multiple pages, and download — private, no…",high,medium
pdf-tools,PDF Tools,Edit PDF,edit-pdf,https://www.mytulify.com/pdf-tools/edit-pdf,Edit PDF,"Edit PDF | free Edit PDF | free online Edit PDF | Edit PDF online | PDF Tools Edit PDF | Add text, images, shapes, and annotations to a PDF",Edit PDF – Free Online PDF Tools Tool | Mytulify,"Add text, images, shapes, and annotations to a PDF. Free browser tool — runs locally in your browser, no signup required.",high,medium
pdf-tools,PDF Tools,Fill PDF Form,fill-pdf-form,https://www.mytulify.com/pdf-tools/fill-pdf-form,Fill PDF Form,Fill PDF Form | free Fill PDF Form | free online Fill PDF Form | Fill PDF Form online | PDF Tools Fill PDF Form | Fill in and flatten interactive PDF form fields,Fill PDF Form – Free Online PDF Tools Tool | Mytulify,"Fill in and flatten interactive PDF form fields. Free browser tool — runs locally in your browser, no signup required.",medium,low
pdf-tools,PDF Tools,Flatten PDF,flatten-pdf,https://www.mytulify.com/pdf-tools/flatten-pdf,Flatten PDF,Flatten PDF | free Flatten PDF | free online Flatten PDF | Flatten PDF online | PDF Tools Flatten PDF | Merge annotations and form fields into static content,Flatten PDF – Free Online PDF Tools Tool | Mytulify,"Merge annotations and form fields into static content. Free browser tool — runs locally in your browser, no signup required.",medium,low
pdf-tools,PDF Tools,Resize PDF,resize-pdf,https://www.mytulify.com/pdf-tools/resize-pdf,Resize PDF,"Resize PDF | free Resize PDF | free online Resize PDF | Resize PDF online | PDF Tools Resize PDF | Scale PDF pages to A4, Letter, or custom dimensions",Resize PDF – Free Online PDF Tools Tool | Mytulify,"Scale PDF pages to A4, Letter, or custom dimensions. Free browser tool — runs locally in your browser, no signup required.",medium,low
pdf-tools,PDF Tools,Reverse PDF Pages,reverse-pdf-pages,https://www.mytulify.com/pdf-tools/reverse-pdf-pages,Reverse PDF Pages,Reverse PDF Pages | free Reverse PDF Pages | free online Reverse PDF Pages | Reverse PDF Pages online | PDF Tools Reverse PDF Pages | Flip the page order of a PDF document,Reverse PDF Pages – Free Online PDF Tools Tool | Mytulify,"Flip the page order of a PDF document. Free browser tool — runs locally in your browser, no signup required.",low,low
pdf-tools,PDF Tools,Split PDF in Half,split-pdf-in-half,https://www.mytulify.com/pdf-tools/split-pdf-in-half,Split PDF in Half,Split PDF in Half | free Split PDF in Half | free online Split PDF in Half | Split PDF in Half online | PDF Tools Split PDF in Half | Cut each PDF page vertically or horizontally into two,Split PDF in Half – Free Online PDF Tools Tool | Mytulify,"Cut each PDF page vertically or horizontally into two. Free browser tool — runs locally in your browser, no signup required.",medium,low
pdf-tools,PDF Tools,Extract Text from PDF,extract-text-from-pdf,https://www.mytulify.com/pdf-tools/extract-text-from-pdf,Extract Text from PDF,Extract Text from PDF | free Extract Text from PDF | free online Extract Text from PDF | Extract Text from PDF online | PDF Tools Extract Text from PDF | Copy all selectable text out of a PDF as plain text,Extract Text from PDF – Free Online PDF Tools Tool | Mytulify,"Copy all selectable text out of a PDF as plain text. Free browser tool — runs locally in your browser, no signup required.",medium,low
pdf-tools,PDF Tools,PDF Page Counter,pdf-page-counter,https://www.mytulify.com/pdf-tools/pdf-page-counter,PDF Page Counter,PDF Page Counter | free PDF Page Counter | free online PDF Page Counter | PDF Page Counter online | PDF Tools PDF Page Counter | Instantly count the number of pages in a PDF,PDF Page Counter – Free Online PDF Tools Tool | Mytulify,"Instantly count the number of pages in a PDF. Free browser tool — runs locally in your browser, no signup required.",low,low
pdf-tools,PDF Tools,Duplicate PDF Pages,duplicate-pdf-pages,https://www.mytulify.com/pdf-tools/duplicate-pdf-pages,Duplicate PDF Pages,Duplicate PDF Pages | free Duplicate PDF Pages | free online Duplicate PDF Pages | Duplicate PDF Pages online | PDF Tools Duplicate PDF Pages | Copy and repeat selected pages within a PDF,Duplicate PDF Pages – Free Online PDF Tools Tool | Mytulify,"Copy and repeat selected pages within a PDF. Free browser tool — runs locally in your browser, no signup required.",low,low
pdf-tools,PDF Tools,PDF to Word,pdf-to-word,https://www.mytulify.com/pdf-tools/pdf-to-word,PDF to Word,PDF to Word | free PDF to Word | free online PDF to Word | PDF to Word online | PDF Tools PDF to Word | Convert a PDF into an editable DOC/DOCX document,PDF to Word – Free Online PDF Tools Tool | Mytulify,"Convert a PDF into an editable DOC/DOCX document. Free browser tool — runs locally in your browser, no signup required.",high,medium
pdf-tools,PDF Tools,Word to PDF,word-to-pdf,https://www.mytulify.com/pdf-tools/word-to-pdf,Word to PDF,Word to PDF | free Word to PDF | free online Word to PDF | Word to PDF online | PDF Tools Word to PDF | Convert DOC/DOCX documents into PDF files,Word to PDF – Free Online PDF Tools Tool | Mytulify,"Convert DOC/DOCX documents into PDF files. Free browser tool — runs locally in your browser, no signup required.",high,medium
pdf-tools,PDF Tools,TXT to PDF,txt-to-pdf,https://www.mytulify.com/pdf-tools/txt-to-pdf,TXT to PDF,TXT to PDF | free TXT to PDF | free online TXT to PDF | TXT to PDF online | PDF Tools TXT to PDF | Convert plain text files into a formatted PDF document,TXT to PDF – Free Online PDF Tools Tool | Mytulify,"Convert plain text files into a formatted PDF document. Free browser tool — runs locally in your browser, no signup required.",medium,low
pdf-tools,PDF Tools,CSV to PDF,csv-to-pdf,https://www.mytulify.com/pdf-tools/csv-to-pdf,CSV to PDF,CSV to PDF | free CSV to PDF | free online CSV to PDF | CSV to PDF online | PDF Tools CSV to PDF | Turn CSV spreadsheet data into a readable PDF,CSV to PDF – Free Online PDF Tools Tool | Mytulify,"Turn CSV spreadsheet data into a readable PDF. Free browser tool — runs locally in your browser, no signup required.",medium,low
pdf-tools,PDF Tools,Excel to PDF,excel-to-pdf,https://www.mytulify.com/pdf-tools/excel-to-pdf,Excel to PDF,Excel to PDF | free Excel to PDF | free online Excel to PDF | Excel to PDF online | PDF Tools Excel to PDF | Convert CSV exports from Excel into PDF files,Excel to PDF – Free Online PDF Tools Tool | Mytulify,"Convert CSV exports from Excel into PDF files. Free browser tool — runs locally in your browser, no signup required.",high,medium
pdf-tools,PDF Tools,PDF to Excel,pdf-to-excel,https://www.mytulify.com/pdf-tools/pdf-to-excel,PDF to Excel,PDF to Excel | free PDF to Excel | free online PDF to Excel | PDF to Excel online | PDF Tools PDF to Excel | Extract PDF table data and download as CSV for Excel,PDF to Excel – Free Online PDF Tools Tool | Mytulify,"Extract PDF table data and download as CSV for Excel. Free browser tool — runs locally in your browser, no signup required.",high,medium
pdf-tools,PDF Tools,EPUB to PDF,epub-to-pdf,https://www.mytulify.com/pdf-tools/epub-to-pdf,EPUB to PDF,EPUB to PDF | free EPUB to PDF | free online EPUB to PDF | EPUB to PDF online | PDF Tools EPUB to PDF | Convert EPUB ebooks to PDF for printing or sharing,EPUB to PDF – Free Online PDF Tools Tool | Mytulify,"Convert EPUB ebooks to PDF for printing or sharing. Free browser tool — runs locally in your browser, no signup required.",medium,low
pdf-tools,PDF Tools,CBZ to PDF,cbz-to-pdf,https://www.mytulify.com/pdf-tools/cbz-to-pdf,CBZ to PDF,CBZ to PDF | free CBZ to PDF | free online CBZ to PDF | CBZ to PDF online | PDF Tools CBZ to PDF | Convert CBZ comic archives to a single PDF,CBZ to PDF – Free Online PDF Tools Tool | Mytulify,"Convert CBZ comic archives to a single PDF. Free browser tool — runs locally in your browser, no signup required.",medium,low
pdf-tools,PDF Tools,PDF to CBZ,pdf-to-cbz,https://www.mytulify.com/pdf-tools/pdf-to-cbz,PDF to CBZ,PDF to CBZ | free PDF to CBZ | free online PDF to CBZ | PDF to CBZ online | PDF Tools PDF to CBZ | Convert PDF pages into a CBZ comic archive,PDF to CBZ – Free Online PDF Tools Tool | Mytulify,"Convert PDF pages into a CBZ comic archive. Free browser tool — runs locally in your browser, no signup required.",low,low
pdf-tools,PDF Tools,PDF to PDF/A,pdf-to-pdf-a,https://www.mytulify.com/pdf-tools/pdf-to-pdf-a,PDF to PDF/A,PDF to PDF/A | free PDF to PDF/A | free online PDF to PDF/A | PDF to PDF/A online | pdf to pdf a | PDF Tools PDF to PDF/A | Prepare PDFs for long-term archival (PDF/A style export),PDF to PDF/A – Free Online PDF Tools Tool | Mytulify,"Prepare PDFs for long-term archival (PDF/A style export). Free browser tool — runs locally in your browser, no signup required.",medium,low
pdf-tools,PDF Tools,Bank Statement to Excel,bank-statement-to-excel,https://www.mytulify.com/pdf-tools/bank-statement-to-excel,Bank Statement to Excel,Bank Statement to Excel | free Bank Statement to Excel | free online Bank Statement to Excel | Bank Statement to Excel online | PDF Tools Bank Statement to Excel | Extract bank statement PDF data to CSV for Excel,Bank Statement to Excel – Free Online PDF Tools Tool | Mytulify,"Extract bank statement PDF data to CSV for Excel. Free browser tool — runs locally in your browser, no signup required.",high,medium
security-password-tools,Security & Password Tools,Password Generator,password-generator,https://www.mytulify.com/security-password-tools/password-generator,Password Generator,Password Generator | free Password Generator | free online Password Generator | Password Generator online | Security & Password Tools Password Generator | Generate strong random passwords with adjustable length and character sets,Password Generator – Free Online Security & Password Tools Tool | Mytulify,"Generate strong random passwords with adjustable length and character sets. Free browser tool — runs locally in your browser, no signup required.",high,medium
security-password-tools,Security & Password Tools,Password Strength Checker,password-strength-checker,https://www.mytulify.com/security-password-tools/password-strength-checker,Password Strength Checker,Password Strength Checker | free Password Strength Checker | free online Password Strength Checker | Password Strength Checker online | Security & Password Tools Password Strength Checker | Estimate password strength and crack time in the browser,Password Strength Checker – Free Online Security & Password Tools Tool | Mytulify,"Estimate password strength and crack time in the browser. Free browser tool — runs locally in your browser, no signup required.",high,medium
security-password-tools,Security & Password Tools,MD5 Hash Generator,md5-hash-generator,https://www.mytulify.com/security-password-tools/md5-hash-generator,MD5 Hash Generator,MD5 Hash Generator | free MD5 Hash Generator | free online MD5 Hash Generator | MD5 Hash Generator online | Security & Password Tools MD5 Hash Generator | Compute the MD5 hash of any input text,MD5 Hash Generator – Free Online Security & Password Tools Tool | Mytulify,"Compute the MD5 hash of any input text. Free browser tool — runs locally in your browser, no signup required.",high,low
security-password-tools,Security & Password Tools,SHA-256 Hash Generator,sha256-hash-generator,https://www.mytulify.com/security-password-tools/sha256-hash-generator,SHA-256 Hash Generator,SHA-256 Hash Generator | free SHA-256 Hash Generator | free online SHA-256 Hash Generator | SHA-256 Hash Generator online | sha256 hash generator | Security & Password Tools SHA-256 Hash Generator | Generate SHA-256 hashes via the Web Crypto API,SHA-256 Hash Generator – Free Online Security & Password Tools Tool | Mytulify,"Generate SHA-256 hashes via the Web Crypto API. Free browser tool — runs locally in your browser, no signup required.",high,low
security-password-tools,Security & Password Tools,SHA-1 Hash Generator,sha1-hash-generator,https://www.mytulify.com/security-password-tools/sha1-hash-generator,SHA-1 Hash Generator,SHA-1 Hash Generator | free SHA-1 Hash Generator | free online SHA-1 Hash Generator | SHA-1 Hash Generator online | sha1 hash generator | Security & Password Tools SHA-1 Hash Generator | Compute SHA-1 hashes for text input,SHA-1 Hash Generator – Free Online Security & Password Tools Tool | Mytulify,"Compute SHA-1 hashes for text input. Free browser tool — runs locally in your browser, no signup required.",medium,low
security-password-tools,Security & Password Tools,SHA-512 Hash Generator,sha512-hash-generator,https://www.mytulify.com/security-password-tools/sha512-hash-generator,SHA-512 Hash Generator,SHA-512 Hash Generator | free SHA-512 Hash Generator | free online SHA-512 Hash Generator | SHA-512 Hash Generator online | sha512 hash generator | Security & Password Tools SHA-512 Hash Generator | Generate SHA-512 hashes for text,SHA-512 Hash Generator – Free Online Security & Password Tools Tool | Mytulify,"Generate SHA-512 hashes for text. Free browser tool — runs locally in your browser, no signup required.",medium,low
security-password-tools,Security & Password Tools,Bcrypt Generator,bcrypt-generator,https://www.mytulify.com/security-password-tools/bcrypt-generator,Bcrypt Generator,"Bcrypt Generator | free Bcrypt Generator | free online Bcrypt Generator | Bcrypt Generator online | Security & Password Tools Bcrypt Generator | Hash passwords with bcrypt and verify them, with adjustable rounds",Bcrypt Generator – Free Online Security & Password Tools Tool | Mytulify,"Hash passwords with bcrypt and verify them, with adjustable rounds. Free browser tool — runs locally in your browser, no signup required.",high,medium
security-password-tools,Security & Password Tools,Bulk Password Generator,bulk-password-generator,https://www.mytulify.com/security-password-tools/bulk-password-generator,Bulk Password Generator,Bulk Password Generator | free Bulk Password Generator | free online Bulk Password Generator | Bulk Password Generator online | Security & Password Tools Bulk Password Generator | Generate many strong passwords at once for export,Bulk Password Generator – Free Online Security & Password Tools Tool | Mytulify,"Generate many strong passwords at once for export. Free browser tool — runs locally in your browser, no signup required.",medium,low
security-password-tools,Security & Password Tools,Passphrase Generator,passphrase-generator,https://www.mytulify.com/security-password-tools/passphrase-generator,Passphrase Generator,Passphrase Generator | free Passphrase Generator | free online Passphrase Generator | Passphrase Generator online | Security & Password Tools Passphrase Generator | Build memorable Diceware-style word passphrases,Passphrase Generator – Free Online Security & Password Tools Tool | Mytulify,"Build memorable Diceware-style word passphrases. Free browser tool — runs locally in your browser, no signup required.",medium,low
security-password-tools,Security & Password Tools,AES Text Encrypt/Decrypt,aes-encrypt-decrypt,https://www.mytulify.com/security-password-tools/aes-encrypt-decrypt,AES Text Encrypt/Decrypt,"AES Text Encrypt/Decrypt | free AES Text Encrypt/Decrypt | free online AES Text Encrypt/Decrypt | AES Text Encrypt/Decrypt online | aes encrypt decrypt | Security & Password Tools AES Text Encrypt/Decrypt | Encrypt and decrypt text with AES-GCM and a passphrase, fully client-side",AES Text Encrypt/Decrypt – Free Online Security & Password Tools Tool | Mytulify,"Encrypt and decrypt text with AES-GCM and a passphrase, fully client-side. Free browser tool — runs locally in your browser, no signup required.",medium,low
security-password-tools,Security & Password Tools,HMAC Generator,hmac-generator,https://www.mytulify.com/security-password-tools/hmac-generator,HMAC Generator,HMAC Generator | free HMAC Generator | free online HMAC Generator | HMAC Generator online | Security & Password Tools HMAC Generator | Compute HMAC signatures with a chosen hash and secret key,HMAC Generator – Free Online Security & Password Tools Tool | Mytulify,"Compute HMAC signatures with a chosen hash and secret key. Free browser tool — runs locally in your browser, no signup required.",medium,low
security-password-tools,Security & Password Tools,htpasswd Generator,htpasswd-generator,https://www.mytulify.com/security-password-tools/htpasswd-generator,htpasswd Generator,htpasswd Generator | free htpasswd Generator | free online htpasswd Generator | htpasswd Generator online | Security & Password Tools htpasswd Generator | Create Apache/Nginx htpasswd entries with bcrypt or APR1,htpasswd Generator – Free Online Security & Password Tools Tool | Mytulify,"Create Apache/Nginx htpasswd entries with bcrypt or APR1. Free browser tool — runs locally in your browser, no signup required.",medium,low
security-password-tools,Security & Password Tools,Secure UUID Generator,secure-uuid-generator,https://www.mytulify.com/security-password-tools/secure-uuid-generator,Secure UUID Generator,Secure UUID Generator | free Secure UUID Generator | free online Secure UUID Generator | Secure UUID Generator online | Security & Password Tools Secure UUID Generator | Generate cryptographically secure v4 UUIDs,Secure UUID Generator – Free Online Security & Password Tools Tool | Mytulify,"Generate cryptographically secure v4 UUIDs. Free browser tool — runs locally in your browser, no signup required.",high,low
security-password-tools,Security & Password Tools,API Key Generator,api-key-generator,https://www.mytulify.com/security-password-tools/api-key-generator,API Key Generator,API Key Generator | free API Key Generator | free online API Key Generator | API Key Generator online | Security & Password Tools API Key Generator | Generate random API keys and secret tokens,API Key Generator – Free Online Security & Password Tools Tool | Mytulify,"Generate random API keys and secret tokens. Free browser tool — runs locally in your browser, no signup required.",medium,low
security-password-tools,Security & Password Tools,Random Token Generator,random-token-generator,https://www.mytulify.com/security-password-tools/random-token-generator,Random Token Generator,Random Token Generator | free Random Token Generator | free online Random Token Generator | Random Token Generator online | Security & Password Tools Random Token Generator | Produce secure random tokens of configurable length and charset,Random Token Generator – Free Online Security & Password Tools Tool | Mytulify,"Produce secure random tokens of configurable length and charset. Free browser tool — runs locally in your browser, no signup required.",medium,low
security-password-tools,Security & Password Tools,TOTP / 2FA Code Generator,totp-generator,https://www.mytulify.com/security-password-tools/totp-generator,TOTP / 2FA Code Generator,TOTP / 2FA Code Generator | free TOTP / 2FA Code Generator | free online TOTP / 2FA Code Generator | TOTP / 2FA Code Generator online | totp generator | Security & Password Tools TOTP / 2FA Code Generator | Generate time-based OTP codes from a secret for 2FA testing,TOTP / 2FA Code Generator – Free Online Security & Password Tools Tool | Mytulify,"Generate time-based OTP codes from a secret for 2FA testing. Free browser tool — runs locally in your browser, no signup required.",medium,low
security-password-tools,Security & Password Tools,Hash Identifier,hash-identifier,https://www.mytulify.com/security-password-tools/hash-identifier,Hash Identifier,Hash Identifier | free Hash Identifier | free online Hash Identifier | Hash Identifier online | Security & Password Tools Hash Identifier | Detect the likely hash algorithm from a given hash string,Hash Identifier – Free Online Security & Password Tools Tool | Mytulify,"Detect the likely hash algorithm from a given hash string. Free browser tool — runs locally in your browser, no signup required.",medium,low
security-password-tools,Security & Password Tools,CRC32 Checksum Generator,crc32-generator,https://www.mytulify.com/security-password-tools/crc32-generator,CRC32 Checksum Generator,CRC32 Checksum Generator | free CRC32 Checksum Generator | free online CRC32 Checksum Generator | CRC32 Checksum Generator online | crc32 generator | Security & Password Tools CRC32 Checksum Generator | Compute CRC32 checksums for text or data,CRC32 Checksum Generator – Free Online Security & Password Tools Tool | Mytulify,"Compute CRC32 checksums for text or data. Free browser tool — runs locally in your browser, no signup required.",low,low
security-password-tools,Security & Password Tools,Base64 Hash Generator,base64-hash-generator,https://www.mytulify.com/security-password-tools/base64-hash-generator,Base64 Hash Generator,Base64 Hash Generator | free Base64 Hash Generator | free online Base64 Hash Generator | Base64 Hash Generator online | Security & Password Tools Base64 Hash Generator | Hash input and output the digest in Base64 form,Base64 Hash Generator – Free Online Security & Password Tools Tool | Mytulify,"Hash input and output the digest in Base64 form. Free browser tool — runs locally in your browser, no signup required.",low,low
security-password-tools,Security & Password Tools,PIN Generator,pin-generator,https://www.mytulify.com/security-password-tools/pin-generator,PIN Generator,PIN Generator | free PIN Generator | free online PIN Generator | PIN Generator online | Security & Password Tools PIN Generator | Generate random numeric PIN codes of chosen length,PIN Generator – Free Online Security & Password Tools Tool | Mytulify,"Generate random numeric PIN codes of chosen length. Free browser tool — runs locally in your browser, no signup required.",medium,low
security-password-tools,Security & Password Tools,WiFi QR Code Generator,wifi-qr-code-generator,https://www.mytulify.com/security-password-tools/wifi-qr-code-generator,WiFi QR Code Generator,WiFi QR Code Generator | free WiFi QR Code Generator | free online WiFi QR Code Generator | WiFi QR Code Generator online | Security & Password Tools WiFi QR Code Generator | Create a QR code that shares WiFi credentials for easy connection,WiFi QR Code Generator – Free Online Security & Password Tools Tool | Mytulify,"Create a QR code that shares WiFi credentials for easy connection. Free browser tool — runs locally in your browser, no signup required.",medium,low
security-password-tools,Security & Password Tools,CSRF Token Generator,csrf-token-generator,https://www.mytulify.com/security-password-tools/csrf-token-generator,CSRF Token Generator,CSRF Token Generator | free CSRF Token Generator | free online CSRF Token Generator | CSRF Token Generator online | Security & Password Tools CSRF Token Generator | Generate random anti-CSRF tokens for forms,CSRF Token Generator – Free Online Security & Password Tools Tool | Mytulify,"Generate random anti-CSRF tokens for forms. Free browser tool — runs locally in your browser, no signup required.",low,low
security-password-tools,Security & Password Tools,NTLM Hash Generator,ntlm-hash-generator,https://www.mytulify.com/security-password-tools/ntlm-hash-generator,NTLM Hash Generator,NTLM Hash Generator | free NTLM Hash Generator | free online NTLM Hash Generator | NTLM Hash Generator online | Security & Password Tools NTLM Hash Generator | Compute NTLM hashes from password input,NTLM Hash Generator – Free Online Security & Password Tools Tool | Mytulify,"Compute NTLM hashes from password input. Free browser tool — runs locally in your browser, no signup required.",low,low
security-password-tools,Security & Password Tools,Encryption Key Generator,encryption-key-generator,https://www.mytulify.com/security-password-tools/encryption-key-generator,Encryption Key Generator,Encryption Key Generator | free Encryption Key Generator | free online Encryption Key Generator | Encryption Key Generator online | Security & Password Tools Encryption Key Generator | Generate random AES keys in 128/192/256-bit lengths,Encryption Key Generator – Free Online Security & Password Tools Tool | Mytulify,"Generate random AES keys in 128/192/256-bit lengths. Free browser tool — runs locally in your browser, no signup required.",medium,low
security-password-tools,Security & Password Tools,Caesar Cipher Tool,caesar-cipher,https://www.mytulify.com/security-password-tools/caesar-cipher,Caesar Cipher Tool,Caesar Cipher Tool | free Caesar Cipher Tool | free online Caesar Cipher Tool | Caesar Cipher Tool online | caesar cipher | Security & Password Tools Caesar Cipher Tool | Encrypt and decrypt text using a shift-based Caesar cipher,Caesar Cipher Tool – Free Online Security & Password Tools Tool | Mytulify,"Encrypt and decrypt text using a shift-based Caesar cipher. Free browser tool — runs locally in your browser, no signup required.",medium,low
security-password-tools,Security & Password Tools,ROT47 Encoder/Decoder,rot47-encoder-decoder,https://www.mytulify.com/security-password-tools/rot47-encoder-decoder,ROT47 Encoder/Decoder,ROT47 Encoder/Decoder | free ROT47 Encoder/Decoder | free online ROT47 Encoder/Decoder | ROT47 Encoder/Decoder online | rot47 encoder decoder | Security & Password Tools ROT47 Encoder/Decoder | Apply the ROT47 substitution cipher to text,ROT47 Encoder/Decoder – Free Online Security & Password Tools Tool | Mytulify,"Apply the ROT47 substitution cipher to text. Free browser tool — runs locally in your browser, no signup required.",low,low
security-password-tools,Security & Password Tools,Password Entropy Calculator,password-entropy-calculator,https://www.mytulify.com/security-password-tools/password-entropy-calculator,Password Entropy Calculator,Password Entropy Calculator | free Password Entropy Calculator | free online Password Entropy Calculator | Password Entropy Calculator online | Security & Password Tools Password Entropy Calculator | Calculate the bits of entropy in a password,Password Entropy Calculator – Free Online Security & Password Tools Tool | Mytulify,"Calculate the bits of entropy in a password. Free browser tool — runs locally in your browser, no signup required.",low,low
security-password-tools,Security & Password Tools,Salt Generator,salt-generator,https://www.mytulify.com/security-password-tools/salt-generator,Salt Generator,Salt Generator | free Salt Generator | free online Salt Generator | Salt Generator online | Security & Password Tools Salt Generator | Generate random cryptographic salts in hex or Base64,Salt Generator – Free Online Security & Password Tools Tool | Mytulify,"Generate random cryptographic salts in hex or Base64. Free browser tool — runs locally in your browser, no signup required.",low,low
security-password-tools,Security & Password Tools,Argon2 Hash Generator,argon2-hash-generator,https://www.mytulify.com/security-password-tools/argon2-hash-generator,Argon2 Hash Generator,"Argon2 Hash Generator | free Argon2 Hash Generator | free online Argon2 Hash Generator | Argon2 Hash Generator online | Security & Password Tools Argon2 Hash Generator | Hash passwords with Argon2id, with tunable parameters",Argon2 Hash Generator – Free Online Security & Password Tools Tool | Mytulify,"Hash passwords with Argon2id, with tunable parameters. Free browser tool — runs locally in your browser, no signup required.",medium,low
security-password-tools,Security & Password Tools,JWT Signature Verifier,jwt-verifier,https://www.mytulify.com/security-password-tools/jwt-verifier,JWT Signature Verifier,JWT Signature Verifier | free JWT Signature Verifier | free online JWT Signature Verifier | JWT Signature Verifier online | jwt verifier | Security & Password Tools JWT Signature Verifier | Verify a JWT signature against a provided secret or key,JWT Signature Verifier – Free Online Security & Password Tools Tool | Mytulify,"Verify a JWT signature against a provided secret or key. Free browser tool — runs locally in your browser, no signup required.",medium,medium
seo-web-tools,SEO & Web Tools,Meta Tag Generator,meta-tag-generator,https://www.mytulify.com/seo-web-tools/meta-tag-generator,Meta Tag Generator,"Meta Tag Generator | free Meta Tag Generator | free online Meta Tag Generator | Meta Tag Generator online | SEO & Web Tools Meta Tag Generator | Generate title, description, and meta tags HTML from form inputs",Meta Tag Generator – Free Online SEO & Web Tools Tool | Mytulify,"Generate title, description, and meta tags HTML from form inputs. Free browser tool — runs locally in your browser, no signup required.",high,medium
seo-web-tools,SEO & Web Tools,Meta Tags Analyzer,meta-tags-analyzer,https://www.mytulify.com/seo-web-tools/meta-tags-analyzer,Meta Tags Analyzer,Meta Tags Analyzer | free Meta Tags Analyzer | free online Meta Tags Analyzer | Meta Tags Analyzer online | SEO & Web Tools Meta Tags Analyzer | Parse pasted HTML to extract and audit meta tags for SEO issues,Meta Tags Analyzer – Free Online SEO & Web Tools Tool | Mytulify,"Parse pasted HTML to extract and audit meta tags for SEO issues. Free browser tool — runs locally in your browser, no signup required.",high,medium
seo-web-tools,SEO & Web Tools,Keyword Density Checker,keyword-density-checker,https://www.mytulify.com/seo-web-tools/keyword-density-checker,Keyword Density Checker,Keyword Density Checker | free Keyword Density Checker | free online Keyword Density Checker | Keyword Density Checker online | SEO & Web Tools Keyword Density Checker | Count word frequency and density percentages in pasted text or HTML,Keyword Density Checker – Free Online SEO & Web Tools Tool | Mytulify,"Count word frequency and density percentages in pasted text or HTML. Free browser tool — runs locally in your browser, no signup required.",high,low
seo-web-tools,SEO & Web Tools,Robots.txt Generator,robots-txt-generator,https://www.mytulify.com/seo-web-tools/robots-txt-generator,Robots.txt Generator,Robots.txt Generator | free Robots.txt Generator | free online Robots.txt Generator | Robots.txt Generator online | robots txt generator | SEO & Web Tools Robots.txt Generator | Build a valid robots,Robots.txt Generator – Free Online SEO & Web Tools Tool | Mytulify,"Build a valid robots.txt file from allow/disallow and sitemap inputs. Free browser tool — runs locally in your browser, no signup required.",high,low
seo-web-tools,SEO & Web Tools,XML Sitemap Generator,xml-sitemap-generator,https://www.mytulify.com/seo-web-tools/xml-sitemap-generator,XML Sitemap Generator,XML Sitemap Generator | free XML Sitemap Generator | free online XML Sitemap Generator | XML Sitemap Generator online | SEO & Web Tools XML Sitemap Generator | Create an XML sitemap from a list of URLs with priority and frequency,XML Sitemap Generator – Free Online SEO & Web Tools Tool | Mytulify,"Create an XML sitemap from a list of URLs with priority and frequency. Free browser tool — runs locally in your browser, no signup required.",high,medium
seo-web-tools,SEO & Web Tools,Schema Markup Generator,schema-markup-generator,https://www.mytulify.com/seo-web-tools/schema-markup-generator,Schema Markup Generator,"Schema Markup Generator | free Schema Markup Generator | free online Schema Markup Generator | Schema Markup Generator online | SEO & Web Tools Schema Markup Generator | Generate JSON-LD structured data for articles, products, FAQs, and more",Schema Markup Generator – Free Online SEO & Web Tools Tool | Mytulify,"Generate JSON-LD structured data for articles, products, FAQs, and more. Free browser tool — runs locally in your browser, no signup required.",high,medium
seo-web-tools,SEO & Web Tools,Open Graph Generator,open-graph-generator,https://www.mytulify.com/seo-web-tools/open-graph-generator,Open Graph Generator,Open Graph Generator | free Open Graph Generator | free online Open Graph Generator | Open Graph Generator online | SEO & Web Tools Open Graph Generator | Produce Open Graph (og:) meta tags for social link previews,Open Graph Generator – Free Online SEO & Web Tools Tool | Mytulify,"Produce Open Graph (og:) meta tags for social link previews. Free browser tool — runs locally in your browser, no signup required.",medium,low
seo-web-tools,SEO & Web Tools,Twitter Card Generator,twitter-card-generator,https://www.mytulify.com/seo-web-tools/twitter-card-generator,Twitter Card Generator,Twitter Card Generator | free Twitter Card Generator | free online Twitter Card Generator | Twitter Card Generator online | SEO & Web Tools Twitter Card Generator | Build Twitter/X card meta tags and preview the card,Twitter Card Generator – Free Online SEO & Web Tools Tool | Mytulify,"Build Twitter/X card meta tags and preview the card. Free browser tool — runs locally in your browser, no signup required.",medium,low
seo-web-tools,SEO & Web Tools,SERP Snippet Preview,serp-snippet-preview,https://www.mytulify.com/seo-web-tools/serp-snippet-preview,SERP Snippet Preview,SERP Snippet Preview | free SERP Snippet Preview | free online SERP Snippet Preview | SERP Snippet Preview online | SEO & Web Tools SERP Snippet Preview | Preview how a page appears in Google results with pixel-width checks,SERP Snippet Preview – Free Online SEO & Web Tools Tool | Mytulify,"Preview how a page appears in Google results with pixel-width checks. Free browser tool — runs locally in your browser, no signup required.",medium,low
seo-web-tools,SEO & Web Tools,.htaccess Generator,htaccess-generator,https://www.mytulify.com/seo-web-tools/htaccess-generator,.htaccess Generator,.htaccess Generator | free .htaccess Generator | free online .htaccess Generator | .htaccess Generator online | htaccess generator | SEO & Web Tools .htaccess Generator | Generate,.htaccess Generator – Free Online SEO & Web Tools Tool | Mytulify,"Generate .htaccess rules for redirects, caching, and security. Free browser tool — runs locally in your browser, no signup required.",medium,low
seo-web-tools,SEO & Web Tools,URL Slug Generator,url-slug-generator,https://www.mytulify.com/seo-web-tools/url-slug-generator,URL Slug Generator,URL Slug Generator | free URL Slug Generator | free online URL Slug Generator | URL Slug Generator online | SEO & Web Tools URL Slug Generator | Convert titles into clean SEO-friendly slugs with stop-word removal,URL Slug Generator – Free Online SEO & Web Tools Tool | Mytulify,"Convert titles into clean SEO-friendly slugs with stop-word removal. Free browser tool — runs locally in your browser, no signup required.",medium,low
seo-web-tools,SEO & Web Tools,Code to Text Ratio Checker,code-to-text-ratio-checker,https://www.mytulify.com/seo-web-tools/code-to-text-ratio-checker,Code to Text Ratio Checker,Code to Text Ratio Checker | free Code to Text Ratio Checker | free online Code to Text Ratio Checker | Code to Text Ratio Checker online | SEO & Web Tools Code to Text Ratio Checker | Calculate the ratio of visible text to HTML code from pasted markup,Code to Text Ratio Checker – Free Online SEO & Web Tools Tool | Mytulify,"Calculate the ratio of visible text to HTML code from pasted markup. Free browser tool — runs locally in your browser, no signup required.",medium,low
seo-web-tools,SEO & Web Tools,Robots Meta Tag Generator,robots-meta-tag-generator,https://www.mytulify.com/seo-web-tools/robots-meta-tag-generator,Robots Meta Tag Generator,Robots Meta Tag Generator | free Robots Meta Tag Generator | free online Robots Meta Tag Generator | Robots Meta Tag Generator online | SEO & Web Tools Robots Meta Tag Generator | Generate index/noindex/follow robots meta directives,Robots Meta Tag Generator – Free Online SEO & Web Tools Tool | Mytulify,"Generate index/noindex/follow robots meta directives. Free browser tool — runs locally in your browser, no signup required.",medium,low
seo-web-tools,SEO & Web Tools,Canonical Tag Generator,canonical-tag-generator,https://www.mytulify.com/seo-web-tools/canonical-tag-generator,Canonical Tag Generator,Canonical Tag Generator | free Canonical Tag Generator | free online Canonical Tag Generator | Canonical Tag Generator online | SEO & Web Tools Canonical Tag Generator | Create rel=canonical link tags to prevent duplicate content,Canonical Tag Generator – Free Online SEO & Web Tools Tool | Mytulify,"Create rel=canonical link tags to prevent duplicate content. Free browser tool — runs locally in your browser, no signup required.",medium,low
seo-web-tools,SEO & Web Tools,Hreflang Tag Generator,hreflang-tag-generator,https://www.mytulify.com/seo-web-tools/hreflang-tag-generator,Hreflang Tag Generator,Hreflang Tag Generator | free Hreflang Tag Generator | free online Hreflang Tag Generator | Hreflang Tag Generator online | SEO & Web Tools Hreflang Tag Generator | Generate hreflang tags for multilingual and regional targeting,Hreflang Tag Generator – Free Online SEO & Web Tools Tool | Mytulify,"Generate hreflang tags for multilingual and regional targeting. Free browser tool — runs locally in your browser, no signup required.",medium,low
seo-web-tools,SEO & Web Tools,Keyword Combiner,keyword-combiner,https://www.mytulify.com/seo-web-tools/keyword-combiner,Keyword Combiner,Keyword Combiner | free Keyword Combiner | free online Keyword Combiner | Keyword Combiner online | SEO & Web Tools Keyword Combiner | Combine and permute keyword lists into broad/phrase/exact match,Keyword Combiner – Free Online SEO & Web Tools Tool | Mytulify,"Combine and permute keyword lists into broad/phrase/exact match. Free browser tool — runs locally in your browser, no signup required.",medium,low
seo-web-tools,SEO & Web Tools,UTM Builder,utm-builder,https://www.mytulify.com/seo-web-tools/utm-builder,UTM Builder,"UTM Builder | free UTM Builder | free online UTM Builder | UTM Builder online | SEO & Web Tools UTM Builder | Generate trackable campaign URLs with UTM source, medium, and name parameters",Free UTM Builder Tool for Google Analytics | Mytulify,"Generate trackable UTM links for your marketing campaigns in seconds. Free UTM builder with campaign source, medium, and name fields — no signup.",high,low
seo-web-tools,SEO & Web Tools,HTML Tag Stripper,html-tag-stripper,https://www.mytulify.com/seo-web-tools/html-tag-stripper,HTML Tag Stripper,HTML Tag Stripper | free HTML Tag Stripper | free online HTML Tag Stripper | HTML Tag Stripper online | SEO & Web Tools HTML Tag Stripper | Remove HTML tags to extract plain text from markup,HTML Tag Stripper – Free Online SEO & Web Tools Tool | Mytulify,"Remove HTML tags to extract plain text from markup. Free browser tool — runs locally in your browser, no signup required.",medium,low
seo-web-tools,SEO & Web Tools,Meta Description Length Checker,meta-description-length-checker,https://www.mytulify.com/seo-web-tools/meta-description-length-checker,Meta Description Length Checker,Meta Description Length Checker | free Meta Description Length Checker | free online Meta Description Length Checker | Meta Description Length Checker online | SEO & Web Tools Meta Description Length Checker | Check meta description length with a live Google search preview,Meta Description Length Checker – Free SEO Tool (2026) | Mytulify,"Check your meta description length instantly. See a live Google search preview and know if your description is too long, too short, or perfect for SEO.…",medium,low
seo-web-tools,SEO & Web Tools,Meta Title Length Checker,meta-title-length-checker,https://www.mytulify.com/seo-web-tools/meta-title-length-checker,Meta Title Length Checker,Meta Title Length Checker | free Meta Title Length Checker | free online Meta Title Length Checker | Meta Title Length Checker online | SEO & Web Tools Meta Title Length Checker | Check if your page title is the right length for Google,Meta Title Length Checker – Free SEO Tool | Mytulify,"Check if your page title is the right length for Google search results. Avoid truncation and improve click-through rate. Free, instant, no signup.",medium,low
seo-web-tools,SEO & Web Tools,Robots.txt Validator,robots-txt-validator,https://www.mytulify.com/seo-web-tools/robots-txt-validator,Robots.txt Validator,Robots.txt Validator | free Robots.txt Validator | free online Robots.txt Validator | Robots.txt Validator online | robots txt validator | SEO & Web Tools Robots.txt Validator | Validate robots,Robots.txt Validator – Free Online SEO & Web Tools Tool | Mytulify,"Validate robots.txt syntax and test URL allow/block rules. Free browser tool — runs locally in your browser, no signup required.",medium,low
seo-web-tools,SEO & Web Tools,FAQ Schema Generator,faq-schema-generator,https://www.mytulify.com/seo-web-tools/faq-schema-generator,FAQ Schema Generator,FAQ Schema Generator | free FAQ Schema Generator | free online FAQ Schema Generator | FAQ Schema Generator online | SEO & Web Tools FAQ Schema Generator | Generate FAQPage JSON-LD from question/answer pairs,FAQ Schema Generator – Free Online SEO & Web Tools Tool | Mytulify,"Generate FAQPage JSON-LD from question/answer pairs. Free browser tool — runs locally in your browser, no signup required.",medium,low
seo-web-tools,SEO & Web Tools,Breadcrumb Schema Generator,breadcrumb-schema-generator,https://www.mytulify.com/seo-web-tools/breadcrumb-schema-generator,Breadcrumb Schema Generator,Breadcrumb Schema Generator | free Breadcrumb Schema Generator | free online Breadcrumb Schema Generator | Breadcrumb Schema Generator online | SEO & Web Tools Breadcrumb Schema Generator | Create BreadcrumbList structured data from a page path,Breadcrumb Schema Generator – Free Online SEO & Web Tools Tool | Mytulify,"Create BreadcrumbList structured data from a page path. Free browser tool — runs locally in your browser, no signup required.",low,low
seo-web-tools,SEO & Web Tools,Redirect Generator,redirect-checker,https://www.mytulify.com/seo-web-tools/redirect-checker,Redirect Generator,Redirect Generator | free Redirect Generator | free online Redirect Generator | Redirect Generator online | redirect checker | SEO & Web Tools Redirect Generator | Build and explain 301/302 redirect rules for common server configs,Redirect Generator – Free Online SEO & Web Tools Tool | Mytulify,"Build and explain 301/302 redirect rules for common server configs. Free browser tool — runs locally in your browser, no signup required.",medium,low
seo-web-tools,SEO & Web Tools,Email Extractor,email-extractor,https://www.mytulify.com/seo-web-tools/email-extractor,Email Extractor,Email Extractor | free Email Extractor | free online Email Extractor | Email Extractor online | SEO & Web Tools Email Extractor | Extract or scan pasted text/HTML for exposed email addresses,Email Extractor – Free Online SEO & Web Tools Tool | Mytulify,"Extract or scan pasted text/HTML for exposed email addresses. Free browser tool — runs locally in your browser, no signup required.",medium,low
seo-web-tools,SEO & Web Tools,Readability Score Checker,readability-checker,https://www.mytulify.com/seo-web-tools/readability-checker,Readability Score Checker,Readability Score Checker | free Readability Score Checker | free online Readability Score Checker | Readability Score Checker online | readability checker | SEO & Web Tools Readability Score Checker | Compute Flesch reading ease and grade-level scores for text,Readability Score Checker – Free Online SEO & Web Tools Tool | Mytulify,"Compute Flesch reading ease and grade-level scores for text. Free browser tool — runs locally in your browser, no signup required.",medium,low
seo-web-tools,SEO & Web Tools,Domain Name Finder,domain-name-finder,https://www.mytulify.com/seo-web-tools/domain-name-finder,Domain Name Finder,Domain Name Finder | free Domain Name Finder | free online Domain Name Finder | Domain Name Finder online | SEO & Web Tools Domain Name Finder | Suggest available domain names from your project description,Domain Name Finder – Free Online SEO & Web Tools Tool | Mytulify,Suggest available domain names from your project description — only shows domains that look free to register. AI-powered tool — 5 free runs/day on Free;…,high,medium
seo-web-tools,SEO & Web Tools,LLMs.txt Generator,llms-txt-generator,https://www.mytulify.com/seo-web-tools/llms-txt-generator,LLMs.txt Generator,LLMs.txt Generator | free LLMs.txt Generator | free online LLMs.txt Generator | LLMs.txt Generator online | llms txt generator | SEO & Web Tools LLMs.txt Generator | Build an llms,LLMs.txt Generator – Free Online SEO & Web Tools Tool | Mytulify,"Build an llms.txt file so AI crawlers (ChatGPT, Claude, Google) discover your best pages. Free browser tool — runs locally in your browser, no signup…",high,low
seo-web-tools,SEO & Web Tools,Security Headers Generator,security-headers-generator,https://www.mytulify.com/seo-web-tools/security-headers-generator,Security Headers Generator,"Security Headers Generator | free Security Headers Generator | free online Security Headers Generator | Security Headers Generator online | SEO & Web Tools Security Headers Generator | Generate HSTS, CSP, X-Frame-Options and other OWASP headers for Nginx, Apache, or Cloudflare",Security Headers Generator – Free Online SEO & Web Tools Tool | Mytulify,"Generate HSTS, CSP, X-Frame-Options and other OWASP headers for Nginx, Apache, or Cloudflare. Free browser tool — runs locally in your browser, no signup…",high,medium
seo-web-tools,SEO & Web Tools,ads.txt Generator,ads-txt-generator,https://www.mytulify.com/seo-web-tools/ads-txt-generator,ads.txt Generator,ads.txt Generator | free ads.txt Generator | free online ads.txt Generator | ads.txt Generator online | ads txt generator | SEO & Web Tools ads.txt Generator | Create a valid ads,ads.txt Generator – Free Online SEO & Web Tools Tool | Mytulify,"Create a valid ads.txt file for Google AdSense and ad networks. Free browser tool — runs locally in your browser, no signup required.",high,low
seo-web-tools,SEO & Web Tools,URL Page SEO Analyzer,url-page-seo-analyzer,https://www.mytulify.com/seo-web-tools/url-page-seo-analyzer,URL Page SEO Analyzer,"URL Page SEO Analyzer | free URL Page SEO Analyzer | free online URL Page SEO Analyzer | URL Page SEO Analyzer online | SEO & Web Tools URL Page SEO Analyzer | Paste a page URL to fetch live HTML and audit title, meta, headings, schema, images, and links",URL Page SEO Analyzer – Free On-Page Audit by Link | Mytulify,"Paste any page URL for a free on-page SEO audit: title, meta, headings, schema, images, and internal links. No signup.",high,medium
seo-web-tools,SEO & Web Tools,Related Keywords Generator,related-keywords-generator,https://www.mytulify.com/seo-web-tools/related-keywords-generator,Related Keywords Generator,"Related Keywords Generator | free Related Keywords Generator | free online Related Keywords Generator | Related Keywords Generator online | SEO & Web Tools Related Keywords Generator | Expand seed keywords into questions, commercial modifiers, long-tail phrases, and combinations for research",Related Keywords Generator – Free Keyword Research Tool | Mytulify,"Generate related keywords, questions, commercial modifiers, and long-tail phrases from seed terms. Free keyword research expander — no signup.",high,medium
seo-web-tools,SEO & Web Tools,Keyword Difficulty Estimator,keyword-difficulty-estimator,https://www.mytulify.com/seo-web-tools/keyword-difficulty-estimator,Keyword Difficulty Estimator,"Keyword Difficulty Estimator | free Keyword Difficulty Estimator | free online Keyword Difficulty Estimator | Keyword Difficulty Estimator online | SEO & Web Tools Keyword Difficulty Estimator | Estimate keyword competitiveness from SERP signals like brands, content length, and authority",Keyword Difficulty Estimator – Free SEO Score | Mytulify,"Estimate keyword difficulty from SERP signals — brands, .gov/.edu, content length, and authority. Free heuristic KD score, no API key.",high,medium
seo-web-tools,SEO & Web Tools,Search Intent Classifier,search-intent-classifier,https://www.mytulify.com/seo-web-tools/search-intent-classifier,Search Intent Classifier,"Search Intent Classifier | free Search Intent Classifier | free online Search Intent Classifier | Search Intent Classifier online | SEO & Web Tools Search Intent Classifier | Classify keywords as informational, commercial, transactional, or navigational with page-type suggestions",Search Intent Classifier – Free SEO Keyword Tool | Mytulify,"Classify keywords by search intent (informational, commercial, transactional, navigational) and get suggested page types. Free CSV export.",high,low
seo-web-tools,SEO & Web Tools,XML Sitemap Validator,xml-sitemap-validator,https://www.mytulify.com/seo-web-tools/xml-sitemap-validator,XML Sitemap Validator,"XML Sitemap Validator | free XML Sitemap Validator | free online XML Sitemap Validator | XML Sitemap Validator online | SEO & Web Tools XML Sitemap Validator | Validate sitemap XML for parse errors, bad URLs, duplicates, lastmod dates, and the 50k limit",XML Sitemap Validator – Free Technical SEO Tool | Mytulify,"Validate XML sitemaps for parse errors, duplicate URLs, lastmod issues, and the 50,000 URL limit. Free client-side sitemap checker.",medium,low
seo-web-tools,SEO & Web Tools,Heading Structure Analyzer,heading-structure-analyzer,https://www.mytulify.com/seo-web-tools/heading-structure-analyzer,Heading Structure Analyzer,"Heading Structure Analyzer | free Heading Structure Analyzer | free online Heading Structure Analyzer | Heading Structure Analyzer online | SEO & Web Tools Heading Structure Analyzer | Audit H1–H6 outlines in page HTML for multiple H1s, skipped levels, and empty headings",Heading Structure Analyzer – Free On-Page SEO Tool | Mytulify,"Audit H1–H6 heading outlines for multiple H1s, skipped levels, and empty headings. Free HTML heading analyzer for on-page SEO.",medium,low
seo-web-tools,SEO & Web Tools,SEO Audit Checklist,seo-audit-checklist,https://www.mytulify.com/seo-web-tools/seo-audit-checklist,SEO Audit Checklist,"SEO Audit Checklist | free SEO Audit Checklist | free online SEO Audit Checklist | SEO Audit Checklist online | SEO & Web Tools SEO Audit Checklist | Interactive technical, on-page, E-E-A-T, and link audit checklist with progress saved in your browser",SEO Audit Checklist – Free Technical & On-Page SEO | Mytulify,"Run a free interactive SEO audit checklist covering technical SEO, on-page, E-E-A-T, and links. Progress saves in your browser.",high,medium
seo-web-tools,SEO & Web Tools,SEO Content Score,seo-content-score,https://www.mytulify.com/seo-web-tools/seo-content-score,SEO Content Score,SEO Content Score | free SEO Content Score | free online SEO Content Score | SEO Content Score online | SEO & Web Tools SEO Content Score | Score on-page SEO for a draft,SEO Content Score – Free On-Page SEO Checker | Mytulify,"Score draft content for on-page SEO: keyword placement, density, title/meta length, and scannability. Free content SEO checker.",high,medium
seo-web-tools,SEO & Web Tools,Keyword Rank Tracker,keyword-rank-tracker,https://www.mytulify.com/seo-web-tools/keyword-rank-tracker,Keyword Rank Tracker,Keyword Rank Tracker | free Keyword Rank Tracker | free online Keyword Rank Tracker | Keyword Rank Tracker online | SEO & Web Tools Keyword Rank Tracker | Log keyword rankings over time in your browser and export CSV reports,Keyword Rank Tracker – Free Browser SEO Tracker | Mytulify,"Track keyword rankings over time in your browser. Log positions, notes, and export CSV — free rank tracker with no API key.",high,high
seo-web-tools,SEO & Web Tools,Backlink Profile Analyzer,backlink-profile-analyzer,https://www.mytulify.com/seo-web-tools/backlink-profile-analyzer,Backlink Profile Analyzer,"Backlink Profile Analyzer | free Backlink Profile Analyzer | free online Backlink Profile Analyzer | Backlink Profile Analyzer online | SEO & Web Tools Backlink Profile Analyzer | Analyze Ahrefs/Semrush/Moz backlink CSV exports for anchors, referring hosts, and follow mix",Backlink Profile Analyzer – Free CSV SEO Tool | Mytulify,"Analyze Ahrefs, Semrush, or Moz backlink CSV exports — referring hosts, anchors, follow/nofollow mix, and average authority. Free, private.",high,medium
seo-web-tools,SEO & Web Tools,Disavow File Generator,disavow-file-generator,https://www.mytulify.com/seo-web-tools/disavow-file-generator,Disavow File Generator,Disavow File Generator | free Disavow File Generator | free online Disavow File Generator | Disavow File Generator online | SEO & Web Tools Disavow File Generator | Build a Google Search Console disavow,Disavow File Generator – Free Google Disavow Tool | Mytulify,Build a Google Search Console disavow.txt from spam domains and URLs. Free disavow file generator with domain and URL blocks.,medium,low
seo-web-tools,SEO & Web Tools,Internal Link Suggester,internal-link-suggester,https://www.mytulify.com/seo-web-tools/internal-link-suggester,Internal Link Suggester,Internal Link Suggester | free Internal Link Suggester | free online Internal Link Suggester | Internal Link Suggester online | SEO & Web Tools Internal Link Suggester | Suggest internal links from your page list into a draft using keyword overlap scoring,Internal Link Suggester – Free SEO Linking Tool | Mytulify,Suggest internal links from your URL/title list into a draft using keyword overlap. Free internal linking helper for SEO.,high,medium
seo-web-tools,SEO & Web Tools,Orphan Page Finder,orphan-page-finder,https://www.mytulify.com/seo-web-tools/orphan-page-finder,Orphan Page Finder,Orphan Page Finder | free Orphan Page Finder | free online Orphan Page Finder | Orphan Page Finder online | SEO & Web Tools Orphan Page Finder | Find sitemap URLs with no internal links and linked URLs missing from the sitemap,Orphan Page Finder – Free Technical SEO Tool | Mytulify,"Find orphan pages: sitemap URLs with no internal links, and linked URLs missing from the sitemap. Free crawl-gap checker.",medium,low
seo-web-tools,SEO & Web Tools,Schema Markup Validator,schema-markup-validator,https://www.mytulify.com/seo-web-tools/schema-markup-validator,Schema Markup Validator,"Schema Markup Validator | free Schema Markup Validator | free online Schema Markup Validator | Schema Markup Validator online | SEO & Web Tools Schema Markup Validator | Validate JSON-LD structure for FAQ, HowTo, Product, LocalBusiness, and common schema errors",Schema Markup Validator – Free JSON-LD Checker | Mytulify,"Validate JSON-LD structured data for FAQ, HowTo, Product, LocalBusiness, and common schema errors. Free client-side schema checker.",high,medium
seo-web-tools,SEO & Web Tools,HowTo Schema Generator,howto-schema-generator,https://www.mytulify.com/seo-web-tools/howto-schema-generator,HowTo Schema Generator,HowTo Schema Generator | free HowTo Schema Generator | free online HowTo Schema Generator | HowTo Schema Generator online | SEO & Web Tools HowTo Schema Generator | Generate HowTo JSON-LD structured data from a title and step-by-step list,HowTo Schema Generator – Free JSON-LD Tool | Mytulify,Generate HowTo JSON-LD from a title and steps. Free HowTo schema markup generator for rich results eligibility.,medium,low
seo-web-tools,SEO & Web Tools,Local Business Schema Generator,local-business-schema-generator,https://www.mytulify.com/seo-web-tools/local-business-schema-generator,Local Business Schema Generator,"Local Business Schema Generator | free Local Business Schema Generator | free online Local Business Schema Generator | Local Business Schema Generator online | SEO & Web Tools Local Business Schema Generator | Create LocalBusiness JSON-LD with NAP, geo coordinates, and business type",Local Business Schema Generator – Free Local SEO | Mytulify,"Generate LocalBusiness JSON-LD with name, address, phone, geo, and type. Free local SEO schema markup tool.",high,medium
seo-web-tools,SEO & Web Tools,NAP Consistency Checker,nap-consistency-checker,https://www.mytulify.com/seo-web-tools/nap-consistency-checker,NAP Consistency Checker,"NAP Consistency Checker | free NAP Consistency Checker | free online NAP Consistency Checker | NAP Consistency Checker online | SEO & Web Tools NAP Consistency Checker | Compare Name, Address, Phone across local citations to catch local SEO inconsistencies",NAP Consistency Checker – Free Local SEO Tool | Mytulify,"Compare Name, Address, Phone across local citations to find inconsistencies. Free NAP checker for local SEO audits.",medium,low
seo-web-tools,SEO & Web Tools,Content Brief Generator,content-brief-generator,https://www.mytulify.com/seo-web-tools/content-brief-generator,Content Brief Generator,"Content Brief Generator | free Content Brief Generator | free online Content Brief Generator | Content Brief Generator online | SEO & Web Tools Content Brief Generator | AI SEO content brief with outline, PAA questions, keywords, and on-page checklist",AI Content Brief Generator for SEO | Mytulify,"Generate an AI SEO content brief with title ideas, outline, PAA-style questions, keywords, and on-page checklist. Free AI SEO workflow.",high,medium
seo-web-tools,SEO & Web Tools,AI Meta Tag Writer,ai-meta-tag-writer,https://www.mytulify.com/seo-web-tools/ai-meta-tag-writer,AI Meta Tag Writer,AI Meta Tag Writer | free AI Meta Tag Writer | free online AI Meta Tag Writer | AI Meta Tag Writer online | SEO & Web Tools AI Meta Tag Writer | AI-written title tags and meta descriptions optimized for CTR and character limits,AI Meta Tag Writer – Titles & Descriptions | Mytulify,Generate AI title tags and meta descriptions optimized for CTR and SERP length. Free AI meta tag writer for SEO.,high,medium
seo-web-tools,SEO & Web Tools,AI SEO Outline Generator,ai-seo-outline-generator,https://www.mytulify.com/seo-web-tools/ai-seo-outline-generator,AI SEO Outline Generator,AI SEO Outline Generator | free AI SEO Outline Generator | free online AI SEO Outline Generator | AI SEO Outline Generator online | SEO & Web Tools AI SEO Outline Generator | AI article outline with H2/H3 structure tuned for featured snippets and search intent,AI SEO Outline Generator – Free Article Outline | Mytulify,Generate an AI SEO article outline with H2/H3 structure tuned for search intent and featured snippets. Free outline tool.,high,medium
seo-web-tools,SEO & Web Tools,URL Indexing Toolkit,url-indexing-toolkit,https://www.mytulify.com/seo-web-tools/url-indexing-toolkit,URL Indexing Toolkit,"URL Indexing Toolkit | free URL Indexing Toolkit | free online URL Indexing Toolkit | URL Indexing Toolkit online | SEO & Web Tools URL Indexing Toolkit | Track URLs, fix index readiness, submit IndexNow, and verify Google/Bing site: status in one workflow","URL Indexing Toolkit – IndexNow, Readiness & Tracker | Mytulify","Free URL indexing toolkit: audit noindex/robots issues, submit IndexNow to Bing/Yandex, track bulk URLs, and verify site: index status.",high,medium
seo-web-tools,SEO & Web Tools,IndexNow URL Submitter,indexnow-url-submitter,https://www.mytulify.com/seo-web-tools/indexnow-url-submitter,IndexNow URL Submitter,IndexNow URL Submitter | free IndexNow URL Submitter | free online IndexNow URL Submitter | IndexNow URL Submitter online | SEO & Web Tools IndexNow URL Submitter | Generate an IndexNow key and notify Bing/Yandex when URLs are published or updated,IndexNow URL Submitter – Notify Bing & Yandex | Mytulify,"Free IndexNow submitter: generate a key, host the key file, and submit up to 100 same-host URLs to Bing and Yandex.",high,low
seo-web-tools,SEO & Web Tools,Indexing Readiness Checker,indexing-readiness-checker,https://www.mytulify.com/seo-web-tools/indexing-readiness-checker,Indexing Readiness Checker,"Indexing Readiness Checker | free Indexing Readiness Checker | free online Indexing Readiness Checker | Indexing Readiness Checker online | SEO & Web Tools Indexing Readiness Checker | Audit a live URL for noindex, robots",Indexing Readiness Checker – Fix noindex & robots Blocks | Mytulify,"Free indexing readiness audit: live HTTP status, meta robots, X-Robots-Tag, robots.txt path blocks, and canonical checks.",high,medium
seo-web-tools,SEO & Web Tools,URL Index Status Checker,url-index-status-checker,https://www.mytulify.com/seo-web-tools/url-index-status-checker,URL Index Status Checker,URL Index Status Checker | free URL Index Status Checker | free online URL Index Status Checker | URL Index Status Checker online | SEO & Web Tools URL Index Status Checker | Soft-check index presence and open Google/Bing site: verification links for any URL,URL Index Status Checker – Google & Bing site: Links | Mytulify,Check if a URL looks indexed with a soft Bing signal plus one-click Google and Bing site: verification links.,high,medium
seo-web-tools,SEO & Web Tools,AI SEO Page Audit,ai-seo-page-audit,https://www.mytulify.com/seo-web-tools/ai-seo-page-audit,AI SEO Page Audit,AI SEO Page Audit | free AI SEO Page Audit | free online AI SEO Page Audit | AI SEO Page Audit online | SEO & Web Tools AI SEO Page Audit | AI technical and on-page SEO audit from pasted HTML or page text with prioritized fixes,AI SEO Page Audit – Free On-Page & Technical Review | Mytulify,"Paste HTML or page text for an AI SEO audit with score, critical issues, on-page fixes, and quick wins. Free AI page audit.",high,medium
social-media-tools,Social Media Tools,Fake Tweet Generator,fake-tweet-generator,https://www.mytulify.com/social-media-tools/fake-tweet-generator,Fake Tweet Generator,Fake Tweet Generator | free Fake Tweet Generator | free online Fake Tweet Generator | Fake Tweet Generator online | Social Media Tools Fake Tweet Generator | Create realistic X/Twitter post mockups downloadable as images,Fake Tweet Generator – Free Online Social Media Tools Tool | Mytulify,"Create realistic X/Twitter post mockups downloadable as images. Free browser tool — runs locally in your browser, no signup required.",high,medium
social-media-tools,Social Media Tools,Instagram Font Generator,instagram-font-generator,https://www.mytulify.com/social-media-tools/instagram-font-generator,Instagram Font Generator,Instagram Font Generator | free Instagram Font Generator | free online Instagram Font Generator | Instagram Font Generator online | Social Media Tools Instagram Font Generator | Convert text into copy-paste Unicode fancy fonts for bios and captions,Instagram Font Generator – Free Online Social Media Tools Tool | Mytulify,"Convert text into copy-paste Unicode fancy fonts for bios and captions. Free browser tool — runs locally in your browser, no signup required.",high,medium
social-media-tools,Social Media Tools,Instagram Hashtag Generator,instagram-hashtag-generator,https://www.mytulify.com/social-media-tools/instagram-hashtag-generator,Instagram Hashtag Generator,Instagram Hashtag Generator | free Instagram Hashtag Generator | free online Instagram Hashtag Generator | Instagram Hashtag Generator online | Social Media Tools Instagram Hashtag Generator | Suggest and group relevant hashtags from keywords or topics,Instagram Hashtag Generator – Free Online Social Media Tools Tool | Mytulify,"Suggest and group relevant hashtags from keywords or topics. Free browser tool — runs locally in your browser, no signup required.",high,medium
social-media-tools,Social Media Tools,Twitter Character Counter,twitter-character-counter,https://www.mytulify.com/social-media-tools/twitter-character-counter,Twitter Character Counter,Twitter Character Counter | free Twitter Character Counter | free online Twitter Character Counter | Twitter Character Counter online | Social Media Tools Twitter Character Counter | Count characters against the 280-limit with weighted counting,Twitter Character Counter – Free Online Social Media Tools Tool | Mytulify,"Count characters against the 280-limit with weighted counting. Free browser tool — runs locally in your browser, no signup required.",high,low
social-media-tools,Social Media Tools,Fake Instagram Post Generator,fake-instagram-post-generator,https://www.mytulify.com/social-media-tools/fake-instagram-post-generator,Fake Instagram Post Generator,Fake Instagram Post Generator | free Fake Instagram Post Generator | free online Fake Instagram Post Generator | Fake Instagram Post Generator online | Social Media Tools Fake Instagram Post Generator | Generate realistic Instagram post mockups with custom likes and avatar,Fake Instagram Post Generator – Free Online Social Media Tools Tool | Mytulify,"Generate realistic Instagram post mockups with custom likes and avatar. Free browser tool — runs locally in your browser, no signup required.",high,medium
social-media-tools,Social Media Tools,Instagram Bio Generator,instagram-bio-generator,https://www.mytulify.com/social-media-tools/instagram-bio-generator,Instagram Bio Generator,"Instagram Bio Generator | free Instagram Bio Generator | free online Instagram Bio Generator | Instagram Bio Generator online | Social Media Tools Instagram Bio Generator | Build stylish IG bios with line breaks, fonts, and symbols",Instagram Bio Generator – Free Online Social Media Tools Tool | Mytulify,"Build stylish IG bios with line breaks, fonts, and symbols. Free browser tool — runs locally in your browser, no signup required.",high,low
social-media-tools,Social Media Tools,Instagram Caption Generator,instagram-caption-generator,https://www.mytulify.com/social-media-tools/instagram-caption-generator,Instagram Caption Generator,Instagram Caption Generator | free Instagram Caption Generator | free online Instagram Caption Generator | Instagram Caption Generator online | Social Media Tools Instagram Caption Generator | Generate caption ideas from a topic plus hashtags and emojis,Instagram Caption Generator – Free Online Social Media Tools Tool | Mytulify,"Generate caption ideas from a topic plus hashtags and emojis. Free browser tool — runs locally in your browser, no signup required.",high,medium
social-media-tools,Social Media Tools,YouTube Tag Extractor,youtube-tag-extractor,https://www.mytulify.com/social-media-tools/youtube-tag-extractor,YouTube Tag Extractor,YouTube Tag Extractor | free YouTube Tag Extractor | free online YouTube Tag Extractor | YouTube Tag Extractor online | Social Media Tools YouTube Tag Extractor | Extract video tags from a YouTube URL or page source,YouTube Tag Extractor – Free Online Social Media Tools Tool | Mytulify,"Extract video tags from a YouTube URL or page source. Free browser tool — runs locally in your browser, no signup required.",high,low
social-media-tools,Social Media Tools,YouTube Thumbnail Downloader,youtube-thumbnail-downloader,https://www.mytulify.com/social-media-tools/youtube-thumbnail-downloader,YouTube Thumbnail Downloader,YouTube Thumbnail Downloader | free YouTube Thumbnail Downloader | free online YouTube Thumbnail Downloader | YouTube Thumbnail Downloader online | Social Media Tools YouTube Thumbnail Downloader | Grab all thumbnail sizes from a YouTube video URL,YouTube Thumbnail Downloader – Free Online Social Media Tools Tool | Mytulify,"Grab all thumbnail sizes from a YouTube video URL. Free browser tool — runs locally in your browser, no signup required.",high,medium
social-media-tools,Social Media Tools,Instagram Line Break Generator,instagram-line-break-generator,https://www.mytulify.com/social-media-tools/instagram-line-break-generator,Instagram Line Break Generator,Instagram Line Break Generator | free Instagram Line Break Generator | free online Instagram Line Break Generator | Instagram Line Break Generator online | Social Media Tools Instagram Line Break Generator | Add invisible spacing so captions keep line breaks on Instagram,Instagram Line Break Generator – Free Online Social Media Tools Tool | Mytulify,"Add invisible spacing so captions keep line breaks on Instagram. Free browser tool — runs locally in your browser, no signup required.",medium,low
social-media-tools,Social Media Tools,Emoji Picker,emoji-picker,https://www.mytulify.com/social-media-tools/emoji-picker,Emoji Picker,Emoji Picker | free Emoji Picker | free online Emoji Picker | Emoji Picker online | Social Media Tools Emoji Picker | Searchable emoji keyboard for copying emojis into posts,Emoji Picker – Free Online Social Media Tools Tool | Mytulify,"Searchable emoji keyboard for copying emojis into posts. Free browser tool — runs locally in your browser, no signup required.",high,medium
social-media-tools,Social Media Tools,Fake Facebook Post Generator,fake-facebook-post-generator,https://www.mytulify.com/social-media-tools/fake-facebook-post-generator,Fake Facebook Post Generator,Fake Facebook Post Generator | free Fake Facebook Post Generator | free online Fake Facebook Post Generator | Fake Facebook Post Generator online | Social Media Tools Fake Facebook Post Generator | Create Facebook post mockups with reactions and comments,Fake Facebook Post Generator – Free Online Social Media Tools Tool | Mytulify,"Create Facebook post mockups with reactions and comments. Free browser tool — runs locally in your browser, no signup required.",medium,low
social-media-tools,Social Media Tools,Tweet to Image,tweet-to-image,https://www.mytulify.com/social-media-tools/tweet-to-image,Tweet to Image,Tweet to Image | free Tweet to Image | free online Tweet to Image | Tweet to Image online | Social Media Tools Tweet to Image | Turn real or custom tweet text into a shareable styled image,Tweet to Image – Free Online Social Media Tools Tool | Mytulify,"Turn real or custom tweet text into a shareable styled image. Free browser tool — runs locally in your browser, no signup required.",medium,low
social-media-tools,Social Media Tools,TikTok Hashtag Generator,tiktok-hashtag-generator,https://www.mytulify.com/social-media-tools/tiktok-hashtag-generator,TikTok Hashtag Generator,TikTok Hashtag Generator | free TikTok Hashtag Generator | free online TikTok Hashtag Generator | TikTok Hashtag Generator online | Social Media Tools TikTok Hashtag Generator | Generate trending-style hashtags and captions for TikTok,TikTok Hashtag Generator – Free Online Social Media Tools Tool | Mytulify,"Generate trending-style hashtags and captions for TikTok. Free browser tool — runs locally in your browser, no signup required.",high,medium
social-media-tools,Social Media Tools,Glitch Text Generator,glitch-text-generator,https://www.mytulify.com/social-media-tools/glitch-text-generator,Glitch Text Generator,Glitch Text Generator | free Glitch Text Generator | free online Glitch Text Generator | Glitch Text Generator online | Social Media Tools Glitch Text Generator | Generate zalgo/glitch styled text for posts and usernames,Glitch Text Generator – Free Online Social Media Tools Tool | Mytulify,"Generate zalgo/glitch styled text for posts and usernames. Free browser tool — runs locally in your browser, no signup required.",high,low
social-media-tools,Social Media Tools,Small Text Generator,small-text-generator,https://www.mytulify.com/social-media-tools/small-text-generator,Small Text Generator,Small Text Generator | free Small Text Generator | free online Small Text Generator | Small Text Generator online | Social Media Tools Small Text Generator | Convert text to superscript and small-caps Unicode characters,Small Text Generator – Free Online Social Media Tools Tool | Mytulify,"Convert text to superscript and small-caps Unicode characters. Free browser tool — runs locally in your browser, no signup required.",high,low
social-media-tools,Social Media Tools,Discord Font Generator,discord-font-generator,https://www.mytulify.com/social-media-tools/discord-font-generator,Discord Font Generator,Discord Font Generator | free Discord Font Generator | free online Discord Font Generator | Discord Font Generator online | Social Media Tools Discord Font Generator | Produce fancy and formatted text usable in Discord chats,Discord Font Generator – Free Online Social Media Tools Tool | Mytulify,"Produce fancy and formatted text usable in Discord chats. Free browser tool — runs locally in your browser, no signup required.",high,low
social-media-tools,Social Media Tools,Twitter Bio Generator,twitter-bio-generator,https://www.mytulify.com/social-media-tools/twitter-bio-generator,Twitter Bio Generator,"Twitter Bio Generator | free Twitter Bio Generator | free online Twitter Bio Generator | Twitter Bio Generator online | Social Media Tools Twitter Bio Generator | Build X/Twitter bios with fonts, line breaks, and emojis",Twitter Bio Generator – Free Online Social Media Tools Tool | Mytulify,"Build X/Twitter bios with fonts, line breaks, and emojis. Free browser tool — runs locally in your browser, no signup required.",medium,low
social-media-tools,Social Media Tools,LinkedIn Text Formatter,linkedin-text-formatter,https://www.mytulify.com/social-media-tools/linkedin-text-formatter,LinkedIn Text Formatter,LinkedIn Text Formatter | free LinkedIn Text Formatter | free online LinkedIn Text Formatter | LinkedIn Text Formatter online | Social Media Tools LinkedIn Text Formatter | Add bold/italic Unicode formatting to LinkedIn posts,LinkedIn Text Formatter – Free Online Social Media Tools Tool | Mytulify,"Add bold/italic Unicode formatting to LinkedIn posts. Free browser tool — runs locally in your browser, no signup required.",high,low
social-media-tools,Social Media Tools,WhatsApp Link Generator,whatsapp-link-generator,https://www.mytulify.com/social-media-tools/whatsapp-link-generator,WhatsApp Link Generator,WhatsApp Link Generator | free WhatsApp Link Generator | free online WhatsApp Link Generator | WhatsApp Link Generator online | Social Media Tools WhatsApp Link Generator | Create wa,WhatsApp Link Generator – Free Online Social Media Tools Tool | Mytulify,"Create wa.me click-to-chat links with prefilled messages. Free browser tool — runs locally in your browser, no signup required.",high,low
social-media-tools,Social Media Tools,Social Media Image Sizes,social-media-image-sizes,https://www.mytulify.com/social-media-tools/social-media-image-sizes,Social Media Image Sizes,Social Media Image Sizes | free Social Media Image Sizes | free online Social Media Image Sizes | Social Media Image Sizes online | Social Media Tools Social Media Image Sizes | Reference of current image/video dimensions per platform,Social Media Image Sizes – Free Online Social Media Tools Tool | Mytulify,"Reference of current image/video dimensions per platform. Free browser tool — runs locally in your browser, no signup required.",medium,low
social-media-tools,Social Media Tools,Bold Text Generator,bold-text-generator,https://www.mytulify.com/social-media-tools/bold-text-generator,Bold Text Generator,Bold Text Generator | free Bold Text Generator | free online Bold Text Generator | Bold Text Generator online | Social Media Tools Bold Text Generator | Convert text into bold Unicode for platforms without formatting,Bold Text Generator – Free Online Social Media Tools Tool | Mytulify,"Convert text into bold Unicode for platforms without formatting. Free browser tool — runs locally in your browser, no signup required.",high,low
social-media-tools,Social Media Tools,Cursive Text Generator,cursive-text-generator,https://www.mytulify.com/social-media-tools/cursive-text-generator,Cursive Text Generator,Cursive Text Generator | free Cursive Text Generator | free online Cursive Text Generator | Cursive Text Generator online | Social Media Tools Cursive Text Generator | Generate cursive and italic Unicode text styles,Cursive Text Generator – Free Online Social Media Tools Tool | Mytulify,"Generate cursive and italic Unicode text styles. Free browser tool — runs locally in your browser, no signup required.",high,low
social-media-tools,Social Media Tools,Twitch Text Generator,twitch-text-generator,https://www.mytulify.com/social-media-tools/twitch-text-generator,Twitch Text Generator,Twitch Text Generator | free Twitch Text Generator | free online Twitch Text Generator | Twitch Text Generator online | Social Media Tools Twitch Text Generator | Create stylized text and name ideas for Twitch profiles,Twitch Text Generator – Free Online Social Media Tools Tool | Mytulify,"Create stylized text and name ideas for Twitch profiles. Free browser tool — runs locally in your browser, no signup required.",medium,low
social-media-tools,Social Media Tools,Fake Instagram DM Generator,fake-instagram-dm-generator,https://www.mytulify.com/social-media-tools/fake-instagram-dm-generator,Fake Instagram DM Generator,Fake Instagram DM Generator | free Fake Instagram DM Generator | free online Fake Instagram DM Generator | Fake Instagram DM Generator online | Social Media Tools Fake Instagram DM Generator | Mock up Instagram DM chat and profile screenshots,Fake Instagram DM Generator – Free Online Social Media Tools Tool | Mytulify,"Mock up Instagram DM chat and profile screenshots. Free browser tool — runs locally in your browser, no signup required.",medium,low
social-media-tools,Social Media Tools,Hashtag Counter,hashtag-counter,https://www.mytulify.com/social-media-tools/hashtag-counter,Hashtag Counter,Hashtag Counter | free Hashtag Counter | free online Hashtag Counter | Hashtag Counter online | Social Media Tools Hashtag Counter | Count hashtags in text and flag platform over-limits,Hashtag Counter – Free Online Social Media Tools Tool | Mytulify,"Count hashtags in text and flag platform over-limits. Free browser tool — runs locally in your browser, no signup required.",medium,low
social-media-tools,Social Media Tools,Social Preview Tester,social-preview-tester,https://www.mytulify.com/social-media-tools/social-preview-tester,Social Preview Tester,Social Preview Tester | free Social Preview Tester | free online Social Preview Tester | Social Preview Tester online | Social Media Tools Social Preview Tester | Preview how a link will look when shared across platforms,Social Preview Tester – Free Online Social Media Tools Tool | Mytulify,"Preview how a link will look when shared across platforms. Free browser tool — runs locally in your browser, no signup required.",medium,low
social-media-tools,Social Media Tools,Aesthetic Username Generator,aesthetic-username-generator,https://www.mytulify.com/social-media-tools/aesthetic-username-generator,Aesthetic Username Generator,Aesthetic Username Generator | free Aesthetic Username Generator | free online Aesthetic Username Generator | Aesthetic Username Generator online | Social Media Tools Aesthetic Username Generator | Generate decorated usernames with symbols and aesthetic fonts,Aesthetic Username Generator – Free Online Social Media Tools Tool | Mytulify,"Generate decorated usernames with symbols and aesthetic fonts. Free browser tool — runs locally in your browser, no signup required.",high,low
text-tools,Text Tools,Word Counter,word-counter,https://www.mytulify.com/text-tools/word-counter,Word Counter,"Word Counter | free Word Counter | free online Word Counter | Word Counter online | Text Tools Word Counter | Count words, characters, sentences, paragraphs with reading and speaking time estimates",Word Counter – Free Online Text Tools Tool | Mytulify,"Count words, characters, sentences, paragraphs with reading and speaking time estimates. Free browser tool — runs locally in your browser, no signup…",high,medium
text-tools,Text Tools,Character Counter,character-counter,https://www.mytulify.com/text-tools/character-counter,Character Counter,Character Counter | free Character Counter | free online Character Counter | Character Counter online | Text Tools Character Counter | Count characters with and without spaces in real time for tweets and bios,Character Counter – Free Online Text Tools Tool | Mytulify,"Count characters with and without spaces in real time for tweets and bios. Free browser tool — runs locally in your browser, no signup required.",high,low
text-tools,Text Tools,Case Converter,case-converter,https://www.mytulify.com/text-tools/case-converter,Case Converter,"Case Converter | free Case Converter | free online Case Converter | Case Converter online | Text Tools Case Converter | Convert text to UPPERCASE, lowercase, Title Case, Sentence case and more",Case Converter – Free Online Text Tools Tool | Mytulify,"Convert text to UPPERCASE, lowercase, Title Case, Sentence case and more. Free browser tool — runs locally in your browser, no signup required.",high,low
text-tools,Text Tools,Lorem Ipsum Generator,lorem-ipsum-generator,https://www.mytulify.com/text-tools/lorem-ipsum-generator,Lorem Ipsum Generator,"Lorem Ipsum Generator | free Lorem Ipsum Generator | free online Lorem Ipsum Generator | Lorem Ipsum Generator online | Text Tools Lorem Ipsum Generator | Generate placeholder dummy text by paragraphs, sentences or words",Lorem Ipsum Generator – Free Online Text Tools Tool | Mytulify,"Generate placeholder dummy text by paragraphs, sentences or words. Free browser tool — runs locally in your browser, no signup required.",high,low
text-tools,Text Tools,Remove Line Breaks,remove-line-breaks,https://www.mytulify.com/text-tools/remove-line-breaks,Remove Line Breaks,Remove Line Breaks | free Remove Line Breaks | free online Remove Line Breaks | Remove Line Breaks online | Text Tools Remove Line Breaks | Strip or merge line breaks and extra newlines from pasted text,Remove Line Breaks – Free Online Text Tools Tool | Mytulify,"Strip or merge line breaks and extra newlines from pasted text. Free browser tool — runs locally in your browser, no signup required.",high,low
text-tools,Text Tools,Remove Extra Spaces,remove-extra-spaces,https://www.mytulify.com/text-tools/remove-extra-spaces,Remove Extra Spaces,"Remove Extra Spaces | free Remove Extra Spaces | free online Remove Extra Spaces | Remove Extra Spaces online | Text Tools Remove Extra Spaces | Remove duplicate, leading and trailing whitespace from text",Remove Extra Spaces – Free Online Text Tools Tool | Mytulify,"Remove duplicate, leading and trailing whitespace from text. Free browser tool — runs locally in your browser, no signup required.",high,low
text-tools,Text Tools,Find and Replace Text,find-and-replace-text,https://www.mytulify.com/text-tools/find-and-replace-text,Find and Replace Text,"Find and Replace Text | free Find and Replace Text | free online Find and Replace Text | Find and Replace Text online | Text Tools Find and Replace Text | Find and replace words or patterns in bulk text, with regex support",Find and Replace Text – Free Online Text Tools Tool | Mytulify,"Find and replace words or patterns in bulk text, with regex support. Free browser tool — runs locally in your browser, no signup required.",medium,low
text-tools,Text Tools,Reverse Text,reverse-text,https://www.mytulify.com/text-tools/reverse-text,Reverse Text,"Reverse Text | free Reverse Text | free online Reverse Text | Reverse Text online | Text Tools Reverse Text | Reverse characters, words or lines of any input text",Reverse Text – Free Online Text Tools Tool | Mytulify,"Reverse characters, words or lines of any input text. Free browser tool — runs locally in your browser, no signup required.",medium,low
text-tools,Text Tools,Text Repeater,text-repeater,https://www.mytulify.com/text-tools/text-repeater,Text Repeater,Text Repeater | free Text Repeater | free online Text Repeater | Text Repeater online | Text Tools Text Repeater | Repeat a string or line a chosen number of times,Text Repeater – Free Online Text Tools Tool | Mytulify,"Repeat a string or line a chosen number of times. Free browser tool — runs locally in your browser, no signup required.",medium,low
text-tools,Text Tools,Word Frequency Counter,word-frequency-counter,https://www.mytulify.com/text-tools/word-frequency-counter,Word Frequency Counter,Word Frequency Counter | free Word Frequency Counter | free online Word Frequency Counter | Word Frequency Counter online | Text Tools Word Frequency Counter | Count how often each word appears and rank them by frequency,Word Frequency Counter – Free Online Text Tools Tool | Mytulify,"Count how often each word appears and rank them by frequency. Free browser tool — runs locally in your browser, no signup required.",medium,low
text-tools,Text Tools,Remove Duplicate Lines,remove-duplicate-lines,https://www.mytulify.com/text-tools/remove-duplicate-lines,Remove Duplicate Lines,Remove Duplicate Lines | free Remove Duplicate Lines | free online Remove Duplicate Lines | Remove Duplicate Lines online | Text Tools Remove Duplicate Lines | Delete duplicate lines from a list while preserving order,Remove Duplicate Lines – Free Online Text Tools Tool | Mytulify,"Delete duplicate lines from a list while preserving order. Free browser tool — runs locally in your browser, no signup required.",medium,low
text-tools,Text Tools,Sort Text Lines,sort-text-lines,https://www.mytulify.com/text-tools/sort-text-lines,Sort Text Lines,"Sort Text Lines | free Sort Text Lines | free online Sort Text Lines | Sort Text Lines online | Text Tools Sort Text Lines | Sort lines alphabetically, numerically or reverse their order",Sort Text Lines – Free Online Text Tools Tool | Mytulify,"Sort lines alphabetically, numerically or reverse their order. Free browser tool — runs locally in your browser, no signup required.",medium,low
text-tools,Text Tools,Text to Slug,text-to-slug,https://www.mytulify.com/text-tools/text-to-slug,Text to Slug,Text to Slug | free Text to Slug | free online Text to Slug | Text to Slug online | Text Tools Text to Slug | Convert a title or phrase into a clean URL-friendly slug,Text to Slug – Free Online Text Tools Tool | Mytulify,"Convert a title or phrase into a clean URL-friendly slug. Free browser tool — runs locally in your browser, no signup required.",medium,low
text-tools,Text Tools,Binary Translator,binary-translator,https://www.mytulify.com/text-tools/binary-translator,Binary Translator,Binary Translator | free Binary Translator | free online Binary Translator | Binary Translator online | Text Tools Binary Translator | Convert text to binary and binary back to readable text,Binary Translator – Free Online Text Tools Tool | Mytulify,"Convert text to binary and binary back to readable text. Free browser tool — runs locally in your browser, no signup required.",high,low
text-tools,Text Tools,Morse Code Translator,morse-code-translator,https://www.mytulify.com/text-tools/morse-code-translator,Morse Code Translator,"Morse Code Translator | free Morse Code Translator | free online Morse Code Translator | Morse Code Translator online | Text Tools Morse Code Translator | Encode and decode between text and Morse code, with optional audio",Morse Code Translator – Free Online Text Tools Tool | Mytulify,"Encode and decode between text and Morse code, with optional audio. Free browser tool — runs locally in your browser, no signup required.",high,medium
text-tools,Text Tools,Fancy Text Generator,fancy-text-generator,https://www.mytulify.com/text-tools/fancy-text-generator,Fancy Text Generator,Fancy Text Generator | free Fancy Text Generator | free online Fancy Text Generator | Fancy Text Generator online | Text Tools Fancy Text Generator | Turn text into stylish Unicode fonts for social media bios,Fancy Text Generator – Free Online Text Tools Tool | Mytulify,"Turn text into stylish Unicode fonts for social media bios. Free browser tool — runs locally in your browser, no signup required.",high,medium
text-tools,Text Tools,Bionic Reading Converter,bionic-reading-converter,https://www.mytulify.com/text-tools/bionic-reading-converter,Bionic Reading Converter,Bionic Reading Converter | free Bionic Reading Converter | free online Bionic Reading Converter | Bionic Reading Converter online | Text Tools Bionic Reading Converter | Bold the leading part of each word to aid faster reading,Bionic Reading Converter – Free Online Text Tools Tool | Mytulify,"Bold the leading part of each word to aid faster reading. Free browser tool — runs locally in your browser, no signup required.",medium,low
text-tools,Text Tools,Text to Handwriting,text-to-handwriting,https://www.mytulify.com/text-tools/text-to-handwriting,Text to Handwriting,Text to Handwriting | free Text to Handwriting | free online Text to Handwriting | Text to Handwriting online | Text Tools Text to Handwriting | Render typed text as realistic handwriting on paper,Text to Handwriting – Free Online Text Tools Tool | Mytulify,"Render typed text as realistic handwriting on paper. Free browser tool — runs locally in your browser, no signup required.",medium,low
text-tools,Text Tools,Title Case Converter,title-case-converter,https://www.mytulify.com/text-tools/title-case-converter,Title Case Converter,"Title Case Converter | free Title Case Converter | free online Title Case Converter | Title Case Converter online | Text Tools Title Case Converter | Convert any text to proper title case for headlines, blog posts, and book titles",Title Case Converter – Capitalize Titles Instantly | Mytulify,"Convert any text to proper title case in one click. Free online title case converter for headlines, blog titles, and more.",medium,low
text-tools,Text Tools,Text Diff Checker,text-diff-checker,https://www.mytulify.com/text-tools/text-diff-checker,Text Diff Checker,Text Diff Checker | free Text Diff Checker | free online Text Diff Checker | Text Diff Checker online | Text Tools Text Diff Checker | Highlight additions and deletions between two blocks of text,Text Diff Checker – Free Online Text Tools Tool | Mytulify,"Highlight additions and deletions between two blocks of text. Free browser tool — runs locally in your browser, no signup required.",medium,medium
text-tools,Text Tools,Whitespace Remover,whitespace-remover,https://www.mytulify.com/text-tools/whitespace-remover,Whitespace Remover,Whitespace Remover | free Whitespace Remover | free online Whitespace Remover | Whitespace Remover online | Text Tools Whitespace Remover | Strip all whitespace or collapse multiple spaces into one,Whitespace Remover – Free Online Text Tools Tool | Mytulify,"Strip all whitespace or collapse multiple spaces into one. Free browser tool — runs locally in your browser, no signup required.",medium,low
text-tools,Text Tools,Add Line Numbers,add-line-numbers,https://www.mytulify.com/text-tools/add-line-numbers,Add Line Numbers,Add Line Numbers | free Add Line Numbers | free online Add Line Numbers | Add Line Numbers online | Text Tools Add Line Numbers | Prepend sequential line numbers to each line of text,Add Line Numbers – Free Online Text Tools Tool | Mytulify,"Prepend sequential line numbers to each line of text. Free browser tool — runs locally in your browser, no signup required.",low,low
text-tools,Text Tools,Text to ASCII Art,text-to-ascii-art,https://www.mytulify.com/text-tools/text-to-ascii-art,Text to ASCII Art,Text to ASCII Art | free Text to ASCII Art | free online Text to ASCII Art | Text to ASCII Art online | Text Tools Text to ASCII Art | Convert words into large ASCII banner art,Text to ASCII Art – Free Online Text Tools Tool | Mytulify,"Convert words into large ASCII banner art. Free browser tool — runs locally in your browser, no signup required.",medium,low
text-tools,Text Tools,NATO Phonetic Alphabet,nato-phonetic-alphabet-converter,https://www.mytulify.com/text-tools/nato-phonetic-alphabet-converter,NATO Phonetic Alphabet,NATO Phonetic Alphabet | free NATO Phonetic Alphabet | free online NATO Phonetic Alphabet | NATO Phonetic Alphabet online | nato phonetic alphabet converter | Text Tools NATO Phonetic Alphabet | Spell text using the NATO phonetic alphabet,NATO Phonetic Alphabet – Free Online Text Tools Tool | Mytulify,"Spell text using the NATO phonetic alphabet. Free browser tool — runs locally in your browser, no signup required.",medium,low
text-tools,Text Tools,Strikethrough Text Generator,strikethrough-text-generator,https://www.mytulify.com/text-tools/strikethrough-text-generator,Strikethrough Text Generator,Strikethrough Text Generator | free Strikethrough Text Generator | free online Strikethrough Text Generator | Strikethrough Text Generator online | Text Tools Strikethrough Text Generator | Add strikethrough or underline Unicode styling to text,Strikethrough Text Generator – Free Online Text Tools Tool | Mytulify,"Add strikethrough or underline Unicode styling to text. Free browser tool — runs locally in your browser, no signup required.",medium,low
text-tools,Text Tools,Upside Down Text,upside-down-text-generator,https://www.mytulify.com/text-tools/upside-down-text-generator,Upside Down Text,Upside Down Text | free Upside Down Text | free online Upside Down Text | Upside Down Text online | upside down text generator | Text Tools Upside Down Text | Flip text into upside-down Unicode characters,Upside Down Text – Free Online Text Tools Tool | Mytulify,"Flip text into upside-down Unicode characters. Free browser tool — runs locally in your browser, no signup required.",medium,low
text-tools,Text Tools,Remove Punctuation,remove-punctuation,https://www.mytulify.com/text-tools/remove-punctuation,Remove Punctuation,Remove Punctuation | free Remove Punctuation | free online Remove Punctuation | Remove Punctuation online | Text Tools Remove Punctuation | Strip punctuation marks from text for clean processing,Remove Punctuation – Free Online Text Tools Tool | Mytulify,"Strip punctuation marks from text for clean processing. Free browser tool — runs locally in your browser, no signup required.",low,low
text-tools,Text Tools,Text to Speech,text-to-speech,https://www.mytulify.com/text-tools/text-to-speech,Text to Speech,Text to Speech | free Text to Speech | free online Text to Speech | Text to Speech online | Text Tools Text to Speech | Read typed text aloud using the browser speech synthesis API,Text to Speech – Free Online Text Tools Tool | Mytulify,"Read typed text aloud using the browser speech synthesis API. Free browser tool — runs locally in your browser, no signup required.",high,medium
text-tools,Text Tools,Sentence Counter,sentence-counter,https://www.mytulify.com/text-tools/sentence-counter,Sentence Counter,Sentence Counter | free Sentence Counter | free online Sentence Counter | Sentence Counter online | Text Tools Sentence Counter | Count sentences and average sentence length in text,Sentence Counter – Free Online Text Tools Tool | Mytulify,"Count sentences and average sentence length in text. Free browser tool — runs locally in your browser, no signup required.",low,low
text-tools,Text Tools,Capitalize Each Word,capitalize-each-word,https://www.mytulify.com/text-tools/capitalize-each-word,Capitalize Each Word,Capitalize Each Word | free Capitalize Each Word | free online Capitalize Each Word | Capitalize Each Word online | Text Tools Capitalize Each Word | Capitalize the first letter of every word in the input,Capitalize Each Word – Free Online Text Tools Tool | Mytulify,"Capitalize the first letter of every word in the input. Free browser tool — runs locally in your browser, no signup required.",medium,low
text-tools,Text Tools,Reading Time Calculator,reading-time-calculator,https://www.mytulify.com/text-tools/reading-time-calculator,Reading Time Calculator,Reading Time Calculator | free Reading Time Calculator | free online Reading Time Calculator | Reading Time Calculator online | Text Tools Reading Time Calculator | Estimate how long it takes to read any text based on words per minute,Reading Time Calculator – Free Online Tool | Mytulify,Estimate reading time for any article or blog post. Counts words and calculates minutes based on WPM. Free reading time calculator — no signup.,high,low
text-tools,Text Tools,Speech to Text,speech-to-text,https://www.mytulify.com/text-tools/speech-to-text,Speech to Text,Speech to Text | free Speech to Text | free online Speech to Text | Speech to Text online | Text Tools Speech to Text | Free voice dictation,Voice Dictation & Speech to Text Online – Free | Mytulify,"Free voice to text dictation in your browser. Speak and get editable transcript — Urdu, English, Hindi. Copy or download. No signup.",high,medium
text-tools,Text Tools,Language Translator,language-translator,https://www.mytulify.com/text-tools/language-translator,Language Translator,Language Translator | free Language Translator | free online Language Translator | Language Translator online | Text Tools Language Translator | Translate text or CSV/Excel into one or many languages,Language Translator – Free Online Text Tools Tool | Mytulify,Translate text or CSV/Excel into one or many languages — each target gets its own column named after that language. AI-powered tool — 5 free runs/day on…,high,medium
unit-converters,Unit Converters,Length Converter,length-converter,https://www.mytulify.com/unit-converters/length-converter,Length Converter,"Length Converter | free Length Converter | free online Length Converter | Length Converter online | Unit Converters Length Converter | Convert between meters, feet, miles, kilometers, inches, and more",Length Converter – Free Online Unit Converters Tool | Mytulify,"Convert between meters, feet, miles, kilometers, inches, and more. Free browser tool — runs locally in your browser, no signup required.",high,low
unit-converters,Unit Converters,Weight Converter,weight-converter,https://www.mytulify.com/unit-converters/weight-converter,Weight Converter,"Weight Converter | free Weight Converter | free online Weight Converter | Weight Converter online | Unit Converters Weight Converter | Convert mass units like kilograms, pounds, ounces, and grams",Weight Converter – Free Online Unit Converters Tool | Mytulify,"Convert mass units like kilograms, pounds, ounces, and grams. Free browser tool — runs locally in your browser, no signup required.",high,low
unit-converters,Unit Converters,Temperature Converter,temperature-converter,https://www.mytulify.com/unit-converters/temperature-converter,Temperature Converter,"Temperature Converter | free Temperature Converter | free online Temperature Converter | Temperature Converter online | Unit Converters Temperature Converter | Convert between Celsius, Fahrenheit, and Kelvin",Temperature Converter – Free Online Unit Converters Tool | Mytulify,"Convert between Celsius, Fahrenheit, and Kelvin. Free browser tool — runs locally in your browser, no signup required.",high,low
unit-converters,Unit Converters,Volume Converter,volume-converter,https://www.mytulify.com/unit-converters/volume-converter,Volume Converter,"Volume Converter | free Volume Converter | free online Volume Converter | Volume Converter online | Unit Converters Volume Converter | Convert liters, gallons, cups, milliliters, and other volume units",Volume Converter – Free Online Unit Converters Tool | Mytulify,"Convert liters, gallons, cups, milliliters, and other volume units. Free browser tool — runs locally in your browser, no signup required.",high,low
unit-converters,Unit Converters,Area Converter,area-converter,https://www.mytulify.com/unit-converters/area-converter,Area Converter,"Area Converter | free Area Converter | free online Area Converter | Area Converter online | Unit Converters Area Converter | Convert square meters, acres, hectares, square feet, and more",Area Converter – Free Online Unit Converters Tool | Mytulify,"Convert square meters, acres, hectares, square feet, and more. Free browser tool — runs locally in your browser, no signup required.",medium,low
unit-converters,Unit Converters,Speed Converter,speed-converter,https://www.mytulify.com/unit-converters/speed-converter,Speed Converter,"Speed Converter | free Speed Converter | free online Speed Converter | Speed Converter online | Unit Converters Speed Converter | Convert mph, km/h, m/s, knots, and other speed units",Speed Converter – Free Online Unit Converters Tool | Mytulify,"Convert mph, km/h, m/s, knots, and other speed units. Free browser tool — runs locally in your browser, no signup required.",medium,low
unit-converters,Unit Converters,Time Converter,time-converter,https://www.mytulify.com/unit-converters/time-converter,Time Converter,"Time Converter | free Time Converter | free online Time Converter | Time Converter online | Unit Converters Time Converter | Convert seconds, minutes, hours, days, weeks, and years",Time Converter – Free Online Unit Converters Tool | Mytulify,"Convert seconds, minutes, hours, days, weeks, and years. Free browser tool — runs locally in your browser, no signup required.",medium,low
unit-converters,Unit Converters,Pressure Converter,pressure-converter,https://www.mytulify.com/unit-converters/pressure-converter,Pressure Converter,"Pressure Converter | free Pressure Converter | free online Pressure Converter | Pressure Converter online | Unit Converters Pressure Converter | Convert pascals, bar, psi, atm, and mmHg",Pressure Converter – Free Online Unit Converters Tool | Mytulify,"Convert pascals, bar, psi, atm, and mmHg. Free browser tool — runs locally in your browser, no signup required.",medium,low
unit-converters,Unit Converters,Energy Converter,energy-converter,https://www.mytulify.com/unit-converters/energy-converter,Energy Converter,"Energy Converter | free Energy Converter | free online Energy Converter | Energy Converter online | Unit Converters Energy Converter | Convert joules, calories, kilowatt-hours, and BTU",Energy Converter – Free Online Unit Converters Tool | Mytulify,"Convert joules, calories, kilowatt-hours, and BTU. Free browser tool — runs locally in your browser, no signup required.",medium,low
unit-converters,Unit Converters,Power Converter,power-converter,https://www.mytulify.com/unit-converters/power-converter,Power Converter,"Power Converter | free Power Converter | free online Power Converter | Power Converter online | Unit Converters Power Converter | Convert watts, kilowatts, horsepower, and BTU/hour",Power Converter – Free Online Unit Converters Tool | Mytulify,"Convert watts, kilowatts, horsepower, and BTU/hour. Free browser tool — runs locally in your browser, no signup required.",medium,low
unit-converters,Unit Converters,Force Converter,force-converter,https://www.mytulify.com/unit-converters/force-converter,Force Converter,"Force Converter | free Force Converter | free online Force Converter | Force Converter online | Unit Converters Force Converter | Convert newtons, pounds-force, kilogram-force, and dynes",Force Converter – Free Online Unit Converters Tool | Mytulify,"Convert newtons, pounds-force, kilogram-force, and dynes. Free browser tool — runs locally in your browser, no signup required.",low,low
unit-converters,Unit Converters,Angle Converter,angle-converter,https://www.mytulify.com/unit-converters/angle-converter,Angle Converter,"Angle Converter | free Angle Converter | free online Angle Converter | Angle Converter online | Unit Converters Angle Converter | Convert degrees, radians, gradians, and arcminutes",Angle Converter – Free Online Unit Converters Tool | Mytulify,"Convert degrees, radians, gradians, and arcminutes. Free browser tool — runs locally in your browser, no signup required.",low,low
unit-converters,Unit Converters,Data Storage Converter,data-storage-converter,https://www.mytulify.com/unit-converters/data-storage-converter,Data Storage Converter,"Data Storage Converter | free Data Storage Converter | free online Data Storage Converter | Data Storage Converter online | Unit Converters Data Storage Converter | Convert bytes, kilobytes, megabytes, gigabytes, and terabytes",Data Storage Converter – Free Online Unit Converters Tool | Mytulify,"Convert bytes, kilobytes, megabytes, gigabytes, and terabytes. Free browser tool — runs locally in your browser, no signup required.",medium,low
unit-converters,Unit Converters,Data Transfer Rate Converter,data-transfer-rate-converter,https://www.mytulify.com/unit-converters/data-transfer-rate-converter,Data Transfer Rate Converter,"Data Transfer Rate Converter | free Data Transfer Rate Converter | free online Data Transfer Rate Converter | Data Transfer Rate Converter online | Unit Converters Data Transfer Rate Converter | Convert bps, Kbps, Mbps, Gbps, and MB/s",Data Transfer Rate Converter – Free Online Unit Converters Tool | Mytulify,"Convert bps, Kbps, Mbps, Gbps, and MB/s. Free browser tool — runs locally in your browser, no signup required.",low,low
unit-converters,Unit Converters,Fuel Consumption Converter,fuel-consumption-converter,https://www.mytulify.com/unit-converters/fuel-consumption-converter,Fuel Consumption Converter,"Fuel Consumption Converter | free Fuel Consumption Converter | free online Fuel Consumption Converter | Fuel Consumption Converter online | Unit Converters Fuel Consumption Converter | Convert MPG, km/L, and L/100km fuel economy units",Fuel Consumption Converter – Free Online Unit Converters Tool | Mytulify,"Convert MPG, km/L, and L/100km fuel economy units. Free browser tool — runs locally in your browser, no signup required.",medium,low
unit-converters,Unit Converters,Density Converter,density-converter,https://www.mytulify.com/unit-converters/density-converter,Density Converter,"Density Converter | free Density Converter | free online Density Converter | Density Converter online | Unit Converters Density Converter | Convert kg/m3, g/cm3, lb/ft3, and other density units",Density Converter – Free Online Unit Converters Tool | Mytulify,"Convert kg/m3, g/cm3, lb/ft3, and other density units. Free browser tool — runs locally in your browser, no signup required.",low,low
unit-converters,Unit Converters,Frequency Converter,frequency-converter,https://www.mytulify.com/unit-converters/frequency-converter,Frequency Converter,"Frequency Converter | free Frequency Converter | free online Frequency Converter | Frequency Converter online | Unit Converters Frequency Converter | Convert hertz, kilohertz, megahertz, and gigahertz",Frequency Converter – Free Online Unit Converters Tool | Mytulify,"Convert hertz, kilohertz, megahertz, and gigahertz. Free browser tool — runs locally in your browser, no signup required.",low,low
unit-converters,Unit Converters,Cooking Measurement Converter,cooking-measurement-converter,https://www.mytulify.com/unit-converters/cooking-measurement-converter,Cooking Measurement Converter,"Cooking Measurement Converter | free Cooking Measurement Converter | free online Cooking Measurement Converter | Cooking Measurement Converter online | Unit Converters Cooking Measurement Converter | Convert cups, tablespoons, teaspoons, grams, and ounces for recipes",Cooking Measurement Converter – Free Online Unit Converters Tool | Mytulify,"Convert cups, tablespoons, teaspoons, grams, and ounces for recipes. Free browser tool — runs locally in your browser, no signup required.",high,low
unit-converters,Unit Converters,Shoe Size Converter,shoe-size-converter,https://www.mytulify.com/unit-converters/shoe-size-converter,Shoe Size Converter,"Shoe Size Converter | free Shoe Size Converter | free online Shoe Size Converter | Shoe Size Converter online | Unit Converters Shoe Size Converter | Convert shoe sizes between US, UK, EU, and centimeters",Shoe Size Converter – Free Online Unit Converters Tool | Mytulify,"Convert shoe sizes between US, UK, EU, and centimeters. Free browser tool — runs locally in your browser, no signup required.",high,low
unit-converters,Unit Converters,Ring Size Converter,ring-size-converter,https://www.mytulify.com/unit-converters/ring-size-converter,Ring Size Converter,"Ring Size Converter | free Ring Size Converter | free online Ring Size Converter | Ring Size Converter online | Unit Converters Ring Size Converter | Convert ring sizes across US, UK, EU, and diameter charts",Ring Size Converter – Free Online Unit Converters Tool | Mytulify,"Convert ring sizes across US, UK, EU, and diameter charts. Free browser tool — runs locally in your browser, no signup required.",medium,low
unit-converters,Unit Converters,Roman Numeral Converter,roman-numeral-converter,https://www.mytulify.com/unit-converters/roman-numeral-converter,Roman Numeral Converter,Roman Numeral Converter | free Roman Numeral Converter | free online Roman Numeral Converter | Roman Numeral Converter online | Unit Converters Roman Numeral Converter | Convert numbers to Roman numerals and back,Roman Numeral Converter – Free Online Unit Converters Tool | Mytulify,"Convert numbers to Roman numerals and back. Free browser tool — runs locally in your browser, no signup required.",high,low
unit-converters,Unit Converters,Number to Words Converter,number-to-words-converter,https://www.mytulify.com/unit-converters/number-to-words-converter,Number to Words Converter,Number to Words Converter | free Number to Words Converter | free online Number to Words Converter | Number to Words Converter online | Unit Converters Number to Words Converter | Spell out numbers in words for checks and documents,Number to Words Converter – Free Online Unit Converters Tool | Mytulify,"Spell out numbers in words for checks and documents. Free browser tool — runs locally in your browser, no signup required.",medium,low
unit-converters,Unit Converters,Binary to Decimal Converter,binary-to-decimal-converter,https://www.mytulify.com/unit-converters/binary-to-decimal-converter,Binary to Decimal Converter,"Binary to Decimal Converter | free Binary to Decimal Converter | free online Binary to Decimal Converter | Binary to Decimal Converter online | Unit Converters Binary to Decimal Converter | Convert numbers between binary, decimal, hex, and octal",Binary to Decimal Converter – Free Online Unit Converters Tool | Mytulify,"Convert numbers between binary, decimal, hex, and octal. Free browser tool — runs locally in your browser, no signup required.",high,low
unit-converters,Unit Converters,Bra Size Converter,bra-size-converter,https://www.mytulify.com/unit-converters/bra-size-converter,Bra Size Converter,"Bra Size Converter | free Bra Size Converter | free online Bra Size Converter | Bra Size Converter online | Unit Converters Bra Size Converter | Convert bra sizes between US, UK, EU, and FR systems",Bra Size Converter – Free Online Unit Converters Tool | Mytulify,"Convert bra sizes between US, UK, EU, and FR systems. Free browser tool — runs locally in your browser, no signup required.",medium,low
unit-converters,Unit Converters,Clothing Size Converter,clothing-size-converter,https://www.mytulify.com/unit-converters/clothing-size-converter,Clothing Size Converter,"Clothing Size Converter | free Clothing Size Converter | free online Clothing Size Converter | Clothing Size Converter online | Unit Converters Clothing Size Converter | Convert clothing sizes across US, UK, EU, and international charts",Clothing Size Converter – Free Online Unit Converters Tool | Mytulify,"Convert clothing sizes across US, UK, EU, and international charts. Free browser tool — runs locally in your browser, no signup required.",medium,low
unit-converters,Unit Converters,Inches to CM Converter,inches-to-cm-converter,https://www.mytulify.com/unit-converters/inches-to-cm-converter,Inches to CM Converter,Inches to CM Converter | free Inches to CM Converter | free online Inches to CM Converter | Inches to CM Converter online | Unit Converters Inches to CM Converter | Dedicated converter between inches and centimeters,Inches to CM Converter – Free Online Unit Converters Tool | Mytulify,"Dedicated converter between inches and centimeters. Free browser tool — runs locally in your browser, no signup required.",high,low
unit-converters,Unit Converters,KG to Lbs Converter,kg-to-lbs-converter,https://www.mytulify.com/unit-converters/kg-to-lbs-converter,KG to Lbs Converter,KG to Lbs Converter | free KG to Lbs Converter | free online KG to Lbs Converter | KG to Lbs Converter online | Unit Converters KG to Lbs Converter | Dedicated converter between kilograms and pounds,KG to Lbs Converter – Free Online Unit Converters Tool | Mytulify,"Dedicated converter between kilograms and pounds. Free browser tool — runs locally in your browser, no signup required.",high,low
unit-converters,Unit Converters,Liters to Gallons Converter,liters-to-gallons-converter,https://www.mytulify.com/unit-converters/liters-to-gallons-converter,Liters to Gallons Converter,Liters to Gallons Converter | free Liters to Gallons Converter | free online Liters to Gallons Converter | Liters to Gallons Converter online | Unit Converters Liters to Gallons Converter | Dedicated converter between liters and US/UK gallons,Liters to Gallons Converter – Free Online Unit Converters Tool | Mytulify,"Dedicated converter between liters and US/UK gallons. Free browser tool — runs locally in your browser, no signup required.",high,low
unit-converters,Unit Converters,Time Zone Converter,time-zone-converter,https://www.mytulify.com/unit-converters/time-zone-converter,Time Zone Converter,Time Zone Converter | free Time Zone Converter | free online Time Zone Converter | Time Zone Converter online | Unit Converters Time Zone Converter | Convert a time between different world time zones,Time Zone Converter – Free Online Unit Converters Tool | Mytulify,"Convert a time between different world time zones. Free browser tool — runs locally in your browser, no signup required.",high,medium
unit-converters,Unit Converters,Currency Converter,currency-converter,https://www.mytulify.com/unit-converters/currency-converter,Currency Converter,"Currency Converter | free Currency Converter | free online Currency Converter | Currency Converter online | Unit Converters Currency Converter | Convert between USD, EUR, PKR, INR, AED and more with live mid-market rates",Free Currency Converter – Live Exchange Rates | Mytulify,"Convert currencies instantly with live mid-market rates (USD, EUR, PKR, INR, AED and more). Free online currency converter — no signup.",high,medium
handwriting-ocr,Handwriting OCR,Handwriting to Text (OCR),handwriting-to-text,https://www.mytulify.com/handwriting-ocr/handwriting-to-text,Handwriting to Text (OCR),"Handwriting to Text (OCR) | free Handwriting to Text (OCR) | free online Handwriting to Text (OCR) | Handwriting to Text (OCR) online | handwriting to text | Handwriting OCR Handwriting to Text (OCR) | Convert a photo of handwriting into digital text in any language, then optionally translate it",Handwriting to Text (OCR) – Free Online OCR | Mytulify,"Convert a photo of handwriting into digital text in any language, then optionally translate it. AI-powered tool — 5 free runs/day on Free; Pro for…",high,low
handwriting-ocr,Handwriting OCR,Handwritten Math to LaTeX,handwritten-math-ocr,https://www.mytulify.com/handwriting-ocr/handwritten-math-ocr,Handwritten Math to LaTeX,Handwritten Math to LaTeX | free Handwritten Math to LaTeX | free online Handwritten Math to LaTeX | Handwritten Math to LaTeX online | handwritten math ocr | Handwriting OCR Handwritten Math to LaTeX | Photograph handwritten equations and get clean LaTeX,Free Handwritten Math to LaTeX OCR | Mytulify,"Upload a photo of handwritten math and convert it to LaTeX. Free AI OCR for algebra, calculus, and more — with optional step-by-step solutions.",high,low
handwriting-ocr,Handwriting OCR,Handwritten Notes Summarizer,handwritten-notes-summarizer,https://www.mytulify.com/handwriting-ocr/handwritten-notes-summarizer,Handwritten Notes Summarizer,"Handwritten Notes Summarizer | free Handwritten Notes Summarizer | free online Handwritten Notes Summarizer | Handwritten Notes Summarizer online | Handwriting OCR Handwritten Notes Summarizer | Upload a photo of handwritten notes and get a structured summary, outline, or study flashcards",Free Handwritten Notes Summarizer (AI OCR) | Mytulify,"Turn a photo of handwritten notes into a bullet summary, outline, or study flashcards. Free AI tool — no retyping required.",high,low
handwriting-ocr,Handwriting OCR,Handwritten Form Extractor,handwritten-form-extractor,https://www.mytulify.com/handwriting-ocr/handwritten-form-extractor,Handwritten Form Extractor,"Handwritten Form Extractor | free Handwritten Form Extractor | free online Handwritten Form Extractor | Handwritten Form Extractor online | Handwriting OCR Handwritten Form Extractor | Pull filled fields from a handwritten form into JSON, CSV, or a Markdown table",Handwritten Form Extractor – Free Online OCR | Mytulify,"Pull filled fields from a handwritten form into JSON, CSV, or a Markdown table. AI-powered tool — 5 free runs/day on Free; Pro for unlimited.",medium,low
handwriting-ocr,Handwriting OCR,Handwritten Table OCR,handwritten-table-ocr,https://www.mytulify.com/handwriting-ocr/handwritten-table-ocr,Handwritten Table OCR,"Handwritten Table OCR | free Handwritten Table OCR | free online Handwritten Table OCR | Handwritten Table OCR online | Handwriting OCR Handwritten Table OCR | Turn a photo of a handwritten table or grid into Markdown, CSV, or JSON rows",Handwritten Table OCR – Free Online OCR | Mytulify,"Turn a photo of a handwritten table or grid into Markdown, CSV, or JSON rows. AI-powered tool — 5 free runs/day on Free; Pro for unlimited.",medium,low
handwriting-ocr,Handwriting OCR,Handwriting to Markdown,handwriting-to-markdown,https://www.mytulify.com/handwriting-ocr/handwriting-to-markdown,Handwriting to Markdown,Handwriting to Markdown | free Handwriting to Markdown | free online Handwriting to Markdown | Handwriting to Markdown online | Handwriting OCR Handwriting to Markdown | Convert a handwritten page into clean Markdown with headings and lists,Handwriting to Markdown – Free Online OCR | Mytulify,Convert a handwritten page into clean Markdown with headings and lists. AI-powered tool — 5 free runs/day on Free; Pro for unlimited.,medium,low
handwriting-ocr,Handwriting OCR,Arabic Handwriting to Text,handwriting-to-text-arabic,https://www.mytulify.com/handwriting-ocr/handwriting-to-text-arabic,Arabic Handwriting to Text,"Arabic Handwriting to Text | free Arabic Handwriting to Text | free online Arabic Handwriting to Text | Arabic Handwriting to Text online | handwriting to text arabic | Handwriting OCR Arabic Handwriting to Text | Convert Arabic handwriting from a photo into editable Arabic text, with optional translation into another language",Arabic Handwriting to Text – Free Online OCR | Mytulify,"Convert Arabic handwriting from a photo into editable Arabic text, with optional translation into another language. AI-powered tool — 5 free runs/day on…",medium,low
handwriting-ocr,Handwriting OCR,Bengali Handwriting to Text,handwriting-to-text-bengali,https://www.mytulify.com/handwriting-ocr/handwriting-to-text-bengali,Bengali Handwriting to Text,"Bengali Handwriting to Text | free Bengali Handwriting to Text | free online Bengali Handwriting to Text | Bengali Handwriting to Text online | handwriting to text bengali | Handwriting OCR Bengali Handwriting to Text | Convert Bengali handwriting from a photo into editable Bengali text, with optional translation into another language",Bengali Handwriting to Text – Free Online OCR | Mytulify,"Convert Bengali handwriting from a photo into editable Bengali text, with optional translation into another language. AI-powered tool — 5 free runs/day…",medium,low
handwriting-ocr,Handwriting OCR,Chinese Handwriting to Text,handwriting-to-text-chinese,https://www.mytulify.com/handwriting-ocr/handwriting-to-text-chinese,Chinese Handwriting to Text,"Chinese Handwriting to Text | free Chinese Handwriting to Text | free online Chinese Handwriting to Text | Chinese Handwriting to Text online | handwriting to text chinese | Handwriting OCR Chinese Handwriting to Text | Convert Chinese handwriting from a photo into editable Chinese text, with optional translation into another language",Chinese Handwriting to Text – Free Online OCR | Mytulify,"Convert Chinese handwriting from a photo into editable Chinese text, with optional translation into another language. AI-powered tool — 5 free runs/day…",medium,low
handwriting-ocr,Handwriting OCR,Dutch Handwriting to Text,handwriting-to-text-dutch,https://www.mytulify.com/handwriting-ocr/handwriting-to-text-dutch,Dutch Handwriting to Text,"Dutch Handwriting to Text | free Dutch Handwriting to Text | free online Dutch Handwriting to Text | Dutch Handwriting to Text online | handwriting to text dutch | Handwriting OCR Dutch Handwriting to Text | Convert Dutch handwriting from a photo into editable Dutch text, with optional translation into another language",Dutch Handwriting to Text – Free Online OCR | Mytulify,"Convert Dutch handwriting from a photo into editable Dutch text, with optional translation into another language. AI-powered tool — 5 free runs/day on…",medium,low
handwriting-ocr,Handwriting OCR,English Handwriting to Text,handwriting-to-text-english,https://www.mytulify.com/handwriting-ocr/handwriting-to-text-english,English Handwriting to Text,"English Handwriting to Text | free English Handwriting to Text | free online English Handwriting to Text | English Handwriting to Text online | handwriting to text english | Handwriting OCR English Handwriting to Text | Convert English handwriting from a photo into editable English text, with optional translation into another language",English Handwriting to Text – Free Online OCR | Mytulify,"Convert English handwriting from a photo into editable English text, with optional translation into another language. AI-powered tool — 5 free runs/day…",medium,low
handwriting-ocr,Handwriting OCR,French Handwriting to Text,handwriting-to-text-french,https://www.mytulify.com/handwriting-ocr/handwriting-to-text-french,French Handwriting to Text,"French Handwriting to Text | free French Handwriting to Text | free online French Handwriting to Text | French Handwriting to Text online | handwriting to text french | Handwriting OCR French Handwriting to Text | Convert French handwriting from a photo into editable French text, with optional translation into another language",French Handwriting to Text – Free Online OCR | Mytulify,"Convert French handwriting from a photo into editable French text, with optional translation into another language. AI-powered tool — 5 free runs/day on…",medium,low
handwriting-ocr,Handwriting OCR,German Handwriting to Text,handwriting-to-text-german,https://www.mytulify.com/handwriting-ocr/handwriting-to-text-german,German Handwriting to Text,"German Handwriting to Text | free German Handwriting to Text | free online German Handwriting to Text | German Handwriting to Text online | handwriting to text german | Handwriting OCR German Handwriting to Text | Convert German handwriting from a photo into editable German text, with optional translation into another language",German Handwriting to Text – Free Online OCR | Mytulify,"Convert German handwriting from a photo into editable German text, with optional translation into another language. AI-powered tool — 5 free runs/day on…",medium,low
handwriting-ocr,Handwriting OCR,Greek Handwriting to Text,handwriting-to-text-greek,https://www.mytulify.com/handwriting-ocr/handwriting-to-text-greek,Greek Handwriting to Text,"Greek Handwriting to Text | free Greek Handwriting to Text | free online Greek Handwriting to Text | Greek Handwriting to Text online | handwriting to text greek | Handwriting OCR Greek Handwriting to Text | Convert Greek handwriting from a photo into editable Greek text, with optional translation into another language",Greek Handwriting to Text – Free Online OCR | Mytulify,"Convert Greek handwriting from a photo into editable Greek text, with optional translation into another language. AI-powered tool — 5 free runs/day on…",medium,low
handwriting-ocr,Handwriting OCR,Gujarati Handwriting to Text,handwriting-to-text-gujarati,https://www.mytulify.com/handwriting-ocr/handwriting-to-text-gujarati,Gujarati Handwriting to Text,"Gujarati Handwriting to Text | free Gujarati Handwriting to Text | free online Gujarati Handwriting to Text | Gujarati Handwriting to Text online | handwriting to text gujarati | Handwriting OCR Gujarati Handwriting to Text | Convert Gujarati handwriting from a photo into editable Gujarati text, with optional translation into another language",Gujarati Handwriting to Text – Free Online OCR | Mytulify,"Convert Gujarati handwriting from a photo into editable Gujarati text, with optional translation into another language. AI-powered tool — 5 free runs/day…",medium,low
handwriting-ocr,Handwriting OCR,Hindi Handwriting to Text,handwriting-to-text-hindi,https://www.mytulify.com/handwriting-ocr/handwriting-to-text-hindi,Hindi Handwriting to Text,"Hindi Handwriting to Text | free Hindi Handwriting to Text | free online Hindi Handwriting to Text | Hindi Handwriting to Text online | handwriting to text hindi | Handwriting OCR Hindi Handwriting to Text | Convert Hindi handwriting from a photo into editable Hindi text, with optional translation into another language",Hindi Handwriting to Text – Free Online OCR | Mytulify,"Convert Hindi handwriting from a photo into editable Hindi text, with optional translation into another language. AI-powered tool — 5 free runs/day on…",medium,low
handwriting-ocr,Handwriting OCR,Indonesian Handwriting to Text,handwriting-to-text-indonesian,https://www.mytulify.com/handwriting-ocr/handwriting-to-text-indonesian,Indonesian Handwriting to Text,"Indonesian Handwriting to Text | free Indonesian Handwriting to Text | free online Indonesian Handwriting to Text | Indonesian Handwriting to Text online | handwriting to text indonesian | Handwriting OCR Indonesian Handwriting to Text | Convert Indonesian handwriting from a photo into editable Indonesian text, with optional translation into another language",Indonesian Handwriting to Text – Free Online OCR | Mytulify,"Convert Indonesian handwriting from a photo into editable Indonesian text, with optional translation into another language. AI-powered tool — 5 free…",medium,low
handwriting-ocr,Handwriting OCR,Italian Handwriting to Text,handwriting-to-text-italian,https://www.mytulify.com/handwriting-ocr/handwriting-to-text-italian,Italian Handwriting to Text,"Italian Handwriting to Text | free Italian Handwriting to Text | free online Italian Handwriting to Text | Italian Handwriting to Text online | handwriting to text italian | Handwriting OCR Italian Handwriting to Text | Convert Italian handwriting from a photo into editable Italian text, with optional translation into another language",Italian Handwriting to Text – Free Online OCR | Mytulify,"Convert Italian handwriting from a photo into editable Italian text, with optional translation into another language. AI-powered tool — 5 free runs/day…",medium,low
handwriting-ocr,Handwriting OCR,Japanese Handwriting to Text,handwriting-to-text-japanese,https://www.mytulify.com/handwriting-ocr/handwriting-to-text-japanese,Japanese Handwriting to Text,"Japanese Handwriting to Text | free Japanese Handwriting to Text | free online Japanese Handwriting to Text | Japanese Handwriting to Text online | handwriting to text japanese | Handwriting OCR Japanese Handwriting to Text | Convert Japanese handwriting from a photo into editable Japanese text, with optional translation into another language",Japanese Handwriting to Text – Free Online OCR | Mytulify,"Convert Japanese handwriting from a photo into editable Japanese text, with optional translation into another language. AI-powered tool — 5 free runs/day…",medium,low
handwriting-ocr,Handwriting OCR,Kannada Handwriting to Text,handwriting-to-text-kannada,https://www.mytulify.com/handwriting-ocr/handwriting-to-text-kannada,Kannada Handwriting to Text,"Kannada Handwriting to Text | free Kannada Handwriting to Text | free online Kannada Handwriting to Text | Kannada Handwriting to Text online | handwriting to text kannada | Handwriting OCR Kannada Handwriting to Text | Convert Kannada handwriting from a photo into editable Kannada text, with optional translation into another language",Kannada Handwriting to Text – Free Online OCR | Mytulify,"Convert Kannada handwriting from a photo into editable Kannada text, with optional translation into another language. AI-powered tool — 5 free runs/day…",medium,low
handwriting-ocr,Handwriting OCR,Korean Handwriting to Text,handwriting-to-text-korean,https://www.mytulify.com/handwriting-ocr/handwriting-to-text-korean,Korean Handwriting to Text,"Korean Handwriting to Text | free Korean Handwriting to Text | free online Korean Handwriting to Text | Korean Handwriting to Text online | handwriting to text korean | Handwriting OCR Korean Handwriting to Text | Convert Korean handwriting from a photo into editable Korean text, with optional translation into another language",Korean Handwriting to Text – Free Online OCR | Mytulify,"Convert Korean handwriting from a photo into editable Korean text, with optional translation into another language. AI-powered tool — 5 free runs/day on…",medium,low
handwriting-ocr,Handwriting OCR,Malayalam Handwriting to Text,handwriting-to-text-malayalam,https://www.mytulify.com/handwriting-ocr/handwriting-to-text-malayalam,Malayalam Handwriting to Text,"Malayalam Handwriting to Text | free Malayalam Handwriting to Text | free online Malayalam Handwriting to Text | Malayalam Handwriting to Text online | handwriting to text malayalam | Handwriting OCR Malayalam Handwriting to Text | Convert Malayalam handwriting from a photo into editable Malayalam text, with optional translation into another language",Malayalam Handwriting to Text – Free Online OCR | Mytulify,"Convert Malayalam handwriting from a photo into editable Malayalam text, with optional translation into another language. AI-powered tool — 5 free…",medium,low
handwriting-ocr,Handwriting OCR,Marathi Handwriting to Text,handwriting-to-text-marathi,https://www.mytulify.com/handwriting-ocr/handwriting-to-text-marathi,Marathi Handwriting to Text,"Marathi Handwriting to Text | free Marathi Handwriting to Text | free online Marathi Handwriting to Text | Marathi Handwriting to Text online | handwriting to text marathi | Handwriting OCR Marathi Handwriting to Text | Convert Marathi handwriting from a photo into editable Marathi text, with optional translation into another language",Marathi Handwriting to Text – Free Online OCR | Mytulify,"Convert Marathi handwriting from a photo into editable Marathi text, with optional translation into another language. AI-powered tool — 5 free runs/day…",medium,low
handwriting-ocr,Handwriting OCR,Persian Handwriting to Text,handwriting-to-text-persian,https://www.mytulify.com/handwriting-ocr/handwriting-to-text-persian,Persian Handwriting to Text,"Persian Handwriting to Text | free Persian Handwriting to Text | free online Persian Handwriting to Text | Persian Handwriting to Text online | handwriting to text persian | Handwriting OCR Persian Handwriting to Text | Convert Persian handwriting from a photo into editable Persian text, with optional translation into another language",Persian Handwriting to Text – Free Online OCR | Mytulify,"Convert Persian handwriting from a photo into editable Persian text, with optional translation into another language. AI-powered tool — 5 free runs/day…",medium,low
handwriting-ocr,Handwriting OCR,Polish Handwriting to Text,handwriting-to-text-polish,https://www.mytulify.com/handwriting-ocr/handwriting-to-text-polish,Polish Handwriting to Text,"Polish Handwriting to Text | free Polish Handwriting to Text | free online Polish Handwriting to Text | Polish Handwriting to Text online | handwriting to text polish | Handwriting OCR Polish Handwriting to Text | Convert Polish handwriting from a photo into editable Polish text, with optional translation into another language",Polish Handwriting to Text – Free Online OCR | Mytulify,"Convert Polish handwriting from a photo into editable Polish text, with optional translation into another language. AI-powered tool — 5 free runs/day on…",medium,low
handwriting-ocr,Handwriting OCR,Portuguese Handwriting to Text,handwriting-to-text-portuguese,https://www.mytulify.com/handwriting-ocr/handwriting-to-text-portuguese,Portuguese Handwriting to Text,"Portuguese Handwriting to Text | free Portuguese Handwriting to Text | free online Portuguese Handwriting to Text | Portuguese Handwriting to Text online | handwriting to text portuguese | Handwriting OCR Portuguese Handwriting to Text | Convert Portuguese handwriting from a photo into editable Portuguese text, with optional translation into another language",Portuguese Handwriting to Text – Free Online OCR | Mytulify,"Convert Portuguese handwriting from a photo into editable Portuguese text, with optional translation into another language. AI-powered tool — 5 free…",medium,low
handwriting-ocr,Handwriting OCR,Punjabi Handwriting to Text,handwriting-to-text-punjabi,https://www.mytulify.com/handwriting-ocr/handwriting-to-text-punjabi,Punjabi Handwriting to Text,"Punjabi Handwriting to Text | free Punjabi Handwriting to Text | free online Punjabi Handwriting to Text | Punjabi Handwriting to Text online | handwriting to text punjabi | Handwriting OCR Punjabi Handwriting to Text | Convert Punjabi handwriting from a photo into editable Punjabi text, with optional translation into another language",Punjabi Handwriting to Text – Free Online OCR | Mytulify,"Convert Punjabi handwriting from a photo into editable Punjabi text, with optional translation into another language. AI-powered tool — 5 free runs/day…",medium,low
handwriting-ocr,Handwriting OCR,Russian Handwriting to Text,handwriting-to-text-russian,https://www.mytulify.com/handwriting-ocr/handwriting-to-text-russian,Russian Handwriting to Text,"Russian Handwriting to Text | free Russian Handwriting to Text | free online Russian Handwriting to Text | Russian Handwriting to Text online | handwriting to text russian | Handwriting OCR Russian Handwriting to Text | Convert Russian handwriting from a photo into editable Russian text, with optional translation into another language",Russian Handwriting to Text – Free Online OCR | Mytulify,"Convert Russian handwriting from a photo into editable Russian text, with optional translation into another language. AI-powered tool — 5 free runs/day…",medium,low
handwriting-ocr,Handwriting OCR,Spanish Handwriting to Text,handwriting-to-text-spanish,https://www.mytulify.com/handwriting-ocr/handwriting-to-text-spanish,Spanish Handwriting to Text,"Spanish Handwriting to Text | free Spanish Handwriting to Text | free online Spanish Handwriting to Text | Spanish Handwriting to Text online | handwriting to text spanish | Handwriting OCR Spanish Handwriting to Text | Convert Spanish handwriting from a photo into editable Spanish text, with optional translation into another language",Spanish Handwriting to Text – Free Online OCR | Mytulify,"Convert Spanish handwriting from a photo into editable Spanish text, with optional translation into another language. AI-powered tool — 5 free runs/day…",medium,low
handwriting-ocr,Handwriting OCR,Swedish Handwriting to Text,handwriting-to-text-swedish,https://www.mytulify.com/handwriting-ocr/handwriting-to-text-swedish,Swedish Handwriting to Text,"Swedish Handwriting to Text | free Swedish Handwriting to Text | free online Swedish Handwriting to Text | Swedish Handwriting to Text online | handwriting to text swedish | Handwriting OCR Swedish Handwriting to Text | Convert Swedish handwriting from a photo into editable Swedish text, with optional translation into another language",Swedish Handwriting to Text – Free Online OCR | Mytulify,"Convert Swedish handwriting from a photo into editable Swedish text, with optional translation into another language. AI-powered tool — 5 free runs/day…",medium,low
handwriting-ocr,Handwriting OCR,Tamil Handwriting to Text,handwriting-to-text-tamil,https://www.mytulify.com/handwriting-ocr/handwriting-to-text-tamil,Tamil Handwriting to Text,"Tamil Handwriting to Text | free Tamil Handwriting to Text | free online Tamil Handwriting to Text | Tamil Handwriting to Text online | handwriting to text tamil | Handwriting OCR Tamil Handwriting to Text | Convert Tamil handwriting from a photo into editable Tamil text, with optional translation into another language",Tamil Handwriting to Text – Free Online OCR | Mytulify,"Convert Tamil handwriting from a photo into editable Tamil text, with optional translation into another language. AI-powered tool — 5 free runs/day on…",medium,low
handwriting-ocr,Handwriting OCR,Telugu Handwriting to Text,handwriting-to-text-telugu,https://www.mytulify.com/handwriting-ocr/handwriting-to-text-telugu,Telugu Handwriting to Text,"Telugu Handwriting to Text | free Telugu Handwriting to Text | free online Telugu Handwriting to Text | Telugu Handwriting to Text online | handwriting to text telugu | Handwriting OCR Telugu Handwriting to Text | Convert Telugu handwriting from a photo into editable Telugu text, with optional translation into another language",Telugu Handwriting to Text – Free Online OCR | Mytulify,"Convert Telugu handwriting from a photo into editable Telugu text, with optional translation into another language. AI-powered tool — 5 free runs/day on…",medium,low
handwriting-ocr,Handwriting OCR,Thai Handwriting to Text,handwriting-to-text-thai,https://www.mytulify.com/handwriting-ocr/handwriting-to-text-thai,Thai Handwriting to Text,"Thai Handwriting to Text | free Thai Handwriting to Text | free online Thai Handwriting to Text | Thai Handwriting to Text online | handwriting to text thai | Handwriting OCR Thai Handwriting to Text | Convert Thai handwriting from a photo into editable Thai text, with optional translation into another language",Thai Handwriting to Text – Free Online OCR | Mytulify,"Convert Thai handwriting from a photo into editable Thai text, with optional translation into another language. AI-powered tool — 5 free runs/day on…",medium,low
handwriting-ocr,Handwriting OCR,Turkish Handwriting to Text,handwriting-to-text-turkish,https://www.mytulify.com/handwriting-ocr/handwriting-to-text-turkish,Turkish Handwriting to Text,"Turkish Handwriting to Text | free Turkish Handwriting to Text | free online Turkish Handwriting to Text | Turkish Handwriting to Text online | handwriting to text turkish | Handwriting OCR Turkish Handwriting to Text | Convert Turkish handwriting from a photo into editable Turkish text, with optional translation into another language",Turkish Handwriting to Text – Free Online OCR | Mytulify,"Convert Turkish handwriting from a photo into editable Turkish text, with optional translation into another language. AI-powered tool — 5 free runs/day…",medium,low
handwriting-ocr,Handwriting OCR,Ukrainian Handwriting to Text,handwriting-to-text-ukrainian,https://www.mytulify.com/handwriting-ocr/handwriting-to-text-ukrainian,Ukrainian Handwriting to Text,"Ukrainian Handwriting to Text | free Ukrainian Handwriting to Text | free online Ukrainian Handwriting to Text | Ukrainian Handwriting to Text online | handwriting to text ukrainian | Handwriting OCR Ukrainian Handwriting to Text | Convert Ukrainian handwriting from a photo into editable Ukrainian text, with optional translation into another language",Ukrainian Handwriting to Text – Free Online OCR | Mytulify,"Convert Ukrainian handwriting from a photo into editable Ukrainian text, with optional translation into another language. AI-powered tool — 5 free…",medium,low
handwriting-ocr,Handwriting OCR,Vietnamese Handwriting to Text,handwriting-to-text-vietnamese,https://www.mytulify.com/handwriting-ocr/handwriting-to-text-vietnamese,Vietnamese Handwriting to Text,"Vietnamese Handwriting to Text | free Vietnamese Handwriting to Text | free online Vietnamese Handwriting to Text | Vietnamese Handwriting to Text online | handwriting to text vietnamese | Handwriting OCR Vietnamese Handwriting to Text | Convert Vietnamese handwriting from a photo into editable Vietnamese text, with optional translation into another language",Vietnamese Handwriting to Text – Free Online OCR | Mytulify,"Convert Vietnamese handwriting from a photo into editable Vietnamese text, with optional translation into another language. AI-powered tool — 5 free…",medium,low
